gene_id	protein_id
Sro100_g008401	CAB9501101.1
Sro100_g051080	CAB9501102.1
Sro100_g051090	CAB9501103.1
Sro100_g051100	CAB9501104.1
Sro100_g051110	CAB9501105.1
Sro100_g051120	CAB9501106.1
Sro100_g051130	CAB9501107.1
Sro100_g051140	CAB9501108.1
Sro100_g051150	CAB9501109.1
Sro100_g051160	CAB9501110.1
Sro100_g051170	CAB9501111.1
Sro100_g051171	CAB9501112.1
Sro100_g051180	CAB9501113.1
Sro100_g051190	CAB9501114.1
Sro100_g051200	CAB9501115.1
Sro100_g051210	CAB9501116.1
Sro100_g051220	CAB9501117.1
Sro100_g051230	CAB9501118.1
Sro100_g051240	CAB9501119.1
Sro100_g051250	CAB9501120.1
Sro100_g051260	CAB9501121.1
Sro100_g051270	CAB9501122.1
Sro100_g051280	CAB9501123.1
Sro100_g051290	CAB9501124.1
Sro100_g051300	CAB9501125.1
Sro100_g051310	CAB9501126.1
Sro100_g051320	CAB9501127.1
Sro100_g051330	CAB9501128.1
Sro100_g051340	CAB9501129.1
Sro100_g051350	CAB9501130.1
Sro100_g051360	CAB9501131.1
Sro100_g051370	CAB9501132.1
Sro100_g051380	CAB9501133.1
Sro100_g051390	CAB9501134.1
Sro100_g051400	CAB9501135.1
Sro100_g051410	CAB9501136.1
Sro100_g051420	CAB9501137.1
Sro100_g051430	CAB9501138.1
Sro101_g051440	CAB9501139.1
Sro101_g051450	CAB9501140.1
Sro101_g051460	CAB9501141.1
Sro101_g051470	CAB9501142.1
Sro101_g051480	CAB9501143.1
Sro101_g051490	CAB9501144.1
Sro101_g051500	CAB9501145.1
Sro101_g051510	CAB9501146.1
Sro101_g051520	CAB9501147.1
Sro101_g051530	CAB9501148.1
Sro101_g051540	CAB9501149.1
Sro101_g051550	CAB9501150.1
Sro101_g051560	CAB9501151.1
Sro101_g051570	CAB9501152.1
Sro101_g051580	CAB9501153.1
Sro101_g051590	CAB9501154.1
Sro101_g051600	CAB9501155.1
Sro101_g051610	CAB9501156.1
Sro101_g051620	CAB9501157.1
Sro101_g051630	CAB9501158.1
Sro101_g051640	CAB9501159.1
Sro101_g051650	CAB9501160.1
Sro101_g051660	CAB9501161.1
Sro101_g051670	CAB9501162.1
Sro101_g051680	CAB9501163.1
Sro101_g051690	CAB9501164.1
Sro101_g051700	CAB9501165.1
Sro101_g051710	CAB9501166.1
Sro101_g051720	CAB9501167.1
Sro101_g051730	CAB9501168.1
Sro101_g051740	CAB9501169.1
Sro101_g051750	CAB9501170.1
Sro101_g051760	CAB9501171.1
Sro101_g051770	CAB9501172.1
Sro101_g051780	CAB9501173.1
Sro101_g051790	CAB9501174.1
Sro101_g051800	CAB9501175.1
Sro101_g051810	CAB9501176.1
Sro101_g051820	CAB9501177.1
Sro101_g051830	CAB9501178.1
Sro101_g051840	CAB9501179.1
Sro102_g051850	CAB9501180.1
Sro102_g051860	CAB9501181.1
Sro102_g051870	CAB9501182.1
Sro102_g051880	CAB9501183.1
Sro102_g051890	CAB9501184.1
Sro102_g051900	CAB9501185.1
Sro102_g051910	CAB9501186.1
Sro102_g051920	CAB9501187.1
Sro102_g051930	CAB9501188.1
Sro102_g051940	CAB9501189.1
Sro102_g051950	CAB9501190.1
Sro102_g051960	CAB9501191.1
Sro102_g051970	CAB9501192.1
Sro102_g051971	CAB9501193.1
Sro102_g051980	CAB9501194.1
Sro102_g051990	CAB9501195.1
Sro102_g052000	CAB9501196.1
Sro102_g052010	CAB9501197.1
Sro102_g052020	CAB9501198.1
Sro102_g052030	CAB9501199.1
Sro102_g052040	CAB9501200.1
Sro102_g052050	CAB9501201.1
Sro102_g052070	CAB9501202.1
Sro102_g052080	CAB9501203.1
Sro102_g052090	CAB9501204.1
Sro102_g052100	CAB9501205.1
Sro102_g052110	CAB9501206.1
Sro102_g052120	CAB9501207.1
Sro102_g052130	CAB9501208.1
Sro102_g052140	CAB9501209.1
Sro102_g052150	CAB9501210.1
Sro102_g052160	CAB9501211.1
Sro102_g052170	CAB9501212.1
Sro102_g052180	CAB9501213.1
Sro102_g052190	CAB9501214.1
Sro102_g052200	CAB9501215.1
Sro102_g052210	CAB9501216.1
Sro102_g052220	CAB9501217.1
Sro102_g052230	CAB9501218.1
Sro102_g052240	CAB9501219.1
Sro102_g052250	CAB9501220.1
Sro102_g052260	CAB9501221.1
Sro102_g052261	CAB9501222.1
Sro103_g052270	CAB9501223.1
Sro103_g052280	CAB9501224.1
Sro103_g052290	CAB9501225.1
Sro103_g052300	CAB9501226.1
Sro103_g052310	CAB9501227.1
Sro103_g052320	CAB9501228.1
Sro103_g052330	CAB9501229.1
Sro103_g052340	CAB9501230.1
Sro103_g052350	CAB9501231.1
Sro103_g052360	CAB9501232.1
Sro103_g052370	CAB9501233.1
Sro103_g052380	CAB9501234.1
Sro103_g052390	CAB9501235.1
Sro103_g052400	CAB9501236.1
Sro103_g052410	CAB9501237.1
Sro103_g052420	CAB9501238.1
Sro103_g052430	CAB9501239.1
Sro103_g052440	CAB9501240.1
Sro103_g052450	CAB9501241.1
Sro103_g052460	CAB9501242.1
Sro103_g052470	CAB9501243.1
Sro103_g052480	CAB9501244.1
Sro103_g052490	CAB9501245.1
Sro103_g052500	CAB9501246.1
Sro103_g052510	CAB9501247.1
Sro103_g052520	CAB9501248.1
Sro103_g052530	CAB9501249.1
Sro103_g052540	CAB9501250.1
Sro103_g052550	CAB9501251.1
Sro103_g052551	CAB9501252.1
Sro103_g052560	CAB9501253.1
Sro103_g052570	CAB9501254.1
Sro103_g052580	CAB9501255.1
Sro103_g052590	CAB9501256.1
Sro103_g052600	CAB9501257.1
Sro103_g052610	CAB9501258.1
Sro103_g052620	CAB9501259.1
Sro103_g052630	CAB9501260.1
Sro104_g052640	CAB9501261.1
Sro104_g052650	CAB9501262.1
Sro104_g052660	CAB9501263.1
Sro104_g052670	CAB9501264.1
Sro104_g052680	CAB9501265.1
Sro104_g052690	CAB9501266.1
Sro104_g052700	CAB9501267.1
Sro104_g052710	CAB9501268.1
Sro104_g052720	CAB9501269.1
Sro104_g052730	CAB9501270.1
Sro104_g052740	CAB9501271.1
Sro104_g052750	CAB9501272.1
Sro104_g052760	CAB9501273.1
Sro104_g052770	CAB9501274.1
Sro104_g052780	CAB9501275.1
Sro104_g052790	CAB9501276.1
Sro104_g052800	CAB9501277.1
Sro104_g052810	CAB9501278.1
Sro104_g052820	CAB9501279.1
Sro104_g052830	CAB9501280.1
Sro104_g052840	CAB9501281.1
Sro104_g052850	CAB9501282.1
Sro104_g052860	CAB9501283.1
Sro104_g052870	CAB9501284.1
Sro104_g052880	CAB9501285.1
Sro104_g052890	CAB9501286.1
Sro104_g052900	CAB9501287.1
Sro104_g052910	CAB9501288.1
Sro104_g052920	CAB9501289.1
Sro104_g052930	CAB9501290.1
Sro104_g052940	CAB9501291.1
Sro104_g052950	CAB9501292.1
Sro104_g052960	CAB9501293.1
Sro104_g052970	CAB9501294.1
Sro104_g052980	CAB9501295.1
Sro104_g052990	CAB9501296.1
Sro104_g053000	CAB9501297.1
Sro104_g053010	CAB9501298.1
Sro104_g053020	CAB9501299.1
Sro104_g053030	CAB9501300.1
Sro104_g053040	CAB9501301.1
Sro104_g053050	CAB9501302.1
Sro105_g053060	CAB9501303.1
Sro105_g053070	CAB9501304.1
Sro105_g053080	CAB9501305.1
Sro105_g053090	CAB9501306.1
Sro105_g053100	CAB9501307.1
Sro105_g053110	CAB9501308.1
Sro105_g053120	CAB9501309.1
Sro105_g053130	CAB9501310.1
Sro105_g053140	CAB9501311.1
Sro105_g053150	CAB9501312.1
Sro105_g053160	CAB9501313.1
Sro105_g053170	CAB9501314.1
Sro105_g053180	CAB9501315.1
Sro105_g053190	CAB9501316.1
Sro105_g053200	CAB9501317.1
Sro105_g053210	CAB9501318.1
Sro105_g053220	CAB9501319.1
Sro105_g053230	CAB9501320.1
Sro105_g053231	CAB9501321.1
Sro105_g053240	CAB9501322.1
Sro105_g053250	CAB9501323.1
Sro105_g053260	CAB9501324.1
Sro105_g053270	CAB9501325.1
Sro105_g053280	CAB9501326.1
Sro105_g053290	CAB9501327.1
Sro105_g053300	CAB9501328.1
Sro105_g053310	CAB9501329.1
Sro105_g053320	CAB9501330.1
Sro105_g053330	CAB9501331.1
Sro105_g053340	CAB9501332.1
Sro105_g053350	CAB9501333.1
Sro105_g053360	CAB9501334.1
Sro105_g053370	CAB9501335.1
Sro105_g053380	CAB9501336.1
Sro105_g053390	CAB9501337.1
Sro105_g053400	CAB9501338.1
Sro106_g053410	CAB9501340.1
Sro106_g053420	CAB9501341.1
Sro106_g053430	CAB9501342.1
Sro106_g053440	CAB9501343.1
Sro106_g053450	CAB9501344.1
Sro106_g053460	CAB9501345.1
Sro106_g053470	CAB9501346.1
Sro106_g053480	CAB9501347.1
Sro106_g053490	CAB9501348.1
Sro106_g053500	CAB9501349.1
Sro106_g053510	CAB9501350.1
Sro106_g053520	CAB9501351.1
Sro106_g053530	CAB9501352.1
Sro106_g053540	CAB9501353.1
Sro106_g053550	CAB9501354.1
Sro106_g053560	CAB9501355.1
Sro106_g053570	CAB9501356.1
Sro106_g053580	CAB9501357.1
Sro106_g053590	CAB9501358.1
Sro106_g053600	CAB9501359.1
Sro106_g053610	CAB9501360.1
Sro106_g053620	CAB9501361.1
Sro106_g053630	CAB9501362.1
Sro106_g053640	CAB9501363.1
Sro106_g053650	CAB9501364.1
Sro106_g053660	CAB9501365.1
Sro106_g053670	CAB9501366.1
Sro106_g236591	CAB9501339.1
Sro107_g053680	CAB9501367.1
Sro107_g053690	CAB9501368.1
Sro107_g053700	CAB9501369.1
Sro107_g053710	CAB9501370.1
Sro107_g053720	CAB9501371.1
Sro107_g053730	CAB9501372.1
Sro107_g053740	CAB9501373.1
Sro107_g053750	CAB9501374.1
Sro107_g053760	CAB9501375.1
Sro107_g053770	CAB9501376.1
Sro107_g053780	CAB9501377.1
Sro107_g053790	CAB9501378.1
Sro107_g053800	CAB9501379.1
Sro107_g053810	CAB9501380.1
Sro107_g053820	CAB9501381.1
Sro107_g053830	CAB9501382.1
Sro107_g053840	CAB9501383.1
Sro107_g053850	CAB9501384.1
Sro107_g053860	CAB9501385.1
Sro107_g053870	CAB9501386.1
Sro107_g053880	CAB9501387.1
Sro107_g053890	CAB9501388.1
Sro107_g053900	CAB9501389.1
Sro107_g053910	CAB9501390.1
Sro107_g053920	CAB9501391.1
Sro107_g053930	CAB9501392.1
Sro107_g053940	CAB9501393.1
Sro107_g053950	CAB9501394.1
Sro107_g053960	CAB9501395.1
Sro107_g053970	CAB9501396.1
Sro107_g053980	CAB9501397.1
Sro107_g053990	CAB9501398.1
Sro107_g054000	CAB9501399.1
Sro107_g054010	CAB9501400.1
Sro107_g054020	CAB9501401.1
Sro107_g054030	CAB9501402.1
Sro107_g054040	CAB9501403.1
Sro107_g054050	CAB9501404.1
Sro108_g054060	CAB9501405.1
Sro108_g054070	CAB9501406.1
Sro108_g054071	CAB9501407.1
Sro108_g054080	CAB9501408.1
Sro108_g054090	CAB9501409.1
Sro108_g054100	CAB9501410.1
Sro108_g054110	CAB9501411.1
Sro108_g054120	CAB9501412.1
Sro108_g054130	CAB9501413.1
Sro108_g054140	CAB9501414.1
Sro108_g054150	CAB9501415.1
Sro108_g054160	CAB9501416.1
Sro108_g054170	CAB9501417.1
Sro108_g054180	CAB9501418.1
Sro108_g054190	CAB9501419.1
Sro108_g054200	CAB9501420.1
Sro108_g054210	CAB9501421.1
Sro108_g054220	CAB9501422.1
Sro108_g054230	CAB9501423.1
Sro108_g054240	CAB9501424.1
Sro108_g054250	CAB9501425.1
Sro108_g054260	CAB9501426.1
Sro108_g054270	CAB9501427.1
Sro108_g054280	CAB9501428.1
Sro108_g054290	CAB9501429.1
Sro108_g054300	CAB9501430.1
Sro108_g054310	CAB9501431.1
Sro108_g054320	CAB9501432.1
Sro108_g054330	CAB9501433.1
Sro108_g054340	CAB9501434.1
Sro108_g054350	CAB9501435.1
Sro108_g054360	CAB9501436.1
Sro109_g054370	CAB9501437.1
Sro109_g054380	CAB9501438.1
Sro109_g054390	CAB9501439.1
Sro109_g054400	CAB9501440.1
Sro109_g054410	CAB9501441.1
Sro109_g054420	CAB9501442.1
Sro109_g054430	CAB9501443.1
Sro109_g054440	CAB9501444.1
Sro109_g054450	CAB9501445.1
Sro109_g054460	CAB9501446.1
Sro109_g054470	CAB9501447.1
Sro109_g054471	CAB9501448.1
Sro109_g054480	CAB9501449.1
Sro109_g054490	CAB9501450.1
Sro109_g054500	CAB9501451.1
Sro109_g054510	CAB9501452.1
Sro109_g054520	CAB9501453.1
Sro109_g054530	CAB9501454.1
Sro109_g054540	CAB9501455.1
Sro109_g054550	CAB9501456.1
Sro109_g054560	CAB9501457.1
Sro109_g054570	CAB9501458.1
Sro109_g054580	CAB9501459.1
Sro109_g054590	CAB9501460.1
Sro109_g054600	CAB9501461.1
Sro109_g054610	CAB9501462.1
Sro109_g054620	CAB9501463.1
Sro109_g054630	CAB9501464.1
Sro109_g054640	CAB9501465.1
Sro109_g054650	CAB9501466.1
Sro109_g054660	CAB9501467.1
Sro109_g054670	CAB9501468.1
Sro109_g054680	CAB9501469.1
Sro109_g054690	CAB9501470.1
Sro109_g054700	CAB9501471.1
Sro109_g054710	CAB9501472.1
Sro109_g054720	CAB9501473.1
Sro10_g007770	CAB9496811.1
Sro10_g007780	CAB9496812.1
Sro10_g007790	CAB9496813.1
Sro10_g007800	CAB9496814.1
Sro10_g007810	CAB9496815.1
Sro10_g007820	CAB9496816.1
Sro10_g007830	CAB9496817.1
Sro10_g007840	CAB9496818.1
Sro10_g007850	CAB9496819.1
Sro10_g007860	CAB9496820.1
Sro10_g007870	CAB9496821.1
Sro10_g007880	CAB9496822.1
Sro10_g007890	CAB9496823.1
Sro10_g007900	CAB9496824.1
Sro10_g007910	CAB9496825.1
Sro10_g007920	CAB9496826.1
Sro10_g007930	CAB9496827.1
Sro10_g007940	CAB9496828.1
Sro10_g007950	CAB9496829.1
Sro10_g007960	CAB9496830.1
Sro10_g007961	CAB9496831.1
Sro10_g007970	CAB9496832.1
Sro10_g007980	CAB9496833.1
Sro10_g007990	CAB9496834.1
Sro10_g008000	CAB9496835.1
Sro10_g008010	CAB9496836.1
Sro10_g008020	CAB9496837.1
Sro10_g008030	CAB9496838.1
Sro10_g008031	CAB9496839.1
Sro10_g008040	CAB9496841.1
Sro10_g008041	CAB9496840.1
Sro10_g008050	CAB9496842.1
Sro10_g008060	CAB9496843.1
Sro10_g008070	CAB9496844.1
Sro10_g008080	CAB9496845.1
Sro10_g008090	CAB9496846.1
Sro10_g008100	CAB9496847.1
Sro10_g008101	CAB9496848.1
Sro10_g008110	CAB9496849.1
Sro10_g008120	CAB9496850.1
Sro10_g008121	CAB9496851.1
Sro10_g008130	CAB9496852.1
Sro10_g008140	CAB9496853.1
Sro10_g008150	CAB9496854.1
Sro10_g008160	CAB9496855.1
Sro10_g008170	CAB9496856.1
Sro10_g008180	CAB9496857.1
Sro10_g008190	CAB9496858.1
Sro10_g008200	CAB9496859.1
Sro10_g008210	CAB9496860.1
Sro10_g008220	CAB9496861.1
Sro10_g008230	CAB9496862.1
Sro10_g008240	CAB9496863.1
Sro10_g008250	CAB9496864.1
Sro10_g008260	CAB9496865.1
Sro10_g008270	CAB9496866.1
Sro10_g008271	CAB9496867.1
Sro10_g008280	CAB9496868.1
Sro10_g008290	CAB9496869.1
Sro10_g008300	CAB9496870.1
Sro10_g008310	CAB9496871.1
Sro10_g008320	CAB9496872.1
Sro10_g008330	CAB9496873.1
Sro10_g008340	CAB9496874.1
Sro10_g008350	CAB9496875.1
Sro10_g008360	CAB9496876.1
Sro10_g008370	CAB9496877.1
Sro10_g008380	CAB9496878.1
Sro10_g008390	CAB9496879.1
Sro10_g008400	CAB9496880.1
Sro110_g054730	CAB9501474.1
Sro110_g054740	CAB9501475.1
Sro110_g054750	CAB9501476.1
Sro110_g054760	CAB9501477.1
Sro110_g054770	CAB9501478.1
Sro110_g054780	CAB9501479.1
Sro110_g054781	CAB9501480.1
Sro110_g054790	CAB9501481.1
Sro110_g054800	CAB9501482.1
Sro110_g054810	CAB9501483.1
Sro110_g054820	CAB9501484.1
Sro110_g054830	CAB9501485.1
Sro110_g054840	CAB9501486.1
Sro110_g054850	CAB9501487.1
Sro110_g054860	CAB9501488.1
Sro110_g054870	CAB9501489.1
Sro110_g054880	CAB9501490.1
Sro110_g054890	CAB9501491.1
Sro110_g054900	CAB9501492.1
Sro110_g054910	CAB9501493.1
Sro110_g054920	CAB9501494.1
Sro110_g054930	CAB9501495.1
Sro110_g054940	CAB9501496.1
Sro110_g054950	CAB9501497.1
Sro110_g054960	CAB9501498.1
Sro110_g054970	CAB9501499.1
Sro110_g054980	CAB9501500.1
Sro110_g054990	CAB9501501.1
Sro110_g055000	CAB9501502.1
Sro110_g055010	CAB9501503.1
Sro110_g055020	CAB9501504.1
Sro110_g055030	CAB9501505.1
Sro110_g055040	CAB9501506.1
Sro110_g055050	CAB9501507.1
Sro110_g055060	CAB9501508.1
Sro110_g055070	CAB9501509.1
Sro110_g055080	CAB9501510.1
Sro110_g055090	CAB9501511.1
Sro110_g055100	CAB9501512.1
Sro111_g055110	CAB9501513.1
Sro111_g055120	CAB9501514.1
Sro111_g055130	CAB9501515.1
Sro111_g055140	CAB9501516.1
Sro111_g055150	CAB9501517.1
Sro111_g055160	CAB9501518.1
Sro111_g055170	CAB9501519.1
Sro111_g055180	CAB9501520.1
Sro111_g055190	CAB9501521.1
Sro111_g055200	CAB9501522.1
Sro111_g055210	CAB9501523.1
Sro111_g055220	CAB9501524.1
Sro111_g055230	CAB9501525.1
Sro111_g055240	CAB9501526.1
Sro111_g055250	CAB9501527.1
Sro111_g055260	CAB9501528.1
Sro111_g055270	CAB9501529.1
Sro111_g055280	CAB9501530.1
Sro111_g055290	CAB9501531.1
Sro111_g055300	CAB9501532.1
Sro111_g055310	CAB9501533.1
Sro111_g055320	CAB9501534.1
Sro111_g055330	CAB9501535.1
Sro111_g055340	CAB9501536.1
Sro111_g055341	CAB9501537.1
Sro111_g055350	CAB9501538.1
Sro111_g055360	CAB9501539.1
Sro111_g055370	CAB9501540.1
Sro111_g055380	CAB9501541.1
Sro111_g055390	CAB9501542.1
Sro111_g055400	CAB9501543.1
Sro111_g055410	CAB9501544.1
Sro111_g055420	CAB9501545.1
Sro111_g055430	CAB9501546.1
Sro111_g055431	CAB9501547.1
Sro111_g055440	CAB9501548.1
Sro111_g055450	CAB9501549.1
Sro111_g055460	CAB9501550.1
Sro112_g055470	CAB9501551.1
Sro112_g055471	CAB9501552.1
Sro112_g055480	CAB9501553.1
Sro112_g055490	CAB9501554.1
Sro112_g055500	CAB9501555.1
Sro112_g055510	CAB9501556.1
Sro112_g055520	CAB9501557.1
Sro112_g055530	CAB9501558.1
Sro112_g055540	CAB9501559.1
Sro112_g055550	CAB9501560.1
Sro112_g055570	CAB9501561.1
Sro112_g055580	CAB9501562.1
Sro112_g055590	CAB9501563.1
Sro112_g055600	CAB9501564.1
Sro112_g055610	CAB9501565.1
Sro112_g055620	CAB9501566.1
Sro112_g055630	CAB9501567.1
Sro112_g055640	CAB9501568.1
Sro112_g055650	CAB9501569.1
Sro112_g055660	CAB9501570.1
Sro112_g055670	CAB9501571.1
Sro112_g055680	CAB9501572.1
Sro112_g055690	CAB9501573.1
Sro112_g055700	CAB9501574.1
Sro112_g055710	CAB9501575.1
Sro112_g055720	CAB9501576.1
Sro112_g055730	CAB9501577.1
Sro112_g055740	CAB9501578.1
Sro112_g055750	CAB9501579.1
Sro112_g055760	CAB9501580.1
Sro112_g055770	CAB9501581.1
Sro112_g055780	CAB9501582.1
Sro112_g055790	CAB9501583.1
Sro112_g055791	CAB9501584.1
Sro112_g055792	CAB9501585.1
Sro112_g055800	CAB9501586.1
Sro112_g055810	CAB9501587.1
Sro112_g055820	CAB9501588.1
Sro112_g055830	CAB9501589.1
Sro112_g055840	CAB9501590.1
Sro112_g055850	CAB9501591.1
Sro112_g055860	CAB9501592.1
Sro112_g055870	CAB9501593.1
Sro112_g055880	CAB9501594.1
Sro113_g055890	CAB9501595.1
Sro113_g055900	CAB9501596.1
Sro113_g055910	CAB9501597.1
Sro113_g055920	CAB9501598.1
Sro113_g055930	CAB9501599.1
Sro113_g055940	CAB9501600.1
Sro113_g055950	CAB9501601.1
Sro113_g055960	CAB9501602.1
Sro113_g055970	CAB9501603.1
Sro113_g055980	CAB9501604.1
Sro113_g055990	CAB9501605.1
Sro113_g056000	CAB9501606.1
Sro113_g056010	CAB9501607.1
Sro113_g056020	CAB9501608.1
Sro113_g056030	CAB9501609.1
Sro113_g056040	CAB9501610.1
Sro113_g056050	CAB9501611.1
Sro113_g056060	CAB9501612.1
Sro113_g056070	CAB9501613.1
Sro113_g056080	CAB9501614.1
Sro113_g056090	CAB9501615.1
Sro113_g056100	CAB9501616.1
Sro113_g056110	CAB9501617.1
Sro113_g056120	CAB9501618.1
Sro113_g056130	CAB9501619.1
Sro113_g056140	CAB9501620.1
Sro113_g056150	CAB9501621.1
Sro113_g056160	CAB9501622.1
Sro113_g056170	CAB9501623.1
Sro113_g056180	CAB9501624.1
Sro114_g056190	CAB9501625.1
Sro114_g056200	CAB9501626.1
Sro114_g056210	CAB9501627.1
Sro114_g056220	CAB9501628.1
Sro114_g056230	CAB9501629.1
Sro114_g056231	CAB9501630.1
Sro114_g056240	CAB9501631.1
Sro114_g056250	CAB9501632.1
Sro114_g056260	CAB9501633.1
Sro114_g056270	CAB9501634.1
Sro114_g056280	CAB9501635.1
Sro114_g056290	CAB9501636.1
Sro114_g056300	CAB9501637.1
Sro114_g056310	CAB9501638.1
Sro114_g056320	CAB9501639.1
Sro114_g056330	CAB9501640.1
Sro114_g056340	CAB9501641.1
Sro114_g056350	CAB9501642.1
Sro114_g056360	CAB9501643.1
Sro114_g056380	CAB9501644.1
Sro114_g056390	CAB9501645.1
Sro114_g056400	CAB9501646.1
Sro114_g056410	CAB9501647.1
Sro114_g056411	CAB9501648.1
Sro114_g056420	CAB9501649.1
Sro114_g056430	CAB9501650.1
Sro114_g056440	CAB9501651.1
Sro114_g056450	CAB9501652.1
Sro114_g056460	CAB9501653.1
Sro114_g056470	CAB9501654.1
Sro114_g056480	CAB9501655.1
Sro114_g056490	CAB9501656.1
Sro114_g056500	CAB9501657.1
Sro114_g056510	CAB9501658.1
Sro114_g056520	CAB9501659.1
Sro114_g056530	CAB9501660.1
Sro114_g056540	CAB9501661.1
Sro114_g056550	CAB9501662.1
Sro114_g056560	CAB9501663.1
Sro114_g056570	CAB9501664.1
Sro115_g056580	CAB9501665.1
Sro115_g056590	CAB9501666.1
Sro115_g056600	CAB9501667.1
Sro115_g056610	CAB9501668.1
Sro115_g056620	CAB9501669.1
Sro115_g056630	CAB9501670.1
Sro115_g056640	CAB9501671.1
Sro115_g056650	CAB9501672.1
Sro115_g056660	CAB9501673.1
Sro115_g056670	CAB9501674.1
Sro115_g056680	CAB9501675.1
Sro115_g056690	CAB9501676.1
Sro115_g056700	CAB9501677.1
Sro115_g056710	CAB9501678.1
Sro115_g056720	CAB9501679.1
Sro115_g056730	CAB9501680.1
Sro115_g056740	CAB9501681.1
Sro115_g056750	CAB9501682.1
Sro115_g056760	CAB9501683.1
Sro115_g056770	CAB9501684.1
Sro115_g056780	CAB9501685.1
Sro115_g056790	CAB9501686.1
Sro115_g056800	CAB9501687.1
Sro115_g056810	CAB9501688.1
Sro115_g056820	CAB9501689.1
Sro115_g056830	CAB9501690.1
Sro115_g056840	CAB9501691.1
Sro115_g056850	CAB9501692.1
Sro115_g056860	CAB9501693.1
Sro115_g056870	CAB9501694.1
Sro115_g056880	CAB9501695.1
Sro115_g056890	CAB9501696.1
Sro116_g056900	CAB9501697.1
Sro116_g056910	CAB9501698.1
Sro116_g056920	CAB9501699.1
Sro116_g056930	CAB9501700.1
Sro116_g056940	CAB9501701.1
Sro116_g056950	CAB9501702.1
Sro116_g056960	CAB9501703.1
Sro116_g056970	CAB9501704.1
Sro116_g056980	CAB9501705.1
Sro116_g056990	CAB9501706.1
Sro116_g057000	CAB9501707.1
Sro116_g057010	CAB9501708.1
Sro116_g057020	CAB9501709.1
Sro116_g057030	CAB9501710.1
Sro116_g057040	CAB9501711.1
Sro116_g057050	CAB9501712.1
Sro116_g057060	CAB9501713.1
Sro116_g057070	CAB9501714.1
Sro116_g057080	CAB9501715.1
Sro116_g057090	CAB9501716.1
Sro116_g057100	CAB9501717.1
Sro116_g057110	CAB9501718.1
Sro116_g057120	CAB9501719.1
Sro116_g057130	CAB9501720.1
Sro116_g057140	CAB9501721.1
Sro116_g057150	CAB9501722.1
Sro116_g057160	CAB9501723.1
Sro116_g057170	CAB9501724.1
Sro116_g057180	CAB9501725.1
Sro116_g057190	CAB9501726.1
Sro116_g057200	CAB9501727.1
Sro116_g057210	CAB9501728.1
Sro116_g057220	CAB9501729.1
Sro117_g057230	CAB9501730.1
Sro117_g057240	CAB9501731.1
Sro117_g057250	CAB9501732.1
Sro117_g057260	CAB9501733.1
Sro117_g057270	CAB9501734.1
Sro117_g057280	CAB9501735.1
Sro117_g057290	CAB9501736.1
Sro117_g057300	CAB9501737.1
Sro117_g057310	CAB9501738.1
Sro117_g057320	CAB9501739.1
Sro117_g057330	CAB9501740.1
Sro117_g057340	CAB9501741.1
Sro117_g057350	CAB9501742.1
Sro117_g057360	CAB9501743.1
Sro117_g057370	CAB9501744.1
Sro117_g057380	CAB9501745.1
Sro117_g057390	CAB9501746.1
Sro117_g057400	CAB9501747.1
Sro117_g057410	CAB9501748.1
Sro117_g057420	CAB9501749.1
Sro117_g057430	CAB9501750.1
Sro117_g057440	CAB9501751.1
Sro117_g057450	CAB9501752.1
Sro117_g057460	CAB9501753.1
Sro117_g057470	CAB9501754.1
Sro117_g057480	CAB9501755.1
Sro117_g057490	CAB9501756.1
Sro117_g057500	CAB9501757.1
Sro117_g057510	CAB9501758.1
Sro117_g057520	CAB9501759.1
Sro117_g057530	CAB9501760.1
Sro118_g057540	CAB9501761.1
Sro118_g057550	CAB9501762.1
Sro118_g057560	CAB9501763.1
Sro118_g057570	CAB9501764.1
Sro118_g057580	CAB9501765.1
Sro118_g057590	CAB9501766.1
Sro118_g057600	CAB9501767.1
Sro118_g057610	CAB9501768.1
Sro118_g057620	CAB9501769.1
Sro118_g057630	CAB9501770.1
Sro118_g057640	CAB9501771.1
Sro118_g057650	CAB9501772.1
Sro118_g057660	CAB9501773.1
Sro118_g057670	CAB9501774.1
Sro118_g057680	CAB9501775.1
Sro118_g057690	CAB9501776.1
Sro118_g057700	CAB9501777.1
Sro118_g057710	CAB9501778.1
Sro118_g057720	CAB9501779.1
Sro118_g057730	CAB9501780.1
Sro118_g057740	CAB9501781.1
Sro118_g057750	CAB9501782.1
Sro118_g057751	CAB9501783.1
Sro118_g057760	CAB9501784.1
Sro118_g057770	CAB9501785.1
Sro118_g057780	CAB9501786.1
Sro118_g057790	CAB9501787.1
Sro118_g057800	CAB9501788.1
Sro118_g057810	CAB9501789.1
Sro118_g057820	CAB9501790.1
Sro118_g057830	CAB9501791.1
Sro118_g057840	CAB9501792.1
Sro118_g057850	CAB9501793.1
Sro118_g057860	CAB9501794.1
Sro118_g057870	CAB9501795.1
Sro118_g057880	CAB9501796.1
Sro118_g057890	CAB9501797.1
Sro118_g057900	CAB9501798.1
Sro118_g057910	CAB9501799.1
Sro118_g057920	CAB9501800.1
Sro119_g057930	CAB9501801.1
Sro119_g057940	CAB9501802.1
Sro119_g057950	CAB9501803.1
Sro119_g057960	CAB9501804.1
Sro119_g057970	CAB9501805.1
Sro119_g057980	CAB9501806.1
Sro119_g057990	CAB9501807.1
Sro119_g058000	CAB9501808.1
Sro119_g058010	CAB9501809.1
Sro119_g058020	CAB9501810.1
Sro119_g058030	CAB9501811.1
Sro119_g058040	CAB9501812.1
Sro119_g058050	CAB9501813.1
Sro119_g058060	CAB9501814.1
Sro119_g058070	CAB9501815.1
Sro119_g058080	CAB9501816.1
Sro119_g058090	CAB9501817.1
Sro119_g058100	CAB9501818.1
Sro119_g058110	CAB9501819.1
Sro119_g058120	CAB9501820.1
Sro119_g058150	CAB9501821.1
Sro119_g058160	CAB9501822.1
Sro119_g058170	CAB9501823.1
Sro119_g058180	CAB9501824.1
Sro119_g058190	CAB9501825.1
Sro119_g058200	CAB9501826.1
Sro119_g058210	CAB9501827.1
Sro119_g058220	CAB9501828.1
Sro119_g058230	CAB9501829.1
Sro119_g058240	CAB9501830.1
Sro119_g058250	CAB9501831.1
Sro119_g058260	CAB9501832.1
Sro119_g058270	CAB9501833.1
Sro119_g058280	CAB9501834.1
Sro11_g008410	CAB9496881.1
Sro11_g008420	CAB9496882.1
Sro11_g008430	CAB9496883.1
Sro11_g008450	CAB9496884.1
Sro11_g008460	CAB9496885.1
Sro11_g008470	CAB9496886.1
Sro11_g008480	CAB9496887.1
Sro11_g008490	CAB9496888.1
Sro11_g008500	CAB9496889.1
Sro11_g008510	CAB9496890.1
Sro11_g008520	CAB9496891.1
Sro11_g008530	CAB9496892.1
Sro11_g008540	CAB9496893.1
Sro11_g008550	CAB9496894.1
Sro11_g008560	CAB9496895.1
Sro11_g008570	CAB9496896.1
Sro11_g008580	CAB9496897.1
Sro11_g008590	CAB9496898.1
Sro11_g008600	CAB9496899.1
Sro11_g008601	CAB9496900.1
Sro11_g008610	CAB9496901.1
Sro11_g008620	CAB9496902.1
Sro11_g008630	CAB9496903.1
Sro11_g008640	CAB9496904.1
Sro11_g008650	CAB9496905.1
Sro11_g008660	CAB9496906.1
Sro11_g008670	CAB9496907.1
Sro11_g008680	CAB9496908.1
Sro11_g008690	CAB9496909.1
Sro11_g008700	CAB9496910.1
Sro11_g008710	CAB9496911.1
Sro11_g008720	CAB9496912.1
Sro11_g008730	CAB9496913.1
Sro11_g008740	CAB9496914.1
Sro11_g008750	CAB9496915.1
Sro11_g008760	CAB9496916.1
Sro11_g008770	CAB9496917.1
Sro11_g008780	CAB9496918.1
Sro11_g008790	CAB9496919.1
Sro11_g008800	CAB9496920.1
Sro11_g008810	CAB9496921.1
Sro11_g008820	CAB9496922.1
Sro11_g008830	CAB9496923.1
Sro11_g008840	CAB9496924.1
Sro11_g008850	CAB9496925.1
Sro11_g008860	CAB9496926.1
Sro11_g008870	CAB9496927.1
Sro11_g008880	CAB9496928.1
Sro11_g008890	CAB9496929.1
Sro11_g008900	CAB9496930.1
Sro11_g008910	CAB9496931.1
Sro11_g008920	CAB9496932.1
Sro11_g008930	CAB9496933.1
Sro11_g008940	CAB9496934.1
Sro11_g008950	CAB9496935.1
Sro11_g008960	CAB9496936.1
Sro11_g008970	CAB9496937.1
Sro11_g008980	CAB9496938.1
Sro11_g008990	CAB9496939.1
Sro11_g009000	CAB9496940.1
Sro11_g009010	CAB9496941.1
Sro11_g009020	CAB9496942.1
Sro120_g058290	CAB9501835.1
Sro120_g058300	CAB9501836.1
Sro120_g058310	CAB9501837.1
Sro120_g058320	CAB9501838.1
Sro120_g058330	CAB9501839.1
Sro120_g058340	CAB9501840.1
Sro120_g058350	CAB9501841.1
Sro120_g058360	CAB9501842.1
Sro120_g058370	CAB9501843.1
Sro120_g058380	CAB9501844.1
Sro120_g058390	CAB9501845.1
Sro120_g058400	CAB9501846.1
Sro120_g058410	CAB9501847.1
Sro120_g058420	CAB9501848.1
Sro120_g058430	CAB9501849.1
Sro120_g058440	CAB9501850.1
Sro120_g058450	CAB9501851.1
Sro120_g058460	CAB9501852.1
Sro120_g058470	CAB9501853.1
Sro120_g058480	CAB9501854.1
Sro120_g058490	CAB9501855.1
Sro120_g058500	CAB9501856.1
Sro120_g058510	CAB9501857.1
Sro120_g058520	CAB9501858.1
Sro120_g058530	CAB9501859.1
Sro120_g058540	CAB9501860.1
Sro120_g058550	CAB9501861.1
Sro120_g058560	CAB9501862.1
Sro120_g058570	CAB9501863.1
Sro120_g058580	CAB9501864.1
Sro120_g058590	CAB9501865.1
Sro120_g058600	CAB9501866.1
Sro120_g058610	CAB9501867.1
Sro120_g058620	CAB9501868.1
Sro120_g058630	CAB9501869.1
Sro120_g058640	CAB9501870.1
Sro120_g058650	CAB9501871.1
Sro120_g058660	CAB9501872.1
Sro120_g058670	CAB9501873.1
Sro120_g058680	CAB9501874.1
Sro120_g058690	CAB9501875.1
Sro121_g058700	CAB9501876.1
Sro121_g058710	CAB9501877.1
Sro121_g058720	CAB9501878.1
Sro121_g058730	CAB9501879.1
Sro121_g058740	CAB9501880.1
Sro121_g058750	CAB9501881.1
Sro121_g058760	CAB9501882.1
Sro121_g058770	CAB9501883.1
Sro121_g058780	CAB9501884.1
Sro121_g058790	CAB9501885.1
Sro121_g058800	CAB9501886.1
Sro121_g058810	CAB9501887.1
Sro121_g058820	CAB9501888.1
Sro121_g058830	CAB9501889.1
Sro121_g058840	CAB9501890.1
Sro121_g058850	CAB9501891.1
Sro121_g058860	CAB9501892.1
Sro121_g058870	CAB9501893.1
Sro121_g058880	CAB9501894.1
Sro121_g058890	CAB9501895.1
Sro121_g058900	CAB9501896.1
Sro121_g058910	CAB9501897.1
Sro121_g058920	CAB9501898.1
Sro121_g058930	CAB9501899.1
Sro121_g058940	CAB9501900.1
Sro121_g058950	CAB9501901.1
Sro121_g058960	CAB9501902.1
Sro121_g058970	CAB9501903.1
Sro121_g058980	CAB9501904.1
Sro121_g058990	CAB9501905.1
Sro121_g059000	CAB9501906.1
Sro121_g059010	CAB9501907.1
Sro121_g059020	CAB9501908.1
Sro121_g059030	CAB9501909.1
Sro122_g059040	CAB9501910.1
Sro122_g059050	CAB9501911.1
Sro122_g059060	CAB9501912.1
Sro122_g059070	CAB9501913.1
Sro122_g059080	CAB9501914.1
Sro122_g059090	CAB9501915.1
Sro122_g059100	CAB9501916.1
Sro122_g059110	CAB9501917.1
Sro122_g059120	CAB9501918.1
Sro122_g059130	CAB9501919.1
Sro122_g059140	CAB9501920.1
Sro122_g059150	CAB9501921.1
Sro122_g059160	CAB9501922.1
Sro122_g059170	CAB9501923.1
Sro122_g059180	CAB9501924.1
Sro122_g059190	CAB9501925.1
Sro122_g059200	CAB9501926.1
Sro122_g059210	CAB9501927.1
Sro122_g059220	CAB9501928.1
Sro122_g059230	CAB9501929.1
Sro122_g059240	CAB9501930.1
Sro122_g059250	CAB9501931.1
Sro122_g059260	CAB9501932.1
Sro122_g059270	CAB9501933.1
Sro122_g059280	CAB9501934.1
Sro122_g059290	CAB9501935.1
Sro122_g059300	CAB9501936.1
Sro122_g059310	CAB9501937.1
Sro122_g059320	CAB9501938.1
Sro122_g059330	CAB9501939.1
Sro122_g059340	CAB9501940.1
Sro122_g059350	CAB9501941.1
Sro122_g059360	CAB9501942.1
Sro123_g059370	CAB9501943.1
Sro123_g059380	CAB9501944.1
Sro123_g059390	CAB9501945.1
Sro123_g059400	CAB9501946.1
Sro123_g059410	CAB9501947.1
Sro123_g059420	CAB9501948.1
Sro123_g059430	CAB9501949.1
Sro123_g059440	CAB9501950.1
Sro123_g059450	CAB9501951.1
Sro123_g059460	CAB9501952.1
Sro123_g059470	CAB9501953.1
Sro123_g059480	CAB9501954.1
Sro123_g059490	CAB9501955.1
Sro123_g059500	CAB9501956.1
Sro123_g059510	CAB9501957.1
Sro123_g059520	CAB9501958.1
Sro123_g059530	CAB9501959.1
Sro123_g059540	CAB9501960.1
Sro123_g059550	CAB9501961.1
Sro123_g059560	CAB9501962.1
Sro123_g059570	CAB9501963.1
Sro123_g059580	CAB9501964.1
Sro123_g059590	CAB9501965.1
Sro123_g059600	CAB9501966.1
Sro123_g059610	CAB9501967.1
Sro123_g059620	CAB9501968.1
Sro123_g059630	CAB9501969.1
Sro123_g059640	CAB9501970.1
Sro123_g059650	CAB9501971.1
Sro123_g059660	CAB9501972.1
Sro123_g059670	CAB9501973.1
Sro123_g059680	CAB9501974.1
Sro123_g059690	CAB9501975.1
Sro123_g059700	CAB9501976.1
Sro123_g059710	CAB9501977.1
Sro123_g059720	CAB9501978.1
Sro123_g059730	CAB9501979.1
Sro123_g059740	CAB9501980.1
Sro123_g059750	CAB9501981.1
Sro123_g059760	CAB9501982.1
Sro123_g059770	CAB9501983.1
Sro124_g059780	CAB9501984.1
Sro124_g059790	CAB9501985.1
Sro124_g059800	CAB9501986.1
Sro124_g059810	CAB9501987.1
Sro124_g059820	CAB9501988.1
Sro124_g059830	CAB9501989.1
Sro124_g059840	CAB9501990.1
Sro124_g059850	CAB9501991.1
Sro124_g059860	CAB9501992.1
Sro124_g059870	CAB9501993.1
Sro124_g059880	CAB9501994.1
Sro124_g059890	CAB9501995.1
Sro124_g059900	CAB9501996.1
Sro124_g059910	CAB9501997.1
Sro124_g059920	CAB9501998.1
Sro124_g059921	CAB9501999.1
Sro124_g059930	CAB9502000.1
Sro124_g059940	CAB9502001.1
Sro124_g059950	CAB9502002.1
Sro124_g059960	CAB9502003.1
Sro124_g059970	CAB9502004.1
Sro124_g059980	CAB9502005.1
Sro124_g059990	CAB9502006.1
Sro124_g060000	CAB9502007.1
Sro124_g060010	CAB9502008.1
Sro124_g060020	CAB9502009.1
Sro124_g060030	CAB9502010.1
Sro125_g060040	CAB9502011.1
Sro125_g060050	CAB9502012.1
Sro125_g060060	CAB9502013.1
Sro125_g060070	CAB9502014.1
Sro125_g060080	CAB9502015.1
Sro125_g060090	CAB9502016.1
Sro125_g060100	CAB9502017.1
Sro125_g060110	CAB9502018.1
Sro125_g060120	CAB9502019.1
Sro125_g060130	CAB9502020.1
Sro125_g060140	CAB9502021.1
Sro125_g060150	CAB9502022.1
Sro125_g060160	CAB9502023.1
Sro125_g060170	CAB9502024.1
Sro125_g060180	CAB9502025.1
Sro125_g060190	CAB9502026.1
Sro125_g060200	CAB9502027.1
Sro125_g060210	CAB9502028.1
Sro125_g060220	CAB9502029.1
Sro125_g060230	CAB9502030.1
Sro125_g060240	CAB9502031.1
Sro125_g060250	CAB9502032.1
Sro125_g060260	CAB9502033.1
Sro125_g060270	CAB9502034.1
Sro125_g060280	CAB9502035.1
Sro125_g060290	CAB9502036.1
Sro125_g060300	CAB9502037.1
Sro125_g060310	CAB9502038.1
Sro125_g060320	CAB9502039.1
Sro125_g060330	CAB9502040.1
Sro125_g060340	CAB9502041.1
Sro125_g060350	CAB9502042.1
Sro125_g060360	CAB9502043.1
Sro125_g060370	CAB9502044.1
Sro125_g060380	CAB9502045.1
Sro125_g060390	CAB9502046.1
Sro125_g060400	CAB9502047.1
Sro126_g060410	CAB9502048.1
Sro126_g060420	CAB9502049.1
Sro126_g060430	CAB9502050.1
Sro126_g060440	CAB9502051.1
Sro126_g060450	CAB9502052.1
Sro126_g060460	CAB9502053.1
Sro126_g060470	CAB9502054.1
Sro126_g060480	CAB9502055.1
Sro126_g060490	CAB9502056.1
Sro126_g060500	CAB9502057.1
Sro126_g060510	CAB9502058.1
Sro126_g060520	CAB9502059.1
Sro126_g060530	CAB9502060.1
Sro126_g060540	CAB9502061.1
Sro126_g060550	CAB9502062.1
Sro126_g060560	CAB9502063.1
Sro126_g060570	CAB9502064.1
Sro126_g060580	CAB9502065.1
Sro126_g060590	CAB9502066.1
Sro126_g060600	CAB9502067.1
Sro126_g060610	CAB9502068.1
Sro126_g060620	CAB9502069.1
Sro126_g060630	CAB9502070.1
Sro126_g060640	CAB9502071.1
Sro126_g060650	CAB9502072.1
Sro126_g060651	CAB9502073.1
Sro126_g060660	CAB9502074.1
Sro126_g060670	CAB9502075.1
Sro127_g060680	CAB9502076.1
Sro127_g060690	CAB9502077.1
Sro127_g060700	CAB9502078.1
Sro127_g060710	CAB9502079.1
Sro127_g060720	CAB9502080.1
Sro127_g060730	CAB9502081.1
Sro127_g060740	CAB9502082.1
Sro127_g060750	CAB9502083.1
Sro127_g060760	CAB9502084.1
Sro127_g060770	CAB9502085.1
Sro127_g060780	CAB9502086.1
Sro127_g060790	CAB9502087.1
Sro127_g060800	CAB9502088.1
Sro127_g060810	CAB9502089.1
Sro127_g060820	CAB9502090.1
Sro127_g060830	CAB9502091.1
Sro127_g060840	CAB9502092.1
Sro127_g060850	CAB9502093.1
Sro127_g060860	CAB9502094.1
Sro127_g060870	CAB9502095.1
Sro127_g060880	CAB9502096.1
Sro127_g060890	CAB9502097.1
Sro127_g060900	CAB9502098.1
Sro127_g060910	CAB9502099.1
Sro127_g060920	CAB9502100.1
Sro127_g060930	CAB9502101.1
Sro127_g060940	CAB9502102.1
Sro127_g060950	CAB9502103.1
Sro127_g060960	CAB9502104.1
Sro127_g060970	CAB9502105.1
Sro127_g060980	CAB9502106.1
Sro127_g060990	CAB9502107.1
Sro127_g061000	CAB9502108.1
Sro128_g061010	CAB9502109.1
Sro128_g061020	CAB9502110.1
Sro128_g061030	CAB9502111.1
Sro128_g061040	CAB9502112.1
Sro128_g061050	CAB9502113.1
Sro128_g061060	CAB9502114.1
Sro128_g061070	CAB9502115.1
Sro128_g061080	CAB9502116.1
Sro128_g061090	CAB9502117.1
Sro128_g061100	CAB9502118.1
Sro128_g061110	CAB9502119.1
Sro128_g061120	CAB9502120.1
Sro128_g061130	CAB9502121.1
Sro128_g061140	CAB9502122.1
Sro128_g061150	CAB9502123.1
Sro128_g061160	CAB9502124.1
Sro128_g061170	CAB9502125.1
Sro128_g061180	CAB9502126.1
Sro128_g061190	CAB9502127.1
Sro128_g061200	CAB9502128.1
Sro128_g061210	CAB9502129.1
Sro128_g061220	CAB9502130.1
Sro128_g061230	CAB9502131.1
Sro128_g061240	CAB9502132.1
Sro128_g061250	CAB9502133.1
Sro128_g061260	CAB9502134.1
Sro128_g061270	CAB9502135.1
Sro128_g061280	CAB9502136.1
Sro128_g061290	CAB9502137.1
Sro128_g061300	CAB9502138.1
Sro128_g061310	CAB9502139.1
Sro128_g061320	CAB9502140.1
Sro128_g061330	CAB9502141.1
Sro128_g061340	CAB9502142.1
Sro128_g061350	CAB9502143.1
Sro128_g061360	CAB9502144.1
Sro128_g061370	CAB9502145.1
Sro128_g061380	CAB9502146.1
Sro128_g061390	CAB9502147.1
Sro128_g061400	CAB9502148.1
Sro128_g061410	CAB9502149.1
Sro128_g061420	CAB9502150.1
Sro129_g061430	CAB9502151.1
Sro129_g061440	CAB9502152.1
Sro129_g061450	CAB9502153.1
Sro129_g061460	CAB9502154.1
Sro129_g061470	CAB9502155.1
Sro129_g061480	CAB9502156.1
Sro129_g061490	CAB9502157.1
Sro129_g061500	CAB9502158.1
Sro129_g061510	CAB9502159.1
Sro129_g061520	CAB9502160.1
Sro129_g061530	CAB9502161.1
Sro129_g061540	CAB9502162.1
Sro129_g061550	CAB9502163.1
Sro129_g061560	CAB9502164.1
Sro129_g061570	CAB9502165.1
Sro129_g061580	CAB9502166.1
Sro129_g061590	CAB9502167.1
Sro129_g061600	CAB9502168.1
Sro129_g061610	CAB9502169.1
Sro129_g061611	CAB9502170.1
Sro129_g061620	CAB9502171.1
Sro129_g061630	CAB9502172.1
Sro129_g061640	CAB9502173.1
Sro129_g061650	CAB9502174.1
Sro129_g061660	CAB9502175.1
Sro129_g061670	CAB9502176.1
Sro129_g061680	CAB9502177.1
Sro129_g061690	CAB9502178.1
Sro129_g061700	CAB9502179.1
Sro129_g061710	CAB9502180.1
Sro129_g061720	CAB9502181.1
Sro129_g061730	CAB9502182.1
Sro129_g061740	CAB9502183.1
Sro12_g009030	CAB9496943.1
Sro12_g009040	CAB9496944.1
Sro12_g009050	CAB9496945.1
Sro12_g009060	CAB9496946.1
Sro12_g009070	CAB9496947.1
Sro12_g009080	CAB9496948.1
Sro12_g009090	CAB9496949.1
Sro12_g009100	CAB9496950.1
Sro12_g009110	CAB9496951.1
Sro12_g009120	CAB9496952.1
Sro12_g009130	CAB9496953.1
Sro12_g009140	CAB9496954.1
Sro12_g009150	CAB9496955.1
Sro12_g009160	CAB9496956.1
Sro12_g009170	CAB9496957.1
Sro12_g009180	CAB9496958.1
Sro12_g009190	CAB9496959.1
Sro12_g009200	CAB9496960.1
Sro12_g009210	CAB9496961.1
Sro12_g009220	CAB9496962.1
Sro12_g009230	CAB9496963.1
Sro12_g009240	CAB9496964.1
Sro12_g009250	CAB9496965.1
Sro12_g009251	CAB9496966.1
Sro12_g009260	CAB9496967.1
Sro12_g009270	CAB9496968.1
Sro12_g009280	CAB9496969.1
Sro12_g009290	CAB9496970.1
Sro12_g009300	CAB9496971.1
Sro12_g009310	CAB9496972.1
Sro12_g009320	CAB9496973.1
Sro12_g009330	CAB9496974.1
Sro12_g009340	CAB9496975.1
Sro12_g009350	CAB9496976.1
Sro12_g009360	CAB9496977.1
Sro12_g009370	CAB9496978.1
Sro12_g009380	CAB9496979.1
Sro12_g009390	CAB9496980.1
Sro12_g009400	CAB9496981.1
Sro12_g009410	CAB9496982.1
Sro12_g009420	CAB9496983.1
Sro12_g009430	CAB9496984.1
Sro12_g009440	CAB9496985.1
Sro12_g009450	CAB9496986.1
Sro12_g009460	CAB9496987.1
Sro12_g009470	CAB9496988.1
Sro12_g009480	CAB9496989.1
Sro12_g009490	CAB9496990.1
Sro12_g009500	CAB9496991.1
Sro12_g009510	CAB9496992.1
Sro12_g009520	CAB9496993.1
Sro12_g009530	CAB9496994.1
Sro12_g009540	CAB9496995.1
Sro12_g009550	CAB9496996.1
Sro12_g009560	CAB9496997.1
Sro12_g009570	CAB9496998.1
Sro12_g009571	CAB9496999.1
Sro12_g009580	CAB9497000.1
Sro12_g009590	CAB9497001.1
Sro12_g009600	CAB9497002.1
Sro12_g009610	CAB9497003.1
Sro12_g009620	CAB9497004.1
Sro12_g009630	CAB9497005.1
Sro12_g009640	CAB9497006.1
Sro12_g009650	CAB9497007.1
Sro130_g061750	CAB9502184.1
Sro130_g061760	CAB9502185.1
Sro130_g061770	CAB9502186.1
Sro130_g061780	CAB9502187.1
Sro130_g061790	CAB9502188.1
Sro130_g061800	CAB9502189.1
Sro130_g061810	CAB9502190.1
Sro130_g061820	CAB9502191.1
Sro130_g061830	CAB9502192.1
Sro130_g061840	CAB9502193.1
Sro130_g061850	CAB9502194.1
Sro130_g061860	CAB9502195.1
Sro130_g061870	CAB9502196.1
Sro130_g061880	CAB9502197.1
Sro130_g061881	CAB9502198.1
Sro130_g061890	CAB9502199.1
Sro130_g061900	CAB9502200.1
Sro130_g061910	CAB9502201.1
Sro130_g061920	CAB9502202.1
Sro130_g061930	CAB9502203.1
Sro130_g061931	CAB9502204.1
Sro130_g061940	CAB9502205.1
Sro130_g061950	CAB9502206.1
Sro130_g061960	CAB9502207.1
Sro130_g061970	CAB9502208.1
Sro130_g061980	CAB9502209.1
Sro130_g061990	CAB9502210.1
Sro130_g061991	CAB9502211.1
Sro130_g062000	CAB9502212.1
Sro130_g062010	CAB9502213.1
Sro130_g062020	CAB9502214.1
Sro130_g062030	CAB9502215.1
Sro130_g062040	CAB9502216.1
Sro130_g062050	CAB9502217.1
Sro130_g062060	CAB9502218.1
Sro130_g062070	CAB9502219.1
Sro130_g062080	CAB9502220.1
Sro130_g062090	CAB9502221.1
Sro130_g062100	CAB9502222.1
Sro130_g062110	CAB9502223.1
Sro130_g062120	CAB9502224.1
Sro130_g062130	CAB9502225.1
Sro130_g062140	CAB9502226.1
Sro131_g062150	CAB9502227.1
Sro131_g062160	CAB9502228.1
Sro131_g062170	CAB9502229.1
Sro131_g062180	CAB9502230.1
Sro131_g062181	CAB9502231.1
Sro131_g062190	CAB9502232.1
Sro131_g062200	CAB9502233.1
Sro131_g062210	CAB9502234.1
Sro131_g062220	CAB9502235.1
Sro131_g062230	CAB9502236.1
Sro131_g062240	CAB9502237.1
Sro131_g062250	CAB9502238.1
Sro131_g062260	CAB9502239.1
Sro131_g062270	CAB9502240.1
Sro131_g062280	CAB9502241.1
Sro131_g062290	CAB9502242.1
Sro131_g062310	CAB9502243.1
Sro131_g062320	CAB9502244.1
Sro131_g062330	CAB9502245.1
Sro131_g062331	CAB9502246.1
Sro131_g062340	CAB9502247.1
Sro131_g062350	CAB9502248.1
Sro131_g062360	CAB9502249.1
Sro131_g062370	CAB9502250.1
Sro132_g062380	CAB9502251.1
Sro132_g062390	CAB9502252.1
Sro132_g062400	CAB9502253.1
Sro132_g062410	CAB9502254.1
Sro132_g062420	CAB9502255.1
Sro132_g062430	CAB9502256.1
Sro132_g062440	CAB9502257.1
Sro132_g062450	CAB9502258.1
Sro132_g062460	CAB9502259.1
Sro132_g062470	CAB9502260.1
Sro132_g062480	CAB9502261.1
Sro132_g062490	CAB9502262.1
Sro132_g062491	CAB9502263.1
Sro132_g062500	CAB9502264.1
Sro132_g062510	CAB9502265.1
Sro132_g062511	CAB9502266.1
Sro132_g062520	CAB9502267.1
Sro132_g062530	CAB9502268.1
Sro132_g062540	CAB9502269.1
Sro132_g062550	CAB9502270.1
Sro132_g062560	CAB9502271.1
Sro132_g062570	CAB9502272.1
Sro132_g062580	CAB9502273.1
Sro132_g062590	CAB9502274.1
Sro132_g062600	CAB9502275.1
Sro132_g062610	CAB9502276.1
Sro132_g062620	CAB9502277.1
Sro132_g062630	CAB9502278.1
Sro132_g062640	CAB9502279.1
Sro132_g062650	CAB9502280.1
Sro132_g062660	CAB9502281.1
Sro132_g062670	CAB9502282.1
Sro132_g062680	CAB9502283.1
Sro132_g062690	CAB9502284.1
Sro132_g062700	CAB9502285.1
Sro132_g062710	CAB9502286.1
Sro132_g062720	CAB9502287.1
Sro132_g062730	CAB9502288.1
Sro132_g062740	CAB9502289.1
Sro132_g062750	CAB9502290.1
Sro132_g062760	CAB9502291.1
Sro132_g062770	CAB9502292.1
Sro132_g062780	CAB9502293.1
Sro132_g062790	CAB9502294.1
Sro132_g062800	CAB9502295.1
Sro132_g062810	CAB9502296.1
Sro133_g062820	CAB9502297.1
Sro133_g062830	CAB9502298.1
Sro133_g062840	CAB9502299.1
Sro133_g062850	CAB9502300.1
Sro133_g062860	CAB9502301.1
Sro133_g062870	CAB9502302.1
Sro133_g062880	CAB9502303.1
Sro133_g062890	CAB9502304.1
Sro133_g062900	CAB9502305.1
Sro133_g062910	CAB9502306.1
Sro133_g062920	CAB9502307.1
Sro133_g062930	CAB9502308.1
Sro133_g062940	CAB9502309.1
Sro133_g062950	CAB9502310.1
Sro133_g062960	CAB9502311.1
Sro133_g062970	CAB9502312.1
Sro133_g062980	CAB9502313.1
Sro133_g062990	CAB9502314.1
Sro133_g063000	CAB9502315.1
Sro133_g063010	CAB9502316.1
Sro133_g063020	CAB9502317.1
Sro133_g063030	CAB9502318.1
Sro133_g063040	CAB9502319.1
Sro133_g063050	CAB9502320.1
Sro133_g063060	CAB9502321.1
Sro133_g063070	CAB9502322.1
Sro133_g063080	CAB9502323.1
Sro133_g063090	CAB9502324.1
Sro133_g063100	CAB9502325.1
Sro133_g063110	CAB9502326.1
Sro133_g063120	CAB9502327.1
Sro133_g063130	CAB9502328.1
Sro133_g063140	CAB9502329.1
Sro133_g063150	CAB9502330.1
Sro133_g063160	CAB9502331.1
Sro133_g063170	CAB9502332.1
Sro133_g063180	CAB9502333.1
Sro133_g063190	CAB9502334.1
Sro133_g063200	CAB9502335.1
Sro133_g063210	CAB9502336.1
Sro133_g063220	CAB9502337.1
Sro133_g063230	CAB9502338.1
Sro133_g063240	CAB9502339.1
Sro134_g063250	CAB9502340.1
Sro134_g063260	CAB9502341.1
Sro134_g063270	CAB9502342.1
Sro134_g063280	CAB9502343.1
Sro134_g063290	CAB9502344.1
Sro134_g063300	CAB9502345.1
Sro134_g063310	CAB9502346.1
Sro134_g063320	CAB9502347.1
Sro134_g063330	CAB9502348.1
Sro134_g063340	CAB9502349.1
Sro134_g063350	CAB9502350.1
Sro134_g063360	CAB9502351.1
Sro134_g063370	CAB9502352.1
Sro134_g063380	CAB9502353.1
Sro134_g063390	CAB9502354.1
Sro134_g063400	CAB9502355.1
Sro134_g063410	CAB9502356.1
Sro134_g063420	CAB9502357.1
Sro134_g063430	CAB9502358.1
Sro134_g063440	CAB9502359.1
Sro134_g063450	CAB9502360.1
Sro134_g063460	CAB9502361.1
Sro134_g063470	CAB9502362.1
Sro134_g063480	CAB9502363.1
Sro134_g063490	CAB9502364.1
Sro134_g063500	CAB9502365.1
Sro134_g063501	CAB9502366.1
Sro134_g063510	CAB9502367.1
Sro134_g063520	CAB9502368.1
Sro134_g063530	CAB9502369.1
Sro134_g063540	CAB9502370.1
Sro134_g063550	CAB9502371.1
Sro134_g063560	CAB9502372.1
Sro134_g063570	CAB9502373.1
Sro134_g063580	CAB9502374.1
Sro134_g063590	CAB9502375.1
Sro134_g063600	CAB9502376.1
Sro134_g063610	CAB9502377.1
Sro134_g063620	CAB9502378.1
Sro134_g063630	CAB9502379.1
Sro135_g063640	CAB9502380.1
Sro135_g063650	CAB9502381.1
Sro135_g063660	CAB9502382.1
Sro135_g063670	CAB9502383.1
Sro135_g063680	CAB9502384.1
Sro135_g063690	CAB9502385.1
Sro135_g063700	CAB9502386.1
Sro135_g063710	CAB9502387.1
Sro135_g063720	CAB9502388.1
Sro135_g063730	CAB9502389.1
Sro135_g063740	CAB9502390.1
Sro135_g063750	CAB9502391.1
Sro135_g063760	CAB9502392.1
Sro135_g063770	CAB9502393.1
Sro135_g063780	CAB9502394.1
Sro135_g063790	CAB9502395.1
Sro135_g063800	CAB9502396.1
Sro135_g063810	CAB9502397.1
Sro135_g063820	CAB9502398.1
Sro135_g063830	CAB9502399.1
Sro135_g063840	CAB9502400.1
Sro135_g063850	CAB9502401.1
Sro135_g063860	CAB9502402.1
Sro135_g063861	CAB9502403.1
Sro135_g063870	CAB9502404.1
Sro135_g063880	CAB9502405.1
Sro135_g063881	CAB9502406.1
Sro135_g063882	CAB9502407.1
Sro135_g063890	CAB9502408.1
Sro135_g063900	CAB9502409.1
Sro136_g063910	CAB9502410.1
Sro136_g063920	CAB9502411.1
Sro136_g063930	CAB9502412.1
Sro136_g063940	CAB9502413.1
Sro136_g063950	CAB9502414.1
Sro136_g063960	CAB9502415.1
Sro136_g063970	CAB9502416.1
Sro136_g063980	CAB9502417.1
Sro136_g063990	CAB9502418.1
Sro136_g064000	CAB9502419.1
Sro136_g064001	CAB9502420.1
Sro136_g064010	CAB9502421.1
Sro136_g064020	CAB9502422.1
Sro136_g064030	CAB9502423.1
Sro136_g064040	CAB9502424.1
Sro136_g064050	CAB9502425.1
Sro136_g064051	CAB9502426.1
Sro136_g064060	CAB9502427.1
Sro136_g064070	CAB9502428.1
Sro136_g064080	CAB9502429.1
Sro136_g064090	CAB9502430.1
Sro136_g064100	CAB9502431.1
Sro136_g064110	CAB9502432.1
Sro136_g064120	CAB9502433.1
Sro136_g064130	CAB9502434.1
Sro136_g064140	CAB9502435.1
Sro136_g064150	CAB9502436.1
Sro136_g064160	CAB9502437.1
Sro136_g064170	CAB9502438.1
Sro136_g064180	CAB9502439.1
Sro136_g064190	CAB9502440.1
Sro136_g064200	CAB9502441.1
Sro136_g064210	CAB9502442.1
Sro136_g064220	CAB9502443.1
Sro136_g064230	CAB9502444.1
Sro136_g064240	CAB9502445.1
Sro136_g064250	CAB9502446.1
Sro136_g064260	CAB9502447.1
Sro136_g064270	CAB9502448.1
Sro137_g064280	CAB9502449.1
Sro137_g064290	CAB9502450.1
Sro137_g064300	CAB9502451.1
Sro137_g064310	CAB9502452.1
Sro137_g064320	CAB9502453.1
Sro137_g064330	CAB9502454.1
Sro137_g064340	CAB9502455.1
Sro137_g064350	CAB9502456.1
Sro137_g064360	CAB9502457.1
Sro137_g064361	CAB9502458.1
Sro137_g064362	CAB9502459.1
Sro137_g064370	CAB9502460.1
Sro137_g064380	CAB9502461.1
Sro137_g064390	CAB9502462.1
Sro137_g064400	CAB9502463.1
Sro137_g064410	CAB9502464.1
Sro137_g064420	CAB9502465.1
Sro137_g064430	CAB9502466.1
Sro137_g064440	CAB9502467.1
Sro137_g064450	CAB9502468.1
Sro137_g064460	CAB9502469.1
Sro137_g064470	CAB9502470.1
Sro137_g064480	CAB9502471.1
Sro137_g064490	CAB9502472.1
Sro137_g064500	CAB9502473.1
Sro137_g064510	CAB9502474.1
Sro137_g064520	CAB9502475.1
Sro137_g064530	CAB9502476.1
Sro137_g064540	CAB9502477.1
Sro137_g064550	CAB9502478.1
Sro137_g064560	CAB9502479.1
Sro137_g064570	CAB9502480.1
Sro137_g064580	CAB9502481.1
Sro138_g064590	CAB9502482.1
Sro138_g064600	CAB9502483.1
Sro138_g064610	CAB9502484.1
Sro138_g064620	CAB9502485.1
Sro138_g064630	CAB9502486.1
Sro138_g064640	CAB9502487.1
Sro138_g064650	CAB9502488.1
Sro138_g064660	CAB9502489.1
Sro138_g064670	CAB9502490.1
Sro138_g064680	CAB9502491.1
Sro138_g064690	CAB9502492.1
Sro138_g064691	CAB9502493.1
Sro138_g064700	CAB9502494.1
Sro138_g064710	CAB9502495.1
Sro138_g064720	CAB9502496.1
Sro138_g064730	CAB9502497.1
Sro138_g064740	CAB9502498.1
Sro138_g064750	CAB9502499.1
Sro138_g064760	CAB9502500.1
Sro138_g064770	CAB9502501.1
Sro138_g064780	CAB9502502.1
Sro138_g064790	CAB9502503.1
Sro138_g064800	CAB9502504.1
Sro138_g064810	CAB9502505.1
Sro138_g064820	CAB9502506.1
Sro138_g064830	CAB9502507.1
Sro138_g064840	CAB9502508.1
Sro138_g064850	CAB9502509.1
Sro138_g064860	CAB9502510.1
Sro138_g064870	CAB9502511.1
Sro138_g064880	CAB9502512.1
Sro138_g064890	CAB9502513.1
Sro138_g064900	CAB9502514.1
Sro138_g064901	CAB9502515.1
Sro139_g064910	CAB9502516.1
Sro139_g064920	CAB9502517.1
Sro139_g064930	CAB9502518.1
Sro139_g064940	CAB9502519.1
Sro139_g064950	CAB9502520.1
Sro139_g064960	CAB9502521.1
Sro139_g064970	CAB9502522.1
Sro139_g064980	CAB9502523.1
Sro139_g064990	CAB9502524.1
Sro139_g065000	CAB9502525.1
Sro139_g065010	CAB9502526.1
Sro139_g065020	CAB9502527.1
Sro139_g065030	CAB9502528.1
Sro139_g065040	CAB9502529.1
Sro139_g065050	CAB9502530.1
Sro139_g065060	CAB9502531.1
Sro139_g065070	CAB9502532.1
Sro139_g065080	CAB9502533.1
Sro139_g065090	CAB9502534.1
Sro139_g065100	CAB9502535.1
Sro139_g065110	CAB9502536.1
Sro139_g065120	CAB9502537.1
Sro139_g065130	CAB9502538.1
Sro139_g065140	CAB9502539.1
Sro139_g065150	CAB9502540.1
Sro139_g065160	CAB9502541.1
Sro139_g065170	CAB9502542.1
Sro139_g065180	CAB9502543.1
Sro139_g065190	CAB9502544.1
Sro139_g065200	CAB9502545.1
Sro139_g065210	CAB9502546.1
Sro139_g065220	CAB9502547.1
Sro139_g065230	CAB9502548.1
Sro139_g065240	CAB9502549.1
Sro139_g065250	CAB9502550.1
Sro139_g065260	CAB9502551.1
Sro139_g065270	CAB9502552.1
Sro139_g065280	CAB9502553.1
Sro139_g065290	CAB9502554.1
Sro13_g009660	CAB9497008.1
Sro13_g009670	CAB9497009.1
Sro13_g009680	CAB9497010.1
Sro13_g009690	CAB9497011.1
Sro13_g009700	CAB9497012.1
Sro13_g009710	CAB9497013.1
Sro13_g009720	CAB9497014.1
Sro13_g009730	CAB9497015.1
Sro13_g009740	CAB9497016.1
Sro13_g009750	CAB9497017.1
Sro13_g009760	CAB9497018.1
Sro13_g009770	CAB9497019.1
Sro13_g009780	CAB9497020.1
Sro13_g009790	CAB9497021.1
Sro13_g009800	CAB9497022.1
Sro13_g009810	CAB9497023.1
Sro13_g009820	CAB9497024.1
Sro13_g009830	CAB9497025.1
Sro13_g009840	CAB9497026.1
Sro13_g009850	CAB9497027.1
Sro13_g009860	CAB9497028.1
Sro13_g009870	CAB9497029.1
Sro13_g009880	CAB9497030.1
Sro13_g009890	CAB9497031.1
Sro13_g009900	CAB9497032.1
Sro13_g009910	CAB9497033.1
Sro13_g009920	CAB9497034.1
Sro13_g009930	CAB9497035.1
Sro13_g009940	CAB9497036.1
Sro13_g009950	CAB9497037.1
Sro13_g009951	CAB9497038.1
Sro13_g009960	CAB9497039.1
Sro13_g009970	CAB9497040.1
Sro13_g009980	CAB9497041.1
Sro13_g009990	CAB9497042.1
Sro13_g009991	CAB9497043.1
Sro13_g010000	CAB9497044.1
Sro13_g010010	CAB9497045.1
Sro13_g010011	CAB9497046.1
Sro13_g010020	CAB9497047.1
Sro13_g010030	CAB9497048.1
Sro13_g010040	CAB9497049.1
Sro13_g010050	CAB9497050.1
Sro13_g010060	CAB9497051.1
Sro13_g010070	CAB9497052.1
Sro13_g010080	CAB9497053.1
Sro13_g010090	CAB9497054.1
Sro13_g010100	CAB9497055.1
Sro13_g010110	CAB9497056.1
Sro13_g010120	CAB9497057.1
Sro13_g010130	CAB9497058.1
Sro13_g010140	CAB9497059.1
Sro13_g010150	CAB9497060.1
Sro13_g010160	CAB9497061.1
Sro13_g010170	CAB9497062.1
Sro13_g010180	CAB9497063.1
Sro13_g010190	CAB9497064.1
Sro13_g010200	CAB9497065.1
Sro13_g010210	CAB9497066.1
Sro13_g010220	CAB9497067.1
Sro13_g010230	CAB9497068.1
Sro13_g010240	CAB9497069.1
Sro13_g010250	CAB9497070.1
Sro13_g010260	CAB9497071.1
Sro13_g010270	CAB9497072.1
Sro13_g010280	CAB9497073.1
Sro13_g010290	CAB9497074.1
Sro13_g010300	CAB9497075.1
Sro13_g010310	CAB9497076.1
Sro13_g010320	CAB9497077.1
Sro13_g010330	CAB9497078.1
Sro13_g010340	CAB9497079.1
Sro13_g010350	CAB9497080.1
Sro13_g010360	CAB9497081.1
Sro13_g010370	CAB9497082.1
Sro13_g010380	CAB9497083.1
Sro140_g065300	CAB9502555.1
Sro140_g065310	CAB9502556.1
Sro140_g065320	CAB9502557.1
Sro140_g065330	CAB9502558.1
Sro140_g065340	CAB9502559.1
Sro140_g065350	CAB9502560.1
Sro140_g065360	CAB9502561.1
Sro140_g065370	CAB9502562.1
Sro140_g065380	CAB9502563.1
Sro140_g065390	CAB9502564.1
Sro140_g065400	CAB9502565.1
Sro140_g065401	CAB9502566.1
Sro140_g065410	CAB9502567.1
Sro140_g065420	CAB9502568.1
Sro140_g065430	CAB9502569.1
Sro140_g065440	CAB9502570.1
Sro140_g065450	CAB9502571.1
Sro140_g065460	CAB9502572.1
Sro140_g065470	CAB9502573.1
Sro140_g065480	CAB9502574.1
Sro140_g065490	CAB9502575.1
Sro140_g065500	CAB9502576.1
Sro140_g065510	CAB9502577.1
Sro140_g065520	CAB9502578.1
Sro140_g065530	CAB9502579.1
Sro140_g065540	CAB9502580.1
Sro140_g065550	CAB9502581.1
Sro140_g065560	CAB9502582.1
Sro140_g065570	CAB9502583.1
Sro140_g065580	CAB9502584.1
Sro140_g065590	CAB9502585.1
Sro140_g065600	CAB9502586.1
Sro140_g065610	CAB9502587.1
Sro140_g065620	CAB9502588.1
Sro140_g065630	CAB9502589.1
Sro140_g065640	CAB9502590.1
Sro140_g065650	CAB9502591.1
Sro141_g065660	CAB9502592.1
Sro141_g065690	CAB9502593.1
Sro141_g065700	CAB9502594.1
Sro141_g065710	CAB9502595.1
Sro141_g065720	CAB9502596.1
Sro141_g065730	CAB9502597.1
Sro141_g065740	CAB9502598.1
Sro141_g065750	CAB9502599.1
Sro141_g065760	CAB9502600.1
Sro141_g065770	CAB9502601.1
Sro141_g065780	CAB9502602.1
Sro141_g065790	CAB9502603.1
Sro141_g065800	CAB9502604.1
Sro141_g065810	CAB9502605.1
Sro141_g065820	CAB9502606.1
Sro141_g065830	CAB9502607.1
Sro141_g065840	CAB9502608.1
Sro141_g065860	CAB9502609.1
Sro141_g065870	CAB9502610.1
Sro141_g065880	CAB9502611.1
Sro141_g065890	CAB9502612.1
Sro141_g065900	CAB9502613.1
Sro141_g065910	CAB9502614.1
Sro141_g065920	CAB9502615.1
Sro141_g065930	CAB9502616.1
Sro141_g065940	CAB9502617.1
Sro141_g065950	CAB9502618.1
Sro141_g065960	CAB9502619.1
Sro141_g065970	CAB9502620.1
Sro141_g065980	CAB9502621.1
Sro141_g065990	CAB9502622.1
Sro141_g066000	CAB9502623.1
Sro141_g066010	CAB9502624.1
Sro142_g066020	CAB9502625.1
Sro142_g066030	CAB9502626.1
Sro142_g066040	CAB9502627.1
Sro142_g066050	CAB9502628.1
Sro142_g066060	CAB9502629.1
Sro142_g066070	CAB9502630.1
Sro142_g066080	CAB9502631.1
Sro142_g066090	CAB9502632.1
Sro142_g066100	CAB9502633.1
Sro142_g066110	CAB9502634.1
Sro142_g066120	CAB9502635.1
Sro142_g066130	CAB9502636.1
Sro142_g066140	CAB9502637.1
Sro142_g066150	CAB9502638.1
Sro142_g066160	CAB9502639.1
Sro142_g066170	CAB9502640.1
Sro142_g066180	CAB9502641.1
Sro142_g066190	CAB9502642.1
Sro142_g066200	CAB9502643.1
Sro142_g066210	CAB9502644.1
Sro142_g066220	CAB9502645.1
Sro142_g066230	CAB9502646.1
Sro142_g066240	CAB9502647.1
Sro142_g066250	CAB9502648.1
Sro142_g066260	CAB9502649.1
Sro142_g066270	CAB9502650.1
Sro142_g066280	CAB9502651.1
Sro142_g066290	CAB9502652.1
Sro142_g066300	CAB9502653.1
Sro142_g066310	CAB9502654.1
Sro142_g066311	CAB9502655.1
Sro142_g066320	CAB9502656.1
Sro142_g066330	CAB9502657.1
Sro142_g066340	CAB9502658.1
Sro142_g066350	CAB9502659.1
Sro142_g066360	CAB9502660.1
Sro142_g066370	CAB9502661.1
Sro142_g066380	CAB9502662.1
Sro142_g066390	CAB9502663.1
Sro142_g066400	CAB9502664.1
Sro142_g066410	CAB9502665.1
Sro142_g066420	CAB9502666.1
Sro142_g066430	CAB9502667.1
Sro142_g066440	CAB9502668.1
Sro142_g066450	CAB9502669.1
Sro143_g066460	CAB9502671.1
Sro143_g066470	CAB9502672.1
Sro143_g066480	CAB9502673.1
Sro143_g066490	CAB9502674.1
Sro143_g066500	CAB9502675.1
Sro143_g066510	CAB9502676.1
Sro143_g066511	CAB9502677.1
Sro143_g066520	CAB9502678.1
Sro143_g066530	CAB9502679.1
Sro143_g066540	CAB9502680.1
Sro143_g066550	CAB9502681.1
Sro143_g066560	CAB9502682.1
Sro143_g066570	CAB9502683.1
Sro143_g066580	CAB9502684.1
Sro143_g066590	CAB9502685.1
Sro143_g066600	CAB9502686.1
Sro143_g066610	CAB9502687.1
Sro143_g066620	CAB9502688.1
Sro143_g066630	CAB9502689.1
Sro143_g066640	CAB9502690.1
Sro143_g066650	CAB9502691.1
Sro143_g066660	CAB9502692.1
Sro143_g066670	CAB9502693.1
Sro143_g066680	CAB9502694.1
Sro143_g066690	CAB9502695.1
Sro143_g066700	CAB9502696.1
Sro143_g066710	CAB9502697.1
Sro143_g066720	CAB9502698.1
Sro143_g066730	CAB9502699.1
Sro143_g066740	CAB9502700.1
Sro143_g066750	CAB9502701.1
Sro143_g066760	CAB9502702.1
Sro143_g066770	CAB9502703.1
Sro143_g066780	CAB9502704.1
Sro143_g066790	CAB9502705.1
Sro143_g066800	CAB9502706.1
Sro143_g066810	CAB9502707.1
Sro143_g066820	CAB9502708.1
Sro143_g271901	CAB9502670.1
Sro144_g066830	CAB9502709.1
Sro144_g066840	CAB9502710.1
Sro144_g066850	CAB9502711.1
Sro144_g066860	CAB9502712.1
Sro144_g066870	CAB9502713.1
Sro144_g066880	CAB9502714.1
Sro144_g066890	CAB9502715.1
Sro144_g066900	CAB9502716.1
Sro144_g066910	CAB9502717.1
Sro144_g066920	CAB9502718.1
Sro144_g066930	CAB9502719.1
Sro144_g066940	CAB9502720.1
Sro144_g066950	CAB9502721.1
Sro144_g066960	CAB9502722.1
Sro144_g066970	CAB9502723.1
Sro144_g066980	CAB9502724.1
Sro144_g066990	CAB9502725.1
Sro144_g067000	CAB9502726.1
Sro144_g067010	CAB9502727.1
Sro144_g067020	CAB9502728.1
Sro144_g067030	CAB9502729.1
Sro144_g067040	CAB9502730.1
Sro144_g067050	CAB9502731.1
Sro144_g067060	CAB9502732.1
Sro144_g067070	CAB9502733.1
Sro144_g067080	CAB9502734.1
Sro144_g067090	CAB9502735.1
Sro144_g067100	CAB9502736.1
Sro144_g067110	CAB9502737.1
Sro144_g067120	CAB9502738.1
Sro144_g067130	CAB9502739.1
Sro144_g067140	CAB9502740.1
Sro144_g067150	CAB9502741.1
Sro144_g067151	CAB9502742.1
Sro145_g067160	CAB9502743.1
Sro145_g067170	CAB9502744.1
Sro145_g067180	CAB9502745.1
Sro145_g067190	CAB9502746.1
Sro145_g067200	CAB9502747.1
Sro145_g067210	CAB9502748.1
Sro145_g067220	CAB9502749.1
Sro145_g067230	CAB9502750.1
Sro145_g067240	CAB9502751.1
Sro145_g067250	CAB9502752.1
Sro145_g067260	CAB9502753.1
Sro145_g067270	CAB9502754.1
Sro145_g067280	CAB9502755.1
Sro145_g067290	CAB9502756.1
Sro145_g067300	CAB9502757.1
Sro145_g067310	CAB9502758.1
Sro145_g067320	CAB9502759.1
Sro145_g067330	CAB9502760.1
Sro145_g067340	CAB9502761.1
Sro145_g067350	CAB9502762.1
Sro145_g067360	CAB9502763.1
Sro145_g067370	CAB9502764.1
Sro145_g067371	CAB9502765.1
Sro145_g067380	CAB9502766.1
Sro145_g067390	CAB9502767.1
Sro145_g067400	CAB9502768.1
Sro145_g067410	CAB9502769.1
Sro145_g067411	CAB9502770.1
Sro146_g067420	CAB9502771.1
Sro146_g067430	CAB9502772.1
Sro146_g067440	CAB9502773.1
Sro146_g067450	CAB9502774.1
Sro146_g067460	CAB9502775.1
Sro146_g067470	CAB9502776.1
Sro146_g067480	CAB9502777.1
Sro146_g067490	CAB9502778.1
Sro146_g067500	CAB9502779.1
Sro146_g067510	CAB9502780.1
Sro146_g067520	CAB9502781.1
Sro146_g067530	CAB9502782.1
Sro146_g067540	CAB9502783.1
Sro146_g067550	CAB9502784.1
Sro146_g067560	CAB9502785.1
Sro146_g067570	CAB9502786.1
Sro146_g067580	CAB9502787.1
Sro146_g067590	CAB9502788.1
Sro146_g067600	CAB9502789.1
Sro146_g067610	CAB9502790.1
Sro146_g067620	CAB9502791.1
Sro146_g067630	CAB9502792.1
Sro146_g067640	CAB9502793.1
Sro146_g067650	CAB9502794.1
Sro146_g067660	CAB9502795.1
Sro146_g067661	CAB9502796.1
Sro146_g067670	CAB9502797.1
Sro146_g067680	CAB9502798.1
Sro146_g067690	CAB9502799.1
Sro146_g067700	CAB9502800.1
Sro146_g067710	CAB9502801.1
Sro146_g067720	CAB9502802.1
Sro147_g067730	CAB9502803.1
Sro147_g067740	CAB9502804.1
Sro147_g067750	CAB9502805.1
Sro147_g067751	CAB9502806.1
Sro147_g067760	CAB9502807.1
Sro147_g067770	CAB9502808.1
Sro147_g067780	CAB9502809.1
Sro147_g067790	CAB9502810.1
Sro147_g067800	CAB9502811.1
Sro147_g067810	CAB9502812.1
Sro147_g067820	CAB9502813.1
Sro147_g067830	CAB9502814.1
Sro147_g067840	CAB9502815.1
Sro147_g067850	CAB9502816.1
Sro147_g067860	CAB9502817.1
Sro147_g067870	CAB9502818.1
Sro147_g067880	CAB9502819.1
Sro147_g067890	CAB9502820.1
Sro147_g067900	CAB9502821.1
Sro147_g067910	CAB9502822.1
Sro147_g067920	CAB9502823.1
Sro147_g067930	CAB9502824.1
Sro147_g067940	CAB9502825.1
Sro147_g067950	CAB9502826.1
Sro147_g067960	CAB9502827.1
Sro147_g067970	CAB9502828.1
Sro147_g067980	CAB9502829.1
Sro147_g067990	CAB9502830.1
Sro147_g068000	CAB9502831.1
Sro147_g068010	CAB9502832.1
Sro147_g068020	CAB9502833.1
Sro148_g068030	CAB9502834.1
Sro148_g068040	CAB9502835.1
Sro148_g068050	CAB9502836.1
Sro148_g068060	CAB9502837.1
Sro148_g068070	CAB9502838.1
Sro148_g068080	CAB9502839.1
Sro148_g068090	CAB9502840.1
Sro148_g068100	CAB9502841.1
Sro148_g068110	CAB9502842.1
Sro148_g068120	CAB9502843.1
Sro148_g068130	CAB9502844.1
Sro148_g068140	CAB9502845.1
Sro148_g068150	CAB9502846.1
Sro148_g068160	CAB9502847.1
Sro148_g068170	CAB9502848.1
Sro148_g068180	CAB9502849.1
Sro148_g068190	CAB9502850.1
Sro148_g068200	CAB9502851.1
Sro148_g068210	CAB9502852.1
Sro148_g068220	CAB9502853.1
Sro148_g068230	CAB9502854.1
Sro148_g068240	CAB9502855.1
Sro148_g068250	CAB9502856.1
Sro148_g068260	CAB9502857.1
Sro148_g068270	CAB9502858.1
Sro148_g068280	CAB9502859.1
Sro148_g068290	CAB9502860.1
Sro149_g068300	CAB9502861.1
Sro149_g068310	CAB9502862.1
Sro149_g068320	CAB9502863.1
Sro149_g068330	CAB9502864.1
Sro149_g068340	CAB9502865.1
Sro149_g068350	CAB9502866.1
Sro149_g068360	CAB9502867.1
Sro149_g068370	CAB9502868.1
Sro149_g068380	CAB9502869.1
Sro149_g068390	CAB9502870.1
Sro149_g068400	CAB9502871.1
Sro149_g068410	CAB9502872.1
Sro149_g068420	CAB9502873.1
Sro149_g068430	CAB9502874.1
Sro149_g068440	CAB9502875.1
Sro149_g068450	CAB9502876.1
Sro149_g068460	CAB9502877.1
Sro149_g068470	CAB9502878.1
Sro149_g068480	CAB9502879.1
Sro149_g068490	CAB9502880.1
Sro149_g068500	CAB9502881.1
Sro149_g068510	CAB9502882.1
Sro149_g068520	CAB9502883.1
Sro149_g068530	CAB9502884.1
Sro149_g068540	CAB9502885.1
Sro149_g068550	CAB9502886.1
Sro149_g068560	CAB9502887.1
Sro149_g068570	CAB9502888.1
Sro149_g068580	CAB9502889.1
Sro149_g068590	CAB9502890.1
Sro149_g068600	CAB9502891.1
Sro149_g068610	CAB9502892.1
Sro149_g068620	CAB9502893.1
Sro149_g068630	CAB9502894.1
Sro149_g068640	CAB9502895.1
Sro149_g068650	CAB9502896.1
Sro149_g068660	CAB9502897.1
Sro149_g068670	CAB9502898.1
Sro149_g068680	CAB9502899.1
Sro149_g068690	CAB9502900.1
Sro149_g068700	CAB9502901.1
Sro149_g068710	CAB9502902.1
Sro14_g010390	CAB9497084.1
Sro14_g010400	CAB9497085.1
Sro14_g010410	CAB9497086.1
Sro14_g010420	CAB9497087.1
Sro14_g010430	CAB9497088.1
Sro14_g010440	CAB9497089.1
Sro14_g010450	CAB9497090.1
Sro14_g010460	CAB9497091.1
Sro14_g010470	CAB9497092.1
Sro14_g010480	CAB9497093.1
Sro14_g010490	CAB9497094.1
Sro14_g010500	CAB9497095.1
Sro14_g010510	CAB9497096.1
Sro14_g010511	CAB9497097.1
Sro14_g010520	CAB9497098.1
Sro14_g010530	CAB9497099.1
Sro14_g010540	CAB9497100.1
Sro14_g010550	CAB9497101.1
Sro14_g010560	CAB9497102.1
Sro14_g010570	CAB9497103.1
Sro14_g010580	CAB9497104.1
Sro14_g010590	CAB9497105.1
Sro14_g010600	CAB9497106.1
Sro14_g010610	CAB9497107.1
Sro14_g010620	CAB9497108.1
Sro14_g010630	CAB9497109.1
Sro14_g010640	CAB9497110.1
Sro14_g010650	CAB9497111.1
Sro14_g010660	CAB9497112.1
Sro14_g010670	CAB9497113.1
Sro14_g010680	CAB9497114.1
Sro14_g010690	CAB9497115.1
Sro14_g010700	CAB9497116.1
Sro14_g010710	CAB9497117.1
Sro14_g010720	CAB9497118.1
Sro14_g010730	CAB9497119.1
Sro14_g010740	CAB9497120.1
Sro14_g010750	CAB9497121.1
Sro14_g010760	CAB9497122.1
Sro14_g010770	CAB9497123.1
Sro14_g010780	CAB9497124.1
Sro14_g010790	CAB9497125.1
Sro14_g010800	CAB9497126.1
Sro14_g010810	CAB9497127.1
Sro150_g068720	CAB9502903.1
Sro150_g068730	CAB9502904.1
Sro150_g068740	CAB9502905.1
Sro150_g068750	CAB9502906.1
Sro150_g068760	CAB9502907.1
Sro150_g068770	CAB9502908.1
Sro150_g068780	CAB9502909.1
Sro150_g068790	CAB9502910.1
Sro150_g068800	CAB9502911.1
Sro150_g068810	CAB9502912.1
Sro150_g068820	CAB9502913.1
Sro150_g068830	CAB9502914.1
Sro150_g068840	CAB9502915.1
Sro150_g068850	CAB9502916.1
Sro150_g068860	CAB9502917.1
Sro150_g068870	CAB9502918.1
Sro150_g068880	CAB9502919.1
Sro150_g068890	CAB9502920.1
Sro150_g068900	CAB9502921.1
Sro150_g068910	CAB9502922.1
Sro150_g068920	CAB9502923.1
Sro150_g068930	CAB9502924.1
Sro150_g068940	CAB9502925.1
Sro150_g068950	CAB9502926.1
Sro150_g068960	CAB9502927.1
Sro150_g068970	CAB9502928.1
Sro150_g068980	CAB9502929.1
Sro150_g068990	CAB9502930.1
Sro150_g069000	CAB9502931.1
Sro150_g069010	CAB9502932.1
Sro151_g069020	CAB9502933.1
Sro151_g069030	CAB9502934.1
Sro151_g069040	CAB9502935.1
Sro151_g069050	CAB9502936.1
Sro151_g069060	CAB9502937.1
Sro151_g069070	CAB9502938.1
Sro151_g069080	CAB9502939.1
Sro151_g069090	CAB9502940.1
Sro151_g069100	CAB9502941.1
Sro151_g069110	CAB9502942.1
Sro151_g069120	CAB9502943.1
Sro151_g069130	CAB9502944.1
Sro151_g069140	CAB9502945.1
Sro151_g069150	CAB9502946.1
Sro151_g069160	CAB9502947.1
Sro151_g069170	CAB9502948.1
Sro151_g069180	CAB9502949.1
Sro151_g069190	CAB9502950.1
Sro151_g069200	CAB9502951.1
Sro151_g069210	CAB9502952.1
Sro151_g069220	CAB9502953.1
Sro151_g069230	CAB9502954.1
Sro151_g069240	CAB9502955.1
Sro151_g069250	CAB9502956.1
Sro151_g069260	CAB9502957.1
Sro151_g069270	CAB9502958.1
Sro151_g069280	CAB9502959.1
Sro151_g069290	CAB9502960.1
Sro151_g069300	CAB9502961.1
Sro151_g069310	CAB9502962.1
Sro151_g069320	CAB9502963.1
Sro151_g069330	CAB9502964.1
Sro152_g069340	CAB9502965.1
Sro152_g069350	CAB9502966.1
Sro152_g069360	CAB9502967.1
Sro152_g069370	CAB9502968.1
Sro152_g069380	CAB9502969.1
Sro152_g069390	CAB9502970.1
Sro152_g069400	CAB9502971.1
Sro152_g069410	CAB9502972.1
Sro152_g069420	CAB9502973.1
Sro152_g069430	CAB9502974.1
Sro152_g069440	CAB9502975.1
Sro152_g069450	CAB9502976.1
Sro152_g069460	CAB9502977.1
Sro152_g069470	CAB9502978.1
Sro152_g069480	CAB9502979.1
Sro152_g069490	CAB9502980.1
Sro152_g069500	CAB9502981.1
Sro152_g069510	CAB9502982.1
Sro152_g069520	CAB9502983.1
Sro152_g069530	CAB9502984.1
Sro152_g069540	CAB9502985.1
Sro152_g069550	CAB9502986.1
Sro152_g069560	CAB9502987.1
Sro152_g069570	CAB9502988.1
Sro152_g069580	CAB9502989.1
Sro152_g069590	CAB9502990.1
Sro152_g069600	CAB9502991.1
Sro153_g069610	CAB9502992.1
Sro153_g069620	CAB9502993.1
Sro153_g069630	CAB9502994.1
Sro153_g069640	CAB9502995.1
Sro153_g069650	CAB9502996.1
Sro153_g069660	CAB9502997.1
Sro153_g069670	CAB9502998.1
Sro153_g069680	CAB9502999.1
Sro153_g069690	CAB9503000.1
Sro153_g069700	CAB9503001.1
Sro153_g069710	CAB9503002.1
Sro153_g069720	CAB9503003.1
Sro153_g069730	CAB9503004.1
Sro153_g069740	CAB9503005.1
Sro153_g069750	CAB9503006.1
Sro153_g069760	CAB9503007.1
Sro153_g069770	CAB9503008.1
Sro153_g069780	CAB9503009.1
Sro153_g069790	CAB9503010.1
Sro153_g069800	CAB9503011.1
Sro153_g069810	CAB9503012.1
Sro153_g069820	CAB9503013.1
Sro153_g069830	CAB9503014.1
Sro153_g069840	CAB9503015.1
Sro154_g069850	CAB9503016.1
Sro154_g069860	CAB9503017.1
Sro154_g069870	CAB9503018.1
Sro154_g069880	CAB9503019.1
Sro154_g069890	CAB9503020.1
Sro154_g069900	CAB9503021.1
Sro154_g069910	CAB9503022.1
Sro154_g069920	CAB9503023.1
Sro154_g069930	CAB9503024.1
Sro154_g069940	CAB9503025.1
Sro154_g069950	CAB9503026.1
Sro154_g069960	CAB9503027.1
Sro154_g069970	CAB9503028.1
Sro154_g069980	CAB9503029.1
Sro154_g069990	CAB9503030.1
Sro154_g070000	CAB9503031.1
Sro154_g070010	CAB9503032.1
Sro154_g070020	CAB9503033.1
Sro154_g070030	CAB9503034.1
Sro154_g070040	CAB9503035.1
Sro154_g070050	CAB9503036.1
Sro154_g070060	CAB9503037.1
Sro154_g070070	CAB9503038.1
Sro154_g070080	CAB9503039.1
Sro154_g070090	CAB9503040.1
Sro154_g070100	CAB9503041.1
Sro154_g070110	CAB9503042.1
Sro154_g070120	CAB9503043.1
Sro154_g070130	CAB9503044.1
Sro154_g070140	CAB9503045.1
Sro154_g070150	CAB9503046.1
Sro154_g070160	CAB9503047.1
Sro154_g070170	CAB9503048.1
Sro154_g070180	CAB9503049.1
Sro154_g070190	CAB9503050.1
Sro154_g070200	CAB9503051.1
Sro154_g070210	CAB9503052.1
Sro154_g070220	CAB9503053.1
Sro154_g070230	CAB9503054.1
Sro154_g070240	CAB9503055.1
Sro154_g070250	CAB9503056.1
Sro154_g070260	CAB9503057.1
Sro154_g070270	CAB9503058.1
Sro155_g070280	CAB9503059.1
Sro155_g070290	CAB9503060.1
Sro155_g070300	CAB9503061.1
Sro155_g070310	CAB9503062.1
Sro155_g070320	CAB9503063.1
Sro155_g070330	CAB9503064.1
Sro155_g070340	CAB9503065.1
Sro155_g070350	CAB9503066.1
Sro155_g070360	CAB9503067.1
Sro155_g070370	CAB9503068.1
Sro155_g070380	CAB9503069.1
Sro155_g070390	CAB9503070.1
Sro155_g070400	CAB9503071.1
Sro155_g070410	CAB9503072.1
Sro155_g070420	CAB9503073.1
Sro155_g070430	CAB9503074.1
Sro155_g070440	CAB9503075.1
Sro155_g070450	CAB9503076.1
Sro155_g070460	CAB9503077.1
Sro155_g070470	CAB9503078.1
Sro155_g070480	CAB9503079.1
Sro155_g070490	CAB9503080.1
Sro155_g070500	CAB9503081.1
Sro155_g070510	CAB9503082.1
Sro155_g070520	CAB9503083.1
Sro155_g070530	CAB9503084.1
Sro155_g070540	CAB9503085.1
Sro155_g070550	CAB9503086.1
Sro155_g070560	CAB9503087.1
Sro155_g070570	CAB9503088.1
Sro155_g070580	CAB9503089.1
Sro155_g070590	CAB9503090.1
Sro156_g070600	CAB9503091.1
Sro156_g070610	CAB9503092.1
Sro156_g070620	CAB9503093.1
Sro156_g070630	CAB9503094.1
Sro156_g070640	CAB9503095.1
Sro156_g070650	CAB9503096.1
Sro156_g070660	CAB9503097.1
Sro156_g070670	CAB9503098.1
Sro156_g070680	CAB9503099.1
Sro156_g070690	CAB9503100.1
Sro156_g070700	CAB9503101.1
Sro156_g070710	CAB9503102.1
Sro156_g070720	CAB9503103.1
Sro156_g070730	CAB9503104.1
Sro156_g070740	CAB9503105.1
Sro156_g070750	CAB9503106.1
Sro156_g070760	CAB9503107.1
Sro156_g070761	CAB9503108.1
Sro156_g070770	CAB9503109.1
Sro156_g070780	CAB9503110.1
Sro156_g070790	CAB9503111.1
Sro156_g070800	CAB9503112.1
Sro156_g070810	CAB9503113.1
Sro156_g070820	CAB9503114.1
Sro156_g070830	CAB9503115.1
Sro156_g070840	CAB9503116.1
Sro156_g070850	CAB9503117.1
Sro156_g070860	CAB9503118.1
Sro156_g070870	CAB9503119.1
Sro156_g070880	CAB9503120.1
Sro156_g070890	CAB9503121.1
Sro156_g070900	CAB9503122.1
Sro156_g070910	CAB9503123.1
Sro156_g070920	CAB9503124.1
Sro156_g070930	CAB9503125.1
Sro156_g070940	CAB9503126.1
Sro156_g070950	CAB9503127.1
Sro156_g070960	CAB9503128.1
Sro156_g070970	CAB9503129.1
Sro156_g070980	CAB9503130.1
Sro156_g070990	CAB9503131.1
Sro157_g071000	CAB9503132.1
Sro157_g071010	CAB9503133.1
Sro157_g071020	CAB9503134.1
Sro157_g071030	CAB9503135.1
Sro157_g071040	CAB9503136.1
Sro157_g071050	CAB9503137.1
Sro157_g071060	CAB9503138.1
Sro157_g071070	CAB9503139.1
Sro157_g071080	CAB9503140.1
Sro157_g071090	CAB9503141.1
Sro157_g071100	CAB9503142.1
Sro157_g071110	CAB9503143.1
Sro157_g071120	CAB9503144.1
Sro157_g071130	CAB9503145.1
Sro157_g071140	CAB9503146.1
Sro157_g071150	CAB9503147.1
Sro157_g071160	CAB9503148.1
Sro157_g071170	CAB9503149.1
Sro157_g071180	CAB9503150.1
Sro157_g071190	CAB9503151.1
Sro157_g071200	CAB9503152.1
Sro157_g071210	CAB9503153.1
Sro157_g071220	CAB9503154.1
Sro157_g071230	CAB9503155.1
Sro157_g071240	CAB9503156.1
Sro157_g071250	CAB9503157.1
Sro157_g071260	CAB9503158.1
Sro157_g071270	CAB9503159.1
Sro157_g071280	CAB9503160.1
Sro157_g071290	CAB9503161.1
Sro157_g071300	CAB9503162.1
Sro157_g071310	CAB9503163.1
Sro157_g071320	CAB9503164.1
Sro157_g071330	CAB9503165.1
Sro157_g071340	CAB9503166.1
Sro157_g071350	CAB9503167.1
Sro157_g071360	CAB9503168.1
Sro157_g071370	CAB9503169.1
Sro157_g071380	CAB9503170.1
Sro157_g071390	CAB9503171.1
Sro157_g071400	CAB9503172.1
Sro157_g071410	CAB9503173.1
Sro158_g071420	CAB9503174.1
Sro158_g071430	CAB9503175.1
Sro158_g071440	CAB9503176.1
Sro158_g071450	CAB9503177.1
Sro158_g071460	CAB9503178.1
Sro158_g071470	CAB9503179.1
Sro158_g071480	CAB9503180.1
Sro158_g071490	CAB9503181.1
Sro158_g071500	CAB9503182.1
Sro158_g071510	CAB9503183.1
Sro158_g071520	CAB9503184.1
Sro158_g071530	CAB9503185.1
Sro158_g071540	CAB9503186.1
Sro158_g071550	CAB9503187.1
Sro158_g071560	CAB9503188.1
Sro158_g071570	CAB9503189.1
Sro158_g071580	CAB9503190.1
Sro158_g071590	CAB9503191.1
Sro158_g071600	CAB9503192.1
Sro158_g071610	CAB9503193.1
Sro158_g071620	CAB9503194.1
Sro158_g071630	CAB9503195.1
Sro158_g071640	CAB9503196.1
Sro158_g071650	CAB9503197.1
Sro158_g071660	CAB9503198.1
Sro158_g071670	CAB9503199.1
Sro158_g071680	CAB9503200.1
Sro158_g071690	CAB9503201.1
Sro158_g071700	CAB9503202.1
Sro158_g071710	CAB9503203.1
Sro158_g071720	CAB9503204.1
Sro159_g071730	CAB9503205.1
Sro159_g071740	CAB9503206.1
Sro159_g071750	CAB9503207.1
Sro159_g071760	CAB9503208.1
Sro159_g071770	CAB9503209.1
Sro159_g071780	CAB9503210.1
Sro159_g071790	CAB9503211.1
Sro159_g071800	CAB9503212.1
Sro159_g071810	CAB9503213.1
Sro159_g071820	CAB9503214.1
Sro159_g071830	CAB9503215.1
Sro159_g071840	CAB9503216.1
Sro159_g071850	CAB9503217.1
Sro159_g071860	CAB9503218.1
Sro159_g071870	CAB9503219.1
Sro159_g071880	CAB9503220.1
Sro159_g071890	CAB9503221.1
Sro159_g071900	CAB9503222.1
Sro159_g071910	CAB9503223.1
Sro159_g071920	CAB9503224.1
Sro159_g071930	CAB9503225.1
Sro159_g071940	CAB9503226.1
Sro159_g071950	CAB9503227.1
Sro159_g071960	CAB9503228.1
Sro159_g071970	CAB9503229.1
Sro159_g071980	CAB9503230.1
Sro159_g071990	CAB9503231.1
Sro159_g072000	CAB9503232.1
Sro15_g010820	CAB9497128.1
Sro15_g010830	CAB9497129.1
Sro15_g010840	CAB9497130.1
Sro15_g010850	CAB9497131.1
Sro15_g010860	CAB9497132.1
Sro15_g010870	CAB9497133.1
Sro15_g010880	CAB9497134.1
Sro15_g010890	CAB9497135.1
Sro15_g010900	CAB9497136.1
Sro15_g010910	CAB9497137.1
Sro15_g010920	CAB9497138.1
Sro15_g010930	CAB9497139.1
Sro15_g010940	CAB9497140.1
Sro15_g010950	CAB9497141.1
Sro15_g010960	CAB9497142.1
Sro15_g010970	CAB9497143.1
Sro15_g010980	CAB9497144.1
Sro15_g010990	CAB9497145.1
Sro15_g011000	CAB9497146.1
Sro15_g011010	CAB9497147.1
Sro15_g011020	CAB9497148.1
Sro15_g011030	CAB9497149.1
Sro15_g011040	CAB9497150.1
Sro15_g011050	CAB9497151.1
Sro15_g011060	CAB9497152.1
Sro15_g011070	CAB9497153.1
Sro15_g011080	CAB9497154.1
Sro15_g011090	CAB9497155.1
Sro15_g011100	CAB9497156.1
Sro15_g011110	CAB9497157.1
Sro15_g011120	CAB9497158.1
Sro15_g011130	CAB9497159.1
Sro15_g011140	CAB9497160.1
Sro15_g011150	CAB9497161.1
Sro15_g011160	CAB9497162.1
Sro15_g011170	CAB9497163.1
Sro15_g011180	CAB9497164.1
Sro15_g011190	CAB9497165.1
Sro15_g011200	CAB9497166.1
Sro15_g011210	CAB9497167.1
Sro15_g011220	CAB9497168.1
Sro15_g011230	CAB9497169.1
Sro15_g011240	CAB9497170.1
Sro15_g011250	CAB9497171.1
Sro15_g011260	CAB9497172.1
Sro15_g011270	CAB9497173.1
Sro15_g011280	CAB9497174.1
Sro15_g011290	CAB9497175.1
Sro15_g011300	CAB9497176.1
Sro15_g011310	CAB9497177.1
Sro15_g011320	CAB9497178.1
Sro15_g011330	CAB9497179.1
Sro15_g011340	CAB9497180.1
Sro15_g011341	CAB9497181.1
Sro15_g011350	CAB9497182.1
Sro15_g011360	CAB9497183.1
Sro15_g011370	CAB9497184.1
Sro15_g011380	CAB9497185.1
Sro15_g011390	CAB9497186.1
Sro15_g011400	CAB9497187.1
Sro15_g011410	CAB9497188.1
Sro15_g011420	CAB9497189.1
Sro15_g011430	CAB9497190.1
Sro15_g011440	CAB9497191.1
Sro160_g072010	CAB9503233.1
Sro160_g072020	CAB9503234.1
Sro160_g072021	CAB9503235.1
Sro160_g072030	CAB9503236.1
Sro160_g072040	CAB9503237.1
Sro160_g072050	CAB9503238.1
Sro160_g072060	CAB9503239.1
Sro160_g072070	CAB9503240.1
Sro160_g072080	CAB9503241.1
Sro160_g072090	CAB9503242.1
Sro160_g072100	CAB9503243.1
Sro160_g072110	CAB9503244.1
Sro160_g072120	CAB9503245.1
Sro160_g072130	CAB9503246.1
Sro160_g072140	CAB9503247.1
Sro160_g072150	CAB9503248.1
Sro160_g072160	CAB9503249.1
Sro160_g072170	CAB9503250.1
Sro160_g072180	CAB9503251.1
Sro160_g072190	CAB9503252.1
Sro160_g072200	CAB9503253.1
Sro160_g072210	CAB9503254.1
Sro160_g072220	CAB9503255.1
Sro160_g072230	CAB9503256.1
Sro160_g072231	CAB9503257.1
Sro160_g072240	CAB9503258.1
Sro160_g072250	CAB9503259.1
Sro160_g072260	CAB9503260.1
Sro160_g072270	CAB9503261.1
Sro160_g072280	CAB9503262.1
Sro160_g072290	CAB9503263.1
Sro160_g072300	CAB9503264.1
Sro160_g072310	CAB9503265.1
Sro160_g072320	CAB9503266.1
Sro161_g072330	CAB9503268.1
Sro161_g072340	CAB9503269.1
Sro161_g072350	CAB9503270.1
Sro161_g072360	CAB9503271.1
Sro161_g072370	CAB9503272.1
Sro161_g072380	CAB9503273.1
Sro161_g072390	CAB9503274.1
Sro161_g072400	CAB9503275.1
Sro161_g072410	CAB9503276.1
Sro161_g072420	CAB9503277.1
Sro161_g072430	CAB9503278.1
Sro161_g072440	CAB9503279.1
Sro161_g072450	CAB9503280.1
Sro161_g072460	CAB9503281.1
Sro161_g072470	CAB9503282.1
Sro161_g072480	CAB9503283.1
Sro161_g072490	CAB9503284.1
Sro161_g072500	CAB9503285.1
Sro161_g072510	CAB9503286.1
Sro161_g072520	CAB9503287.1
Sro161_g072530	CAB9503288.1
Sro161_g072540	CAB9503289.1
Sro161_g072550	CAB9503290.1
Sro161_g072560	CAB9503291.1
Sro161_g072570	CAB9503292.1
Sro161_g072580	CAB9503293.1
Sro161_g072590	CAB9503294.1
Sro161_g072600	CAB9503295.1
Sro161_g072610	CAB9503296.1
Sro161_g072611	CAB9503297.1
Sro161_g072620	CAB9503298.1
Sro161_g072630	CAB9503299.1
Sro161_g072640	CAB9503300.1
Sro161_g072650	CAB9503301.1
Sro161_g072660	CAB9503302.1
Sro161_g072670	CAB9503303.1
Sro161_g285761	CAB9503267.1
Sro162_g072680	CAB9503304.1
Sro162_g072690	CAB9503305.1
Sro162_g072700	CAB9503306.1
Sro162_g072710	CAB9503307.1
Sro162_g072720	CAB9503308.1
Sro162_g072730	CAB9503309.1
Sro162_g072740	CAB9503310.1
Sro162_g072750	CAB9503311.1
Sro162_g072760	CAB9503312.1
Sro162_g072770	CAB9503313.1
Sro162_g072780	CAB9503314.1
Sro162_g072790	CAB9503315.1
Sro162_g072800	CAB9503316.1
Sro162_g072810	CAB9503317.1
Sro162_g072820	CAB9503318.1
Sro162_g072830	CAB9503319.1
Sro162_g072840	CAB9503320.1
Sro162_g072850	CAB9503321.1
Sro162_g072860	CAB9503322.1
Sro162_g072870	CAB9503323.1
Sro162_g072880	CAB9503324.1
Sro162_g072890	CAB9503325.1
Sro162_g072900	CAB9503326.1
Sro162_g072910	CAB9503327.1
Sro162_g072920	CAB9503328.1
Sro162_g072930	CAB9503329.1
Sro162_g072940	CAB9503330.1
Sro162_g072950	CAB9503331.1
Sro162_g072960	CAB9503332.1
Sro162_g072970	CAB9503333.1
Sro162_g072980	CAB9503334.1
Sro162_g072990	CAB9503335.1
Sro162_g073000	CAB9503336.1
Sro163_g073010	CAB9503337.1
Sro163_g073020	CAB9503338.1
Sro163_g073030	CAB9503339.1
Sro163_g073040	CAB9503340.1
Sro163_g073050	CAB9503341.1
Sro163_g073060	CAB9503342.1
Sro163_g073070	CAB9503343.1
Sro163_g073080	CAB9503344.1
Sro163_g073090	CAB9503345.1
Sro163_g073100	CAB9503346.1
Sro163_g073110	CAB9503347.1
Sro163_g073120	CAB9503348.1
Sro163_g073130	CAB9503349.1
Sro163_g073140	CAB9503350.1
Sro163_g073150	CAB9503351.1
Sro163_g073160	CAB9503352.1
Sro163_g073170	CAB9503353.1
Sro163_g073180	CAB9503354.1
Sro163_g073190	CAB9503355.1
Sro163_g073200	CAB9503356.1
Sro163_g073210	CAB9503357.1
Sro163_g073220	CAB9503358.1
Sro163_g073230	CAB9503359.1
Sro163_g073240	CAB9503360.1
Sro163_g073250	CAB9503361.1
Sro163_g073260	CAB9503362.1
Sro163_g073270	CAB9503363.1
Sro163_g073280	CAB9503364.1
Sro163_g073290	CAB9503365.1
Sro163_g073300	CAB9503366.1
Sro163_g073310	CAB9503367.1
Sro163_g073320	CAB9503368.1
Sro163_g073330	CAB9503369.1
Sro163_g073340	CAB9503370.1
Sro163_g073350	CAB9503371.1
Sro163_g073360	CAB9503372.1
Sro163_g073370	CAB9503373.1
Sro163_g073380	CAB9503374.1
Sro163_g073390	CAB9503375.1
Sro163_g073400	CAB9503376.1
Sro163_g073410	CAB9503377.1
Sro163_g073420	CAB9503378.1
Sro164_g073430	CAB9503379.1
Sro164_g073440	CAB9503380.1
Sro164_g073450	CAB9503381.1
Sro164_g073460	CAB9503382.1
Sro164_g073470	CAB9503383.1
Sro164_g073480	CAB9503384.1
Sro164_g073490	CAB9503385.1
Sro164_g073500	CAB9503386.1
Sro164_g073510	CAB9503387.1
Sro164_g073520	CAB9503388.1
Sro164_g073530	CAB9503389.1
Sro164_g073540	CAB9503390.1
Sro164_g073550	CAB9503391.1
Sro164_g073560	CAB9503392.1
Sro164_g073570	CAB9503393.1
Sro164_g073580	CAB9503394.1
Sro164_g073590	CAB9503395.1
Sro164_g073600	CAB9503396.1
Sro164_g073610	CAB9503397.1
Sro164_g073620	CAB9503398.1
Sro164_g073630	CAB9503399.1
Sro164_g073640	CAB9503400.1
Sro164_g073650	CAB9503401.1
Sro164_g073660	CAB9503402.1
Sro164_g073670	CAB9503403.1
Sro164_g073680	CAB9503404.1
Sro164_g073681	CAB9503405.1
Sro164_g073690	CAB9503406.1
Sro164_g073700	CAB9503407.1
Sro164_g073710	CAB9503408.1
Sro165_g073720	CAB9503409.1
Sro165_g073730	CAB9503410.1
Sro165_g073740	CAB9503411.1
Sro165_g073750	CAB9503412.1
Sro165_g073760	CAB9503413.1
Sro165_g073770	CAB9503414.1
Sro165_g073780	CAB9503415.1
Sro165_g073790	CAB9503416.1
Sro165_g073800	CAB9503417.1
Sro165_g073810	CAB9503418.1
Sro165_g073820	CAB9503419.1
Sro165_g073830	CAB9503420.1
Sro165_g073840	CAB9503421.1
Sro165_g073850	CAB9503422.1
Sro165_g073860	CAB9503423.1
Sro165_g073870	CAB9503424.1
Sro165_g073880	CAB9503425.1
Sro165_g073890	CAB9503426.1
Sro165_g073900	CAB9503427.1
Sro165_g073910	CAB9503428.1
Sro165_g073920	CAB9503429.1
Sro165_g073930	CAB9503430.1
Sro165_g073940	CAB9503431.1
Sro165_g073950	CAB9503432.1
Sro165_g073960	CAB9503433.1
Sro165_g073970	CAB9503434.1
Sro165_g073980	CAB9503435.1
Sro165_g073990	CAB9503436.1
Sro165_g074000	CAB9503437.1
Sro166_g074010	CAB9503438.1
Sro166_g074020	CAB9503439.1
Sro166_g074030	CAB9503440.1
Sro166_g074040	CAB9503441.1
Sro166_g074050	CAB9503442.1
Sro166_g074060	CAB9503443.1
Sro166_g074070	CAB9503444.1
Sro166_g074080	CAB9503445.1
Sro166_g074090	CAB9503446.1
Sro166_g074100	CAB9503447.1
Sro166_g074110	CAB9503448.1
Sro166_g074120	CAB9503449.1
Sro166_g074130	CAB9503450.1
Sro166_g074140	CAB9503451.1
Sro166_g074150	CAB9503452.1
Sro166_g074151	CAB9503453.1
Sro166_g074160	CAB9503454.1
Sro166_g074170	CAB9503455.1
Sro166_g074180	CAB9503456.1
Sro166_g074190	CAB9503457.1
Sro166_g074200	CAB9503458.1
Sro166_g074210	CAB9503459.1
Sro166_g074220	CAB9503460.1
Sro166_g074230	CAB9503461.1
Sro166_g074240	CAB9503462.1
Sro166_g074250	CAB9503463.1
Sro166_g074260	CAB9503464.1
Sro166_g074270	CAB9503465.1
Sro166_g074280	CAB9503466.1
Sro166_g074290	CAB9503467.1
Sro167_g074300	CAB9503468.1
Sro167_g074310	CAB9503469.1
Sro167_g074320	CAB9503470.1
Sro167_g074330	CAB9503471.1
Sro167_g074340	CAB9503472.1
Sro167_g074350	CAB9503473.1
Sro167_g074360	CAB9503474.1
Sro167_g074370	CAB9503475.1
Sro167_g074380	CAB9503476.1
Sro167_g074390	CAB9503477.1
Sro167_g074400	CAB9503478.1
Sro167_g074410	CAB9503479.1
Sro167_g074420	CAB9503480.1
Sro167_g074430	CAB9503481.1
Sro167_g074440	CAB9503482.1
Sro167_g074450	CAB9503483.1
Sro167_g074460	CAB9503484.1
Sro167_g074470	CAB9503485.1
Sro167_g074480	CAB9503486.1
Sro167_g074490	CAB9503487.1
Sro167_g074500	CAB9503488.1
Sro167_g074510	CAB9503489.1
Sro167_g074520	CAB9503490.1
Sro167_g074530	CAB9503491.1
Sro167_g074540	CAB9503492.1
Sro167_g074541	CAB9503493.1
Sro167_g074550	CAB9503494.1
Sro167_g074560	CAB9503495.1
Sro167_g074570	CAB9503496.1
Sro167_g074580	CAB9503497.1
Sro167_g074590	CAB9503498.1
Sro167_g074600	CAB9503499.1
Sro167_g074610	CAB9503500.1
Sro167_g074620	CAB9503501.1
Sro167_g074630	CAB9503502.1
Sro168_g074640	CAB9503503.1
Sro168_g074650	CAB9503504.1
Sro168_g074660	CAB9503505.1
Sro168_g074670	CAB9503506.1
Sro168_g074680	CAB9503507.1
Sro168_g074690	CAB9503508.1
Sro168_g074700	CAB9503509.1
Sro168_g074710	CAB9503510.1
Sro168_g074720	CAB9503511.1
Sro168_g074730	CAB9503512.1
Sro168_g074740	CAB9503513.1
Sro168_g074750	CAB9503514.1
Sro168_g074760	CAB9503515.1
Sro168_g074770	CAB9503516.1
Sro168_g074780	CAB9503517.1
Sro168_g074790	CAB9503518.1
Sro168_g074800	CAB9503519.1
Sro168_g074810	CAB9503520.1
Sro168_g074820	CAB9503521.1
Sro168_g074830	CAB9503522.1
Sro168_g074840	CAB9503523.1
Sro168_g074850	CAB9503524.1
Sro168_g074860	CAB9503525.1
Sro168_g074870	CAB9503526.1
Sro168_g074880	CAB9503527.1
Sro168_g074890	CAB9503528.1
Sro168_g074900	CAB9503529.1
Sro168_g074910	CAB9503530.1
Sro168_g074911	CAB9503531.1
Sro168_g074920	CAB9503532.1
Sro168_g074930	CAB9503533.1
Sro168_g074940	CAB9503534.1
Sro168_g074950	CAB9503535.1
Sro169_g074960	CAB9503537.1
Sro169_g074970	CAB9503538.1
Sro169_g074980	CAB9503539.1
Sro169_g074990	CAB9503540.1
Sro169_g075000	CAB9503541.1
Sro169_g075010	CAB9503542.1
Sro169_g075020	CAB9503543.1
Sro169_g075030	CAB9503544.1
Sro169_g075040	CAB9503545.1
Sro169_g075050	CAB9503546.1
Sro169_g075060	CAB9503547.1
Sro169_g075070	CAB9503548.1
Sro169_g075080	CAB9503549.1
Sro169_g075090	CAB9503550.1
Sro169_g075100	CAB9503551.1
Sro169_g075110	CAB9503552.1
Sro169_g075120	CAB9503553.1
Sro169_g075130	CAB9503554.1
Sro169_g075140	CAB9503555.1
Sro169_g075150	CAB9503556.1
Sro169_g075160	CAB9503557.1
Sro169_g075170	CAB9503558.1
Sro169_g075180	CAB9503559.1
Sro169_g075190	CAB9503560.1
Sro169_g075200	CAB9503561.1
Sro169_g075210	CAB9503562.1
Sro169_g075220	CAB9503563.1
Sro169_g075230	CAB9503564.1
Sro169_g075240	CAB9503565.1
Sro169_g075250	CAB9503566.1
Sro169_g075260	CAB9503567.1
Sro169_g075270	CAB9503568.1
Sro169_g075280	CAB9503569.1
Sro169_g291332	CAB9503536.1
Sro16_g011450	CAB9497192.1
Sro16_g011460	CAB9497193.1
Sro16_g011470	CAB9497194.1
Sro16_g011480	CAB9497195.1
Sro16_g011490	CAB9497196.1
Sro16_g011500	CAB9497197.1
Sro16_g011510	CAB9497198.1
Sro16_g011520	CAB9497199.1
Sro16_g011530	CAB9497200.1
Sro16_g011540	CAB9497201.1
Sro16_g011550	CAB9497202.1
Sro16_g011560	CAB9497203.1
Sro16_g011570	CAB9497204.1
Sro16_g011580	CAB9497205.1
Sro16_g011590	CAB9497206.1
Sro16_g011600	CAB9497207.1
Sro16_g011610	CAB9497208.1
Sro16_g011611	CAB9497209.1
Sro16_g011612	CAB9497210.1
Sro16_g011620	CAB9497211.1
Sro16_g011630	CAB9497212.1
Sro16_g011640	CAB9497213.1
Sro16_g011650	CAB9497214.1
Sro16_g011660	CAB9497215.1
Sro16_g011670	CAB9497216.1
Sro16_g011680	CAB9497217.1
Sro16_g011690	CAB9497218.1
Sro16_g011700	CAB9497219.1
Sro16_g011710	CAB9497220.1
Sro16_g011720	CAB9497221.1
Sro16_g011730	CAB9497222.1
Sro16_g011740	CAB9497223.1
Sro16_g011750	CAB9497224.1
Sro16_g011760	CAB9497225.1
Sro16_g011770	CAB9497226.1
Sro16_g011780	CAB9497227.1
Sro16_g011790	CAB9497228.1
Sro16_g011800	CAB9497229.1
Sro16_g011810	CAB9497230.1
Sro16_g011820	CAB9497231.1
Sro16_g011830	CAB9497232.1
Sro16_g011840	CAB9497233.1
Sro16_g011850	CAB9497234.1
Sro16_g011860	CAB9497235.1
Sro16_g011870	CAB9497236.1
Sro16_g011880	CAB9497237.1
Sro16_g011890	CAB9497238.1
Sro16_g011900	CAB9497239.1
Sro16_g011910	CAB9497240.1
Sro16_g011920	CAB9497241.1
Sro16_g011930	CAB9497242.1
Sro16_g011940	CAB9497243.1
Sro16_g011950	CAB9497244.1
Sro16_g011960	CAB9497245.1
Sro16_g011970	CAB9497246.1
Sro16_g011980	CAB9497247.1
Sro16_g011990	CAB9497248.1
Sro16_g012000	CAB9497249.1
Sro16_g012010	CAB9497250.1
Sro170_g075290	CAB9503570.1
Sro170_g075300	CAB9503571.1
Sro170_g075310	CAB9503572.1
Sro170_g075320	CAB9503573.1
Sro170_g075330	CAB9503574.1
Sro170_g075340	CAB9503575.1
Sro170_g075350	CAB9503576.1
Sro170_g075360	CAB9503577.1
Sro170_g075370	CAB9503578.1
Sro170_g075380	CAB9503579.1
Sro170_g075390	CAB9503580.1
Sro170_g075400	CAB9503581.1
Sro170_g075410	CAB9503582.1
Sro170_g075420	CAB9503583.1
Sro170_g075430	CAB9503585.1
Sro170_g075431	CAB9503584.1
Sro170_g075440	CAB9503586.1
Sro170_g075450	CAB9503587.1
Sro170_g075460	CAB9503588.1
Sro170_g075470	CAB9503589.1
Sro170_g075480	CAB9503590.1
Sro170_g075490	CAB9503591.1
Sro170_g075500	CAB9503592.1
Sro170_g075510	CAB9503593.1
Sro170_g075520	CAB9503594.1
Sro170_g075530	CAB9503595.1
Sro170_g075540	CAB9503596.1
Sro170_g075550	CAB9503597.1
Sro170_g075560	CAB9503598.1
Sro170_g075570	CAB9503599.1
Sro171_g075580	CAB9503600.1
Sro171_g075590	CAB9503601.1
Sro171_g075600	CAB9503602.1
Sro171_g075610	CAB9503603.1
Sro171_g075620	CAB9503604.1
Sro171_g075630	CAB9503605.1
Sro171_g075640	CAB9503606.1
Sro171_g075650	CAB9503607.1
Sro171_g075660	CAB9503608.1
Sro171_g075670	CAB9503609.1
Sro171_g075680	CAB9503610.1
Sro171_g075690	CAB9503611.1
Sro171_g075700	CAB9503612.1
Sro171_g075710	CAB9503613.1
Sro171_g075720	CAB9503614.1
Sro171_g075730	CAB9503615.1
Sro171_g075740	CAB9503616.1
Sro171_g075750	CAB9503617.1
Sro171_g075760	CAB9503618.1
Sro171_g075770	CAB9503619.1
Sro171_g075780	CAB9503620.1
Sro171_g075790	CAB9503621.1
Sro171_g075800	CAB9503622.1
Sro171_g075810	CAB9503623.1
Sro171_g075820	CAB9503624.1
Sro171_g075830	CAB9503625.1
Sro171_g075840	CAB9503626.1
Sro172_g075850	CAB9503627.1
Sro172_g075860	CAB9503628.1
Sro172_g075870	CAB9503629.1
Sro172_g075880	CAB9503630.1
Sro172_g075881	CAB9503631.1
Sro172_g075890	CAB9503632.1
Sro172_g075900	CAB9503633.1
Sro172_g075910	CAB9503634.1
Sro172_g075920	CAB9503635.1
Sro172_g075921	CAB9503636.1
Sro172_g075930	CAB9503637.1
Sro172_g075940	CAB9503638.1
Sro172_g075950	CAB9503639.1
Sro172_g075960	CAB9503640.1
Sro172_g075970	CAB9503641.1
Sro172_g075980	CAB9503642.1
Sro172_g075990	CAB9503643.1
Sro172_g076000	CAB9503644.1
Sro172_g076010	CAB9503645.1
Sro172_g076020	CAB9503646.1
Sro172_g076030	CAB9503647.1
Sro172_g076040	CAB9503648.1
Sro172_g076050	CAB9503649.1
Sro172_g076060	CAB9503650.1
Sro172_g076070	CAB9503651.1
Sro172_g076080	CAB9503652.1
Sro172_g076090	CAB9503653.1
Sro172_g076100	CAB9503654.1
Sro172_g076110	CAB9503655.1
Sro172_g076120	CAB9503656.1
Sro172_g076130	CAB9503657.1
Sro173_g076140	CAB9503658.1
Sro173_g076150	CAB9503659.1
Sro173_g076160	CAB9503660.1
Sro173_g076170	CAB9503661.1
Sro173_g076180	CAB9503662.1
Sro173_g076190	CAB9503663.1
Sro173_g076200	CAB9503664.1
Sro173_g076210	CAB9503665.1
Sro173_g076220	CAB9503666.1
Sro173_g076230	CAB9503667.1
Sro173_g076240	CAB9503668.1
Sro173_g076250	CAB9503669.1
Sro173_g076260	CAB9503670.1
Sro173_g076270	CAB9503671.1
Sro173_g076280	CAB9503672.1
Sro173_g076290	CAB9503673.1
Sro173_g076300	CAB9503674.1
Sro173_g076310	CAB9503675.1
Sro173_g076330	CAB9503676.1
Sro173_g076340	CAB9503677.1
Sro173_g076350	CAB9503678.1
Sro173_g076360	CAB9503679.1
Sro173_g076370	CAB9503680.1
Sro173_g076380	CAB9503681.1
Sro173_g076390	CAB9503682.1
Sro173_g076400	CAB9503683.1
Sro173_g076410	CAB9503684.1
Sro173_g076420	CAB9503685.1
Sro173_g076430	CAB9503686.1
Sro173_g076440	CAB9503687.1
Sro173_g076450	CAB9503688.1
Sro173_g076451	CAB9503689.1
Sro173_g076452	CAB9503690.1
Sro173_g076460	CAB9503691.1
Sro174_g076470	CAB9503692.1
Sro174_g076480	CAB9503693.1
Sro174_g076490	CAB9503694.1
Sro174_g076500	CAB9503695.1
Sro174_g076510	CAB9503696.1
Sro174_g076520	CAB9503697.1
Sro174_g076530	CAB9503698.1
Sro174_g076540	CAB9503699.1
Sro174_g076550	CAB9503700.1
Sro174_g076560	CAB9503701.1
Sro174_g076570	CAB9503702.1
Sro174_g076580	CAB9503703.1
Sro174_g076590	CAB9503704.1
Sro174_g076600	CAB9503705.1
Sro174_g076610	CAB9503706.1
Sro174_g076611	CAB9503707.1
Sro174_g076620	CAB9503708.1
Sro174_g076630	CAB9503709.1
Sro174_g076640	CAB9503710.1
Sro174_g076650	CAB9503711.1
Sro174_g076660	CAB9503712.1
Sro174_g076670	CAB9503713.1
Sro174_g076680	CAB9503714.1
Sro174_g076690	CAB9503715.1
Sro174_g076700	CAB9503716.1
Sro174_g076710	CAB9503717.1
Sro174_g076720	CAB9503718.1
Sro174_g076730	CAB9503719.1
Sro174_g076740	CAB9503720.1
Sro174_g076750	CAB9503721.1
Sro174_g076760	CAB9503722.1
Sro174_g076770	CAB9503723.1
Sro174_g076780	CAB9503724.1
Sro174_g076790	CAB9503725.1
Sro174_g076800	CAB9503726.1
Sro174_g076810	CAB9503727.1
Sro174_g076820	CAB9503728.1
Sro174_g076830	CAB9503729.1
Sro174_g076840	CAB9503730.1
Sro174_g076850	CAB9503731.1
Sro174_g076860	CAB9503732.1
Sro175_g076870	CAB9503733.1
Sro175_g076880	CAB9503734.1
Sro175_g076890	CAB9503735.1
Sro175_g076900	CAB9503736.1
Sro175_g076910	CAB9503737.1
Sro175_g076920	CAB9503738.1
Sro175_g076930	CAB9503739.1
Sro175_g076940	CAB9503740.1
Sro175_g076950	CAB9503741.1
Sro175_g076960	CAB9503742.1
Sro175_g076970	CAB9503743.1
Sro175_g076980	CAB9503744.1
Sro175_g076990	CAB9503745.1
Sro175_g077000	CAB9503746.1
Sro175_g077010	CAB9503747.1
Sro175_g077020	CAB9503748.1
Sro175_g077030	CAB9503749.1
Sro175_g077040	CAB9503750.1
Sro175_g077050	CAB9503751.1
Sro175_g077060	CAB9503752.1
Sro175_g077070	CAB9503753.1
Sro175_g077080	CAB9503754.1
Sro175_g077100	CAB9503755.1
Sro175_g077110	CAB9503756.1
Sro175_g077120	CAB9503757.1
Sro175_g077130	CAB9503758.1
Sro175_g077140	CAB9503759.1
Sro175_g077150	CAB9503760.1
Sro175_g077160	CAB9503761.1
Sro175_g077170	CAB9503762.1
Sro176_g077180	CAB9503763.1
Sro176_g077190	CAB9503764.1
Sro176_g077200	CAB9503765.1
Sro176_g077210	CAB9503766.1
Sro176_g077220	CAB9503767.1
Sro176_g077230	CAB9503768.1
Sro176_g077240	CAB9503769.1
Sro176_g077250	CAB9503770.1
Sro176_g077260	CAB9503771.1
Sro176_g077270	CAB9503772.1
Sro176_g077280	CAB9503773.1
Sro176_g077290	CAB9503774.1
Sro176_g077300	CAB9503775.1
Sro176_g077310	CAB9503776.1
Sro176_g077320	CAB9503777.1
Sro176_g077330	CAB9503778.1
Sro176_g077340	CAB9503779.1
Sro176_g077350	CAB9503780.1
Sro176_g077360	CAB9503781.1
Sro176_g077370	CAB9503782.1
Sro176_g077380	CAB9503783.1
Sro176_g077390	CAB9503784.1
Sro176_g077400	CAB9503785.1
Sro176_g077410	CAB9503786.1
Sro176_g077420	CAB9503787.1
Sro176_g077430	CAB9503788.1
Sro176_g077440	CAB9503789.1
Sro176_g077450	CAB9503790.1
Sro176_g077460	CAB9503791.1
Sro176_g077470	CAB9503792.1
Sro176_g077480	CAB9503793.1
Sro176_g077490	CAB9503794.1
Sro176_g077500	CAB9503795.1
Sro176_g077510	CAB9503796.1
Sro176_g077520	CAB9503797.1
Sro176_g077530	CAB9503798.1
Sro176_g077540	CAB9503799.1
Sro176_g077550	CAB9503800.1
Sro176_g077560	CAB9503801.1
Sro176_g077570	CAB9503802.1
Sro176_g077580	CAB9503803.1
Sro176_g077590	CAB9503804.1
Sro176_g077600	CAB9503805.1
Sro177_g077610	CAB9503806.1
Sro177_g077620	CAB9503807.1
Sro177_g077630	CAB9503808.1
Sro177_g077640	CAB9503809.1
Sro177_g077650	CAB9503810.1
Sro177_g077660	CAB9503811.1
Sro177_g077670	CAB9503812.1
Sro177_g077680	CAB9503813.1
Sro177_g077690	CAB9503814.1
Sro177_g077700	CAB9503815.1
Sro177_g077710	CAB9503816.1
Sro177_g077720	CAB9503817.1
Sro177_g077730	CAB9503818.1
Sro177_g077740	CAB9503819.1
Sro177_g077750	CAB9503820.1
Sro177_g077760	CAB9503821.1
Sro177_g077770	CAB9503822.1
Sro177_g077780	CAB9503823.1
Sro177_g077790	CAB9503824.1
Sro177_g077800	CAB9503825.1
Sro177_g077810	CAB9503826.1
Sro177_g077820	CAB9503827.1
Sro177_g077830	CAB9503828.1
Sro177_g077840	CAB9503829.1
Sro177_g077850	CAB9503830.1
Sro177_g077851	CAB9503831.1
Sro177_g077860	CAB9503832.1
Sro177_g077870	CAB9503833.1
Sro177_g077880	CAB9503834.1
Sro177_g077890	CAB9503835.1
Sro177_g077900	CAB9503836.1
Sro177_g077910	CAB9503837.1
Sro177_g077920	CAB9503838.1
Sro177_g077930	CAB9503839.1
Sro177_g077940	CAB9503840.1
Sro178_g077950	CAB9503841.1
Sro178_g077960	CAB9503842.1
Sro178_g077970	CAB9503843.1
Sro178_g077980	CAB9503844.1
Sro178_g077990	CAB9503845.1
Sro178_g078000	CAB9503846.1
Sro178_g078010	CAB9503847.1
Sro178_g078020	CAB9503848.1
Sro178_g078030	CAB9503849.1
Sro178_g078040	CAB9503850.1
Sro178_g078050	CAB9503851.1
Sro178_g078060	CAB9503852.1
Sro178_g078070	CAB9503853.1
Sro178_g078080	CAB9503854.1
Sro178_g078090	CAB9503855.1
Sro178_g078100	CAB9503856.1
Sro178_g078110	CAB9503857.1
Sro178_g078120	CAB9503858.1
Sro178_g078130	CAB9503859.1
Sro178_g078140	CAB9503860.1
Sro178_g078150	CAB9503861.1
Sro178_g078160	CAB9503862.1
Sro178_g078170	CAB9503863.1
Sro178_g078180	CAB9503864.1
Sro178_g078190	CAB9503865.1
Sro178_g078200	CAB9503866.1
Sro178_g078210	CAB9503867.1
Sro178_g078220	CAB9503868.1
Sro178_g078230	CAB9503869.1
Sro178_g078240	CAB9503870.1
Sro178_g078250	CAB9503871.1
Sro178_g078260	CAB9503872.1
Sro178_g078270	CAB9503873.1
Sro178_g078280	CAB9503874.1
Sro178_g078290	CAB9503875.1
Sro178_g078300	CAB9503876.1
Sro178_g078310	CAB9503877.1
Sro178_g078320	CAB9503878.1
Sro179_g078330	CAB9503879.1
Sro179_g078340	CAB9503880.1
Sro179_g078350	CAB9503881.1
Sro179_g078360	CAB9503882.1
Sro179_g078370	CAB9503883.1
Sro179_g078380	CAB9503884.1
Sro179_g078390	CAB9503885.1
Sro179_g078400	CAB9503886.1
Sro179_g078410	CAB9503887.1
Sro179_g078420	CAB9503888.1
Sro179_g078430	CAB9503889.1
Sro179_g078440	CAB9503890.1
Sro179_g078450	CAB9503891.1
Sro179_g078460	CAB9503892.1
Sro179_g078470	CAB9503893.1
Sro179_g078480	CAB9503894.1
Sro179_g078490	CAB9503895.1
Sro179_g078500	CAB9503896.1
Sro179_g078501	CAB9503897.1
Sro179_g078510	CAB9503898.1
Sro179_g078520	CAB9503899.1
Sro179_g078530	CAB9503900.1
Sro179_g078540	CAB9503901.1
Sro179_g078550	CAB9503902.1
Sro179_g078560	CAB9503903.1
Sro179_g078570	CAB9503904.1
Sro179_g078580	CAB9503905.1
Sro179_g078590	CAB9503906.1
Sro179_g078600	CAB9503907.1
Sro17_g012020	CAB9497251.1
Sro17_g012030	CAB9497252.1
Sro17_g012040	CAB9497253.1
Sro17_g012050	CAB9497254.1
Sro17_g012060	CAB9497255.1
Sro17_g012070	CAB9497256.1
Sro17_g012080	CAB9497257.1
Sro17_g012090	CAB9497258.1
Sro17_g012100	CAB9497259.1
Sro17_g012110	CAB9497260.1
Sro17_g012120	CAB9497261.1
Sro17_g012130	CAB9497262.1
Sro17_g012140	CAB9497263.1
Sro17_g012150	CAB9497264.1
Sro17_g012160	CAB9497265.1
Sro17_g012170	CAB9497266.1
Sro17_g012180	CAB9497267.1
Sro17_g012190	CAB9497268.1
Sro17_g012200	CAB9497269.1
Sro17_g012210	CAB9497270.1
Sro17_g012220	CAB9497271.1
Sro17_g012230	CAB9497272.1
Sro17_g012240	CAB9497273.1
Sro17_g012250	CAB9497274.1
Sro17_g012260	CAB9497275.1
Sro17_g012270	CAB9497276.1
Sro17_g012280	CAB9497277.1
Sro17_g012290	CAB9497278.1
Sro17_g012300	CAB9497279.1
Sro17_g012310	CAB9497280.1
Sro17_g012320	CAB9497281.1
Sro17_g012330	CAB9497282.1
Sro17_g012340	CAB9497283.1
Sro17_g012350	CAB9497284.1
Sro17_g012360	CAB9497285.1
Sro17_g012370	CAB9497286.1
Sro17_g012380	CAB9497287.1
Sro17_g012390	CAB9497288.1
Sro17_g012400	CAB9497289.1
Sro17_g012410	CAB9497290.1
Sro17_g012420	CAB9497291.1
Sro17_g012430	CAB9497292.1
Sro17_g012440	CAB9497293.1
Sro17_g012450	CAB9497294.1
Sro17_g012460	CAB9497295.1
Sro17_g012470	CAB9497296.1
Sro17_g012480	CAB9497297.1
Sro17_g012490	CAB9497298.1
Sro17_g012500	CAB9497299.1
Sro17_g012510	CAB9497300.1
Sro17_g012520	CAB9497301.1
Sro17_g012530	CAB9497302.1
Sro17_g012540	CAB9497303.1
Sro17_g012550	CAB9497304.1
Sro17_g012560	CAB9497305.1
Sro17_g012570	CAB9497306.1
Sro17_g012580	CAB9497307.1
Sro17_g012590	CAB9497308.1
Sro17_g012600	CAB9497309.1
Sro17_g012610	CAB9497310.1
Sro17_g012620	CAB9497311.1
Sro17_g012630	CAB9497312.1
Sro17_g012640	CAB9497313.1
Sro17_g012650	CAB9497314.1
Sro180_g078610	CAB9503908.1
Sro180_g078620	CAB9503909.1
Sro180_g078630	CAB9503910.1
Sro180_g078640	CAB9503911.1
Sro180_g078650	CAB9503912.1
Sro180_g078660	CAB9503913.1
Sro180_g078670	CAB9503914.1
Sro180_g078680	CAB9503915.1
Sro180_g078681	CAB9503917.1
Sro180_g078690	CAB9503916.1
Sro180_g078700	CAB9503918.1
Sro180_g078710	CAB9503919.1
Sro180_g078720	CAB9503920.1
Sro180_g078730	CAB9503921.1
Sro180_g078740	CAB9503922.1
Sro180_g078750	CAB9503923.1
Sro180_g078760	CAB9503924.1
Sro180_g078770	CAB9503925.1
Sro180_g078780	CAB9503926.1
Sro180_g078790	CAB9503927.1
Sro180_g078800	CAB9503928.1
Sro180_g078810	CAB9503929.1
Sro180_g078820	CAB9503930.1
Sro180_g078830	CAB9503931.1
Sro180_g078840	CAB9503932.1
Sro180_g078850	CAB9503933.1
Sro180_g078860	CAB9503934.1
Sro180_g078870	CAB9503935.1
Sro180_g078880	CAB9503936.1
Sro180_g078890	CAB9503937.1
Sro180_g078900	CAB9503938.1
Sro180_g078910	CAB9503939.1
Sro181_g078920	CAB9503940.1
Sro181_g078930	CAB9503941.1
Sro181_g078940	CAB9503942.1
Sro181_g078950	CAB9503943.1
Sro181_g078960	CAB9503944.1
Sro181_g078970	CAB9503945.1
Sro181_g078980	CAB9503946.1
Sro181_g078990	CAB9503947.1
Sro181_g079000	CAB9503948.1
Sro181_g079010	CAB9503949.1
Sro181_g079020	CAB9503950.1
Sro181_g079030	CAB9503951.1
Sro181_g079040	CAB9503952.1
Sro181_g079050	CAB9503953.1
Sro181_g079060	CAB9503954.1
Sro181_g079070	CAB9503955.1
Sro181_g079080	CAB9503956.1
Sro181_g079090	CAB9503957.1
Sro181_g079100	CAB9503958.1
Sro181_g079110	CAB9503959.1
Sro181_g079120	CAB9503960.1
Sro181_g079130	CAB9503961.1
Sro181_g079140	CAB9503962.1
Sro181_g079150	CAB9503963.1
Sro181_g079160	CAB9503964.1
Sro181_g079170	CAB9503965.1
Sro181_g079180	CAB9503966.1
Sro181_g079190	CAB9503967.1
Sro181_g079200	CAB9503968.1
Sro181_g079210	CAB9503969.1
Sro181_g079220	CAB9503970.1
Sro182_g079230	CAB9503971.1
Sro182_g079240	CAB9503972.1
Sro182_g079250	CAB9503973.1
Sro182_g079260	CAB9503974.1
Sro182_g079270	CAB9503975.1
Sro182_g079280	CAB9503976.1
Sro182_g079290	CAB9503977.1
Sro182_g079300	CAB9503978.1
Sro182_g079310	CAB9503979.1
Sro182_g079320	CAB9503980.1
Sro182_g079330	CAB9503981.1
Sro182_g079340	CAB9503982.1
Sro182_g079350	CAB9503983.1
Sro182_g079360	CAB9503984.1
Sro182_g079370	CAB9503985.1
Sro182_g079380	CAB9503986.1
Sro182_g079390	CAB9503987.1
Sro182_g079400	CAB9503988.1
Sro182_g079410	CAB9503989.1
Sro182_g079420	CAB9503990.1
Sro182_g079430	CAB9503991.1
Sro182_g079440	CAB9503992.1
Sro182_g079450	CAB9503993.1
Sro182_g079460	CAB9503994.1
Sro182_g079470	CAB9503995.1
Sro182_g079480	CAB9503996.1
Sro182_g079490	CAB9503997.1
Sro182_g079500	CAB9503998.1
Sro182_g079510	CAB9503999.1
Sro182_g079520	CAB9504000.1
Sro183_g079530	CAB9504001.1
Sro183_g079540	CAB9504002.1
Sro183_g079541	CAB9504003.1
Sro183_g079550	CAB9504004.1
Sro183_g079560	CAB9504005.1
Sro183_g079570	CAB9504006.1
Sro183_g079580	CAB9504007.1
Sro183_g079590	CAB9504008.1
Sro183_g079600	CAB9504009.1
Sro183_g079610	CAB9504010.1
Sro183_g079620	CAB9504011.1
Sro183_g079630	CAB9504012.1
Sro183_g079640	CAB9504013.1
Sro183_g079650	CAB9504014.1
Sro183_g079660	CAB9504015.1
Sro183_g079670	CAB9504016.1
Sro183_g079671	CAB9504017.1
Sro183_g079680	CAB9504018.1
Sro183_g079690	CAB9504019.1
Sro183_g079700	CAB9504020.1
Sro183_g079701	CAB9504021.1
Sro183_g079710	CAB9504022.1
Sro183_g079720	CAB9504023.1
Sro183_g079730	CAB9504024.1
Sro183_g079740	CAB9504025.1
Sro183_g079750	CAB9504026.1
Sro183_g079751	CAB9504027.1
Sro183_g079760	CAB9504028.1
Sro183_g079770	CAB9504029.1
Sro183_g079780	CAB9504030.1
Sro183_g079790	CAB9504031.1
Sro184_g079800	CAB9504033.1
Sro184_g079810	CAB9504034.1
Sro184_g079820	CAB9504035.1
Sro184_g079830	CAB9504036.1
Sro184_g079840	CAB9504037.1
Sro184_g079850	CAB9504038.1
Sro184_g079860	CAB9504039.1
Sro184_g079870	CAB9504040.1
Sro184_g079880	CAB9504041.1
Sro184_g079890	CAB9504042.1
Sro184_g079900	CAB9504043.1
Sro184_g079910	CAB9504044.1
Sro184_g079920	CAB9504045.1
Sro184_g079930	CAB9504046.1
Sro184_g079940	CAB9504047.1
Sro184_g079950	CAB9504048.1
Sro184_g079960	CAB9504049.1
Sro184_g079970	CAB9504050.1
Sro184_g079980	CAB9504051.1
Sro184_g079990	CAB9504052.1
Sro184_g080000	CAB9504053.1
Sro184_g080010	CAB9504054.1
Sro184_g080020	CAB9504055.1
Sro184_g080030	CAB9504056.1
Sro184_g080040	CAB9504057.1
Sro184_g080050	CAB9504058.1
Sro184_g080060	CAB9504059.1
Sro184_g080070	CAB9504060.1
Sro184_g080080	CAB9504061.1
Sro184_g080090	CAB9504062.1
Sro184_g080100	CAB9504063.1
Sro184_g080110	CAB9504064.1
Sro184_g080120	CAB9504065.1
Sro184_g080130	CAB9504066.1
Sro184_g080140	CAB9504067.1
Sro184_g080150	CAB9504068.1
Sro184_g080160	CAB9504069.1
Sro184_g300931	CAB9504032.1
Sro185_g080170	CAB9504070.1
Sro185_g080180	CAB9504071.1
Sro185_g080190	CAB9504072.1
Sro185_g080200	CAB9504073.1
Sro185_g080210	CAB9504074.1
Sro185_g080220	CAB9504075.1
Sro185_g080230	CAB9504076.1
Sro185_g080240	CAB9504077.1
Sro185_g080250	CAB9504078.1
Sro185_g080260	CAB9504079.1
Sro185_g080270	CAB9504080.1
Sro185_g080280	CAB9504081.1
Sro185_g080290	CAB9504082.1
Sro185_g080300	CAB9504083.1
Sro185_g080310	CAB9504084.1
Sro185_g080320	CAB9504085.1
Sro185_g080330	CAB9504086.1
Sro185_g080340	CAB9504087.1
Sro185_g080350	CAB9504088.1
Sro185_g080360	CAB9504089.1
Sro185_g080370	CAB9504090.1
Sro185_g080380	CAB9504091.1
Sro185_g080390	CAB9504092.1
Sro185_g080400	CAB9504093.1
Sro185_g080410	CAB9504094.1
Sro185_g080420	CAB9504095.1
Sro185_g080430	CAB9504096.1
Sro185_g080440	CAB9504097.1
Sro185_g080460	CAB9504098.1
Sro185_g080470	CAB9504099.1
Sro185_g080480	CAB9504100.1
Sro185_g080490	CAB9504101.1
Sro185_g080500	CAB9504102.1
Sro185_g080510	CAB9504103.1
Sro186_g080520	CAB9504104.1
Sro186_g080530	CAB9504105.1
Sro186_g080540	CAB9504106.1
Sro186_g080550	CAB9504107.1
Sro186_g080560	CAB9504108.1
Sro186_g080570	CAB9504109.1
Sro186_g080580	CAB9504110.1
Sro186_g080590	CAB9504111.1
Sro186_g080600	CAB9504112.1
Sro186_g080610	CAB9504113.1
Sro186_g080620	CAB9504114.1
Sro186_g080630	CAB9504115.1
Sro186_g080640	CAB9504116.1
Sro186_g080650	CAB9504117.1
Sro186_g080660	CAB9504118.1
Sro186_g080670	CAB9504119.1
Sro186_g080680	CAB9504120.1
Sro186_g080690	CAB9504121.1
Sro186_g080700	CAB9504122.1
Sro186_g080710	CAB9504123.1
Sro186_g080720	CAB9504124.1
Sro186_g080730	CAB9504125.1
Sro186_g080740	CAB9504126.1
Sro186_g080750	CAB9504127.1
Sro186_g080760	CAB9504128.1
Sro186_g080770	CAB9504129.1
Sro186_g080780	CAB9504130.1
Sro186_g080790	CAB9504131.1
Sro186_g080800	CAB9504132.1
Sro187_g080810	CAB9504133.1
Sro187_g080820	CAB9504134.1
Sro187_g080830	CAB9504135.1
Sro187_g080840	CAB9504136.1
Sro187_g080850	CAB9504137.1
Sro187_g080851	CAB9504138.1
Sro187_g080860	CAB9504139.1
Sro187_g080870	CAB9504140.1
Sro187_g080880	CAB9504141.1
Sro187_g080890	CAB9504142.1
Sro187_g080900	CAB9504143.1
Sro187_g080910	CAB9504144.1
Sro187_g080920	CAB9504145.1
Sro187_g080930	CAB9504146.1
Sro187_g080940	CAB9504147.1
Sro187_g080950	CAB9504148.1
Sro187_g080960	CAB9504149.1
Sro187_g080970	CAB9504150.1
Sro187_g080980	CAB9504151.1
Sro187_g080990	CAB9504152.1
Sro187_g080991	CAB9504153.1
Sro187_g081010	CAB9504154.1
Sro187_g081020	CAB9504155.1
Sro187_g081040	CAB9504156.1
Sro187_g081050	CAB9504157.1
Sro187_g081060	CAB9504158.1
Sro188_g081070	CAB9504159.1
Sro188_g081080	CAB9504160.1
Sro188_g081090	CAB9504161.1
Sro188_g081100	CAB9504162.1
Sro188_g081110	CAB9504163.1
Sro188_g081120	CAB9504164.1
Sro188_g081130	CAB9504165.1
Sro188_g081140	CAB9504166.1
Sro188_g081160	CAB9504167.1
Sro188_g081170	CAB9504168.1
Sro188_g081180	CAB9504169.1
Sro188_g081190	CAB9504170.1
Sro188_g081200	CAB9504171.1
Sro188_g081210	CAB9504172.1
Sro188_g081220	CAB9504173.1
Sro188_g081230	CAB9504174.1
Sro188_g081240	CAB9504175.1
Sro188_g081250	CAB9504176.1
Sro188_g081251	CAB9504177.1
Sro188_g081260	CAB9504178.1
Sro188_g081270	CAB9504179.1
Sro188_g081280	CAB9504180.1
Sro188_g081290	CAB9504181.1
Sro188_g081300	CAB9504182.1
Sro188_g081310	CAB9504183.1
Sro188_g081320	CAB9504184.1
Sro188_g081330	CAB9504185.1
Sro188_g081340	CAB9504186.1
Sro188_g081350	CAB9504187.1
Sro189_g081360	CAB9504188.1
Sro189_g081370	CAB9504189.1
Sro189_g081380	CAB9504190.1
Sro189_g081390	CAB9504191.1
Sro189_g081400	CAB9504192.1
Sro189_g081410	CAB9504193.1
Sro189_g081420	CAB9504194.1
Sro189_g081430	CAB9504195.1
Sro189_g081431	CAB9504196.1
Sro189_g081440	CAB9504197.1
Sro189_g081450	CAB9504198.1
Sro189_g081460	CAB9504199.1
Sro189_g081470	CAB9504200.1
Sro189_g081480	CAB9504201.1
Sro189_g081500	CAB9504202.1
Sro189_g081510	CAB9504203.1
Sro189_g081520	CAB9504204.1
Sro189_g081530	CAB9504205.1
Sro189_g081540	CAB9504206.1
Sro189_g081550	CAB9504207.1
Sro189_g081560	CAB9504208.1
Sro189_g081570	CAB9504209.1
Sro189_g081580	CAB9504210.1
Sro189_g081590	CAB9504211.1
Sro189_g081600	CAB9504212.1
Sro189_g081610	CAB9504213.1
Sro189_g081620	CAB9504214.1
Sro189_g081630	CAB9504215.1
Sro189_g081640	CAB9504216.1
Sro189_g081650	CAB9504217.1
Sro189_g081660	CAB9504218.1
Sro189_g081670	CAB9504219.1
Sro18_g012660	CAB9497315.1
Sro18_g012670	CAB9497316.1
Sro18_g012680	CAB9497317.1
Sro18_g012690	CAB9497318.1
Sro18_g012700	CAB9497319.1
Sro18_g012710	CAB9497320.1
Sro18_g012720	CAB9497321.1
Sro18_g012730	CAB9497322.1
Sro18_g012740	CAB9497323.1
Sro18_g012750	CAB9497324.1
Sro18_g012760	CAB9497325.1
Sro18_g012770	CAB9497326.1
Sro18_g012780	CAB9497327.1
Sro18_g012790	CAB9497328.1
Sro18_g012800	CAB9497329.1
Sro18_g012810	CAB9497330.1
Sro18_g012820	CAB9497331.1
Sro18_g012830	CAB9497332.1
Sro18_g012840	CAB9497333.1
Sro18_g012850	CAB9497334.1
Sro18_g012860	CAB9497335.1
Sro18_g012880	CAB9497336.1
Sro18_g012890	CAB9497337.1
Sro18_g012900	CAB9497338.1
Sro18_g012910	CAB9497339.1
Sro18_g012920	CAB9497340.1
Sro18_g012930	CAB9497341.1
Sro18_g012940	CAB9497342.1
Sro18_g012950	CAB9497343.1
Sro18_g012960	CAB9497344.1
Sro18_g012970	CAB9497345.1
Sro18_g012980	CAB9497346.1
Sro18_g012990	CAB9497347.1
Sro18_g013000	CAB9497348.1
Sro18_g013010	CAB9497349.1
Sro18_g013020	CAB9497350.1
Sro18_g013021	CAB9497351.1
Sro18_g013030	CAB9497352.1
Sro18_g013040	CAB9497353.1
Sro18_g013050	CAB9497354.1
Sro18_g013060	CAB9497355.1
Sro18_g013070	CAB9497356.1
Sro18_g013080	CAB9497357.1
Sro18_g013090	CAB9497358.1
Sro18_g013100	CAB9497359.1
Sro18_g013110	CAB9497360.1
Sro18_g013120	CAB9497361.1
Sro18_g013130	CAB9497362.1
Sro18_g013140	CAB9497363.1
Sro18_g013150	CAB9497364.1
Sro18_g013160	CAB9497365.1
Sro18_g013170	CAB9497366.1
Sro18_g013180	CAB9497367.1
Sro190_g081680	CAB9504220.1
Sro190_g081690	CAB9504221.1
Sro190_g081700	CAB9504222.1
Sro190_g081710	CAB9504223.1
Sro190_g081720	CAB9504224.1
Sro190_g081730	CAB9504225.1
Sro190_g081740	CAB9504226.1
Sro190_g081750	CAB9504227.1
Sro190_g081760	CAB9504228.1
Sro190_g081770	CAB9504229.1
Sro190_g081780	CAB9504230.1
Sro190_g081790	CAB9504231.1
Sro190_g081800	CAB9504232.1
Sro190_g081810	CAB9504233.1
Sro190_g081820	CAB9504234.1
Sro190_g081830	CAB9504235.1
Sro190_g081840	CAB9504236.1
Sro190_g081850	CAB9504237.1
Sro190_g081860	CAB9504238.1
Sro190_g081870	CAB9504239.1
Sro190_g081880	CAB9504240.1
Sro190_g081890	CAB9504241.1
Sro190_g081891	CAB9504242.1
Sro190_g081900	CAB9504243.1
Sro190_g081910	CAB9504244.1
Sro190_g081920	CAB9504245.1
Sro190_g081930	CAB9504246.1
Sro190_g081940	CAB9504247.1
Sro190_g081950	CAB9504248.1
Sro190_g081960	CAB9504249.1
Sro190_g081970	CAB9504250.1
Sro190_g081980	CAB9504251.1
Sro190_g081990	CAB9504252.1
Sro190_g082000	CAB9504253.1
Sro190_g082001	CAB9504254.1
Sro190_g082010	CAB9504255.1
Sro190_g082020	CAB9504256.1
Sro190_g082030	CAB9504257.1
Sro191_g082040	CAB9504258.1
Sro191_g082050	CAB9504259.1
Sro191_g082060	CAB9504260.1
Sro191_g082070	CAB9504261.1
Sro191_g082080	CAB9504262.1
Sro191_g082090	CAB9504263.1
Sro191_g082100	CAB9504264.1
Sro191_g082110	CAB9504265.1
Sro191_g082120	CAB9504266.1
Sro191_g082130	CAB9504267.1
Sro191_g082140	CAB9504268.1
Sro191_g082150	CAB9504269.1
Sro191_g082160	CAB9504270.1
Sro191_g082170	CAB9504271.1
Sro191_g082180	CAB9504272.1
Sro191_g082190	CAB9504273.1
Sro191_g082200	CAB9504274.1
Sro191_g082210	CAB9504275.1
Sro191_g082220	CAB9504276.1
Sro191_g082230	CAB9504277.1
Sro191_g082240	CAB9504278.1
Sro191_g082250	CAB9504279.1
Sro191_g082260	CAB9504280.1
Sro191_g082270	CAB9504281.1
Sro191_g082280	CAB9504282.1
Sro191_g082290	CAB9504283.1
Sro191_g082300	CAB9504284.1
Sro191_g082310	CAB9504285.1
Sro191_g082320	CAB9504286.1
Sro191_g082330	CAB9504287.1
Sro191_g082340	CAB9504288.1
Sro191_g082350	CAB9504289.1
Sro191_g082360	CAB9504290.1
Sro191_g082361	CAB9504291.1
Sro191_g082370	CAB9504292.1
Sro191_g082380	CAB9504293.1
Sro191_g082390	CAB9504294.1
Sro191_g082400	CAB9504295.1
Sro192_g082410	CAB9504296.1
Sro192_g082420	CAB9504297.1
Sro192_g082430	CAB9504298.1
Sro192_g082440	CAB9504299.1
Sro192_g082450	CAB9504300.1
Sro192_g082451	CAB9504301.1
Sro192_g082460	CAB9504302.1
Sro192_g082470	CAB9504303.1
Sro192_g082480	CAB9504304.1
Sro192_g082490	CAB9504305.1
Sro192_g082500	CAB9504306.1
Sro192_g082510	CAB9504307.1
Sro192_g082520	CAB9504308.1
Sro192_g082521	CAB9504309.1
Sro192_g082522	CAB9504310.1
Sro192_g082523	CAB9504311.1
Sro192_g082530	CAB9504312.1
Sro192_g082540	CAB9504313.1
Sro192_g082541	CAB9504314.1
Sro192_g082550	CAB9504315.1
Sro193_g082560	CAB9504316.1
Sro193_g082570	CAB9504317.1
Sro193_g082580	CAB9504318.1
Sro193_g082590	CAB9504319.1
Sro193_g082600	CAB9504320.1
Sro193_g082610	CAB9504321.1
Sro193_g082620	CAB9504322.1
Sro193_g082630	CAB9504323.1
Sro193_g082640	CAB9504324.1
Sro193_g082650	CAB9504325.1
Sro194_g082660	CAB9504326.1
Sro194_g082670	CAB9504327.1
Sro194_g082680	CAB9504328.1
Sro194_g082690	CAB9504329.1
Sro194_g082700	CAB9504330.1
Sro194_g082710	CAB9504331.1
Sro194_g082720	CAB9504332.1
Sro194_g082730	CAB9504333.1
Sro194_g082740	CAB9504334.1
Sro194_g082750	CAB9504335.1
Sro194_g082760	CAB9504336.1
Sro194_g082770	CAB9504337.1
Sro194_g082780	CAB9504338.1
Sro194_g082790	CAB9504339.1
Sro194_g082800	CAB9504340.1
Sro194_g082810	CAB9504341.1
Sro194_g082820	CAB9504342.1
Sro194_g082830	CAB9504343.1
Sro194_g082840	CAB9504344.1
Sro194_g082850	CAB9504345.1
Sro194_g082860	CAB9504346.1
Sro194_g082870	CAB9504347.1
Sro194_g082880	CAB9504348.1
Sro194_g082890	CAB9504349.1
Sro194_g082900	CAB9504350.1
Sro194_g082910	CAB9504351.1
Sro194_g082920	CAB9504352.1
Sro194_g082930	CAB9504353.1
Sro194_g082940	CAB9504354.1
Sro194_g082950	CAB9504355.1
Sro194_g082960	CAB9504356.1
Sro194_g082970	CAB9504357.1
Sro194_g082980	CAB9504358.1
Sro194_g082990	CAB9504359.1
Sro194_g083000	CAB9504360.1
Sro194_g083010	CAB9504361.1
Sro194_g083020	CAB9504362.1
Sro194_g083030	CAB9504363.1
Sro194_g083040	CAB9504364.1
Sro194_g083050	CAB9504365.1
Sro194_g083060	CAB9504366.1
Sro194_g083070	CAB9504367.1
Sro195_g083080	CAB9504368.1
Sro195_g083090	CAB9504369.1
Sro195_g083100	CAB9504370.1
Sro195_g083110	CAB9504371.1
Sro195_g083120	CAB9504372.1
Sro195_g083130	CAB9504373.1
Sro195_g083140	CAB9504374.1
Sro195_g083150	CAB9504375.1
Sro195_g083160	CAB9504376.1
Sro195_g083170	CAB9504377.1
Sro195_g083180	CAB9504378.1
Sro195_g083190	CAB9504379.1
Sro195_g083200	CAB9504380.1
Sro195_g083210	CAB9504381.1
Sro195_g083220	CAB9504382.1
Sro195_g083230	CAB9504383.1
Sro195_g083240	CAB9504384.1
Sro195_g083250	CAB9504385.1
Sro195_g083260	CAB9504386.1
Sro195_g083270	CAB9504387.1
Sro195_g083280	CAB9504388.1
Sro195_g083290	CAB9504389.1
Sro195_g083300	CAB9504390.1
Sro195_g083310	CAB9504391.1
Sro195_g083320	CAB9504392.1
Sro195_g083330	CAB9504393.1
Sro195_g083340	CAB9504394.1
Sro196_g083350	CAB9504395.1
Sro196_g083360	CAB9504396.1
Sro196_g083370	CAB9504397.1
Sro196_g083380	CAB9504398.1
Sro196_g083390	CAB9504399.1
Sro196_g083400	CAB9504400.1
Sro196_g083410	CAB9504401.1
Sro196_g083420	CAB9504402.1
Sro196_g083430	CAB9504403.1
Sro196_g083440	CAB9504404.1
Sro196_g083450	CAB9504405.1
Sro196_g083460	CAB9504406.1
Sro196_g083470	CAB9504407.1
Sro196_g083480	CAB9504408.1
Sro196_g083490	CAB9504409.1
Sro196_g083500	CAB9504410.1
Sro196_g083510	CAB9504411.1
Sro196_g083520	CAB9504412.1
Sro196_g083530	CAB9504413.1
Sro196_g083540	CAB9504414.1
Sro196_g083550	CAB9504415.1
Sro196_g083560	CAB9504416.1
Sro196_g083570	CAB9504417.1
Sro196_g083580	CAB9504418.1
Sro196_g083590	CAB9504419.1
Sro196_g083600	CAB9504420.1
Sro196_g083610	CAB9504421.1
Sro196_g083620	CAB9504422.1
Sro196_g083630	CAB9504423.1
Sro196_g083640	CAB9504424.1
Sro196_g083650	CAB9504425.1
Sro196_g083660	CAB9504426.1
Sro196_g083670	CAB9504427.1
Sro196_g083680	CAB9504428.1
Sro196_g083690	CAB9504429.1
Sro196_g083700	CAB9504430.1
Sro197_g083710	CAB9504431.1
Sro197_g083720	CAB9504432.1
Sro197_g083730	CAB9504433.1
Sro197_g083740	CAB9504434.1
Sro197_g083750	CAB9504435.1
Sro197_g083760	CAB9504436.1
Sro197_g083770	CAB9504437.1
Sro197_g083780	CAB9504438.1
Sro197_g083790	CAB9504439.1
Sro197_g083800	CAB9504440.1
Sro197_g083810	CAB9504441.1
Sro197_g083820	CAB9504442.1
Sro197_g083830	CAB9504443.1
Sro197_g083840	CAB9504444.1
Sro197_g083850	CAB9504445.1
Sro197_g083860	CAB9504446.1
Sro197_g083861	CAB9504447.1
Sro197_g083870	CAB9504448.1
Sro197_g083871	CAB9504449.1
Sro197_g083880	CAB9504450.1
Sro197_g083890	CAB9504451.1
Sro197_g083900	CAB9504452.1
Sro197_g083910	CAB9504453.1
Sro197_g083920	CAB9504454.1
Sro197_g083930	CAB9504455.1
Sro197_g083940	CAB9504456.1
Sro198_g083950	CAB9504457.1
Sro198_g083960	CAB9504458.1
Sro198_g083970	CAB9504459.1
Sro198_g083980	CAB9504460.1
Sro198_g083990	CAB9504461.1
Sro198_g084000	CAB9504462.1
Sro198_g084010	CAB9504463.1
Sro198_g084011	CAB9504464.1
Sro198_g084020	CAB9504465.1
Sro198_g084030	CAB9504466.1
Sro198_g084040	CAB9504467.1
Sro198_g084050	CAB9504468.1
Sro198_g084060	CAB9504469.1
Sro198_g084070	CAB9504470.1
Sro198_g084071	CAB9504471.1
Sro198_g084080	CAB9504472.1
Sro198_g084090	CAB9504473.1
Sro198_g084100	CAB9504474.1
Sro198_g084110	CAB9504475.1
Sro198_g084120	CAB9504476.1
Sro198_g084130	CAB9504477.1
Sro198_g084140	CAB9504478.1
Sro198_g084150	CAB9504479.1
Sro198_g084160	CAB9504480.1
Sro198_g084170	CAB9504481.1
Sro198_g084180	CAB9504482.1
Sro198_g084190	CAB9504483.1
Sro198_g084200	CAB9504484.1
Sro198_g084210	CAB9504485.1
Sro198_g084220	CAB9504486.1
Sro198_g084230	CAB9504487.1
Sro198_g084240	CAB9504488.1
Sro198_g084250	CAB9504489.1
Sro198_g084260	CAB9504490.1
Sro199_g084270	CAB9504491.1
Sro199_g084280	CAB9504492.1
Sro199_g084290	CAB9504493.1
Sro199_g084300	CAB9504494.1
Sro199_g084310	CAB9504495.1
Sro199_g084320	CAB9504496.1
Sro199_g084330	CAB9504497.1
Sro199_g084340	CAB9504498.1
Sro199_g084350	CAB9504499.1
Sro199_g084360	CAB9504500.1
Sro199_g084370	CAB9504501.1
Sro199_g084380	CAB9504502.1
Sro199_g084390	CAB9504503.1
Sro199_g084400	CAB9504504.1
Sro199_g084410	CAB9504505.1
Sro199_g084420	CAB9504506.1
Sro199_g084430	CAB9504507.1
Sro199_g084440	CAB9504508.1
Sro199_g084450	CAB9504509.1
Sro199_g084460	CAB9504510.1
Sro199_g084470	CAB9504511.1
Sro199_g084480	CAB9504512.1
Sro199_g084490	CAB9504513.1
Sro199_g084500	CAB9504514.1
Sro199_g084510	CAB9504515.1
Sro199_g084520	CAB9504516.1
Sro199_g084530	CAB9504517.1
Sro199_g084540	CAB9504518.1
Sro199_g084550	CAB9504519.1
Sro19_g013190	CAB9497368.1
Sro19_g013200	CAB9497369.1
Sro19_g013210	CAB9497370.1
Sro19_g013220	CAB9497371.1
Sro19_g013230	CAB9497372.1
Sro19_g013240	CAB9497373.1
Sro19_g013250	CAB9497374.1
Sro19_g013260	CAB9497375.1
Sro19_g013270	CAB9497376.1
Sro19_g013280	CAB9497377.1
Sro19_g013290	CAB9497378.1
Sro19_g013300	CAB9497379.1
Sro19_g013310	CAB9497380.1
Sro19_g013320	CAB9497381.1
Sro19_g013330	CAB9497382.1
Sro19_g013340	CAB9497383.1
Sro19_g013350	CAB9497384.1
Sro19_g013360	CAB9497385.1
Sro19_g013370	CAB9497386.1
Sro19_g013380	CAB9497387.1
Sro19_g013390	CAB9497388.1
Sro19_g013400	CAB9497389.1
Sro19_g013410	CAB9497390.1
Sro19_g013420	CAB9497391.1
Sro19_g013430	CAB9497392.1
Sro19_g013440	CAB9497393.1
Sro19_g013450	CAB9497394.1
Sro19_g013460	CAB9497395.1
Sro19_g013470	CAB9497396.1
Sro19_g013480	CAB9497397.1
Sro19_g013490	CAB9497398.1
Sro19_g013500	CAB9497399.1
Sro19_g013510	CAB9497400.1
Sro19_g013520	CAB9497401.1
Sro19_g013530	CAB9497402.1
Sro19_g013531	CAB9497403.1
Sro19_g013540	CAB9497404.1
Sro19_g013550	CAB9497405.1
Sro19_g013560	CAB9497406.1
Sro19_g013570	CAB9497407.1
Sro19_g013580	CAB9497408.1
Sro19_g013590	CAB9497409.1
Sro19_g013600	CAB9497410.1
Sro19_g013610	CAB9497411.1
Sro19_g013620	CAB9497412.1
Sro19_g013630	CAB9497413.1
Sro19_g013640	CAB9497414.1
Sro19_g013650	CAB9497415.1
Sro19_g013660	CAB9497416.1
Sro19_g013670	CAB9497417.1
Sro19_g013671	CAB9497418.1
Sro19_g013680	CAB9497419.1
Sro19_g013690	CAB9497420.1
Sro19_g013700	CAB9497421.1
Sro19_g013710	CAB9497422.1
Sro19_g013720	CAB9497423.1
Sro19_g013730	CAB9497424.1
Sro19_g013740	CAB9497425.1
Sro19_g013750	CAB9497426.1
Sro19_g013760	CAB9497427.1
Sro19_g013770	CAB9497428.1
Sro1_g000010	CAB9496022.1
Sro1_g000020	CAB9496023.1
Sro1_g000030	CAB9496024.1
Sro1_g000040	CAB9496025.1
Sro1_g000050	CAB9496026.1
Sro1_g000060	CAB9496027.1
Sro1_g000070	CAB9496028.1
Sro1_g000080	CAB9496029.1
Sro1_g000090	CAB9496030.1
Sro1_g000100	CAB9496031.1
Sro1_g000110	CAB9496032.1
Sro1_g000120	CAB9496033.1
Sro1_g000130	CAB9496034.1
Sro1_g000140	CAB9496035.1
Sro1_g000150	CAB9496036.1
Sro1_g000160	CAB9496037.1
Sro1_g000170	CAB9496038.1
Sro1_g000180	CAB9496039.1
Sro1_g000190	CAB9496040.1
Sro1_g000200	CAB9496041.1
Sro1_g000210	CAB9496042.1
Sro1_g000220	CAB9496043.1
Sro1_g000230	CAB9496044.1
Sro1_g000240	CAB9496045.1
Sro1_g000250	CAB9496046.1
Sro1_g000260	CAB9496047.1
Sro1_g000270	CAB9496048.1
Sro1_g000280	CAB9496049.1
Sro1_g000290	CAB9496050.1
Sro1_g000300	CAB9496051.1
Sro1_g000310	CAB9496052.1
Sro1_g000320	CAB9496053.1
Sro1_g000330	CAB9496054.1
Sro1_g000340	CAB9496055.1
Sro1_g000350	CAB9496056.1
Sro1_g000360	CAB9496057.1
Sro1_g000370	CAB9496058.1
Sro1_g000380	CAB9496059.1
Sro1_g000390	CAB9496060.1
Sro1_g000400	CAB9496061.1
Sro1_g000410	CAB9496062.1
Sro1_g000420	CAB9496063.1
Sro1_g000430	CAB9496064.1
Sro1_g000440	CAB9496065.1
Sro1_g000450	CAB9496066.1
Sro1_g000460	CAB9496067.1
Sro1_g000470	CAB9496068.1
Sro1_g000480	CAB9496069.1
Sro1_g000490	CAB9496070.1
Sro1_g000500	CAB9496071.1
Sro1_g000510	CAB9496072.1
Sro1_g000520	CAB9496073.1
Sro1_g000530	CAB9496074.1
Sro1_g000540	CAB9496075.1
Sro1_g000550	CAB9496076.1
Sro1_g000560	CAB9496077.1
Sro1_g000570	CAB9496078.1
Sro1_g000580	CAB9496079.1
Sro1_g000590	CAB9496080.1
Sro1_g000600	CAB9496081.1
Sro1_g000610	CAB9496082.1
Sro1_g000620	CAB9496083.1
Sro1_g000630	CAB9496084.1
Sro1_g000640	CAB9496085.1
Sro1_g000650	CAB9496086.1
Sro1_g000660	CAB9496087.1
Sro1_g000670	CAB9496088.1
Sro1_g000671	CAB9496089.1
Sro1_g000680	CAB9496090.1
Sro1_g000690	CAB9496091.1
Sro1_g000700	CAB9496092.1
Sro1_g000710	CAB9496093.1
Sro1_g000720	CAB9496094.1
Sro1_g000730	CAB9496095.1
Sro1_g000740	CAB9496096.1
Sro1_g000750	CAB9496097.1
Sro1_g000760	CAB9496098.1
Sro1_g000770	CAB9496099.1
Sro1_g000780	CAB9496100.1
Sro1_g000790	CAB9496101.1
Sro1_g000800	CAB9496102.1
Sro1_g000810	CAB9496103.1
Sro1_g000820	CAB9496104.1
Sro1_g000830	CAB9496105.1
Sro1_g000840	CAB9496106.1
Sro1_g000850	CAB9496107.1
Sro1_g000860	CAB9496108.1
Sro1_g000870	CAB9496109.1
Sro1_g000880	CAB9496110.1
Sro1_g000890	CAB9496111.1
Sro1_g000900	CAB9496112.1
Sro1_g000910	CAB9496113.1
Sro1_g000920	CAB9496114.1
Sro1_g000921	CAB9496115.1
Sro1_g000930	CAB9496116.1
Sro1_g000940	CAB9496117.1
Sro1_g000950	CAB9496118.1
Sro1_g000960	CAB9496119.1
Sro1_g000970	CAB9496120.1
Sro1_g000980	CAB9496121.1
Sro1_g000990	CAB9496122.1
Sro1_g001000	CAB9496123.1
Sro1_g001010	CAB9496124.1
Sro1_g001020	CAB9496125.1
Sro1_g001030	CAB9496126.1
Sro1_g001040	CAB9496127.1
Sro1_g001050	CAB9496128.1
Sro1_g001060	CAB9496129.1
Sro200_g014471	CAB9504520.1
Sro200_g084560	CAB9504521.1
Sro200_g084570	CAB9504522.1
Sro200_g084580	CAB9504523.1
Sro200_g084590	CAB9504524.1
Sro200_g084600	CAB9504525.1
Sro200_g084610	CAB9504526.1
Sro200_g084620	CAB9504527.1
Sro200_g084630	CAB9504528.1
Sro200_g084640	CAB9504529.1
Sro200_g084650	CAB9504530.1
Sro200_g084660	CAB9504531.1
Sro200_g084670	CAB9504532.1
Sro200_g084680	CAB9504533.1
Sro200_g084690	CAB9504534.1
Sro200_g084700	CAB9504535.1
Sro200_g084710	CAB9504536.1
Sro200_g084720	CAB9504537.1
Sro200_g084730	CAB9504538.1
Sro200_g084740	CAB9504539.1
Sro200_g084750	CAB9504540.1
Sro200_g084760	CAB9504541.1
Sro200_g084770	CAB9504542.1
Sro200_g084780	CAB9504543.1
Sro200_g084790	CAB9504544.1
Sro200_g084800	CAB9504545.1
Sro200_g084810	CAB9504546.1
Sro200_g084820	CAB9504547.1
Sro200_g084830	CAB9504548.1
Sro200_g084840	CAB9504549.1
Sro200_g084850	CAB9504550.1
Sro200_g084860	CAB9504551.1
Sro200_g084870	CAB9504552.1
Sro200_g084880	CAB9504553.1
Sro200_g084890	CAB9504554.1
Sro200_g084900	CAB9504555.1
Sro200_g084910	CAB9504556.1
Sro201_g084920	CAB9504557.1
Sro201_g084930	CAB9504558.1
Sro201_g084940	CAB9504559.1
Sro201_g084950	CAB9504560.1
Sro201_g084960	CAB9504561.1
Sro201_g084970	CAB9504562.1
Sro201_g084980	CAB9504563.1
Sro201_g084990	CAB9504564.1
Sro201_g085000	CAB9504565.1
Sro201_g085010	CAB9504566.1
Sro201_g085020	CAB9504567.1
Sro201_g085030	CAB9504568.1
Sro201_g085040	CAB9504569.1
Sro201_g085050	CAB9504570.1
Sro201_g085060	CAB9504571.1
Sro201_g085070	CAB9504572.1
Sro201_g085080	CAB9504573.1
Sro201_g085090	CAB9504574.1
Sro201_g085100	CAB9504575.1
Sro201_g085110	CAB9504576.1
Sro201_g085120	CAB9504577.1
Sro201_g085130	CAB9504578.1
Sro201_g085140	CAB9504579.1
Sro201_g085150	CAB9504580.1
Sro201_g085160	CAB9504581.1
Sro201_g085170	CAB9504582.1
Sro201_g085180	CAB9504583.1
Sro201_g085190	CAB9504584.1
Sro201_g085200	CAB9504585.1
Sro201_g085210	CAB9504586.1
Sro201_g085220	CAB9504587.1
Sro201_g085230	CAB9504588.1
Sro201_g085240	CAB9504589.1
Sro201_g085250	CAB9504590.1
Sro201_g085260	CAB9504591.1
Sro202_g085270	CAB9504592.1
Sro202_g085280	CAB9504593.1
Sro202_g085290	CAB9504594.1
Sro202_g085300	CAB9504595.1
Sro202_g085310	CAB9504596.1
Sro202_g085320	CAB9504597.1
Sro202_g085330	CAB9504598.1
Sro202_g085340	CAB9504599.1
Sro202_g085350	CAB9504600.1
Sro202_g085360	CAB9504601.1
Sro202_g085370	CAB9504602.1
Sro202_g085380	CAB9504603.1
Sro202_g085390	CAB9504604.1
Sro202_g085400	CAB9504605.1
Sro202_g085410	CAB9504606.1
Sro202_g085420	CAB9504607.1
Sro202_g085430	CAB9504608.1
Sro202_g085440	CAB9504609.1
Sro202_g085450	CAB9504610.1
Sro202_g085460	CAB9504611.1
Sro202_g085470	CAB9504612.1
Sro202_g085480	CAB9504613.1
Sro202_g085490	CAB9504614.1
Sro202_g085500	CAB9504615.1
Sro202_g085501	CAB9504616.1
Sro202_g085510	CAB9504617.1
Sro202_g085520	CAB9504618.1
Sro202_g085530	CAB9504619.1
Sro203_g085540	CAB9504620.1
Sro203_g085550	CAB9504621.1
Sro203_g085560	CAB9504622.1
Sro203_g085570	CAB9504623.1
Sro203_g085580	CAB9504624.1
Sro203_g085590	CAB9504625.1
Sro203_g085600	CAB9504626.1
Sro203_g085610	CAB9504627.1
Sro203_g085620	CAB9504628.1
Sro203_g085630	CAB9504629.1
Sro203_g085640	CAB9504630.1
Sro203_g085650	CAB9504631.1
Sro203_g085660	CAB9504632.1
Sro203_g085670	CAB9504633.1
Sro203_g085680	CAB9504634.1
Sro203_g085690	CAB9504635.1
Sro203_g085700	CAB9504636.1
Sro203_g085710	CAB9504637.1
Sro203_g085720	CAB9504638.1
Sro203_g085730	CAB9504639.1
Sro204_g085740	CAB9504640.1
Sro204_g085750	CAB9504641.1
Sro204_g085760	CAB9504642.1
Sro204_g085770	CAB9504643.1
Sro204_g085780	CAB9504644.1
Sro204_g085790	CAB9504645.1
Sro204_g085800	CAB9504646.1
Sro204_g085810	CAB9504647.1
Sro204_g085820	CAB9504648.1
Sro204_g085830	CAB9504649.1
Sro204_g085840	CAB9504650.1
Sro204_g085850	CAB9504651.1
Sro204_g085860	CAB9504652.1
Sro204_g085870	CAB9504653.1
Sro204_g085880	CAB9504654.1
Sro204_g085890	CAB9504655.1
Sro204_g085900	CAB9504656.1
Sro204_g085910	CAB9504657.1
Sro204_g085920	CAB9504658.1
Sro204_g085930	CAB9504659.1
Sro204_g085940	CAB9504660.1
Sro204_g085950	CAB9504661.1
Sro204_g085960	CAB9504662.1
Sro204_g085970	CAB9504663.1
Sro204_g085980	CAB9504664.1
Sro204_g085990	CAB9504665.1
Sro204_g086000	CAB9504666.1
Sro204_g086010	CAB9504667.1
Sro204_g086020	CAB9504668.1
Sro204_g086030	CAB9504669.1
Sro204_g086040	CAB9504670.1
Sro204_g086050	CAB9504671.1
Sro204_g086060	CAB9504672.1
Sro205_g086070	CAB9504673.1
Sro205_g086080	CAB9504674.1
Sro205_g086090	CAB9504675.1
Sro205_g086100	CAB9504676.1
Sro205_g086110	CAB9504677.1
Sro205_g086120	CAB9504678.1
Sro205_g086130	CAB9504679.1
Sro205_g086140	CAB9504680.1
Sro205_g086150	CAB9504681.1
Sro205_g086160	CAB9504682.1
Sro205_g086170	CAB9504683.1
Sro205_g086180	CAB9504684.1
Sro205_g086190	CAB9504685.1
Sro205_g086200	CAB9504686.1
Sro205_g086210	CAB9504687.1
Sro205_g086220	CAB9504688.1
Sro205_g086230	CAB9504689.1
Sro205_g086240	CAB9504690.1
Sro205_g086250	CAB9504691.1
Sro205_g086260	CAB9504692.1
Sro205_g086270	CAB9504693.1
Sro205_g086280	CAB9504694.1
Sro205_g086290	CAB9504695.1
Sro205_g086300	CAB9504696.1
Sro205_g086310	CAB9504697.1
Sro205_g086320	CAB9504698.1
Sro205_g086330	CAB9504699.1
Sro205_g086340	CAB9504700.1
Sro205_g086350	CAB9504701.1
Sro205_g086360	CAB9504702.1
Sro205_g086370	CAB9504703.1
Sro205_g086380	CAB9504704.1
Sro205_g086390	CAB9504705.1
Sro206_g086400	CAB9504706.1
Sro206_g086410	CAB9504707.1
Sro206_g086420	CAB9504708.1
Sro206_g086430	CAB9504709.1
Sro206_g086440	CAB9504710.1
Sro206_g086450	CAB9504711.1
Sro206_g086460	CAB9504712.1
Sro206_g086470	CAB9504713.1
Sro206_g086480	CAB9504714.1
Sro206_g086490	CAB9504715.1
Sro206_g086500	CAB9504716.1
Sro206_g086510	CAB9504717.1
Sro206_g086520	CAB9504718.1
Sro206_g086530	CAB9504719.1
Sro206_g086540	CAB9504720.1
Sro206_g086550	CAB9504721.1
Sro206_g086560	CAB9504722.1
Sro206_g086570	CAB9504723.1
Sro206_g086580	CAB9504724.1
Sro206_g086590	CAB9504725.1
Sro206_g086600	CAB9504726.1
Sro206_g086610	CAB9504727.1
Sro206_g086620	CAB9504728.1
Sro206_g086630	CAB9504729.1
Sro206_g086640	CAB9504730.1
Sro206_g086650	CAB9504731.1
Sro206_g086660	CAB9504732.1
Sro206_g086670	CAB9504733.1
Sro206_g086680	CAB9504734.1
Sro206_g086690	CAB9504735.1
Sro206_g086700	CAB9504736.1
Sro206_g086710	CAB9504737.1
Sro207_g086720	CAB9504738.1
Sro207_g086730	CAB9504739.1
Sro207_g086740	CAB9504740.1
Sro207_g086750	CAB9504741.1
Sro207_g086760	CAB9504742.1
Sro207_g086770	CAB9504743.1
Sro207_g086780	CAB9504744.1
Sro207_g086790	CAB9504745.1
Sro207_g086800	CAB9504746.1
Sro207_g086810	CAB9504747.1
Sro207_g086820	CAB9504748.1
Sro207_g086830	CAB9504749.1
Sro207_g086840	CAB9504750.1
Sro207_g086850	CAB9504751.1
Sro207_g086860	CAB9504752.1
Sro207_g086870	CAB9504753.1
Sro207_g086880	CAB9504754.1
Sro207_g086890	CAB9504755.1
Sro207_g086900	CAB9504756.1
Sro207_g086910	CAB9504757.1
Sro207_g086911	CAB9504758.1
Sro207_g086920	CAB9504759.1
Sro207_g086930	CAB9504760.1
Sro207_g086940	CAB9504761.1
Sro207_g086950	CAB9504762.1
Sro207_g086960	CAB9504763.1
Sro207_g086970	CAB9504764.1
Sro207_g086980	CAB9504765.1
Sro207_g086990	CAB9504766.1
Sro208_g087000	CAB9504767.1
Sro208_g087010	CAB9504768.1
Sro208_g087020	CAB9504769.1
Sro208_g087030	CAB9504770.1
Sro208_g087040	CAB9504771.1
Sro208_g087050	CAB9504772.1
Sro208_g087060	CAB9504773.1
Sro208_g087070	CAB9504774.1
Sro208_g087080	CAB9504775.1
Sro208_g087081	CAB9504776.1
Sro208_g087090	CAB9504777.1
Sro208_g087100	CAB9504778.1
Sro208_g087110	CAB9504779.1
Sro208_g087120	CAB9504780.1
Sro208_g087130	CAB9504781.1
Sro208_g087140	CAB9504782.1
Sro208_g087150	CAB9504783.1
Sro208_g087160	CAB9504784.1
Sro208_g087170	CAB9504785.1
Sro208_g087180	CAB9504786.1
Sro208_g087190	CAB9504787.1
Sro208_g087200	CAB9504788.1
Sro208_g087210	CAB9504789.1
Sro208_g087220	CAB9504790.1
Sro209_g087230	CAB9504791.1
Sro209_g087240	CAB9504792.1
Sro209_g087250	CAB9504793.1
Sro209_g087260	CAB9504794.1
Sro209_g087270	CAB9504795.1
Sro209_g087280	CAB9504796.1
Sro209_g087290	CAB9504797.1
Sro209_g087300	CAB9504798.1
Sro209_g087310	CAB9504799.1
Sro209_g087320	CAB9504800.1
Sro209_g087321	CAB9504801.1
Sro209_g087330	CAB9504802.1
Sro209_g087340	CAB9504803.1
Sro209_g087350	CAB9504804.1
Sro209_g087360	CAB9504805.1
Sro209_g087370	CAB9504806.1
Sro209_g087380	CAB9504807.1
Sro209_g087390	CAB9504808.1
Sro209_g087400	CAB9504809.1
Sro209_g087410	CAB9504810.1
Sro209_g087420	CAB9504811.1
Sro209_g087430	CAB9504812.1
Sro209_g087440	CAB9504813.1
Sro209_g087450	CAB9504814.1
Sro209_g087460	CAB9504815.1
Sro209_g087470	CAB9504816.1
Sro209_g087480	CAB9504817.1
Sro20_g013780	CAB9497429.1
Sro20_g013790	CAB9497430.1
Sro20_g013800	CAB9497431.1
Sro20_g013810	CAB9497432.1
Sro20_g013820	CAB9497433.1
Sro20_g013830	CAB9497434.1
Sro20_g013840	CAB9497435.1
Sro20_g013850	CAB9497436.1
Sro20_g013860	CAB9497437.1
Sro20_g013870	CAB9497438.1
Sro20_g013880	CAB9497439.1
Sro20_g013890	CAB9497440.1
Sro20_g013900	CAB9497441.1
Sro20_g013910	CAB9497442.1
Sro20_g013920	CAB9497443.1
Sro20_g013930	CAB9497444.1
Sro20_g013940	CAB9497445.1
Sro20_g013950	CAB9497446.1
Sro20_g013960	CAB9497447.1
Sro20_g013970	CAB9497448.1
Sro20_g013980	CAB9497449.1
Sro20_g013990	CAB9497450.1
Sro20_g014000	CAB9497451.1
Sro20_g014010	CAB9497452.1
Sro20_g014020	CAB9497453.1
Sro20_g014030	CAB9497454.1
Sro20_g014040	CAB9497455.1
Sro20_g014050	CAB9497456.1
Sro20_g014051	CAB9497457.1
Sro20_g014060	CAB9497458.1
Sro20_g014070	CAB9497459.1
Sro20_g014080	CAB9497460.1
Sro20_g014090	CAB9497461.1
Sro20_g014100	CAB9497462.1
Sro20_g014110	CAB9497463.1
Sro20_g014120	CAB9497464.1
Sro20_g014130	CAB9497465.1
Sro20_g014140	CAB9497466.1
Sro20_g014150	CAB9497467.1
Sro20_g014160	CAB9497468.1
Sro20_g014170	CAB9497469.1
Sro20_g014180	CAB9497470.1
Sro20_g014190	CAB9497471.1
Sro20_g014200	CAB9497472.1
Sro20_g014210	CAB9497473.1
Sro20_g014220	CAB9497474.1
Sro20_g014230	CAB9497475.1
Sro20_g014240	CAB9497476.1
Sro20_g014250	CAB9497477.1
Sro20_g014260	CAB9497478.1
Sro20_g014270	CAB9497479.1
Sro20_g014280	CAB9497480.1
Sro20_g014290	CAB9497481.1
Sro20_g014300	CAB9497482.1
Sro20_g014310	CAB9497483.1
Sro20_g014320	CAB9497484.1
Sro20_g014330	CAB9497485.1
Sro20_g014340	CAB9497486.1
Sro20_g014350	CAB9497487.1
Sro20_g014360	CAB9497488.1
Sro20_g014370	CAB9497489.1
Sro20_g014380	CAB9497490.1
Sro20_g014390	CAB9497491.1
Sro20_g014400	CAB9497492.1
Sro20_g014410	CAB9497493.1
Sro20_g014420	CAB9497494.1
Sro20_g014430	CAB9497495.1
Sro20_g014440	CAB9497496.1
Sro20_g014450	CAB9497497.1
Sro20_g014460	CAB9497498.1
Sro20_g014461	CAB9497499.1
Sro20_g014470	CAB9497500.1
Sro210_g087490	CAB9504818.1
Sro210_g087500	CAB9504819.1
Sro210_g087510	CAB9504820.1
Sro210_g087520	CAB9504821.1
Sro210_g087530	CAB9504822.1
Sro210_g087540	CAB9504823.1
Sro210_g087550	CAB9504824.1
Sro210_g087560	CAB9504825.1
Sro210_g087570	CAB9504826.1
Sro210_g087580	CAB9504827.1
Sro210_g087590	CAB9504828.1
Sro210_g087600	CAB9504829.1
Sro210_g087610	CAB9504830.1
Sro210_g087620	CAB9504831.1
Sro210_g087630	CAB9504832.1
Sro210_g087640	CAB9504833.1
Sro210_g087650	CAB9504834.1
Sro210_g087660	CAB9504835.1
Sro210_g087670	CAB9504836.1
Sro210_g087680	CAB9504837.1
Sro210_g087690	CAB9504838.1
Sro210_g087700	CAB9504839.1
Sro210_g087710	CAB9504840.1
Sro210_g087720	CAB9504841.1
Sro210_g087730	CAB9504842.1
Sro210_g087740	CAB9504843.1
Sro210_g087750	CAB9504844.1
Sro210_g087760	CAB9504845.1
Sro210_g087770	CAB9504846.1
Sro210_g087780	CAB9504847.1
Sro211_g087790	CAB9504848.1
Sro211_g087800	CAB9504849.1
Sro211_g087810	CAB9504850.1
Sro211_g087820	CAB9504851.1
Sro211_g087830	CAB9504852.1
Sro211_g087840	CAB9504853.1
Sro211_g087850	CAB9504854.1
Sro211_g087860	CAB9504855.1
Sro211_g087870	CAB9504856.1
Sro211_g087871	CAB9504857.1
Sro211_g087880	CAB9504858.1
Sro211_g087890	CAB9504859.1
Sro211_g087900	CAB9504860.1
Sro211_g087910	CAB9504861.1
Sro211_g087920	CAB9504862.1
Sro211_g087930	CAB9504863.1
Sro211_g087940	CAB9504864.1
Sro211_g087950	CAB9504865.1
Sro211_g087960	CAB9504866.1
Sro211_g087970	CAB9504867.1
Sro211_g087980	CAB9504868.1
Sro211_g087990	CAB9504869.1
Sro211_g088000	CAB9504870.1
Sro211_g088010	CAB9504871.1
Sro211_g088020	CAB9504872.1
Sro211_g088030	CAB9504873.1
Sro211_g088040	CAB9504874.1
Sro211_g088050	CAB9504875.1
Sro212_g088060	CAB9504876.1
Sro212_g088070	CAB9504877.1
Sro212_g088080	CAB9504878.1
Sro212_g088090	CAB9504879.1
Sro212_g088100	CAB9504880.1
Sro212_g088110	CAB9504881.1
Sro212_g088120	CAB9504882.1
Sro212_g088130	CAB9504883.1
Sro212_g088140	CAB9504884.1
Sro212_g088150	CAB9504885.1
Sro212_g088160	CAB9504886.1
Sro212_g088170	CAB9504887.1
Sro212_g088180	CAB9504888.1
Sro212_g088190	CAB9504889.1
Sro212_g088200	CAB9504890.1
Sro212_g088210	CAB9504891.1
Sro212_g088220	CAB9504892.1
Sro212_g088230	CAB9504893.1
Sro212_g088240	CAB9504894.1
Sro212_g088250	CAB9504895.1
Sro213_g088260	CAB9504897.1
Sro213_g088270	CAB9504898.1
Sro213_g088280	CAB9504899.1
Sro213_g088290	CAB9504900.1
Sro213_g088300	CAB9504901.1
Sro213_g088310	CAB9504902.1
Sro213_g088320	CAB9504903.1
Sro213_g088330	CAB9504904.1
Sro213_g088340	CAB9504905.1
Sro213_g088350	CAB9504906.1
Sro213_g088360	CAB9504907.1
Sro213_g088370	CAB9504908.1
Sro213_g088380	CAB9504909.1
Sro213_g088390	CAB9504910.1
Sro213_g088400	CAB9504911.1
Sro213_g088410	CAB9504912.1
Sro213_g088420	CAB9504913.1
Sro213_g088430	CAB9504914.1
Sro213_g088440	CAB9504915.1
Sro213_g088450	CAB9504916.1
Sro213_g088460	CAB9504917.1
Sro213_g088470	CAB9504918.1
Sro213_g088480	CAB9504919.1
Sro213_g088490	CAB9504920.1
Sro213_g088500	CAB9504921.1
Sro213_g088510	CAB9504922.1
Sro213_g088520	CAB9504923.1
Sro213_g088530	CAB9504924.1
Sro213_g088540	CAB9504925.1
Sro213_g088550	CAB9504926.1
Sro213_g088560	CAB9504927.1
Sro213_g088570	CAB9504928.1
Sro213_g088580	CAB9504929.1
Sro213_g088590	CAB9504930.1
Sro213_g088600	CAB9504931.1
Sro213_g088610	CAB9504932.1
Sro213_g088611	CAB9504933.1
Sro213_g315811	CAB9504896.1
Sro214_g088620	CAB9504934.1
Sro214_g088630	CAB9504935.1
Sro214_g088640	CAB9504936.1
Sro214_g088641	CAB9504938.1
Sro214_g088650	CAB9504937.1
Sro214_g088660	CAB9504939.1
Sro214_g088670	CAB9504940.1
Sro214_g088680	CAB9504941.1
Sro214_g088690	CAB9504942.1
Sro214_g088700	CAB9504943.1
Sro214_g088710	CAB9504944.1
Sro214_g088720	CAB9504945.1
Sro214_g088730	CAB9504946.1
Sro214_g088740	CAB9504947.1
Sro214_g088750	CAB9504948.1
Sro214_g088760	CAB9504949.1
Sro214_g088761	CAB9504950.1
Sro214_g088770	CAB9504951.1
Sro214_g088780	CAB9504952.1
Sro214_g088790	CAB9504953.1
Sro214_g088800	CAB9504954.1
Sro214_g088810	CAB9504955.1
Sro214_g088820	CAB9504956.1
Sro214_g088830	CAB9504957.1
Sro214_g088840	CAB9504958.1
Sro214_g088850	CAB9504959.1
Sro214_g088860	CAB9504960.1
Sro214_g088870	CAB9504961.1
Sro214_g088890	CAB9504962.1
Sro215_g088900	CAB9504963.1
Sro215_g088910	CAB9504964.1
Sro215_g088920	CAB9504965.1
Sro215_g088930	CAB9504966.1
Sro215_g088940	CAB9504967.1
Sro215_g088941	CAB9504968.1
Sro215_g088950	CAB9504969.1
Sro215_g088960	CAB9504970.1
Sro215_g088970	CAB9504971.1
Sro215_g088980	CAB9504972.1
Sro215_g088990	CAB9504973.1
Sro215_g089000	CAB9504974.1
Sro215_g089010	CAB9504975.1
Sro215_g089020	CAB9504976.1
Sro215_g089030	CAB9504977.1
Sro215_g089040	CAB9504978.1
Sro215_g089050	CAB9504979.1
Sro215_g089060	CAB9504980.1
Sro215_g089070	CAB9504981.1
Sro215_g089080	CAB9504982.1
Sro215_g089090	CAB9504983.1
Sro215_g089100	CAB9504984.1
Sro215_g089110	CAB9504985.1
Sro215_g089120	CAB9504986.1
Sro215_g089130	CAB9504987.1
Sro215_g089140	CAB9504988.1
Sro215_g089150	CAB9504989.1
Sro215_g089160	CAB9504990.1
Sro215_g089170	CAB9504991.1
Sro216_g089180	CAB9504992.1
Sro216_g089190	CAB9504993.1
Sro216_g089200	CAB9504994.1
Sro216_g089210	CAB9504995.1
Sro216_g089220	CAB9504996.1
Sro216_g089230	CAB9504997.1
Sro216_g089240	CAB9504998.1
Sro216_g089250	CAB9504999.1
Sro216_g089260	CAB9505000.1
Sro216_g089270	CAB9505001.1
Sro216_g089280	CAB9505002.1
Sro216_g089290	CAB9505003.1
Sro216_g089300	CAB9505004.1
Sro216_g089310	CAB9505005.1
Sro216_g089320	CAB9505006.1
Sro216_g089330	CAB9505007.1
Sro216_g089340	CAB9505008.1
Sro216_g089350	CAB9505009.1
Sro216_g089360	CAB9505010.1
Sro216_g089370	CAB9505011.1
Sro216_g089380	CAB9505012.1
Sro216_g089390	CAB9505013.1
Sro216_g089400	CAB9505014.1
Sro216_g089410	CAB9505015.1
Sro216_g089420	CAB9505016.1
Sro216_g089430	CAB9505017.1
Sro216_g089440	CAB9505018.1
Sro216_g089450	CAB9505019.1
Sro216_g089460	CAB9505020.1
Sro216_g089470	CAB9505021.1
Sro216_g089480	CAB9505022.1
Sro216_g089490	CAB9505023.1
Sro216_g089500	CAB9505024.1
Sro216_g089510	CAB9505025.1
Sro216_g089520	CAB9505026.1
Sro216_g089530	CAB9505027.1
Sro216_g089540	CAB9505028.1
Sro216_g089550	CAB9505029.1
Sro216_g089560	CAB9505030.1
Sro216_g089570	CAB9505031.1
Sro217_g089580	CAB9505032.1
Sro217_g089590	CAB9505033.1
Sro217_g089600	CAB9505034.1
Sro217_g089610	CAB9505035.1
Sro217_g089620	CAB9505036.1
Sro217_g089630	CAB9505037.1
Sro217_g089640	CAB9505038.1
Sro217_g089650	CAB9505039.1
Sro217_g089660	CAB9505040.1
Sro217_g089661	CAB9505041.1
Sro217_g089670	CAB9505042.1
Sro217_g089680	CAB9505043.1
Sro217_g089690	CAB9505044.1
Sro217_g089700	CAB9505045.1
Sro217_g089710	CAB9505046.1
Sro217_g089720	CAB9505047.1
Sro217_g089730	CAB9505048.1
Sro217_g089740	CAB9505049.1
Sro217_g089750	CAB9505050.1
Sro217_g089760	CAB9505051.1
Sro217_g089770	CAB9505052.1
Sro217_g089780	CAB9505053.1
Sro217_g089790	CAB9505054.1
Sro217_g089800	CAB9505055.1
Sro217_g089810	CAB9505056.1
Sro217_g089820	CAB9505057.1
Sro217_g089830	CAB9505058.1
Sro217_g089840	CAB9505059.1
Sro217_g089850	CAB9505060.1
Sro217_g089860	CAB9505061.1
Sro217_g089870	CAB9505062.1
Sro217_g089880	CAB9505063.1
Sro217_g089890	CAB9505064.1
Sro217_g089900	CAB9505065.1
Sro217_g089910	CAB9505066.1
Sro217_g089920	CAB9505067.1
Sro217_g089930	CAB9505068.1
Sro217_g089940	CAB9505069.1
Sro218_g089950	CAB9505070.1
Sro218_g089960	CAB9505071.1
Sro218_g089970	CAB9505072.1
Sro218_g089980	CAB9505073.1
Sro218_g089990	CAB9505074.1
Sro218_g090000	CAB9505075.1
Sro218_g090010	CAB9505076.1
Sro218_g090020	CAB9505077.1
Sro218_g090030	CAB9505078.1
Sro218_g090040	CAB9505079.1
Sro218_g090050	CAB9505080.1
Sro218_g090060	CAB9505081.1
Sro218_g090070	CAB9505082.1
Sro218_g090080	CAB9505083.1
Sro218_g090090	CAB9505084.1
Sro218_g090100	CAB9505085.1
Sro218_g090110	CAB9505086.1
Sro218_g090120	CAB9505087.1
Sro218_g090130	CAB9505088.1
Sro218_g090140	CAB9505089.1
Sro218_g090150	CAB9505090.1
Sro218_g090160	CAB9505091.1
Sro218_g090170	CAB9505092.1
Sro218_g090180	CAB9505093.1
Sro218_g090190	CAB9505094.1
Sro218_g090200	CAB9505095.1
Sro218_g090210	CAB9505096.1
Sro218_g090220	CAB9505097.1
Sro218_g090230	CAB9505098.1
Sro218_g090240	CAB9505099.1
Sro219_g090250	CAB9505100.1
Sro219_g090260	CAB9505101.1
Sro219_g090270	CAB9505102.1
Sro219_g090290	CAB9505103.1
Sro219_g090300	CAB9505104.1
Sro219_g090310	CAB9505105.1
Sro219_g090320	CAB9505106.1
Sro219_g090330	CAB9505107.1
Sro219_g090340	CAB9505108.1
Sro219_g090350	CAB9505109.1
Sro219_g090360	CAB9505110.1
Sro219_g090370	CAB9505111.1
Sro219_g090380	CAB9505112.1
Sro219_g090390	CAB9505113.1
Sro219_g090400	CAB9505114.1
Sro219_g090410	CAB9505115.1
Sro219_g090420	CAB9505116.1
Sro219_g090430	CAB9505117.1
Sro219_g090440	CAB9505118.1
Sro219_g090450	CAB9505119.1
Sro219_g090460	CAB9505120.1
Sro219_g090470	CAB9505121.1
Sro219_g090480	CAB9505122.1
Sro219_g090490	CAB9505123.1
Sro219_g090500	CAB9505124.1
Sro219_g090510	CAB9505125.1
Sro219_g090520	CAB9505126.1
Sro219_g090530	CAB9505127.1
Sro219_g090540	CAB9505128.1
Sro219_g090550	CAB9505129.1
Sro219_g090560	CAB9505130.1
Sro219_g090570	CAB9505131.1
Sro219_g090580	CAB9505132.1
Sro219_g090590	CAB9505133.1
Sro219_g090591	CAB9505134.1
Sro219_g090600	CAB9505135.1
Sro219_g090610	CAB9505136.1
Sro21_g014480	CAB9497501.1
Sro21_g014490	CAB9497502.1
Sro21_g014500	CAB9497503.1
Sro21_g014510	CAB9497504.1
Sro21_g014520	CAB9497505.1
Sro21_g014530	CAB9497506.1
Sro21_g014540	CAB9497507.1
Sro21_g014550	CAB9497508.1
Sro21_g014560	CAB9497509.1
Sro21_g014570	CAB9497510.1
Sro21_g014580	CAB9497511.1
Sro21_g014590	CAB9497512.1
Sro21_g014600	CAB9497513.1
Sro21_g014610	CAB9497514.1
Sro21_g014620	CAB9497515.1
Sro21_g014630	CAB9497516.1
Sro21_g014640	CAB9497517.1
Sro21_g014650	CAB9497518.1
Sro21_g014660	CAB9497519.1
Sro21_g014670	CAB9497520.1
Sro21_g014680	CAB9497521.1
Sro21_g014690	CAB9497522.1
Sro21_g014700	CAB9497523.1
Sro21_g014710	CAB9497524.1
Sro21_g014720	CAB9497525.1
Sro21_g014730	CAB9497526.1
Sro21_g014740	CAB9497527.1
Sro21_g014750	CAB9497528.1
Sro21_g014760	CAB9497529.1
Sro21_g014770	CAB9497530.1
Sro21_g014780	CAB9497531.1
Sro21_g014790	CAB9497532.1
Sro21_g014800	CAB9497533.1
Sro21_g014810	CAB9497534.1
Sro21_g014820	CAB9497535.1
Sro21_g014821	CAB9497536.1
Sro21_g014830	CAB9497537.1
Sro21_g014840	CAB9497538.1
Sro21_g014850	CAB9497539.1
Sro21_g014860	CAB9497540.1
Sro21_g014870	CAB9497541.1
Sro21_g014880	CAB9497542.1
Sro21_g014890	CAB9497543.1
Sro21_g014900	CAB9497544.1
Sro21_g014910	CAB9497545.1
Sro21_g014920	CAB9497546.1
Sro21_g014930	CAB9497547.1
Sro21_g014940	CAB9497548.1
Sro21_g014950	CAB9497549.1
Sro21_g014960	CAB9497550.1
Sro21_g014970	CAB9497551.1
Sro21_g014980	CAB9497552.1
Sro21_g014990	CAB9497553.1
Sro21_g015000	CAB9497554.1
Sro21_g015010	CAB9497555.1
Sro21_g015020	CAB9497556.1
Sro21_g015030	CAB9497557.1
Sro21_g015031	CAB9497558.1
Sro21_g015040	CAB9497559.1
Sro21_g015050	CAB9497560.1
Sro21_g015060	CAB9497561.1
Sro220_g090620	CAB9505137.1
Sro220_g090630	CAB9505138.1
Sro220_g090640	CAB9505139.1
Sro220_g090650	CAB9505140.1
Sro220_g090660	CAB9505141.1
Sro220_g090670	CAB9505142.1
Sro220_g090671	CAB9505143.1
Sro220_g090680	CAB9505144.1
Sro220_g090690	CAB9505145.1
Sro220_g090700	CAB9505146.1
Sro220_g090710	CAB9505147.1
Sro220_g090720	CAB9505148.1
Sro220_g090721	CAB9505149.1
Sro220_g090730	CAB9505150.1
Sro220_g090740	CAB9505151.1
Sro220_g090750	CAB9505152.1
Sro220_g090760	CAB9505153.1
Sro220_g090770	CAB9505154.1
Sro220_g090780	CAB9505155.1
Sro220_g090790	CAB9505156.1
Sro220_g090800	CAB9505157.1
Sro220_g090810	CAB9505158.1
Sro220_g090820	CAB9505159.1
Sro220_g090830	CAB9505160.1
Sro220_g090840	CAB9505161.1
Sro220_g090850	CAB9505162.1
Sro221_g090860	CAB9505163.1
Sro221_g090861	CAB9505164.1
Sro221_g090870	CAB9505165.1
Sro221_g090880	CAB9505166.1
Sro221_g090890	CAB9505167.1
Sro221_g090900	CAB9505168.1
Sro221_g090910	CAB9505169.1
Sro221_g090920	CAB9505170.1
Sro221_g090921	CAB9505171.1
Sro221_g090930	CAB9505172.1
Sro221_g090940	CAB9505173.1
Sro221_g090950	CAB9505174.1
Sro221_g090960	CAB9505175.1
Sro221_g090970	CAB9505176.1
Sro221_g090980	CAB9505177.1
Sro221_g090990	CAB9505178.1
Sro221_g091000	CAB9505179.1
Sro221_g091010	CAB9505180.1
Sro221_g091020	CAB9505181.1
Sro221_g091030	CAB9505182.1
Sro221_g091040	CAB9505183.1
Sro221_g091050	CAB9505184.1
Sro221_g091060	CAB9505185.1
Sro221_g091070	CAB9505186.1
Sro221_g091080	CAB9505187.1
Sro221_g091090	CAB9505188.1
Sro221_g091100	CAB9505189.1
Sro221_g091110	CAB9505190.1
Sro222_g091120	CAB9505191.1
Sro222_g091130	CAB9505192.1
Sro222_g091140	CAB9505193.1
Sro222_g091150	CAB9505194.1
Sro222_g091160	CAB9505195.1
Sro222_g091170	CAB9505196.1
Sro222_g091180	CAB9505197.1
Sro222_g091190	CAB9505198.1
Sro222_g091200	CAB9505199.1
Sro222_g091210	CAB9505200.1
Sro222_g091220	CAB9505201.1
Sro222_g091230	CAB9505202.1
Sro222_g091240	CAB9505203.1
Sro222_g091250	CAB9505204.1
Sro222_g091260	CAB9505205.1
Sro223_g091270	CAB9505206.1
Sro223_g091280	CAB9505207.1
Sro223_g091290	CAB9505208.1
Sro223_g091300	CAB9505209.1
Sro223_g091310	CAB9505210.1
Sro223_g091320	CAB9505211.1
Sro223_g091330	CAB9505212.1
Sro223_g091340	CAB9505213.1
Sro223_g091350	CAB9505214.1
Sro223_g091360	CAB9505215.1
Sro223_g091370	CAB9505216.1
Sro223_g091380	CAB9505217.1
Sro223_g091390	CAB9505218.1
Sro223_g091400	CAB9505219.1
Sro223_g091410	CAB9505220.1
Sro223_g091420	CAB9505221.1
Sro223_g091430	CAB9505222.1
Sro223_g091440	CAB9505223.1
Sro223_g091450	CAB9505224.1
Sro223_g091460	CAB9505225.1
Sro223_g091470	CAB9505226.1
Sro223_g091480	CAB9505227.1
Sro223_g091490	CAB9505228.1
Sro224_g091500	CAB9505229.1
Sro224_g091510	CAB9505230.1
Sro224_g091520	CAB9505231.1
Sro224_g091530	CAB9505232.1
Sro224_g091540	CAB9505233.1
Sro224_g091550	CAB9505234.1
Sro224_g091560	CAB9505235.1
Sro224_g091570	CAB9505236.1
Sro224_g091580	CAB9505237.1
Sro224_g091590	CAB9505238.1
Sro224_g091600	CAB9505239.1
Sro224_g091610	CAB9505240.1
Sro224_g091620	CAB9505241.1
Sro224_g091630	CAB9505242.1
Sro224_g091640	CAB9505243.1
Sro224_g091650	CAB9505244.1
Sro224_g091660	CAB9505245.1
Sro224_g091670	CAB9505246.1
Sro224_g091680	CAB9505247.1
Sro224_g091690	CAB9505248.1
Sro225_g091700	CAB9505249.1
Sro225_g091710	CAB9505250.1
Sro225_g091720	CAB9505251.1
Sro225_g091730	CAB9505252.1
Sro225_g091731	CAB9505253.1
Sro225_g091740	CAB9505254.1
Sro225_g091750	CAB9505255.1
Sro225_g091760	CAB9505256.1
Sro225_g091770	CAB9505257.1
Sro225_g091780	CAB9505258.1
Sro225_g091790	CAB9505259.1
Sro225_g091800	CAB9505260.1
Sro225_g091810	CAB9505261.1
Sro225_g091820	CAB9505262.1
Sro225_g091830	CAB9505263.1
Sro225_g091840	CAB9505264.1
Sro225_g091850	CAB9505265.1
Sro225_g091860	CAB9505266.1
Sro225_g091870	CAB9505267.1
Sro225_g091880	CAB9505268.1
Sro225_g091890	CAB9505269.1
Sro225_g091900	CAB9505270.1
Sro225_g091910	CAB9505271.1
Sro225_g091920	CAB9505272.1
Sro226_g091930	CAB9505273.1
Sro226_g091931	CAB9505274.1
Sro226_g091932	CAB9505275.1
Sro226_g091940	CAB9505276.1
Sro226_g091950	CAB9505277.1
Sro226_g091951	CAB9505278.1
Sro226_g091960	CAB9505279.1
Sro226_g091970	CAB9505280.1
Sro226_g091980	CAB9505281.1
Sro226_g091990	CAB9505282.1
Sro226_g092000	CAB9505283.1
Sro226_g092010	CAB9505284.1
Sro226_g092020	CAB9505285.1
Sro226_g092030	CAB9505286.1
Sro226_g092040	CAB9505287.1
Sro226_g092050	CAB9505288.1
Sro226_g092060	CAB9505289.1
Sro226_g092070	CAB9505290.1
Sro226_g092080	CAB9505291.1
Sro226_g092090	CAB9505292.1
Sro226_g092100	CAB9505293.1
Sro226_g092110	CAB9505294.1
Sro226_g092120	CAB9505295.1
Sro226_g092130	CAB9505297.1
Sro226_g092131	CAB9505296.1
Sro227_g092140	CAB9505298.1
Sro227_g092150	CAB9505299.1
Sro227_g092160	CAB9505300.1
Sro227_g092170	CAB9505301.1
Sro227_g092180	CAB9505302.1
Sro227_g092190	CAB9505303.1
Sro227_g092200	CAB9505304.1
Sro227_g092210	CAB9505305.1
Sro227_g092220	CAB9505306.1
Sro227_g092230	CAB9505307.1
Sro227_g092240	CAB9505308.1
Sro227_g092250	CAB9505309.1
Sro227_g092260	CAB9505310.1
Sro227_g092270	CAB9505311.1
Sro227_g092280	CAB9505312.1
Sro227_g092290	CAB9505313.1
Sro227_g092310	CAB9505314.1
Sro227_g092320	CAB9505315.1
Sro227_g092330	CAB9505316.1
Sro227_g092340	CAB9505317.1
Sro227_g092350	CAB9505318.1
Sro227_g092360	CAB9505319.1
Sro227_g092370	CAB9505320.1
Sro227_g092380	CAB9505321.1
Sro227_g092390	CAB9505322.1
Sro227_g092400	CAB9505323.1
Sro227_g092410	CAB9505324.1
Sro227_g092420	CAB9505325.1
Sro227_g092430	CAB9505326.1
Sro227_g092440	CAB9505327.1
Sro227_g092450	CAB9505328.1
Sro227_g092460	CAB9505329.1
Sro227_g092470	CAB9505330.1
Sro227_g092480	CAB9505331.1
Sro228_g092490	CAB9505332.1
Sro228_g092500	CAB9505333.1
Sro228_g092510	CAB9505334.1
Sro228_g092520	CAB9505335.1
Sro228_g092530	CAB9505336.1
Sro228_g092540	CAB9505337.1
Sro228_g092560	CAB9505338.1
Sro228_g092570	CAB9505339.1
Sro228_g092580	CAB9505340.1
Sro228_g092590	CAB9505341.1
Sro228_g092600	CAB9505342.1
Sro228_g092610	CAB9505343.1
Sro228_g092620	CAB9505344.1
Sro228_g092630	CAB9505345.1
Sro228_g092640	CAB9505346.1
Sro228_g092650	CAB9505347.1
Sro228_g092660	CAB9505348.1
Sro228_g092670	CAB9505349.1
Sro228_g092680	CAB9505350.1
Sro228_g092690	CAB9505351.1
Sro228_g092700	CAB9505352.1
Sro228_g092710	CAB9505353.1
Sro228_g092720	CAB9505354.1
Sro228_g092721	CAB9505355.1
Sro228_g092730	CAB9505356.1
Sro228_g092740	CAB9505357.1
Sro228_g092750	CAB9505358.1
Sro228_g092760	CAB9505359.1
Sro228_g092770	CAB9505360.1
Sro228_g092780	CAB9505361.1
Sro228_g092790	CAB9505362.1
Sro228_g092800	CAB9505363.1
Sro228_g092810	CAB9505364.1
Sro228_g092820	CAB9505365.1
Sro228_g092830	CAB9505366.1
Sro228_g092840	CAB9505367.1
Sro228_g092841	CAB9505368.1
Sro229_g092850	CAB9505369.1
Sro229_g092860	CAB9505370.1
Sro229_g092870	CAB9505371.1
Sro229_g092880	CAB9505372.1
Sro229_g092890	CAB9505373.1
Sro229_g092900	CAB9505374.1
Sro229_g092910	CAB9505375.1
Sro229_g092920	CAB9505376.1
Sro229_g092930	CAB9505377.1
Sro229_g092940	CAB9505378.1
Sro229_g092950	CAB9505379.1
Sro229_g092960	CAB9505380.1
Sro229_g092970	CAB9505381.1
Sro229_g092980	CAB9505382.1
Sro229_g092990	CAB9505383.1
Sro229_g093000	CAB9505384.1
Sro229_g093010	CAB9505385.1
Sro229_g093020	CAB9505386.1
Sro229_g093030	CAB9505387.1
Sro229_g093040	CAB9505388.1
Sro229_g093050	CAB9505389.1
Sro229_g093060	CAB9505390.1
Sro229_g093070	CAB9505391.1
Sro229_g093080	CAB9505392.1
Sro229_g093090	CAB9505393.1
Sro229_g093100	CAB9505394.1
Sro229_g093110	CAB9505395.1
Sro229_g093120	CAB9505396.1
Sro229_g093130	CAB9505397.1
Sro229_g093140	CAB9505398.1
Sro229_g093150	CAB9505399.1
Sro229_g093160	CAB9505400.1
Sro229_g093170	CAB9505401.1
Sro229_g093180	CAB9505402.1
Sro229_g093190	CAB9505403.1
Sro22_g015070	CAB9497562.1
Sro22_g015080	CAB9497563.1
Sro22_g015090	CAB9497564.1
Sro22_g015100	CAB9497565.1
Sro22_g015110	CAB9497566.1
Sro22_g015120	CAB9497567.1
Sro22_g015130	CAB9497568.1
Sro22_g015140	CAB9497569.1
Sro22_g015150	CAB9497570.1
Sro22_g015160	CAB9497571.1
Sro22_g015170	CAB9497572.1
Sro22_g015180	CAB9497573.1
Sro22_g015190	CAB9497574.1
Sro22_g015200	CAB9497575.1
Sro22_g015210	CAB9497576.1
Sro22_g015220	CAB9497577.1
Sro22_g015221	CAB9497579.1
Sro22_g015230	CAB9497578.1
Sro22_g015240	CAB9497580.1
Sro22_g015250	CAB9497581.1
Sro22_g015260	CAB9497582.1
Sro22_g015270	CAB9497583.1
Sro22_g015280	CAB9497584.1
Sro22_g015290	CAB9497585.1
Sro22_g015300	CAB9497586.1
Sro22_g015310	CAB9497587.1
Sro22_g015320	CAB9497588.1
Sro22_g015330	CAB9497589.1
Sro22_g015340	CAB9497590.1
Sro22_g015350	CAB9497591.1
Sro22_g015360	CAB9497592.1
Sro22_g015370	CAB9497593.1
Sro22_g015380	CAB9497594.1
Sro22_g015390	CAB9497595.1
Sro22_g015400	CAB9497596.1
Sro22_g015410	CAB9497597.1
Sro22_g015420	CAB9497598.1
Sro22_g015430	CAB9497599.1
Sro22_g015440	CAB9497600.1
Sro22_g015450	CAB9497601.1
Sro22_g015460	CAB9497602.1
Sro22_g015470	CAB9497603.1
Sro22_g015480	CAB9497604.1
Sro22_g015490	CAB9497605.1
Sro22_g015500	CAB9497606.1
Sro22_g015510	CAB9497607.1
Sro22_g015520	CAB9497608.1
Sro22_g015530	CAB9497609.1
Sro22_g015540	CAB9497610.1
Sro230_g093200	CAB9505404.1
Sro230_g093210	CAB9505405.1
Sro230_g093220	CAB9505406.1
Sro230_g093230	CAB9505407.1
Sro230_g093250	CAB9505408.1
Sro230_g093260	CAB9505409.1
Sro230_g093270	CAB9505410.1
Sro230_g093280	CAB9505411.1
Sro230_g093290	CAB9505412.1
Sro230_g093300	CAB9505413.1
Sro230_g093310	CAB9505414.1
Sro230_g093320	CAB9505415.1
Sro230_g093330	CAB9505416.1
Sro230_g093340	CAB9505417.1
Sro230_g093350	CAB9505418.1
Sro230_g093360	CAB9505419.1
Sro230_g093370	CAB9505420.1
Sro230_g093380	CAB9505421.1
Sro230_g093390	CAB9505422.1
Sro230_g093400	CAB9505423.1
Sro230_g093410	CAB9505424.1
Sro230_g093420	CAB9505425.1
Sro230_g093430	CAB9505426.1
Sro230_g093440	CAB9505427.1
Sro230_g093450	CAB9505428.1
Sro230_g093460	CAB9505429.1
Sro230_g093470	CAB9505430.1
Sro230_g093480	CAB9505431.1
Sro230_g093490	CAB9505432.1
Sro231_g093500	CAB9505433.1
Sro231_g093510	CAB9505434.1
Sro231_g093520	CAB9505435.1
Sro231_g093530	CAB9505436.1
Sro231_g093540	CAB9505437.1
Sro231_g093550	CAB9505438.1
Sro231_g093560	CAB9505439.1
Sro231_g093570	CAB9505440.1
Sro231_g093580	CAB9505441.1
Sro231_g093590	CAB9505442.1
Sro231_g093600	CAB9505443.1
Sro231_g093610	CAB9505444.1
Sro231_g093620	CAB9505445.1
Sro231_g093630	CAB9505446.1
Sro231_g093640	CAB9505447.1
Sro231_g093650	CAB9505448.1
Sro231_g093670	CAB9505449.1
Sro231_g093690	CAB9505450.1
Sro231_g093700	CAB9505451.1
Sro231_g093710	CAB9505452.1
Sro231_g093720	CAB9505453.1
Sro231_g093730	CAB9505454.1
Sro231_g093740	CAB9505455.1
Sro231_g093750	CAB9505456.1
Sro232_g093760	CAB9505457.1
Sro232_g093770	CAB9505458.1
Sro232_g093780	CAB9505459.1
Sro232_g093790	CAB9505460.1
Sro232_g093800	CAB9505461.1
Sro232_g093810	CAB9505462.1
Sro232_g093820	CAB9505463.1
Sro232_g093830	CAB9505464.1
Sro232_g093840	CAB9505465.1
Sro232_g093850	CAB9505466.1
Sro232_g093860	CAB9505467.1
Sro232_g093861	CAB9505468.1
Sro232_g093870	CAB9505469.1
Sro232_g093880	CAB9505470.1
Sro232_g093890	CAB9505471.1
Sro232_g093900	CAB9505472.1
Sro232_g093910	CAB9505473.1
Sro232_g093920	CAB9505474.1
Sro232_g093930	CAB9505475.1
Sro232_g093940	CAB9505476.1
Sro232_g093950	CAB9505477.1
Sro232_g093960	CAB9505478.1
Sro232_g093970	CAB9505479.1
Sro232_g093980	CAB9505480.1
Sro232_g093990	CAB9505481.1
Sro232_g094000	CAB9505482.1
Sro232_g094010	CAB9505483.1
Sro232_g094020	CAB9505484.1
Sro232_g094030	CAB9505485.1
Sro232_g094040	CAB9505486.1
Sro232_g094050	CAB9505487.1
Sro232_g094060	CAB9505488.1
Sro232_g094070	CAB9505489.1
Sro232_g094080	CAB9505490.1
Sro233_g094090	CAB9505491.1
Sro233_g094100	CAB9505492.1
Sro233_g094110	CAB9505493.1
Sro233_g094120	CAB9505494.1
Sro233_g094130	CAB9505495.1
Sro233_g094140	CAB9505496.1
Sro233_g094150	CAB9505497.1
Sro233_g094160	CAB9505498.1
Sro233_g094170	CAB9505499.1
Sro233_g094180	CAB9505500.1
Sro233_g094190	CAB9505501.1
Sro233_g094200	CAB9505502.1
Sro233_g094210	CAB9505503.1
Sro233_g094220	CAB9505504.1
Sro233_g094230	CAB9505505.1
Sro233_g094240	CAB9505506.1
Sro233_g094250	CAB9505507.1
Sro233_g094260	CAB9505508.1
Sro233_g094270	CAB9505509.1
Sro233_g094290	CAB9505510.1
Sro234_g094300	CAB9505511.1
Sro234_g094310	CAB9505512.1
Sro234_g094320	CAB9505513.1
Sro234_g094330	CAB9505514.1
Sro234_g094340	CAB9505515.1
Sro234_g094350	CAB9505516.1
Sro234_g094360	CAB9505517.1
Sro234_g094370	CAB9505518.1
Sro234_g094380	CAB9505519.1
Sro234_g094390	CAB9505520.1
Sro234_g094400	CAB9505521.1
Sro234_g094410	CAB9505522.1
Sro234_g094420	CAB9505523.1
Sro234_g094430	CAB9505524.1
Sro234_g094440	CAB9505525.1
Sro234_g094450	CAB9505526.1
Sro234_g094460	CAB9505527.1
Sro234_g094470	CAB9505528.1
Sro234_g094480	CAB9505529.1
Sro234_g094490	CAB9505530.1
Sro234_g094500	CAB9505531.1
Sro234_g094510	CAB9505532.1
Sro234_g094520	CAB9505533.1
Sro234_g094530	CAB9505534.1
Sro234_g094540	CAB9505535.1
Sro234_g094550	CAB9505536.1
Sro234_g094560	CAB9505537.1
Sro234_g094570	CAB9505538.1
Sro234_g094580	CAB9505539.1
Sro235_g094590	CAB9505540.1
Sro235_g094600	CAB9505541.1
Sro235_g094610	CAB9505542.1
Sro235_g094620	CAB9505543.1
Sro235_g094630	CAB9505544.1
Sro235_g094640	CAB9505545.1
Sro235_g094650	CAB9505546.1
Sro235_g094660	CAB9505547.1
Sro235_g094670	CAB9505548.1
Sro235_g094680	CAB9505549.1
Sro235_g094690	CAB9505550.1
Sro235_g094691	CAB9505551.1
Sro235_g094700	CAB9505552.1
Sro235_g094710	CAB9505553.1
Sro235_g094720	CAB9505554.1
Sro235_g094730	CAB9505555.1
Sro235_g094740	CAB9505556.1
Sro235_g094750	CAB9505557.1
Sro235_g094760	CAB9505558.1
Sro235_g094770	CAB9505559.1
Sro235_g094780	CAB9505560.1
Sro235_g094790	CAB9505561.1
Sro235_g094800	CAB9505562.1
Sro235_g094810	CAB9505563.1
Sro235_g094820	CAB9505564.1
Sro235_g094830	CAB9505565.1
Sro235_g094840	CAB9505566.1
Sro235_g094850	CAB9505567.1
Sro236_g094860	CAB9505568.1
Sro236_g094870	CAB9505569.1
Sro236_g094880	CAB9505570.1
Sro236_g094890	CAB9505571.1
Sro236_g094900	CAB9505573.1
Sro236_g094901	CAB9505572.1
Sro236_g094910	CAB9505574.1
Sro236_g094920	CAB9505575.1
Sro236_g094930	CAB9505576.1
Sro236_g094940	CAB9505577.1
Sro236_g094950	CAB9505578.1
Sro236_g094960	CAB9505579.1
Sro236_g094970	CAB9505580.1
Sro236_g094980	CAB9505581.1
Sro236_g094990	CAB9505582.1
Sro236_g095000	CAB9505583.1
Sro236_g095010	CAB9505584.1
Sro236_g095020	CAB9505585.1
Sro236_g095030	CAB9505586.1
Sro236_g095040	CAB9505587.1
Sro236_g095050	CAB9505588.1
Sro236_g095060	CAB9505589.1
Sro236_g095070	CAB9505590.1
Sro236_g095080	CAB9505591.1
Sro236_g095090	CAB9505592.1
Sro236_g095100	CAB9505593.1
Sro236_g095110	CAB9505594.1
Sro236_g095120	CAB9505595.1
Sro236_g095130	CAB9505596.1
Sro236_g095140	CAB9505597.1
Sro236_g095150	CAB9505598.1
Sro237_g095160	CAB9505599.1
Sro237_g095170	CAB9505600.1
Sro237_g095180	CAB9505601.1
Sro237_g095190	CAB9505602.1
Sro237_g095200	CAB9505603.1
Sro237_g095210	CAB9505604.1
Sro237_g095220	CAB9505605.1
Sro237_g095230	CAB9505606.1
Sro237_g095240	CAB9505607.1
Sro237_g095250	CAB9505608.1
Sro237_g095260	CAB9505609.1
Sro237_g095270	CAB9505610.1
Sro237_g095280	CAB9505611.1
Sro237_g095290	CAB9505612.1
Sro237_g095300	CAB9505613.1
Sro237_g095310	CAB9505614.1
Sro237_g095311	CAB9505615.1
Sro237_g095320	CAB9505616.1
Sro237_g095330	CAB9505617.1
Sro237_g095340	CAB9505618.1
Sro237_g095350	CAB9505619.1
Sro237_g095360	CAB9505620.1
Sro237_g095370	CAB9505621.1
Sro237_g095380	CAB9505622.1
Sro237_g095390	CAB9505623.1
Sro237_g095400	CAB9505624.1
Sro237_g095410	CAB9505625.1
Sro238_g095420	CAB9505626.1
Sro238_g095430	CAB9505627.1
Sro238_g095440	CAB9505628.1
Sro238_g095450	CAB9505629.1
Sro238_g095460	CAB9505630.1
Sro238_g095470	CAB9505631.1
Sro238_g095480	CAB9505632.1
Sro238_g095490	CAB9505633.1
Sro238_g095500	CAB9505634.1
Sro238_g095510	CAB9505635.1
Sro238_g095520	CAB9505636.1
Sro238_g095530	CAB9505637.1
Sro238_g095540	CAB9505638.1
Sro238_g095550	CAB9505639.1
Sro238_g095560	CAB9505640.1
Sro238_g095570	CAB9505641.1
Sro238_g095571	CAB9505642.1
Sro238_g095580	CAB9505643.1
Sro238_g095590	CAB9505644.1
Sro238_g095600	CAB9505645.1
Sro238_g095610	CAB9505646.1
Sro238_g095620	CAB9505647.1
Sro238_g095630	CAB9505648.1
Sro238_g095640	CAB9505649.1
Sro238_g095650	CAB9505650.1
Sro238_g095660	CAB9505651.1
Sro238_g095670	CAB9505652.1
Sro238_g095680	CAB9505653.1
Sro238_g095690	CAB9505654.1
Sro238_g095700	CAB9505655.1
Sro238_g095710	CAB9505656.1
Sro238_g095720	CAB9505657.1
Sro239_g095730	CAB9505658.1
Sro239_g095740	CAB9505659.1
Sro239_g095750	CAB9505660.1
Sro239_g095760	CAB9505661.1
Sro239_g095770	CAB9505662.1
Sro239_g095780	CAB9505663.1
Sro239_g095790	CAB9505664.1
Sro239_g095800	CAB9505665.1
Sro239_g095810	CAB9505666.1
Sro239_g095820	CAB9505667.1
Sro239_g095821	CAB9505668.1
Sro239_g095830	CAB9505669.1
Sro239_g095840	CAB9505670.1
Sro239_g095850	CAB9505671.1
Sro239_g095860	CAB9505672.1
Sro239_g095870	CAB9505673.1
Sro239_g095880	CAB9505674.1
Sro239_g095890	CAB9505675.1
Sro239_g095900	CAB9505676.1
Sro239_g095910	CAB9505677.1
Sro239_g095920	CAB9505678.1
Sro239_g095930	CAB9505679.1
Sro239_g095940	CAB9505680.1
Sro239_g095950	CAB9505681.1
Sro239_g095960	CAB9505682.1
Sro239_g095970	CAB9505683.1
Sro239_g095980	CAB9505684.1
Sro239_g095990	CAB9505685.1
Sro239_g096000	CAB9505686.1
Sro239_g096010	CAB9505687.1
Sro239_g096020	CAB9505688.1
Sro239_g096030	CAB9505689.1
Sro239_g096040	CAB9505690.1
Sro23_g015550	CAB9497611.1
Sro23_g015560	CAB9497612.1
Sro23_g015570	CAB9497613.1
Sro23_g015580	CAB9497614.1
Sro23_g015590	CAB9497615.1
Sro23_g015600	CAB9497616.1
Sro23_g015610	CAB9497617.1
Sro23_g015620	CAB9497618.1
Sro23_g015630	CAB9497619.1
Sro23_g015640	CAB9497620.1
Sro23_g015650	CAB9497621.1
Sro23_g015660	CAB9497622.1
Sro23_g015670	CAB9497623.1
Sro23_g015680	CAB9497624.1
Sro23_g015690	CAB9497625.1
Sro23_g015700	CAB9497626.1
Sro23_g015710	CAB9497627.1
Sro23_g015720	CAB9497628.1
Sro23_g015730	CAB9497629.1
Sro23_g015740	CAB9497630.1
Sro23_g015750	CAB9497631.1
Sro23_g015760	CAB9497632.1
Sro23_g015770	CAB9497633.1
Sro23_g015780	CAB9497634.1
Sro23_g015790	CAB9497635.1
Sro23_g015800	CAB9497636.1
Sro23_g015810	CAB9497637.1
Sro23_g015820	CAB9497638.1
Sro23_g015830	CAB9497639.1
Sro23_g015840	CAB9497640.1
Sro23_g015850	CAB9497641.1
Sro23_g015860	CAB9497642.1
Sro23_g015870	CAB9497643.1
Sro23_g015880	CAB9497644.1
Sro23_g015890	CAB9497645.1
Sro23_g015900	CAB9497646.1
Sro23_g015910	CAB9497647.1
Sro23_g015920	CAB9497648.1
Sro23_g015930	CAB9497649.1
Sro23_g015940	CAB9497650.1
Sro23_g015950	CAB9497651.1
Sro23_g015960	CAB9497652.1
Sro23_g015970	CAB9497653.1
Sro23_g015980	CAB9497654.1
Sro23_g015990	CAB9497655.1
Sro23_g016000	CAB9497656.1
Sro23_g016010	CAB9497657.1
Sro23_g016020	CAB9497658.1
Sro23_g016030	CAB9497659.1
Sro23_g016040	CAB9497660.1
Sro23_g016050	CAB9497661.1
Sro23_g016060	CAB9497662.1
Sro23_g016070	CAB9497663.1
Sro23_g016080	CAB9497664.1
Sro23_g016090	CAB9497665.1
Sro23_g016100	CAB9497666.1
Sro23_g016110	CAB9497667.1
Sro23_g016120	CAB9497668.1
Sro23_g016130	CAB9497669.1
Sro23_g016140	CAB9497670.1
Sro23_g016150	CAB9497671.1
Sro23_g016160	CAB9497672.1
Sro23_g016170	CAB9497673.1
Sro23_g016180	CAB9497674.1
Sro23_g016190	CAB9497675.1
Sro240_g096050	CAB9505691.1
Sro240_g096060	CAB9505692.1
Sro240_g096070	CAB9505693.1
Sro240_g096080	CAB9505694.1
Sro240_g096090	CAB9505695.1
Sro240_g096100	CAB9505696.1
Sro240_g096101	CAB9505697.1
Sro240_g096110	CAB9505698.1
Sro240_g096120	CAB9505699.1
Sro240_g096130	CAB9505700.1
Sro240_g096140	CAB9505701.1
Sro240_g096150	CAB9505702.1
Sro240_g096160	CAB9505703.1
Sro240_g096170	CAB9505704.1
Sro240_g096180	CAB9505705.1
Sro240_g096190	CAB9505706.1
Sro240_g096200	CAB9505707.1
Sro240_g096210	CAB9505708.1
Sro240_g096220	CAB9505709.1
Sro241_g096230	CAB9505710.1
Sro241_g096240	CAB9505711.1
Sro241_g096250	CAB9505712.1
Sro241_g096260	CAB9505713.1
Sro241_g096270	CAB9505714.1
Sro241_g096280	CAB9505715.1
Sro241_g096290	CAB9505716.1
Sro241_g096300	CAB9505717.1
Sro241_g096310	CAB9505718.1
Sro241_g096320	CAB9505719.1
Sro241_g096330	CAB9505720.1
Sro241_g096340	CAB9505721.1
Sro241_g096350	CAB9505722.1
Sro241_g096360	CAB9505723.1
Sro241_g096370	CAB9505724.1
Sro241_g096380	CAB9505725.1
Sro241_g096390	CAB9505726.1
Sro241_g096400	CAB9505727.1
Sro241_g096410	CAB9505728.1
Sro241_g096420	CAB9505729.1
Sro241_g096430	CAB9505730.1
Sro241_g096440	CAB9505731.1
Sro241_g096450	CAB9505732.1
Sro241_g096460	CAB9505733.1
Sro241_g096470	CAB9505734.1
Sro241_g096480	CAB9505735.1
Sro241_g096490	CAB9505736.1
Sro241_g096500	CAB9505737.1
Sro241_g096510	CAB9505738.1
Sro242_g096520	CAB9505739.1
Sro242_g096530	CAB9505740.1
Sro242_g096540	CAB9505741.1
Sro242_g096550	CAB9505742.1
Sro242_g096560	CAB9505743.1
Sro242_g096570	CAB9505744.1
Sro242_g096580	CAB9505745.1
Sro242_g096590	CAB9505746.1
Sro242_g096600	CAB9505747.1
Sro242_g096610	CAB9505748.1
Sro242_g096620	CAB9505749.1
Sro242_g096630	CAB9505750.1
Sro242_g096640	CAB9505751.1
Sro242_g096650	CAB9505752.1
Sro242_g096660	CAB9505753.1
Sro242_g096670	CAB9505754.1
Sro242_g096671	CAB9505755.1
Sro242_g096680	CAB9505756.1
Sro242_g096690	CAB9505757.1
Sro242_g096700	CAB9505758.1
Sro242_g096710	CAB9505759.1
Sro242_g096720	CAB9505760.1
Sro242_g096721	CAB9505761.1
Sro243_g096730	CAB9505762.1
Sro243_g096740	CAB9505763.1
Sro243_g096750	CAB9505764.1
Sro243_g096760	CAB9505765.1
Sro243_g096770	CAB9505766.1
Sro243_g096780	CAB9505767.1
Sro243_g096790	CAB9505768.1
Sro243_g096800	CAB9505769.1
Sro243_g096810	CAB9505770.1
Sro243_g096820	CAB9505771.1
Sro243_g096830	CAB9505772.1
Sro243_g096840	CAB9505773.1
Sro243_g096850	CAB9505774.1
Sro243_g096860	CAB9505775.1
Sro243_g096870	CAB9505776.1
Sro243_g096880	CAB9505777.1
Sro243_g096890	CAB9505778.1
Sro243_g096900	CAB9505779.1
Sro243_g096910	CAB9505780.1
Sro243_g096920	CAB9505781.1
Sro243_g096930	CAB9505782.1
Sro243_g096940	CAB9505783.1
Sro243_g096950	CAB9505784.1
Sro243_g096960	CAB9505785.1
Sro243_g096970	CAB9505786.1
Sro243_g096980	CAB9505787.1
Sro243_g096990	CAB9505788.1
Sro243_g097000	CAB9505789.1
Sro243_g097010	CAB9505790.1
Sro243_g097020	CAB9505791.1
Sro243_g097030	CAB9505792.1
Sro244_g097040	CAB9505793.1
Sro244_g097050	CAB9505794.1
Sro244_g097060	CAB9505795.1
Sro244_g097070	CAB9505796.1
Sro244_g097080	CAB9505797.1
Sro244_g097090	CAB9505798.1
Sro244_g097100	CAB9505799.1
Sro244_g097110	CAB9505800.1
Sro244_g097120	CAB9505801.1
Sro244_g097130	CAB9505802.1
Sro244_g097140	CAB9505803.1
Sro244_g097150	CAB9505804.1
Sro244_g097160	CAB9505805.1
Sro244_g097170	CAB9505806.1
Sro244_g097180	CAB9505807.1
Sro244_g097190	CAB9505808.1
Sro244_g097200	CAB9505809.1
Sro244_g097210	CAB9505810.1
Sro244_g097220	CAB9505811.1
Sro244_g097230	CAB9505812.1
Sro244_g097240	CAB9505813.1
Sro244_g097250	CAB9505814.1
Sro244_g097260	CAB9505815.1
Sro244_g097270	CAB9505816.1
Sro244_g097280	CAB9505817.1
Sro244_g097290	CAB9505818.1
Sro245_g097300	CAB9505819.1
Sro245_g097310	CAB9505820.1
Sro245_g097320	CAB9505821.1
Sro245_g097330	CAB9505822.1
Sro245_g097340	CAB9505823.1
Sro245_g097350	CAB9505824.1
Sro245_g097360	CAB9505825.1
Sro245_g097370	CAB9505826.1
Sro245_g097380	CAB9505827.1
Sro245_g097390	CAB9505828.1
Sro245_g097400	CAB9505829.1
Sro245_g097410	CAB9505830.1
Sro245_g097420	CAB9505831.1
Sro245_g097430	CAB9505832.1
Sro245_g097440	CAB9505833.1
Sro245_g097450	CAB9505834.1
Sro245_g097460	CAB9505835.1
Sro245_g097470	CAB9505836.1
Sro245_g097480	CAB9505837.1
Sro245_g097490	CAB9505838.1
Sro245_g097500	CAB9505839.1
Sro245_g097510	CAB9505840.1
Sro245_g097520	CAB9505841.1
Sro245_g097530	CAB9505842.1
Sro245_g097540	CAB9505843.1
Sro245_g097550	CAB9505844.1
Sro245_g097560	CAB9505845.1
Sro245_g097570	CAB9505846.1
Sro245_g097580	CAB9505847.1
Sro245_g097581	CAB9505848.1
Sro245_g097590	CAB9505849.1
Sro245_g097591	CAB9505850.1
Sro246_g097600	CAB9505851.1
Sro246_g097601	CAB9505852.1
Sro246_g097610	CAB9505853.1
Sro246_g097620	CAB9505854.1
Sro246_g097630	CAB9505855.1
Sro246_g097640	CAB9505856.1
Sro246_g097650	CAB9505857.1
Sro246_g097660	CAB9505858.1
Sro246_g097670	CAB9505859.1
Sro246_g097680	CAB9505860.1
Sro246_g097690	CAB9505861.1
Sro246_g097700	CAB9505862.1
Sro246_g097710	CAB9505863.1
Sro246_g097720	CAB9505864.1
Sro246_g097730	CAB9505865.1
Sro246_g097740	CAB9505866.1
Sro246_g097750	CAB9505867.1
Sro246_g097760	CAB9505868.1
Sro246_g097770	CAB9505869.1
Sro246_g097780	CAB9505870.1
Sro246_g097790	CAB9505871.1
Sro246_g097800	CAB9505872.1
Sro246_g097810	CAB9505873.1
Sro246_g097820	CAB9505874.1
Sro246_g097830	CAB9505875.1
Sro246_g097840	CAB9505876.1
Sro246_g097850	CAB9505877.1
Sro246_g097860	CAB9505878.1
Sro246_g097870	CAB9505879.1
Sro246_g097880	CAB9505880.1
Sro246_g097890	CAB9505881.1
Sro246_g097900	CAB9505882.1
Sro246_g097910	CAB9505883.1
Sro247_g097920	CAB9505884.1
Sro247_g097930	CAB9505885.1
Sro247_g097940	CAB9505886.1
Sro247_g097950	CAB9505887.1
Sro247_g097960	CAB9505888.1
Sro247_g097970	CAB9505889.1
Sro247_g097980	CAB9505890.1
Sro247_g097990	CAB9505891.1
Sro247_g098000	CAB9505892.1
Sro247_g098010	CAB9505893.1
Sro247_g098020	CAB9505894.1
Sro247_g098030	CAB9505895.1
Sro247_g098040	CAB9505896.1
Sro247_g098050	CAB9505897.1
Sro247_g098060	CAB9505898.1
Sro247_g098070	CAB9505899.1
Sro247_g098080	CAB9505900.1
Sro247_g098090	CAB9505901.1
Sro247_g098100	CAB9505902.1
Sro247_g098110	CAB9505903.1
Sro247_g098120	CAB9505904.1
Sro247_g098130	CAB9505905.1
Sro247_g098140	CAB9505906.1
Sro247_g098150	CAB9505907.1
Sro247_g098160	CAB9505908.1
Sro247_g098170	CAB9505909.1
Sro247_g098180	CAB9505910.1
Sro247_g098190	CAB9505911.1
Sro247_g098200	CAB9505912.1
Sro248_g098210	CAB9505913.1
Sro248_g098220	CAB9505914.1
Sro248_g098230	CAB9505915.1
Sro248_g098240	CAB9505916.1
Sro248_g098250	CAB9505917.1
Sro248_g098251	CAB9505918.1
Sro248_g098260	CAB9505919.1
Sro248_g098270	CAB9505920.1
Sro248_g098280	CAB9505921.1
Sro248_g098290	CAB9505922.1
Sro248_g098300	CAB9505923.1
Sro248_g098310	CAB9505924.1
Sro248_g098320	CAB9505925.1
Sro248_g098330	CAB9505926.1
Sro248_g098340	CAB9505927.1
Sro248_g098350	CAB9505928.1
Sro248_g098360	CAB9505929.1
Sro248_g098370	CAB9505930.1
Sro248_g098380	CAB9505931.1
Sro248_g098390	CAB9505932.1
Sro248_g098400	CAB9505933.1
Sro248_g098410	CAB9505934.1
Sro248_g098420	CAB9505935.1
Sro248_g098430	CAB9505936.1
Sro248_g098440	CAB9505937.1
Sro248_g098450	CAB9505938.1
Sro248_g098460	CAB9505939.1
Sro248_g098470	CAB9505940.1
Sro248_g098480	CAB9505941.1
Sro248_g098490	CAB9505942.1
Sro248_g098500	CAB9505943.1
Sro248_g098510	CAB9505944.1
Sro248_g098520	CAB9505945.1
Sro248_g098530	CAB9505946.1
Sro249_g098540	CAB9505947.1
Sro249_g098550	CAB9505948.1
Sro249_g098560	CAB9505949.1
Sro249_g098570	CAB9505950.1
Sro249_g098580	CAB9505951.1
Sro249_g098590	CAB9505952.1
Sro249_g098600	CAB9505953.1
Sro249_g098610	CAB9505954.1
Sro249_g098620	CAB9505955.1
Sro249_g098630	CAB9505956.1
Sro249_g098640	CAB9505957.1
Sro249_g098650	CAB9505958.1
Sro249_g098660	CAB9505959.1
Sro249_g098670	CAB9505960.1
Sro249_g098680	CAB9505961.1
Sro249_g098690	CAB9505962.1
Sro249_g098700	CAB9505963.1
Sro249_g098710	CAB9505964.1
Sro249_g098720	CAB9505965.1
Sro249_g098730	CAB9505966.1
Sro249_g098740	CAB9505967.1
Sro249_g098750	CAB9505968.1
Sro249_g098760	CAB9505969.1
Sro249_g098770	CAB9505970.1
Sro249_g098780	CAB9505971.1
Sro249_g098790	CAB9505972.1
Sro249_g098800	CAB9505973.1
Sro249_g098810	CAB9505974.1
Sro249_g098820	CAB9505975.1
Sro249_g098830	CAB9505976.1
Sro249_g098840	CAB9505977.1
Sro249_g098850	CAB9505978.1
Sro249_g098860	CAB9505979.1
Sro24_g016200	CAB9497676.1
Sro24_g016210	CAB9497677.1
Sro24_g016220	CAB9497678.1
Sro24_g016230	CAB9497679.1
Sro24_g016240	CAB9497680.1
Sro24_g016250	CAB9497681.1
Sro24_g016260	CAB9497682.1
Sro24_g016270	CAB9497683.1
Sro24_g016280	CAB9497684.1
Sro24_g016290	CAB9497685.1
Sro24_g016300	CAB9497686.1
Sro24_g016310	CAB9497687.1
Sro24_g016320	CAB9497688.1
Sro24_g016330	CAB9497689.1
Sro24_g016340	CAB9497690.1
Sro24_g016350	CAB9497691.1
Sro24_g016360	CAB9497692.1
Sro24_g016370	CAB9497693.1
Sro24_g016380	CAB9497694.1
Sro24_g016390	CAB9497695.1
Sro24_g016400	CAB9497696.1
Sro24_g016410	CAB9497697.1
Sro24_g016420	CAB9497698.1
Sro24_g016430	CAB9497699.1
Sro24_g016440	CAB9497700.1
Sro24_g016450	CAB9497701.1
Sro24_g016460	CAB9497702.1
Sro24_g016470	CAB9497703.1
Sro24_g016480	CAB9497704.1
Sro24_g016490	CAB9497705.1
Sro24_g016500	CAB9497706.1
Sro24_g016510	CAB9497707.1
Sro24_g016520	CAB9497708.1
Sro24_g016530	CAB9497709.1
Sro24_g016540	CAB9497710.1
Sro24_g016550	CAB9497711.1
Sro24_g016560	CAB9497712.1
Sro24_g016570	CAB9497713.1
Sro24_g016580	CAB9497714.1
Sro24_g016590	CAB9497715.1
Sro24_g016600	CAB9497716.1
Sro24_g016610	CAB9497717.1
Sro24_g016620	CAB9497718.1
Sro24_g016630	CAB9497719.1
Sro24_g016640	CAB9497720.1
Sro24_g016650	CAB9497721.1
Sro24_g016660	CAB9497722.1
Sro24_g016670	CAB9497723.1
Sro24_g016680	CAB9497724.1
Sro250_g098870	CAB9505980.1
Sro250_g098880	CAB9505981.1
Sro250_g098890	CAB9505982.1
Sro250_g098900	CAB9505983.1
Sro250_g098910	CAB9505984.1
Sro250_g098920	CAB9505985.1
Sro250_g098930	CAB9505986.1
Sro250_g098940	CAB9505987.1
Sro250_g098950	CAB9505988.1
Sro250_g098960	CAB9505989.1
Sro250_g098970	CAB9505990.1
Sro250_g098980	CAB9505991.1
Sro250_g098990	CAB9505992.1
Sro250_g099000	CAB9505993.1
Sro250_g099010	CAB9505994.1
Sro250_g099020	CAB9505995.1
Sro250_g099030	CAB9505996.1
Sro250_g099040	CAB9505997.1
Sro250_g099050	CAB9505998.1
Sro250_g099060	CAB9505999.1
Sro250_g099070	CAB9506000.1
Sro250_g099080	CAB9506001.1
Sro250_g099090	CAB9506002.1
Sro250_g099100	CAB9506003.1
Sro250_g099110	CAB9506004.1
Sro250_g099120	CAB9506005.1
Sro251_g099130	CAB9506006.1
Sro251_g099140	CAB9506007.1
Sro251_g099150	CAB9506008.1
Sro251_g099160	CAB9506009.1
Sro251_g099170	CAB9506010.1
Sro251_g099180	CAB9506011.1
Sro251_g099190	CAB9506012.1
Sro251_g099200	CAB9506013.1
Sro251_g099210	CAB9506014.1
Sro251_g099220	CAB9506015.1
Sro251_g099230	CAB9506016.1
Sro251_g099240	CAB9506017.1
Sro251_g099250	CAB9506018.1
Sro251_g099260	CAB9506019.1
Sro251_g099270	CAB9506020.1
Sro251_g099280	CAB9506021.1
Sro251_g099290	CAB9506022.1
Sro251_g099300	CAB9506023.1
Sro251_g099310	CAB9506024.1
Sro251_g099320	CAB9506025.1
Sro251_g099330	CAB9506026.1
Sro251_g099340	CAB9506027.1
Sro251_g099350	CAB9506028.1
Sro251_g099360	CAB9506029.1
Sro251_g099370	CAB9506030.1
Sro251_g099380	CAB9506031.1
Sro251_g099390	CAB9506032.1
Sro251_g099400	CAB9506033.1
Sro251_g099410	CAB9506034.1
Sro251_g099420	CAB9506035.1
Sro251_g099430	CAB9506036.1
Sro251_g099440	CAB9506037.1
Sro251_g099450	CAB9506038.1
Sro251_g099470	CAB9506039.1
Sro251_g099480	CAB9506040.1
Sro252_g099490	CAB9506041.1
Sro252_g099500	CAB9506042.1
Sro252_g099510	CAB9506043.1
Sro252_g099520	CAB9506044.1
Sro252_g099530	CAB9506045.1
Sro252_g099540	CAB9506046.1
Sro252_g099550	CAB9506047.1
Sro252_g099560	CAB9506048.1
Sro252_g099570	CAB9506049.1
Sro252_g099580	CAB9506050.1
Sro252_g099590	CAB9506051.1
Sro252_g099600	CAB9506052.1
Sro252_g099610	CAB9506053.1
Sro252_g099620	CAB9506054.1
Sro252_g099630	CAB9506055.1
Sro252_g099640	CAB9506056.1
Sro252_g099650	CAB9506057.1
Sro252_g099660	CAB9506058.1
Sro252_g099670	CAB9506059.1
Sro252_g099680	CAB9506060.1
Sro252_g099690	CAB9506061.1
Sro252_g099700	CAB9506062.1
Sro252_g099710	CAB9506063.1
Sro252_g099720	CAB9506064.1
Sro253_g099730	CAB9506065.1
Sro253_g099740	CAB9506066.1
Sro253_g099750	CAB9506067.1
Sro253_g099760	CAB9506068.1
Sro253_g099770	CAB9506069.1
Sro253_g099780	CAB9506070.1
Sro253_g099790	CAB9506071.1
Sro253_g099800	CAB9506072.1
Sro253_g099810	CAB9506073.1
Sro253_g099820	CAB9506074.1
Sro253_g099830	CAB9506075.1
Sro253_g099840	CAB9506076.1
Sro253_g099850	CAB9506077.1
Sro253_g099860	CAB9506078.1
Sro253_g099870	CAB9506079.1
Sro253_g099880	CAB9506080.1
Sro253_g099890	CAB9506081.1
Sro253_g099900	CAB9506082.1
Sro253_g099910	CAB9506083.1
Sro253_g099920	CAB9506084.1
Sro253_g099930	CAB9506085.1
Sro253_g099940	CAB9506086.1
Sro253_g099950	CAB9506087.1
Sro253_g099960	CAB9506088.1
Sro253_g099970	CAB9506089.1
Sro253_g099980	CAB9506090.1
Sro253_g099990	CAB9506091.1
Sro253_g100000	CAB9506092.1
Sro253_g100010	CAB9506093.1
Sro253_g100020	CAB9506094.1
Sro253_g100030	CAB9506095.1
Sro253_g100040	CAB9506096.1
Sro254_g100050	CAB9506097.1
Sro254_g100060	CAB9506098.1
Sro254_g100070	CAB9506099.1
Sro254_g100080	CAB9506100.1
Sro254_g100090	CAB9506101.1
Sro254_g100100	CAB9506102.1
Sro254_g100110	CAB9506103.1
Sro254_g100120	CAB9506104.1
Sro254_g100130	CAB9506105.1
Sro254_g100140	CAB9506106.1
Sro254_g100150	CAB9506107.1
Sro254_g100160	CAB9506108.1
Sro254_g100170	CAB9506109.1
Sro254_g100180	CAB9506110.1
Sro254_g100190	CAB9506111.1
Sro254_g100200	CAB9506112.1
Sro254_g100210	CAB9506113.1
Sro254_g100220	CAB9506114.1
Sro254_g100230	CAB9506115.1
Sro254_g100240	CAB9506116.1
Sro254_g100250	CAB9506117.1
Sro255_g100260	CAB9506118.1
Sro255_g100270	CAB9506119.1
Sro255_g100280	CAB9506120.1
Sro255_g100290	CAB9506121.1
Sro255_g100300	CAB9506122.1
Sro255_g100310	CAB9506123.1
Sro255_g100320	CAB9506124.1
Sro255_g100330	CAB9506125.1
Sro255_g100340	CAB9506126.1
Sro255_g100350	CAB9506127.1
Sro255_g100360	CAB9506128.1
Sro255_g100370	CAB9506129.1
Sro255_g100380	CAB9506130.1
Sro255_g100390	CAB9506131.1
Sro255_g100400	CAB9506132.1
Sro255_g100410	CAB9506133.1
Sro255_g100420	CAB9506134.1
Sro255_g100430	CAB9506135.1
Sro255_g100440	CAB9506136.1
Sro255_g100450	CAB9506137.1
Sro255_g100460	CAB9506138.1
Sro255_g100470	CAB9506139.1
Sro255_g100480	CAB9506140.1
Sro255_g100490	CAB9506141.1
Sro255_g100491	CAB9506142.1
Sro255_g100500	CAB9506143.1
Sro255_g100510	CAB9506144.1
Sro256_g100520	CAB9506145.1
Sro256_g100530	CAB9506146.1
Sro256_g100540	CAB9506147.1
Sro256_g100550	CAB9506148.1
Sro256_g100560	CAB9506149.1
Sro256_g100570	CAB9506150.1
Sro256_g100580	CAB9506151.1
Sro256_g100590	CAB9506152.1
Sro256_g100600	CAB9506153.1
Sro256_g100610	CAB9506154.1
Sro256_g100620	CAB9506155.1
Sro256_g100630	CAB9506156.1
Sro256_g100640	CAB9506157.1
Sro256_g100650	CAB9506158.1
Sro256_g100660	CAB9506159.1
Sro256_g100670	CAB9506160.1
Sro256_g100680	CAB9506161.1
Sro256_g100690	CAB9506162.1
Sro256_g100700	CAB9506163.1
Sro256_g100710	CAB9506164.1
Sro256_g100720	CAB9506165.1
Sro256_g100730	CAB9506166.1
Sro256_g100740	CAB9506167.1
Sro256_g100750	CAB9506168.1
Sro256_g100760	CAB9506169.1
Sro256_g100770	CAB9506170.1
Sro257_g100780	CAB9506171.1
Sro257_g100790	CAB9506172.1
Sro257_g100800	CAB9506173.1
Sro257_g100810	CAB9506174.1
Sro257_g100820	CAB9506175.1
Sro257_g100830	CAB9506176.1
Sro257_g100831	CAB9506177.1
Sro257_g100840	CAB9506178.1
Sro257_g100850	CAB9506179.1
Sro257_g100851	CAB9506180.1
Sro257_g100860	CAB9506181.1
Sro257_g100870	CAB9506182.1
Sro257_g100880	CAB9506183.1
Sro257_g100890	CAB9506184.1
Sro257_g100900	CAB9506185.1
Sro257_g100901	CAB9506186.1
Sro257_g100910	CAB9506187.1
Sro257_g100920	CAB9506188.1
Sro257_g100930	CAB9506189.1
Sro257_g100931	CAB9506190.1
Sro257_g100940	CAB9506191.1
Sro257_g100950	CAB9506192.1
Sro257_g100960	CAB9506193.1
Sro257_g100970	CAB9506194.1
Sro257_g100980	CAB9506195.1
Sro257_g100990	CAB9506196.1
Sro257_g101000	CAB9506197.1
Sro257_g101010	CAB9506198.1
Sro258_g101020	CAB9506199.1
Sro258_g101030	CAB9506200.1
Sro258_g101050	CAB9506201.1
Sro258_g101060	CAB9506202.1
Sro258_g101070	CAB9506203.1
Sro258_g101080	CAB9506204.1
Sro258_g101090	CAB9506205.1
Sro258_g101100	CAB9506206.1
Sro258_g101101	CAB9506207.1
Sro258_g101110	CAB9506208.1
Sro258_g101111	CAB9506209.1
Sro258_g101120	CAB9506210.1
Sro258_g101130	CAB9506211.1
Sro258_g101140	CAB9506212.1
Sro258_g101141	CAB9506213.1
Sro258_g101150	CAB9506214.1
Sro258_g101160	CAB9506215.1
Sro258_g101170	CAB9506216.1
Sro258_g101180	CAB9506217.1
Sro258_g101190	CAB9506218.1
Sro258_g101200	CAB9506219.1
Sro259_g101210	CAB9506220.1
Sro259_g101220	CAB9506221.1
Sro259_g101230	CAB9506222.1
Sro259_g101240	CAB9506223.1
Sro259_g101250	CAB9506224.1
Sro259_g101260	CAB9506225.1
Sro259_g101270	CAB9506226.1
Sro259_g101280	CAB9506227.1
Sro259_g101290	CAB9506228.1
Sro259_g101300	CAB9506229.1
Sro259_g101310	CAB9506230.1
Sro259_g101320	CAB9506231.1
Sro259_g101330	CAB9506232.1
Sro259_g101340	CAB9506233.1
Sro259_g101350	CAB9506234.1
Sro259_g101360	CAB9506235.1
Sro259_g101370	CAB9506236.1
Sro259_g101380	CAB9506237.1
Sro259_g101390	CAB9506238.1
Sro259_g101400	CAB9506239.1
Sro259_g101410	CAB9506240.1
Sro259_g101420	CAB9506241.1
Sro259_g101430	CAB9506242.1
Sro259_g101440	CAB9506243.1
Sro259_g101450	CAB9506244.1
Sro259_g101460	CAB9506246.1
Sro259_g101461	CAB9506245.1
Sro259_g101470	CAB9506247.1
Sro259_g101480	CAB9506248.1
Sro259_g101490	CAB9506249.1
Sro25_g016690	CAB9497725.1
Sro25_g016700	CAB9497726.1
Sro25_g016710	CAB9497727.1
Sro25_g016720	CAB9497728.1
Sro25_g016730	CAB9497729.1
Sro25_g016740	CAB9497730.1
Sro25_g016750	CAB9497731.1
Sro25_g016760	CAB9497732.1
Sro25_g016770	CAB9497733.1
Sro25_g016780	CAB9497734.1
Sro25_g016790	CAB9497735.1
Sro25_g016800	CAB9497736.1
Sro25_g016810	CAB9497737.1
Sro25_g016820	CAB9497738.1
Sro25_g016821	CAB9497739.1
Sro25_g016830	CAB9497740.1
Sro25_g016840	CAB9497741.1
Sro25_g016850	CAB9497742.1
Sro25_g016860	CAB9497743.1
Sro25_g016870	CAB9497744.1
Sro25_g016880	CAB9497745.1
Sro25_g016890	CAB9497746.1
Sro25_g016900	CAB9497747.1
Sro25_g016910	CAB9497748.1
Sro25_g016920	CAB9497749.1
Sro25_g016930	CAB9497750.1
Sro25_g016940	CAB9497751.1
Sro25_g016950	CAB9497752.1
Sro25_g016960	CAB9497753.1
Sro25_g016970	CAB9497754.1
Sro25_g016980	CAB9497755.1
Sro25_g016990	CAB9497756.1
Sro25_g017000	CAB9497757.1
Sro25_g017010	CAB9497758.1
Sro25_g017020	CAB9497759.1
Sro25_g017030	CAB9497760.1
Sro25_g017040	CAB9497761.1
Sro25_g017050	CAB9497762.1
Sro25_g017060	CAB9497763.1
Sro25_g017070	CAB9497764.1
Sro25_g017080	CAB9497765.1
Sro25_g017090	CAB9497766.1
Sro25_g017100	CAB9497767.1
Sro25_g017110	CAB9497768.1
Sro25_g017120	CAB9497769.1
Sro25_g017130	CAB9497770.1
Sro25_g017140	CAB9497771.1
Sro25_g017150	CAB9497772.1
Sro25_g017160	CAB9497773.1
Sro25_g017170	CAB9497774.1
Sro25_g017180	CAB9497775.1
Sro25_g017190	CAB9497776.1
Sro25_g017200	CAB9497777.1
Sro25_g017210	CAB9497778.1
Sro25_g017220	CAB9497779.1
Sro25_g017230	CAB9497780.1
Sro25_g017240	CAB9497781.1
Sro25_g017250	CAB9497782.1
Sro25_g017260	CAB9497783.1
Sro25_g017270	CAB9497784.1
Sro25_g017280	CAB9497785.1
Sro25_g017290	CAB9497786.1
Sro25_g017300	CAB9497787.1
Sro25_g017310	CAB9497788.1
Sro25_g017320	CAB9497789.1
Sro25_g017330	CAB9497790.1
Sro25_g017340	CAB9497791.1
Sro25_g017350	CAB9497792.1
Sro25_g017360	CAB9497793.1
Sro25_g017370	CAB9497794.1
Sro25_g017380	CAB9497795.1
Sro25_g017390	CAB9497796.1
Sro260_g101500	CAB9506250.1
Sro260_g101510	CAB9506251.1
Sro260_g101520	CAB9506252.1
Sro260_g101530	CAB9506253.1
Sro260_g101540	CAB9506254.1
Sro260_g101550	CAB9506255.1
Sro260_g101560	CAB9506256.1
Sro260_g101570	CAB9506257.1
Sro260_g101580	CAB9506258.1
Sro260_g101590	CAB9506259.1
Sro260_g101600	CAB9506260.1
Sro260_g101610	CAB9506261.1
Sro260_g101620	CAB9506262.1
Sro260_g101630	CAB9506263.1
Sro260_g101640	CAB9506264.1
Sro260_g101650	CAB9506265.1
Sro260_g101651	CAB9506266.1
Sro260_g101660	CAB9506267.1
Sro260_g101670	CAB9506268.1
Sro260_g101680	CAB9506269.1
Sro260_g101681	CAB9506270.1
Sro261_g101690	CAB9506271.1
Sro261_g101700	CAB9506272.1
Sro261_g101710	CAB9506273.1
Sro261_g101720	CAB9506274.1
Sro261_g101730	CAB9506275.1
Sro261_g101740	CAB9506276.1
Sro261_g101750	CAB9506277.1
Sro261_g101760	CAB9506278.1
Sro261_g101770	CAB9506279.1
Sro261_g101780	CAB9506280.1
Sro261_g101790	CAB9506281.1
Sro261_g101800	CAB9506282.1
Sro261_g101810	CAB9506283.1
Sro261_g101820	CAB9506284.1
Sro261_g101830	CAB9506285.1
Sro261_g101840	CAB9506286.1
Sro261_g101850	CAB9506287.1
Sro261_g101860	CAB9506288.1
Sro261_g101870	CAB9506289.1
Sro261_g101880	CAB9506290.1
Sro261_g101890	CAB9506291.1
Sro261_g101900	CAB9506292.1
Sro261_g101910	CAB9506293.1
Sro262_g101920	CAB9506294.1
Sro262_g101930	CAB9506295.1
Sro262_g101940	CAB9506296.1
Sro262_g101950	CAB9506297.1
Sro262_g101960	CAB9506298.1
Sro262_g101970	CAB9506299.1
Sro262_g101980	CAB9506300.1
Sro262_g101990	CAB9506301.1
Sro262_g102000	CAB9506302.1
Sro262_g102010	CAB9506303.1
Sro262_g102020	CAB9506304.1
Sro262_g102030	CAB9506305.1
Sro262_g102040	CAB9506306.1
Sro262_g102050	CAB9506307.1
Sro262_g102060	CAB9506308.1
Sro262_g102070	CAB9506309.1
Sro262_g102080	CAB9506310.1
Sro262_g102081	CAB9506311.1
Sro262_g102090	CAB9506312.1
Sro262_g102100	CAB9506313.1
Sro262_g102110	CAB9506314.1
Sro262_g102120	CAB9506315.1
Sro263_g102130	CAB9506316.1
Sro263_g102140	CAB9506317.1
Sro263_g102150	CAB9506318.1
Sro263_g102160	CAB9506319.1
Sro263_g102170	CAB9506320.1
Sro263_g102180	CAB9506321.1
Sro263_g102190	CAB9506322.1
Sro263_g102200	CAB9506323.1
Sro263_g102201	CAB9506324.1
Sro263_g102210	CAB9506325.1
Sro263_g102220	CAB9506326.1
Sro263_g102230	CAB9506327.1
Sro263_g102240	CAB9506328.1
Sro263_g102241	CAB9506329.1
Sro263_g102250	CAB9506330.1
Sro263_g102260	CAB9506331.1
Sro263_g102270	CAB9506332.1
Sro263_g102280	CAB9506333.1
Sro263_g102290	CAB9506334.1
Sro263_g102300	CAB9506335.1
Sro263_g102310	CAB9506336.1
Sro263_g102320	CAB9506337.1
Sro263_g102330	CAB9506338.1
Sro263_g102340	CAB9506339.1
Sro263_g102350	CAB9506340.1
Sro263_g102360	CAB9506341.1
Sro263_g102370	CAB9506342.1
Sro263_g102380	CAB9506343.1
Sro263_g102390	CAB9506344.1
Sro263_g102400	CAB9506345.1
Sro263_g102410	CAB9506346.1
Sro264_g102420	CAB9506347.1
Sro264_g102430	CAB9506348.1
Sro264_g102440	CAB9506349.1
Sro264_g102450	CAB9506350.1
Sro264_g102460	CAB9506351.1
Sro264_g102470	CAB9506352.1
Sro264_g102480	CAB9506353.1
Sro264_g102490	CAB9506354.1
Sro264_g102500	CAB9506355.1
Sro264_g102510	CAB9506356.1
Sro264_g102520	CAB9506357.1
Sro264_g102530	CAB9506358.1
Sro264_g102540	CAB9506359.1
Sro264_g102550	CAB9506360.1
Sro264_g102560	CAB9506361.1
Sro264_g102570	CAB9506362.1
Sro264_g102580	CAB9506363.1
Sro264_g102590	CAB9506364.1
Sro264_g102600	CAB9506365.1
Sro264_g102610	CAB9506366.1
Sro264_g102620	CAB9506367.1
Sro264_g102630	CAB9506368.1
Sro264_g102640	CAB9506369.1
Sro264_g102650	CAB9506370.1
Sro264_g102660	CAB9506371.1
Sro264_g102670	CAB9506372.1
Sro264_g102680	CAB9506373.1
Sro265_g102690	CAB9506374.1
Sro265_g102700	CAB9506375.1
Sro265_g102710	CAB9506376.1
Sro265_g102720	CAB9506377.1
Sro265_g102730	CAB9506378.1
Sro265_g102740	CAB9506379.1
Sro265_g102750	CAB9506380.1
Sro265_g102760	CAB9506381.1
Sro265_g102761	CAB9506383.1
Sro265_g102770	CAB9506382.1
Sro265_g102780	CAB9506384.1
Sro265_g102790	CAB9506385.1
Sro265_g102800	CAB9506386.1
Sro265_g102810	CAB9506387.1
Sro265_g102820	CAB9506388.1
Sro265_g102830	CAB9506389.1
Sro265_g102840	CAB9506390.1
Sro265_g102850	CAB9506391.1
Sro265_g102860	CAB9506392.1
Sro265_g102870	CAB9506393.1
Sro265_g102880	CAB9506394.1
Sro265_g102890	CAB9506395.1
Sro265_g102900	CAB9506396.1
Sro265_g102910	CAB9506397.1
Sro265_g102920	CAB9506398.1
Sro265_g102930	CAB9506399.1
Sro265_g102940	CAB9506400.1
Sro265_g102950	CAB9506401.1
Sro265_g102960	CAB9506402.1
Sro265_g102970	CAB9506403.1
Sro266_g102980	CAB9506404.1
Sro266_g102990	CAB9506405.1
Sro266_g103000	CAB9506406.1
Sro266_g103010	CAB9506407.1
Sro266_g103020	CAB9506408.1
Sro266_g103030	CAB9506409.1
Sro266_g103040	CAB9506410.1
Sro266_g103050	CAB9506411.1
Sro266_g103060	CAB9506412.1
Sro266_g103070	CAB9506413.1
Sro266_g103080	CAB9506414.1
Sro266_g103090	CAB9506415.1
Sro266_g103100	CAB9506416.1
Sro266_g103110	CAB9506417.1
Sro266_g103120	CAB9506418.1
Sro266_g103130	CAB9506419.1
Sro266_g103140	CAB9506420.1
Sro266_g103150	CAB9506421.1
Sro266_g103160	CAB9506422.1
Sro266_g103170	CAB9506423.1
Sro266_g103180	CAB9506424.1
Sro266_g103190	CAB9506425.1
Sro266_g103200	CAB9506426.1
Sro266_g103210	CAB9506427.1
Sro266_g103220	CAB9506428.1
Sro266_g103230	CAB9506429.1
Sro266_g103240	CAB9506430.1
Sro266_g103250	CAB9506431.1
Sro266_g103260	CAB9506432.1
Sro266_g103270	CAB9506433.1
Sro266_g103280	CAB9506434.1
Sro266_g103290	CAB9506435.1
Sro266_g103300	CAB9506436.1
Sro267_g103310	CAB9506437.1
Sro267_g103320	CAB9506438.1
Sro267_g103330	CAB9506439.1
Sro267_g103340	CAB9506440.1
Sro267_g103350	CAB9506441.1
Sro267_g103360	CAB9506442.1
Sro267_g103370	CAB9506443.1
Sro267_g103371	CAB9506444.1
Sro267_g103380	CAB9506445.1
Sro267_g103390	CAB9506446.1
Sro267_g103400	CAB9506447.1
Sro267_g103410	CAB9506448.1
Sro267_g103420	CAB9506449.1
Sro267_g103430	CAB9506450.1
Sro267_g103440	CAB9506451.1
Sro267_g103450	CAB9506452.1
Sro267_g103460	CAB9506453.1
Sro267_g103470	CAB9506454.1
Sro267_g103480	CAB9506455.1
Sro267_g103490	CAB9506456.1
Sro267_g103500	CAB9506457.1
Sro267_g103510	CAB9506458.1
Sro267_g103520	CAB9506459.1
Sro267_g103530	CAB9506460.1
Sro267_g103540	CAB9506461.1
Sro267_g103541	CAB9506462.1
Sro267_g103550	CAB9506463.1
Sro267_g103560	CAB9506464.1
Sro268_g103570	CAB9506465.1
Sro268_g103580	CAB9506466.1
Sro268_g103590	CAB9506467.1
Sro268_g103600	CAB9506468.1
Sro268_g103610	CAB9506469.1
Sro268_g103620	CAB9506470.1
Sro268_g103630	CAB9506471.1
Sro268_g103640	CAB9506472.1
Sro268_g103650	CAB9506473.1
Sro268_g103660	CAB9506474.1
Sro268_g103670	CAB9506475.1
Sro268_g103680	CAB9506476.1
Sro268_g103690	CAB9506477.1
Sro268_g103700	CAB9506478.1
Sro268_g103701	CAB9506479.1
Sro268_g103710	CAB9506480.1
Sro268_g103720	CAB9506481.1
Sro268_g103730	CAB9506482.1
Sro268_g103740	CAB9506483.1
Sro268_g103750	CAB9506484.1
Sro268_g103760	CAB9506485.1
Sro268_g103770	CAB9506486.1
Sro268_g103780	CAB9506487.1
Sro268_g103790	CAB9506488.1
Sro268_g103800	CAB9506489.1
Sro268_g103810	CAB9506490.1
Sro268_g103820	CAB9506491.1
Sro268_g103830	CAB9506492.1
Sro268_g103840	CAB9506493.1
Sro268_g103850	CAB9506494.1
Sro269_g103860	CAB9506495.1
Sro269_g103870	CAB9506496.1
Sro269_g103880	CAB9506497.1
Sro269_g103890	CAB9506498.1
Sro269_g103900	CAB9506499.1
Sro269_g103910	CAB9506500.1
Sro269_g103920	CAB9506501.1
Sro269_g103930	CAB9506502.1
Sro269_g103931	CAB9506503.1
Sro269_g103940	CAB9506504.1
Sro269_g103950	CAB9506505.1
Sro269_g103960	CAB9506506.1
Sro269_g103970	CAB9506507.1
Sro269_g103980	CAB9506508.1
Sro269_g103990	CAB9506509.1
Sro269_g104000	CAB9506510.1
Sro269_g104010	CAB9506511.1
Sro269_g104020	CAB9506512.1
Sro269_g104030	CAB9506513.1
Sro269_g104040	CAB9506514.1
Sro269_g104050	CAB9506515.1
Sro269_g104060	CAB9506516.1
Sro269_g104070	CAB9506517.1
Sro269_g104080	CAB9506518.1
Sro269_g104081	CAB9506519.1
Sro269_g104090	CAB9506520.1
Sro269_g104100	CAB9506521.1
Sro269_g104110	CAB9506522.1
Sro269_g104120	CAB9506523.1
Sro269_g104140	CAB9506524.1
Sro26_g017400	CAB9497797.1
Sro26_g017410	CAB9497798.1
Sro26_g017420	CAB9497799.1
Sro26_g017430	CAB9497800.1
Sro26_g017440	CAB9497801.1
Sro26_g017450	CAB9497802.1
Sro26_g017460	CAB9497803.1
Sro26_g017470	CAB9497804.1
Sro26_g017480	CAB9497805.1
Sro26_g017490	CAB9497806.1
Sro26_g017500	CAB9497807.1
Sro26_g017510	CAB9497808.1
Sro26_g017520	CAB9497809.1
Sro26_g017530	CAB9497810.1
Sro26_g017540	CAB9497811.1
Sro26_g017550	CAB9497812.1
Sro26_g017560	CAB9497813.1
Sro26_g017570	CAB9497814.1
Sro26_g017580	CAB9497815.1
Sro26_g017590	CAB9497816.1
Sro26_g017600	CAB9497817.1
Sro26_g017610	CAB9497818.1
Sro26_g017620	CAB9497819.1
Sro26_g017630	CAB9497820.1
Sro26_g017640	CAB9497821.1
Sro26_g017650	CAB9497822.1
Sro26_g017660	CAB9497823.1
Sro26_g017670	CAB9497824.1
Sro26_g017680	CAB9497825.1
Sro26_g017690	CAB9497826.1
Sro26_g017700	CAB9497827.1
Sro26_g017710	CAB9497828.1
Sro26_g017720	CAB9497829.1
Sro26_g017730	CAB9497830.1
Sro26_g017740	CAB9497831.1
Sro26_g017750	CAB9497832.1
Sro26_g017760	CAB9497833.1
Sro26_g017770	CAB9497834.1
Sro26_g017780	CAB9497835.1
Sro26_g017790	CAB9497836.1
Sro26_g017800	CAB9497837.1
Sro26_g017820	CAB9497838.1
Sro26_g017830	CAB9497839.1
Sro26_g017840	CAB9497840.1
Sro26_g017850	CAB9497841.1
Sro26_g017860	CAB9497842.1
Sro26_g017870	CAB9497843.1
Sro26_g017880	CAB9497844.1
Sro26_g017890	CAB9497845.1
Sro26_g017900	CAB9497846.1
Sro26_g017910	CAB9497847.1
Sro26_g017920	CAB9497848.1
Sro26_g017930	CAB9497849.1
Sro26_g017940	CAB9497850.1
Sro26_g017950	CAB9497851.1
Sro26_g017960	CAB9497852.1
Sro26_g017970	CAB9497853.1
Sro270_g104150	CAB9506525.1
Sro270_g104160	CAB9506526.1
Sro270_g104170	CAB9506527.1
Sro270_g104180	CAB9506528.1
Sro270_g104190	CAB9506529.1
Sro270_g104200	CAB9506530.1
Sro270_g104201	CAB9506531.1
Sro270_g104210	CAB9506532.1
Sro270_g104220	CAB9506533.1
Sro270_g104230	CAB9506534.1
Sro270_g104240	CAB9506535.1
Sro270_g104250	CAB9506536.1
Sro270_g104260	CAB9506537.1
Sro270_g104270	CAB9506538.1
Sro270_g104280	CAB9506539.1
Sro270_g104290	CAB9506540.1
Sro270_g104300	CAB9506541.1
Sro270_g104310	CAB9506542.1
Sro270_g104320	CAB9506543.1
Sro270_g104330	CAB9506544.1
Sro270_g104340	CAB9506545.1
Sro270_g104350	CAB9506546.1
Sro270_g104360	CAB9506547.1
Sro270_g104370	CAB9506548.1
Sro270_g104380	CAB9506549.1
Sro270_g104390	CAB9506550.1
Sro271_g104400	CAB9506551.1
Sro271_g104410	CAB9506552.1
Sro271_g104420	CAB9506553.1
Sro271_g104430	CAB9506554.1
Sro271_g104440	CAB9506555.1
Sro271_g104450	CAB9506556.1
Sro271_g104460	CAB9506557.1
Sro271_g104470	CAB9506558.1
Sro271_g104480	CAB9506559.1
Sro271_g104490	CAB9506560.1
Sro271_g104500	CAB9506561.1
Sro271_g104510	CAB9506562.1
Sro271_g104520	CAB9506563.1
Sro271_g104530	CAB9506564.1
Sro271_g104540	CAB9506565.1
Sro271_g104550	CAB9506566.1
Sro271_g104560	CAB9506567.1
Sro271_g104561	CAB9506568.1
Sro271_g104570	CAB9506569.1
Sro271_g104580	CAB9506570.1
Sro271_g104590	CAB9506571.1
Sro271_g104600	CAB9506572.1
Sro271_g104610	CAB9506573.1
Sro271_g104620	CAB9506574.1
Sro271_g104630	CAB9506575.1
Sro271_g104640	CAB9506576.1
Sro271_g104650	CAB9506577.1
Sro271_g104660	CAB9506578.1
Sro271_g104670	CAB9506579.1
Sro271_g104680	CAB9506580.1
Sro271_g104690	CAB9506581.1
Sro271_g104700	CAB9506582.1
Sro271_g104710	CAB9506583.1
Sro271_g104720	CAB9506584.1
Sro271_g104730	CAB9506585.1
Sro272_g104740	CAB9506586.1
Sro272_g104750	CAB9506587.1
Sro272_g104760	CAB9506588.1
Sro272_g104770	CAB9506589.1
Sro272_g104780	CAB9506590.1
Sro272_g104790	CAB9506591.1
Sro272_g104800	CAB9506592.1
Sro272_g104810	CAB9506593.1
Sro272_g104820	CAB9506594.1
Sro272_g104830	CAB9506595.1
Sro272_g104840	CAB9506596.1
Sro272_g104850	CAB9506597.1
Sro272_g104860	CAB9506598.1
Sro272_g104870	CAB9506599.1
Sro272_g104880	CAB9506600.1
Sro272_g104890	CAB9506601.1
Sro272_g104900	CAB9506602.1
Sro272_g104910	CAB9506603.1
Sro272_g104920	CAB9506604.1
Sro272_g104930	CAB9506605.1
Sro272_g104940	CAB9506606.1
Sro272_g104950	CAB9506607.1
Sro272_g104960	CAB9506608.1
Sro272_g104970	CAB9506609.1
Sro272_g104980	CAB9506610.1
Sro273_g104990	CAB9506611.1
Sro273_g105000	CAB9506612.1
Sro273_g105010	CAB9506613.1
Sro273_g105020	CAB9506614.1
Sro273_g105030	CAB9506615.1
Sro273_g105040	CAB9506616.1
Sro273_g105050	CAB9506617.1
Sro273_g105060	CAB9506618.1
Sro273_g105070	CAB9506619.1
Sro273_g105080	CAB9506620.1
Sro273_g105090	CAB9506621.1
Sro273_g105100	CAB9506622.1
Sro273_g105110	CAB9506623.1
Sro273_g105120	CAB9506624.1
Sro273_g105130	CAB9506625.1
Sro273_g105140	CAB9506626.1
Sro273_g105150	CAB9506627.1
Sro273_g105160	CAB9506628.1
Sro273_g105170	CAB9506629.1
Sro273_g105180	CAB9506630.1
Sro273_g105190	CAB9506631.1
Sro273_g105200	CAB9506632.1
Sro273_g105210	CAB9506633.1
Sro273_g105220	CAB9506634.1
Sro273_g105230	CAB9506635.1
Sro273_g105240	CAB9506636.1
Sro273_g105250	CAB9506637.1
Sro274_g105260	CAB9506638.1
Sro274_g105270	CAB9506639.1
Sro274_g105280	CAB9506640.1
Sro274_g105290	CAB9506641.1
Sro274_g105300	CAB9506642.1
Sro274_g105310	CAB9506643.1
Sro274_g105320	CAB9506644.1
Sro274_g105330	CAB9506645.1
Sro274_g105340	CAB9506646.1
Sro274_g105350	CAB9506647.1
Sro274_g105360	CAB9506648.1
Sro274_g105370	CAB9506649.1
Sro274_g105380	CAB9506650.1
Sro274_g105390	CAB9506651.1
Sro274_g105400	CAB9506652.1
Sro274_g105410	CAB9506653.1
Sro274_g105420	CAB9506654.1
Sro274_g105430	CAB9506655.1
Sro274_g105440	CAB9506656.1
Sro274_g105450	CAB9506657.1
Sro274_g105460	CAB9506658.1
Sro274_g105470	CAB9506659.1
Sro274_g105480	CAB9506660.1
Sro274_g105490	CAB9506661.1
Sro274_g105500	CAB9506662.1
Sro274_g105510	CAB9506663.1
Sro274_g105520	CAB9506664.1
Sro274_g105530	CAB9506665.1
Sro274_g105540	CAB9506666.1
Sro274_g105550	CAB9506667.1
Sro274_g105560	CAB9506668.1
Sro274_g105570	CAB9506669.1
Sro274_g105580	CAB9506670.1
Sro274_g105590	CAB9506671.1
Sro274_g105600	CAB9506672.1
Sro275_g105610	CAB9506674.1
Sro275_g105620	CAB9506675.1
Sro275_g105630	CAB9506676.1
Sro275_g105640	CAB9506677.1
Sro275_g105650	CAB9506678.1
Sro275_g105660	CAB9506679.1
Sro275_g105670	CAB9506680.1
Sro275_g105680	CAB9506681.1
Sro275_g105690	CAB9506682.1
Sro275_g105700	CAB9506683.1
Sro275_g105710	CAB9506684.1
Sro275_g105711	CAB9506685.1
Sro275_g105720	CAB9506686.1
Sro275_g105730	CAB9506687.1
Sro275_g105740	CAB9506688.1
Sro275_g105750	CAB9506689.1
Sro275_g105760	CAB9506690.1
Sro275_g105770	CAB9506691.1
Sro275_g105780	CAB9506692.1
Sro275_g105790	CAB9506693.1
Sro275_g105800	CAB9506694.1
Sro275_g105810	CAB9506695.1
Sro275_g105820	CAB9506696.1
Sro275_g105830	CAB9506697.1
Sro275_g105840	CAB9506698.1
Sro275_g105850	CAB9506699.1
Sro275_g105860	CAB9506700.1
Sro275_g105870	CAB9506701.1
Sro275_g336211	CAB9506673.1
Sro276_g105880	CAB9506702.1
Sro276_g105890	CAB9506703.1
Sro276_g105900	CAB9506704.1
Sro276_g105910	CAB9506705.1
Sro276_g105920	CAB9506706.1
Sro276_g105930	CAB9506707.1
Sro276_g105940	CAB9506708.1
Sro276_g105950	CAB9506709.1
Sro276_g105960	CAB9506710.1
Sro276_g105970	CAB9506711.1
Sro276_g105980	CAB9506712.1
Sro276_g105990	CAB9506713.1
Sro276_g106000	CAB9506714.1
Sro276_g106010	CAB9506715.1
Sro276_g106020	CAB9506716.1
Sro276_g106030	CAB9506717.1
Sro276_g106040	CAB9506718.1
Sro276_g106050	CAB9506719.1
Sro276_g106060	CAB9506720.1
Sro276_g106070	CAB9506721.1
Sro276_g106080	CAB9506722.1
Sro276_g106090	CAB9506723.1
Sro276_g106100	CAB9506724.1
Sro276_g106110	CAB9506725.1
Sro276_g106120	CAB9506726.1
Sro276_g106130	CAB9506727.1
Sro277_g106140	CAB9506728.1
Sro277_g106150	CAB9506729.1
Sro277_g106160	CAB9506730.1
Sro277_g106170	CAB9506731.1
Sro277_g106180	CAB9506732.1
Sro277_g106190	CAB9506733.1
Sro277_g106200	CAB9506734.1
Sro277_g106210	CAB9506735.1
Sro277_g106220	CAB9506736.1
Sro277_g106230	CAB9506737.1
Sro277_g106240	CAB9506738.1
Sro277_g106250	CAB9506739.1
Sro277_g106260	CAB9506740.1
Sro277_g106270	CAB9506741.1
Sro277_g106280	CAB9506742.1
Sro277_g106290	CAB9506743.1
Sro277_g106300	CAB9506744.1
Sro277_g106310	CAB9506745.1
Sro277_g106320	CAB9506746.1
Sro277_g106330	CAB9506747.1
Sro277_g106340	CAB9506748.1
Sro277_g106350	CAB9506749.1
Sro277_g106360	CAB9506750.1
Sro277_g106370	CAB9506751.1
Sro277_g106380	CAB9506752.1
Sro277_g106390	CAB9506753.1
Sro277_g106400	CAB9506754.1
Sro277_g106410	CAB9506755.1
Sro277_g106420	CAB9506756.1
Sro277_g106430	CAB9506757.1
Sro277_g106440	CAB9506758.1
Sro278_g106450	CAB9506759.1
Sro278_g106460	CAB9506760.1
Sro278_g106470	CAB9506761.1
Sro278_g106480	CAB9506762.1
Sro278_g106490	CAB9506763.1
Sro278_g106500	CAB9506764.1
Sro278_g106510	CAB9506765.1
Sro278_g106520	CAB9506766.1
Sro278_g106530	CAB9506767.1
Sro278_g106540	CAB9506768.1
Sro278_g106550	CAB9506769.1
Sro278_g106560	CAB9506770.1
Sro278_g106570	CAB9506771.1
Sro278_g106580	CAB9506772.1
Sro278_g106590	CAB9506773.1
Sro278_g106600	CAB9506774.1
Sro278_g106601	CAB9506775.1
Sro278_g106610	CAB9506776.1
Sro278_g106620	CAB9506777.1
Sro278_g106630	CAB9506778.1
Sro278_g106640	CAB9506779.1
Sro278_g106650	CAB9506780.1
Sro279_g106660	CAB9506781.1
Sro279_g106670	CAB9506782.1
Sro279_g106680	CAB9506783.1
Sro279_g106690	CAB9506784.1
Sro279_g106700	CAB9506785.1
Sro279_g106710	CAB9506786.1
Sro279_g106720	CAB9506787.1
Sro279_g106730	CAB9506788.1
Sro279_g106731	CAB9506789.1
Sro279_g106740	CAB9506790.1
Sro279_g106750	CAB9506791.1
Sro279_g106760	CAB9506792.1
Sro279_g106770	CAB9506793.1
Sro279_g106780	CAB9506794.1
Sro279_g106790	CAB9506795.1
Sro279_g106800	CAB9506796.1
Sro279_g106810	CAB9506797.1
Sro279_g106820	CAB9506798.1
Sro279_g106830	CAB9506799.1
Sro279_g106840	CAB9506800.1
Sro279_g106850	CAB9506801.1
Sro279_g106860	CAB9506802.1
Sro279_g106870	CAB9506803.1
Sro279_g106880	CAB9506804.1
Sro279_g106890	CAB9506805.1
Sro279_g106900	CAB9506806.1
Sro279_g106910	CAB9506807.1
Sro279_g106920	CAB9506808.1
Sro279_g106930	CAB9506809.1
Sro27_g017980	CAB9497854.1
Sro27_g017990	CAB9497855.1
Sro27_g018000	CAB9497856.1
Sro27_g018010	CAB9497857.1
Sro27_g018020	CAB9497858.1
Sro27_g018030	CAB9497859.1
Sro27_g018040	CAB9497860.1
Sro27_g018050	CAB9497861.1
Sro27_g018060	CAB9497862.1
Sro27_g018070	CAB9497863.1
Sro27_g018071	CAB9497864.1
Sro27_g018080	CAB9497865.1
Sro27_g018090	CAB9497866.1
Sro27_g018100	CAB9497867.1
Sro27_g018110	CAB9497868.1
Sro27_g018120	CAB9497869.1
Sro27_g018130	CAB9497870.1
Sro27_g018140	CAB9497871.1
Sro27_g018150	CAB9497872.1
Sro27_g018151	CAB9497873.1
Sro27_g018160	CAB9497874.1
Sro27_g018170	CAB9497875.1
Sro27_g018180	CAB9497876.1
Sro27_g018190	CAB9497877.1
Sro27_g018200	CAB9497878.1
Sro27_g018210	CAB9497879.1
Sro27_g018220	CAB9497880.1
Sro27_g018230	CAB9497881.1
Sro27_g018240	CAB9497882.1
Sro27_g018250	CAB9497883.1
Sro27_g018260	CAB9497884.1
Sro27_g018270	CAB9497885.1
Sro27_g018280	CAB9497886.1
Sro27_g018290	CAB9497887.1
Sro27_g018300	CAB9497888.1
Sro27_g018310	CAB9497889.1
Sro27_g018320	CAB9497890.1
Sro27_g018330	CAB9497891.1
Sro27_g018340	CAB9497892.1
Sro27_g018350	CAB9497893.1
Sro27_g018360	CAB9497894.1
Sro27_g018370	CAB9497895.1
Sro27_g018380	CAB9497896.1
Sro27_g018390	CAB9497897.1
Sro27_g018400	CAB9497898.1
Sro27_g018410	CAB9497899.1
Sro27_g018420	CAB9497900.1
Sro27_g018430	CAB9497901.1
Sro27_g018440	CAB9497902.1
Sro27_g018450	CAB9497903.1
Sro27_g018460	CAB9497904.1
Sro27_g018470	CAB9497905.1
Sro27_g018480	CAB9497906.1
Sro27_g018490	CAB9497907.1
Sro280_g106940	CAB9506810.1
Sro280_g106950	CAB9506811.1
Sro280_g106960	CAB9506812.1
Sro280_g106970	CAB9506813.1
Sro280_g106980	CAB9506814.1
Sro280_g106990	CAB9506815.1
Sro280_g107000	CAB9506816.1
Sro280_g107010	CAB9506817.1
Sro280_g107020	CAB9506818.1
Sro280_g107030	CAB9506819.1
Sro280_g107040	CAB9506820.1
Sro280_g107050	CAB9506821.1
Sro280_g107060	CAB9506822.1
Sro280_g107070	CAB9506823.1
Sro280_g107080	CAB9506824.1
Sro280_g107090	CAB9506825.1
Sro280_g107100	CAB9506826.1
Sro280_g107110	CAB9506827.1
Sro280_g107120	CAB9506828.1
Sro280_g107130	CAB9506829.1
Sro280_g107131	CAB9506830.1
Sro280_g107140	CAB9506831.1
Sro280_g107141	CAB9506832.1
Sro280_g107150	CAB9506833.1
Sro281_g107160	CAB9506834.1
Sro281_g107170	CAB9506835.1
Sro281_g107180	CAB9506836.1
Sro281_g107190	CAB9506837.1
Sro281_g107200	CAB9506838.1
Sro281_g107210	CAB9506839.1
Sro281_g107220	CAB9506840.1
Sro281_g107230	CAB9506841.1
Sro281_g107240	CAB9506842.1
Sro281_g107250	CAB9506843.1
Sro281_g107260	CAB9506844.1
Sro281_g107270	CAB9506845.1
Sro281_g107280	CAB9506846.1
Sro281_g107290	CAB9506847.1
Sro281_g107300	CAB9506848.1
Sro281_g107310	CAB9506849.1
Sro281_g107311	CAB9506850.1
Sro281_g107320	CAB9506851.1
Sro281_g107330	CAB9506852.1
Sro281_g107340	CAB9506853.1
Sro281_g107350	CAB9506854.1
Sro282_g107360	CAB9506855.1
Sro282_g107370	CAB9506856.1
Sro282_g107380	CAB9506857.1
Sro282_g107390	CAB9506858.1
Sro282_g107400	CAB9506859.1
Sro282_g107410	CAB9506860.1
Sro282_g107420	CAB9506861.1
Sro282_g107430	CAB9506862.1
Sro282_g107440	CAB9506863.1
Sro282_g107450	CAB9506864.1
Sro282_g107460	CAB9506865.1
Sro282_g107470	CAB9506866.1
Sro282_g107480	CAB9506867.1
Sro282_g107490	CAB9506868.1
Sro282_g107500	CAB9506869.1
Sro282_g107510	CAB9506870.1
Sro282_g107520	CAB9506871.1
Sro282_g107530	CAB9506872.1
Sro282_g107540	CAB9506873.1
Sro282_g107550	CAB9506874.1
Sro282_g107560	CAB9506875.1
Sro282_g107570	CAB9506876.1
Sro282_g107580	CAB9506877.1
Sro282_g107590	CAB9506878.1
Sro282_g107600	CAB9506879.1
Sro282_g107610	CAB9506880.1
Sro282_g107620	CAB9506881.1
Sro283_g107630	CAB9506882.1
Sro283_g107640	CAB9506883.1
Sro283_g107650	CAB9506884.1
Sro283_g107660	CAB9506885.1
Sro283_g107670	CAB9506886.1
Sro283_g107680	CAB9506887.1
Sro283_g107690	CAB9506888.1
Sro283_g107700	CAB9506889.1
Sro283_g107710	CAB9506890.1
Sro283_g107720	CAB9506891.1
Sro283_g107730	CAB9506892.1
Sro283_g107740	CAB9506893.1
Sro283_g107750	CAB9506894.1
Sro283_g107760	CAB9506895.1
Sro283_g107770	CAB9506896.1
Sro283_g107780	CAB9506897.1
Sro283_g107790	CAB9506898.1
Sro283_g107800	CAB9506899.1
Sro283_g107810	CAB9506900.1
Sro283_g107820	CAB9506901.1
Sro283_g107830	CAB9506902.1
Sro283_g107840	CAB9506903.1
Sro283_g107850	CAB9506904.1
Sro284_g107860	CAB9506905.1
Sro284_g107870	CAB9506906.1
Sro284_g107880	CAB9506907.1
Sro284_g107890	CAB9506908.1
Sro284_g107900	CAB9506909.1
Sro284_g107910	CAB9506910.1
Sro284_g107920	CAB9506911.1
Sro284_g107930	CAB9506912.1
Sro284_g107940	CAB9506913.1
Sro284_g107950	CAB9506914.1
Sro284_g107960	CAB9506915.1
Sro284_g107970	CAB9506916.1
Sro284_g107980	CAB9506917.1
Sro284_g107990	CAB9506918.1
Sro284_g108000	CAB9506919.1
Sro284_g108010	CAB9506920.1
Sro285_g108020	CAB9506921.1
Sro285_g108030	CAB9506922.1
Sro285_g108040	CAB9506923.1
Sro285_g108050	CAB9506924.1
Sro285_g108060	CAB9506925.1
Sro285_g108070	CAB9506926.1
Sro285_g108080	CAB9506927.1
Sro285_g108090	CAB9506928.1
Sro285_g108100	CAB9506929.1
Sro285_g108110	CAB9506930.1
Sro285_g108120	CAB9506931.1
Sro285_g108130	CAB9506932.1
Sro285_g108140	CAB9506933.1
Sro285_g108150	CAB9506934.1
Sro285_g108160	CAB9506935.1
Sro285_g108170	CAB9506936.1
Sro285_g108180	CAB9506937.1
Sro286_g108190	CAB9506938.1
Sro286_g108200	CAB9506939.1
Sro286_g108210	CAB9506940.1
Sro286_g108220	CAB9506941.1
Sro286_g108230	CAB9506942.1
Sro286_g108240	CAB9506943.1
Sro286_g108250	CAB9506944.1
Sro286_g108260	CAB9506945.1
Sro286_g108270	CAB9506946.1
Sro286_g108280	CAB9506947.1
Sro286_g108290	CAB9506948.1
Sro286_g108300	CAB9506949.1
Sro286_g108310	CAB9506950.1
Sro286_g108320	CAB9506951.1
Sro286_g108330	CAB9506952.1
Sro286_g108340	CAB9506953.1
Sro286_g108350	CAB9506954.1
Sro286_g108360	CAB9506955.1
Sro286_g108370	CAB9506956.1
Sro286_g108380	CAB9506957.1
Sro286_g108390	CAB9506958.1
Sro286_g108400	CAB9506959.1
Sro286_g108410	CAB9506960.1
Sro286_g108420	CAB9506961.1
Sro286_g108430	CAB9506962.1
Sro286_g108440	CAB9506963.1
Sro286_g108450	CAB9506964.1
Sro286_g108460	CAB9506965.1
Sro287_g108470	CAB9506966.1
Sro287_g108480	CAB9506967.1
Sro287_g108490	CAB9506968.1
Sro287_g108500	CAB9506969.1
Sro287_g108510	CAB9506970.1
Sro287_g108520	CAB9506971.1
Sro287_g108530	CAB9506972.1
Sro287_g108540	CAB9506973.1
Sro287_g108550	CAB9506974.1
Sro287_g108560	CAB9506975.1
Sro287_g108570	CAB9506976.1
Sro287_g108580	CAB9506977.1
Sro287_g108590	CAB9506978.1
Sro287_g108600	CAB9506979.1
Sro287_g108610	CAB9506980.1
Sro287_g108620	CAB9506981.1
Sro287_g108630	CAB9506982.1
Sro287_g108640	CAB9506983.1
Sro287_g108650	CAB9506984.1
Sro287_g108660	CAB9506985.1
Sro287_g108670	CAB9506986.1
Sro287_g108680	CAB9506987.1
Sro287_g108690	CAB9506988.1
Sro287_g108700	CAB9506989.1
Sro287_g108710	CAB9506990.1
Sro287_g108720	CAB9506991.1
Sro288_g108730	CAB9506992.1
Sro288_g108740	CAB9506993.1
Sro288_g108750	CAB9506994.1
Sro288_g108760	CAB9506995.1
Sro288_g108770	CAB9506996.1
Sro288_g108780	CAB9506997.1
Sro288_g108790	CAB9506998.1
Sro288_g108800	CAB9506999.1
Sro288_g108810	CAB9507000.1
Sro288_g108820	CAB9507001.1
Sro288_g108830	CAB9507002.1
Sro288_g108840	CAB9507003.1
Sro288_g108850	CAB9507004.1
Sro288_g108860	CAB9507005.1
Sro288_g108870	CAB9507006.1
Sro288_g108880	CAB9507007.1
Sro288_g108890	CAB9507008.1
Sro288_g108900	CAB9507009.1
Sro288_g108910	CAB9507010.1
Sro288_g108920	CAB9507011.1
Sro289_g108930	CAB9507012.1
Sro289_g108940	CAB9507013.1
Sro289_g108950	CAB9507014.1
Sro289_g108960	CAB9507015.1
Sro289_g108970	CAB9507016.1
Sro289_g108980	CAB9507017.1
Sro289_g108990	CAB9507018.1
Sro289_g109000	CAB9507019.1
Sro289_g109010	CAB9507020.1
Sro289_g109020	CAB9507021.1
Sro289_g109030	CAB9507022.1
Sro289_g109040	CAB9507023.1
Sro289_g109050	CAB9507024.1
Sro289_g109060	CAB9507025.1
Sro289_g109070	CAB9507026.1
Sro289_g109080	CAB9507027.1
Sro289_g109090	CAB9507028.1
Sro289_g109100	CAB9507029.1
Sro289_g109110	CAB9507030.1
Sro289_g109120	CAB9507031.1
Sro289_g109130	CAB9507032.1
Sro289_g109140	CAB9507033.1
Sro289_g109150	CAB9507034.1
Sro289_g109160	CAB9507035.1
Sro289_g109170	CAB9507036.1
Sro289_g109180	CAB9507037.1
Sro289_g109190	CAB9507038.1
Sro289_g109200	CAB9507039.1
Sro289_g109210	CAB9507040.1
Sro289_g109220	CAB9507041.1
Sro28_g018500	CAB9497908.1
Sro28_g018510	CAB9497909.1
Sro28_g018520	CAB9497910.1
Sro28_g018530	CAB9497911.1
Sro28_g018540	CAB9497912.1
Sro28_g018550	CAB9497913.1
Sro28_g018560	CAB9497914.1
Sro28_g018570	CAB9497915.1
Sro28_g018580	CAB9497916.1
Sro28_g018590	CAB9497917.1
Sro28_g018600	CAB9497918.1
Sro28_g018610	CAB9497919.1
Sro28_g018620	CAB9497920.1
Sro28_g018630	CAB9497921.1
Sro28_g018640	CAB9497922.1
Sro28_g018650	CAB9497923.1
Sro28_g018660	CAB9497924.1
Sro28_g018670	CAB9497925.1
Sro28_g018690	CAB9497926.1
Sro28_g018710	CAB9497927.1
Sro28_g018720	CAB9497928.1
Sro28_g018730	CAB9497929.1
Sro28_g018740	CAB9497930.1
Sro28_g018750	CAB9497931.1
Sro28_g018751	CAB9497932.1
Sro28_g018760	CAB9497933.1
Sro28_g018770	CAB9497934.1
Sro28_g018780	CAB9497935.1
Sro28_g018790	CAB9497936.1
Sro28_g018800	CAB9497937.1
Sro28_g018810	CAB9497938.1
Sro28_g018820	CAB9497939.1
Sro28_g018830	CAB9497940.1
Sro28_g018840	CAB9497941.1
Sro28_g018850	CAB9497942.1
Sro28_g018860	CAB9497943.1
Sro28_g018870	CAB9497944.1
Sro28_g018880	CAB9497945.1
Sro28_g018890	CAB9497946.1
Sro28_g018900	CAB9497947.1
Sro28_g018910	CAB9497948.1
Sro28_g018920	CAB9497949.1
Sro28_g018930	CAB9497950.1
Sro290_g109230	CAB9507042.1
Sro290_g109231	CAB9507043.1
Sro290_g109240	CAB9507044.1
Sro290_g109250	CAB9507045.1
Sro290_g109260	CAB9507046.1
Sro290_g109270	CAB9507047.1
Sro290_g109280	CAB9507048.1
Sro290_g109290	CAB9507049.1
Sro290_g109300	CAB9507050.1
Sro290_g109310	CAB9507051.1
Sro290_g109320	CAB9507052.1
Sro290_g109321	CAB9507053.1
Sro290_g109350	CAB9507054.1
Sro290_g109360	CAB9507055.1
Sro290_g109361	CAB9507056.1
Sro290_g109370	CAB9507057.1
Sro290_g109380	CAB9507058.1
Sro290_g109390	CAB9507059.1
Sro290_g109400	CAB9507060.1
Sro290_g109410	CAB9507061.1
Sro291_g109420	CAB9507062.1
Sro291_g109430	CAB9507063.1
Sro291_g109440	CAB9507064.1
Sro291_g109450	CAB9507065.1
Sro291_g109460	CAB9507066.1
Sro291_g109470	CAB9507067.1
Sro291_g109480	CAB9507068.1
Sro291_g109490	CAB9507069.1
Sro291_g109500	CAB9507070.1
Sro291_g109510	CAB9507071.1
Sro291_g109520	CAB9507072.1
Sro291_g109530	CAB9507073.1
Sro292_g109540	CAB9507074.1
Sro292_g109550	CAB9507075.1
Sro292_g109560	CAB9507076.1
Sro292_g109570	CAB9507077.1
Sro292_g109580	CAB9507078.1
Sro292_g109590	CAB9507079.1
Sro292_g109591	CAB9507080.1
Sro292_g109600	CAB9507081.1
Sro292_g109610	CAB9507082.1
Sro292_g109620	CAB9507083.1
Sro292_g109630	CAB9507084.1
Sro292_g109640	CAB9507085.1
Sro292_g109650	CAB9507086.1
Sro292_g109660	CAB9507087.1
Sro292_g109670	CAB9507088.1
Sro292_g109680	CAB9507089.1
Sro292_g109690	CAB9507090.1
Sro292_g109700	CAB9507091.1
Sro292_g109710	CAB9507092.1
Sro292_g109720	CAB9507093.1
Sro292_g109730	CAB9507094.1
Sro292_g109740	CAB9507095.1
Sro292_g109750	CAB9507096.1
Sro292_g109760	CAB9507097.1
Sro292_g109770	CAB9507098.1
Sro293_g109780	CAB9507099.1
Sro293_g109790	CAB9507100.1
Sro293_g109800	CAB9507101.1
Sro293_g109810	CAB9507102.1
Sro293_g109820	CAB9507103.1
Sro293_g109830	CAB9507104.1
Sro293_g109840	CAB9507105.1
Sro293_g109850	CAB9507106.1
Sro293_g109860	CAB9507107.1
Sro293_g109870	CAB9507108.1
Sro293_g109880	CAB9507109.1
Sro293_g109890	CAB9507110.1
Sro293_g109900	CAB9507111.1
Sro293_g109910	CAB9507112.1
Sro293_g109920	CAB9507113.1
Sro293_g109930	CAB9507114.1
Sro293_g109940	CAB9507115.1
Sro293_g109950	CAB9507116.1
Sro293_g109960	CAB9507117.1
Sro293_g109970	CAB9507118.1
Sro293_g109980	CAB9507119.1
Sro293_g109990	CAB9507120.1
Sro293_g110000	CAB9507121.1
Sro293_g110010	CAB9507122.1
Sro293_g110020	CAB9507123.1
Sro293_g110030	CAB9507124.1
Sro293_g110040	CAB9507125.1
Sro293_g110050	CAB9507126.1
Sro293_g110060	CAB9507127.1
Sro293_g110070	CAB9507128.1
Sro293_g110080	CAB9507129.1
Sro293_g110090	CAB9507130.1
Sro294_g110100	CAB9507131.1
Sro294_g110110	CAB9507132.1
Sro294_g110120	CAB9507133.1
Sro294_g110130	CAB9507134.1
Sro294_g110140	CAB9507135.1
Sro294_g110150	CAB9507136.1
Sro294_g110160	CAB9507137.1
Sro294_g110170	CAB9507138.1
Sro294_g110180	CAB9507139.1
Sro294_g110190	CAB9507140.1
Sro294_g110200	CAB9507141.1
Sro294_g110210	CAB9507142.1
Sro294_g110220	CAB9507143.1
Sro294_g110230	CAB9507144.1
Sro294_g110240	CAB9507145.1
Sro294_g110250	CAB9507146.1
Sro294_g110260	CAB9507147.1
Sro294_g110270	CAB9507148.1
Sro294_g110280	CAB9507149.1
Sro294_g110290	CAB9507150.1
Sro294_g110300	CAB9507151.1
Sro295_g110310	CAB9507152.1
Sro295_g110320	CAB9507153.1
Sro295_g110330	CAB9507154.1
Sro295_g110340	CAB9507155.1
Sro295_g110350	CAB9507156.1
Sro295_g110360	CAB9507157.1
Sro295_g110370	CAB9507158.1
Sro295_g110380	CAB9507159.1
Sro295_g110390	CAB9507160.1
Sro295_g110400	CAB9507161.1
Sro295_g110410	CAB9507162.1
Sro295_g110420	CAB9507163.1
Sro295_g110430	CAB9507164.1
Sro295_g110440	CAB9507165.1
Sro295_g110450	CAB9507166.1
Sro295_g110460	CAB9507167.1
Sro295_g110470	CAB9507168.1
Sro295_g110480	CAB9507169.1
Sro295_g110490	CAB9507170.1
Sro295_g110500	CAB9507171.1
Sro295_g110510	CAB9507172.1
Sro295_g110520	CAB9507173.1
Sro295_g110530	CAB9507174.1
Sro295_g110540	CAB9507175.1
Sro295_g110550	CAB9507176.1
Sro295_g110560	CAB9507177.1
Sro295_g110570	CAB9507178.1
Sro296_g110580	CAB9507179.1
Sro296_g110590	CAB9507180.1
Sro296_g110600	CAB9507181.1
Sro296_g110610	CAB9507182.1
Sro296_g110611	CAB9507183.1
Sro296_g110620	CAB9507184.1
Sro296_g110630	CAB9507185.1
Sro296_g110640	CAB9507186.1
Sro296_g110650	CAB9507187.1
Sro296_g110660	CAB9507188.1
Sro296_g110670	CAB9507189.1
Sro296_g110680	CAB9507190.1
Sro296_g110690	CAB9507191.1
Sro296_g110700	CAB9507192.1
Sro296_g110710	CAB9507193.1
Sro296_g110720	CAB9507194.1
Sro296_g110730	CAB9507195.1
Sro296_g110740	CAB9507196.1
Sro296_g110750	CAB9507197.1
Sro296_g110760	CAB9507198.1
Sro296_g110770	CAB9507199.1
Sro296_g110780	CAB9507200.1
Sro296_g110790	CAB9507201.1
Sro296_g110800	CAB9507202.1
Sro296_g110810	CAB9507203.1
Sro297_g110820	CAB9507204.1
Sro297_g110830	CAB9507205.1
Sro297_g110840	CAB9507206.1
Sro297_g110850	CAB9507207.1
Sro297_g110860	CAB9507208.1
Sro297_g110870	CAB9507209.1
Sro297_g110880	CAB9507210.1
Sro297_g110890	CAB9507211.1
Sro297_g110900	CAB9507212.1
Sro297_g110910	CAB9507213.1
Sro297_g110920	CAB9507214.1
Sro297_g110921	CAB9507215.1
Sro297_g110930	CAB9507216.1
Sro297_g110940	CAB9507217.1
Sro297_g110950	CAB9507218.1
Sro297_g110960	CAB9507219.1
Sro297_g110970	CAB9507220.1
Sro297_g110980	CAB9507221.1
Sro298_g110990	CAB9507222.1
Sro298_g111000	CAB9507223.1
Sro298_g111010	CAB9507224.1
Sro298_g111020	CAB9507225.1
Sro298_g111030	CAB9507226.1
Sro298_g111040	CAB9507227.1
Sro298_g111050	CAB9507228.1
Sro298_g111060	CAB9507229.1
Sro298_g111070	CAB9507230.1
Sro298_g111080	CAB9507231.1
Sro298_g111090	CAB9507232.1
Sro298_g111100	CAB9507233.1
Sro298_g111110	CAB9507234.1
Sro298_g111120	CAB9507235.1
Sro298_g111130	CAB9507236.1
Sro298_g111140	CAB9507237.1
Sro298_g111150	CAB9507238.1
Sro298_g111160	CAB9507239.1
Sro298_g111170	CAB9507240.1
Sro298_g111180	CAB9507241.1
Sro298_g111190	CAB9507242.1
Sro298_g111200	CAB9507243.1
Sro298_g111210	CAB9507244.1
Sro298_g111220	CAB9507245.1
Sro298_g111230	CAB9507246.1
Sro299_g111240	CAB9507247.1
Sro299_g111250	CAB9507248.1
Sro299_g111260	CAB9507249.1
Sro299_g111270	CAB9507250.1
Sro299_g111280	CAB9507251.1
Sro299_g111290	CAB9507252.1
Sro299_g111300	CAB9507253.1
Sro299_g111310	CAB9507254.1
Sro299_g111320	CAB9507255.1
Sro299_g111330	CAB9507256.1
Sro299_g111340	CAB9507257.1
Sro299_g111350	CAB9507258.1
Sro299_g111360	CAB9507259.1
Sro299_g111370	CAB9507260.1
Sro299_g111380	CAB9507261.1
Sro299_g111390	CAB9507262.1
Sro299_g111400	CAB9507263.1
Sro299_g111410	CAB9507264.1
Sro299_g111420	CAB9507265.1
Sro299_g111430	CAB9507266.1
Sro299_g111440	CAB9507267.1
Sro299_g111450	CAB9507268.1
Sro299_g111460	CAB9507269.1
Sro299_g111470	CAB9507270.1
Sro299_g111480	CAB9507271.1
Sro299_g111490	CAB9507272.1
Sro299_g111500	CAB9507273.1
Sro299_g111510	CAB9507274.1
Sro299_g111520	CAB9507275.1
Sro299_g111530	CAB9507276.1
Sro299_g111540	CAB9507277.1
Sro299_g111550	CAB9507278.1
Sro299_g111560	CAB9507279.1
Sro29_g018940	CAB9497951.1
Sro29_g018950	CAB9497952.1
Sro29_g018960	CAB9497953.1
Sro29_g018970	CAB9497954.1
Sro29_g018980	CAB9497955.1
Sro29_g018990	CAB9497956.1
Sro29_g019000	CAB9497957.1
Sro29_g019010	CAB9497958.1
Sro29_g019020	CAB9497959.1
Sro29_g019030	CAB9497960.1
Sro29_g019040	CAB9497961.1
Sro29_g019050	CAB9497962.1
Sro29_g019060	CAB9497963.1
Sro29_g019070	CAB9497964.1
Sro29_g019080	CAB9497965.1
Sro29_g019090	CAB9497966.1
Sro29_g019100	CAB9497967.1
Sro29_g019110	CAB9497968.1
Sro29_g019120	CAB9497969.1
Sro29_g019130	CAB9497970.1
Sro29_g019140	CAB9497971.1
Sro29_g019150	CAB9497972.1
Sro29_g019160	CAB9497973.1
Sro29_g019170	CAB9497974.1
Sro29_g019180	CAB9497975.1
Sro29_g019190	CAB9497976.1
Sro29_g019200	CAB9497977.1
Sro29_g019210	CAB9497978.1
Sro29_g019220	CAB9497979.1
Sro29_g019230	CAB9497980.1
Sro29_g019240	CAB9497981.1
Sro29_g019250	CAB9497982.1
Sro29_g019260	CAB9497983.1
Sro29_g019270	CAB9497984.1
Sro29_g019280	CAB9497985.1
Sro29_g019290	CAB9497986.1
Sro29_g019300	CAB9497987.1
Sro29_g019310	CAB9497988.1
Sro29_g019320	CAB9497989.1
Sro29_g019330	CAB9497990.1
Sro29_g019340	CAB9497991.1
Sro29_g019350	CAB9497992.1
Sro29_g019360	CAB9497993.1
Sro2_g001070	CAB9496130.1
Sro2_g001080	CAB9496131.1
Sro2_g001090	CAB9496132.1
Sro2_g001100	CAB9496133.1
Sro2_g001110	CAB9496134.1
Sro2_g001120	CAB9496135.1
Sro2_g001130	CAB9496136.1
Sro2_g001140	CAB9496137.1
Sro2_g001150	CAB9496138.1
Sro2_g001151	CAB9496139.1
Sro2_g001160	CAB9496140.1
Sro2_g001170	CAB9496141.1
Sro2_g001180	CAB9496142.1
Sro2_g001190	CAB9496143.1
Sro2_g001200	CAB9496144.1
Sro2_g001210	CAB9496145.1
Sro2_g001220	CAB9496146.1
Sro2_g001230	CAB9496147.1
Sro2_g001240	CAB9496148.1
Sro2_g001250	CAB9496149.1
Sro2_g001260	CAB9496150.1
Sro2_g001270	CAB9496151.1
Sro2_g001280	CAB9496152.1
Sro2_g001290	CAB9496153.1
Sro2_g001300	CAB9496154.1
Sro2_g001310	CAB9496155.1
Sro2_g001320	CAB9496156.1
Sro2_g001330	CAB9496157.1
Sro2_g001340	CAB9496158.1
Sro2_g001350	CAB9496159.1
Sro2_g001360	CAB9496160.1
Sro2_g001370	CAB9496161.1
Sro2_g001380	CAB9496162.1
Sro2_g001390	CAB9496163.1
Sro2_g001400	CAB9496164.1
Sro2_g001410	CAB9496165.1
Sro2_g001420	CAB9496166.1
Sro2_g001430	CAB9496167.1
Sro2_g001440	CAB9496168.1
Sro2_g001450	CAB9496169.1
Sro2_g001460	CAB9496170.1
Sro2_g001470	CAB9496171.1
Sro2_g001480	CAB9496172.1
Sro2_g001490	CAB9496173.1
Sro2_g001500	CAB9496174.1
Sro2_g001510	CAB9496175.1
Sro2_g001520	CAB9496176.1
Sro2_g001530	CAB9496177.1
Sro2_g001540	CAB9496178.1
Sro2_g001550	CAB9496179.1
Sro2_g001560	CAB9496180.1
Sro2_g001570	CAB9496181.1
Sro2_g001580	CAB9496182.1
Sro2_g001590	CAB9496183.1
Sro2_g001600	CAB9496184.1
Sro2_g001610	CAB9496185.1
Sro2_g001620	CAB9496186.1
Sro2_g001630	CAB9496187.1
Sro2_g001640	CAB9496188.1
Sro2_g001650	CAB9496189.1
Sro2_g001660	CAB9496190.1
Sro2_g001670	CAB9496191.1
Sro2_g001680	CAB9496192.1
Sro2_g001690	CAB9496193.1
Sro2_g001700	CAB9496194.1
Sro2_g001710	CAB9496195.1
Sro2_g001720	CAB9496196.1
Sro2_g001730	CAB9496197.1
Sro2_g001740	CAB9496198.1
Sro2_g001750	CAB9496199.1
Sro2_g001760	CAB9496200.1
Sro2_g001770	CAB9496201.1
Sro2_g001780	CAB9496202.1
Sro2_g001790	CAB9496203.1
Sro2_g001800	CAB9496204.1
Sro2_g001810	CAB9496205.1
Sro2_g001820	CAB9496206.1
Sro2_g001830	CAB9496207.1
Sro2_g001840	CAB9496208.1
Sro2_g001850	CAB9496209.1
Sro2_g001860	CAB9496210.1
Sro2_g001870	CAB9496211.1
Sro2_g001880	CAB9496212.1
Sro2_g001890	CAB9496213.1
Sro2_g001900	CAB9496214.1
Sro2_g001910	CAB9496215.1
Sro2_g001920	CAB9496216.1
Sro2_g001930	CAB9496217.1
Sro2_g001940	CAB9496218.1
Sro2_g001950	CAB9496219.1
Sro300_g111570	CAB9507280.1
Sro300_g111580	CAB9507281.1
Sro300_g111590	CAB9507282.1
Sro300_g111600	CAB9507283.1
Sro300_g111610	CAB9507284.1
Sro300_g111620	CAB9507285.1
Sro300_g111630	CAB9507286.1
Sro300_g111640	CAB9507287.1
Sro300_g111650	CAB9507288.1
Sro300_g111660	CAB9507289.1
Sro300_g111670	CAB9507290.1
Sro300_g111680	CAB9507291.1
Sro300_g111690	CAB9507292.1
Sro300_g111700	CAB9507293.1
Sro300_g111710	CAB9507294.1
Sro300_g111720	CAB9507295.1
Sro300_g111730	CAB9507296.1
Sro300_g111740	CAB9507297.1
Sro300_g111750	CAB9507298.1
Sro300_g111760	CAB9507299.1
Sro300_g111770	CAB9507300.1
Sro300_g111780	CAB9507301.1
Sro300_g111790	CAB9507302.1
Sro300_g111791	CAB9507303.1
Sro301_g111800	CAB9507304.1
Sro301_g111810	CAB9507305.1
Sro301_g111820	CAB9507306.1
Sro301_g111830	CAB9507307.1
Sro301_g111840	CAB9507308.1
Sro301_g111841	CAB9507309.1
Sro301_g111850	CAB9507310.1
Sro301_g111860	CAB9507311.1
Sro301_g111870	CAB9507312.1
Sro301_g111880	CAB9507313.1
Sro301_g111890	CAB9507314.1
Sro301_g111900	CAB9507315.1
Sro301_g111910	CAB9507316.1
Sro301_g111920	CAB9507317.1
Sro301_g111930	CAB9507318.1
Sro301_g111940	CAB9507319.1
Sro301_g111950	CAB9507320.1
Sro301_g111960	CAB9507321.1
Sro301_g111970	CAB9507322.1
Sro301_g111980	CAB9507323.1
Sro301_g111990	CAB9507324.1
Sro301_g112000	CAB9507325.1
Sro301_g112010	CAB9507326.1
Sro301_g112020	CAB9507327.1
Sro301_g112030	CAB9507328.1
Sro301_g112040	CAB9507329.1
Sro301_g112050	CAB9507330.1
Sro301_g112060	CAB9507331.1
Sro301_g112070	CAB9507332.1
Sro301_g112080	CAB9507333.1
Sro301_g112090	CAB9507334.1
Sro302_g112100	CAB9507335.1
Sro302_g112110	CAB9507336.1
Sro302_g112120	CAB9507337.1
Sro302_g112130	CAB9507338.1
Sro302_g112140	CAB9507339.1
Sro302_g112150	CAB9507340.1
Sro302_g112160	CAB9507341.1
Sro302_g112170	CAB9507342.1
Sro302_g112180	CAB9507343.1
Sro302_g112190	CAB9507344.1
Sro302_g112200	CAB9507345.1
Sro302_g112210	CAB9507346.1
Sro302_g112220	CAB9507347.1
Sro302_g112230	CAB9507348.1
Sro302_g112240	CAB9507349.1
Sro302_g112250	CAB9507350.1
Sro302_g112260	CAB9507351.1
Sro302_g112270	CAB9507352.1
Sro302_g112280	CAB9507353.1
Sro302_g112290	CAB9507354.1
Sro302_g112300	CAB9507355.1
Sro302_g112310	CAB9507356.1
Sro302_g112320	CAB9507357.1
Sro302_g112330	CAB9507358.1
Sro303_g112340	CAB9507359.1
Sro303_g112350	CAB9507360.1
Sro303_g112360	CAB9507361.1
Sro303_g112370	CAB9507362.1
Sro303_g112380	CAB9507363.1
Sro303_g112381	CAB9507364.1
Sro303_g112390	CAB9507365.1
Sro303_g112400	CAB9507366.1
Sro303_g112401	CAB9507367.1
Sro303_g112410	CAB9507368.1
Sro303_g112420	CAB9507369.1
Sro303_g112430	CAB9507370.1
Sro303_g112440	CAB9507371.1
Sro303_g112450	CAB9507372.1
Sro303_g112460	CAB9507373.1
Sro303_g112470	CAB9507374.1
Sro303_g112480	CAB9507375.1
Sro303_g112490	CAB9507376.1
Sro304_g112500	CAB9507377.1
Sro304_g112510	CAB9507378.1
Sro304_g112520	CAB9507379.1
Sro304_g112530	CAB9507380.1
Sro304_g112531	CAB9507381.1
Sro304_g112540	CAB9507382.1
Sro304_g112550	CAB9507383.1
Sro304_g112560	CAB9507384.1
Sro304_g112570	CAB9507385.1
Sro304_g112580	CAB9507386.1
Sro304_g112590	CAB9507387.1
Sro304_g112600	CAB9507388.1
Sro304_g112610	CAB9507389.1
Sro304_g112620	CAB9507390.1
Sro304_g112630	CAB9507391.1
Sro304_g112640	CAB9507392.1
Sro304_g112650	CAB9507393.1
Sro304_g112660	CAB9507394.1
Sro305_g112670	CAB9507395.1
Sro305_g112680	CAB9507396.1
Sro305_g112690	CAB9507397.1
Sro305_g112700	CAB9507398.1
Sro305_g112710	CAB9507399.1
Sro305_g112720	CAB9507400.1
Sro305_g112730	CAB9507401.1
Sro305_g112740	CAB9507402.1
Sro305_g112750	CAB9507403.1
Sro305_g112760	CAB9507404.1
Sro305_g112770	CAB9507405.1
Sro305_g112780	CAB9507406.1
Sro305_g112790	CAB9507407.1
Sro305_g112800	CAB9507408.1
Sro305_g112810	CAB9507409.1
Sro305_g112820	CAB9507410.1
Sro305_g112830	CAB9507411.1
Sro305_g112840	CAB9507412.1
Sro305_g112850	CAB9507413.1
Sro305_g112860	CAB9507414.1
Sro305_g112870	CAB9507415.1
Sro305_g112880	CAB9507416.1
Sro305_g112890	CAB9507417.1
Sro305_g112900	CAB9507418.1
Sro306_g112910	CAB9507419.1
Sro306_g112920	CAB9507420.1
Sro306_g112930	CAB9507421.1
Sro306_g112940	CAB9507422.1
Sro306_g112950	CAB9507423.1
Sro306_g112960	CAB9507424.1
Sro306_g112970	CAB9507425.1
Sro306_g112980	CAB9507426.1
Sro306_g112990	CAB9507427.1
Sro306_g113000	CAB9507428.1
Sro306_g113010	CAB9507429.1
Sro306_g113020	CAB9507430.1
Sro306_g113030	CAB9507431.1
Sro306_g113040	CAB9507432.1
Sro306_g113050	CAB9507433.1
Sro306_g113060	CAB9507434.1
Sro306_g113070	CAB9507435.1
Sro306_g113080	CAB9507436.1
Sro306_g113090	CAB9507437.1
Sro306_g113100	CAB9507438.1
Sro306_g113110	CAB9507439.1
Sro306_g113120	CAB9507440.1
Sro306_g113130	CAB9507441.1
Sro307_g113140	CAB9507442.1
Sro307_g113150	CAB9507443.1
Sro307_g113160	CAB9507444.1
Sro307_g113161	CAB9507445.1
Sro307_g113170	CAB9507446.1
Sro307_g113180	CAB9507447.1
Sro307_g113190	CAB9507448.1
Sro307_g113200	CAB9507449.1
Sro307_g113210	CAB9507450.1
Sro307_g113220	CAB9507451.1
Sro307_g113230	CAB9507452.1
Sro307_g113240	CAB9507453.1
Sro307_g113250	CAB9507454.1
Sro307_g113260	CAB9507455.1
Sro307_g113270	CAB9507456.1
Sro307_g113280	CAB9507457.1
Sro307_g113290	CAB9507458.1
Sro307_g113300	CAB9507459.1
Sro307_g113310	CAB9507460.1
Sro307_g113320	CAB9507461.1
Sro307_g113330	CAB9507462.1
Sro307_g113340	CAB9507463.1
Sro307_g113350	CAB9507464.1
Sro307_g113360	CAB9507465.1
Sro307_g113370	CAB9507466.1
Sro307_g113380	CAB9507467.1
Sro307_g113390	CAB9507468.1
Sro307_g113400	CAB9507469.1
Sro307_g113410	CAB9507470.1
Sro307_g113420	CAB9507471.1
Sro307_g113430	CAB9507472.1
Sro307_g113440	CAB9507473.1
Sro307_g113450	CAB9507474.1
Sro307_g113460	CAB9507475.1
Sro308_g113470	CAB9507476.1
Sro308_g113480	CAB9507477.1
Sro308_g113490	CAB9507478.1
Sro308_g113500	CAB9507479.1
Sro308_g113510	CAB9507480.1
Sro308_g113520	CAB9507481.1
Sro308_g113530	CAB9507482.1
Sro308_g113540	CAB9507483.1
Sro308_g113550	CAB9507484.1
Sro308_g113560	CAB9507485.1
Sro308_g113570	CAB9507486.1
Sro308_g113580	CAB9507487.1
Sro308_g113590	CAB9507488.1
Sro308_g113600	CAB9507489.1
Sro308_g113610	CAB9507490.1
Sro308_g113620	CAB9507491.1
Sro308_g113630	CAB9507492.1
Sro308_g113640	CAB9507493.1
Sro308_g113650	CAB9507494.1
Sro308_g113660	CAB9507495.1
Sro309_g113670	CAB9507496.1
Sro309_g113680	CAB9507497.1
Sro309_g113690	CAB9507498.1
Sro309_g113700	CAB9507499.1
Sro309_g113710	CAB9507500.1
Sro309_g113720	CAB9507501.1
Sro309_g113730	CAB9507502.1
Sro309_g113740	CAB9507503.1
Sro309_g113750	CAB9507504.1
Sro309_g113760	CAB9507505.1
Sro309_g113770	CAB9507506.1
Sro309_g113780	CAB9507507.1
Sro309_g113790	CAB9507508.1
Sro309_g113800	CAB9507509.1
Sro309_g113810	CAB9507510.1
Sro309_g113820	CAB9507511.1
Sro309_g113830	CAB9507512.1
Sro309_g113840	CAB9507513.1
Sro309_g113850	CAB9507514.1
Sro309_g113860	CAB9507515.1
Sro309_g113870	CAB9507516.1
Sro309_g113880	CAB9507517.1
Sro309_g113890	CAB9507518.1
Sro309_g113900	CAB9507519.1
Sro309_g113910	CAB9507520.1
Sro309_g113920	CAB9507521.1
Sro30_g019370	CAB9497994.1
Sro30_g019380	CAB9497995.1
Sro30_g019390	CAB9497996.1
Sro30_g019400	CAB9497997.1
Sro30_g019410	CAB9497998.1
Sro30_g019420	CAB9497999.1
Sro30_g019430	CAB9498000.1
Sro30_g019440	CAB9498001.1
Sro30_g019450	CAB9498002.1
Sro30_g019460	CAB9498003.1
Sro30_g019470	CAB9498004.1
Sro30_g019480	CAB9498005.1
Sro30_g019490	CAB9498006.1
Sro30_g019500	CAB9498007.1
Sro30_g019510	CAB9498008.1
Sro30_g019520	CAB9498009.1
Sro30_g019530	CAB9498010.1
Sro30_g019540	CAB9498011.1
Sro30_g019550	CAB9498012.1
Sro30_g019560	CAB9498013.1
Sro30_g019570	CAB9498014.1
Sro30_g019580	CAB9498015.1
Sro30_g019590	CAB9498016.1
Sro30_g019600	CAB9498017.1
Sro30_g019610	CAB9498018.1
Sro30_g019620	CAB9498019.1
Sro30_g019630	CAB9498020.1
Sro30_g019640	CAB9498021.1
Sro30_g019650	CAB9498022.1
Sro30_g019651	CAB9498023.1
Sro30_g019660	CAB9498024.1
Sro30_g019670	CAB9498025.1
Sro30_g019680	CAB9498026.1
Sro30_g019690	CAB9498027.1
Sro30_g019700	CAB9498028.1
Sro30_g019710	CAB9498029.1
Sro30_g019720	CAB9498030.1
Sro30_g019730	CAB9498031.1
Sro30_g019740	CAB9498032.1
Sro30_g019750	CAB9498033.1
Sro30_g019760	CAB9498034.1
Sro30_g019770	CAB9498035.1
Sro30_g019780	CAB9498036.1
Sro30_g019790	CAB9498037.1
Sro30_g019800	CAB9498038.1
Sro30_g019810	CAB9498039.1
Sro30_g019820	CAB9498040.1
Sro30_g019830	CAB9498041.1
Sro30_g019840	CAB9498042.1
Sro30_g019850	CAB9498043.1
Sro30_g019860	CAB9498044.1
Sro30_g019870	CAB9498045.1
Sro30_g019880	CAB9498046.1
Sro30_g019890	CAB9498047.1
Sro30_g019900	CAB9498048.1
Sro30_g019910	CAB9498049.1
Sro30_g019920	CAB9498050.1
Sro30_g019930	CAB9498051.1
Sro30_g019940	CAB9498052.1
Sro30_g019950	CAB9498053.1
Sro30_g019960	CAB9498054.1
Sro310_g113930	CAB9507522.1
Sro310_g113940	CAB9507523.1
Sro310_g113950	CAB9507524.1
Sro310_g113960	CAB9507525.1
Sro310_g113970	CAB9507526.1
Sro310_g113980	CAB9507527.1
Sro310_g113990	CAB9507528.1
Sro310_g114000	CAB9507529.1
Sro310_g114010	CAB9507530.1
Sro310_g114020	CAB9507531.1
Sro310_g114030	CAB9507532.1
Sro310_g114040	CAB9507533.1
Sro310_g114050	CAB9507534.1
Sro310_g114060	CAB9507535.1
Sro310_g114070	CAB9507536.1
Sro310_g114080	CAB9507537.1
Sro310_g114090	CAB9507538.1
Sro310_g114100	CAB9507539.1
Sro310_g114110	CAB9507540.1
Sro310_g114120	CAB9507541.1
Sro310_g114130	CAB9507542.1
Sro310_g114140	CAB9507543.1
Sro310_g114150	CAB9507544.1
Sro310_g114160	CAB9507545.1
Sro311_g114170	CAB9507546.1
Sro311_g114180	CAB9507547.1
Sro311_g114190	CAB9507548.1
Sro311_g114200	CAB9507549.1
Sro311_g114210	CAB9507550.1
Sro311_g114220	CAB9507551.1
Sro311_g114230	CAB9507552.1
Sro311_g114240	CAB9507553.1
Sro311_g114250	CAB9507554.1
Sro311_g114260	CAB9507555.1
Sro311_g114270	CAB9507556.1
Sro311_g114280	CAB9507557.1
Sro311_g114290	CAB9507558.1
Sro311_g114300	CAB9507559.1
Sro311_g114310	CAB9507560.1
Sro311_g114320	CAB9507561.1
Sro311_g114330	CAB9507562.1
Sro311_g114340	CAB9507563.1
Sro311_g114350	CAB9507564.1
Sro311_g114360	CAB9507565.1
Sro311_g114370	CAB9507566.1
Sro311_g114380	CAB9507567.1
Sro311_g114390	CAB9507568.1
Sro311_g114400	CAB9507569.1
Sro311_g114410	CAB9507570.1
Sro311_g114420	CAB9507571.1
Sro311_g114430	CAB9507572.1
Sro311_g114440	CAB9507573.1
Sro312_g114460	CAB9507574.1
Sro312_g114470	CAB9507575.1
Sro312_g114480	CAB9507576.1
Sro312_g114490	CAB9507577.1
Sro312_g114500	CAB9507578.1
Sro312_g114510	CAB9507579.1
Sro312_g114520	CAB9507580.1
Sro312_g114530	CAB9507581.1
Sro312_g114540	CAB9507582.1
Sro312_g114550	CAB9507583.1
Sro312_g114560	CAB9507584.1
Sro312_g114570	CAB9507585.1
Sro312_g114580	CAB9507586.1
Sro312_g114590	CAB9507587.1
Sro312_g114600	CAB9507588.1
Sro312_g114610	CAB9507589.1
Sro312_g114620	CAB9507590.1
Sro312_g114630	CAB9507591.1
Sro312_g114640	CAB9507592.1
Sro312_g114650	CAB9507593.1
Sro312_g114660	CAB9507594.1
Sro312_g114661	CAB9507595.1
Sro312_g114670	CAB9507596.1
Sro312_g114680	CAB9507597.1
Sro312_g114690	CAB9507598.1
Sro313_g114700	CAB9507599.1
Sro313_g114710	CAB9507600.1
Sro313_g114720	CAB9507601.1
Sro313_g114730	CAB9507602.1
Sro313_g114740	CAB9507603.1
Sro313_g114750	CAB9507604.1
Sro313_g114760	CAB9507605.1
Sro313_g114770	CAB9507606.1
Sro313_g114780	CAB9507607.1
Sro313_g114790	CAB9507608.1
Sro313_g114800	CAB9507609.1
Sro313_g114810	CAB9507610.1
Sro313_g114820	CAB9507611.1
Sro313_g114830	CAB9507612.1
Sro313_g114840	CAB9507613.1
Sro313_g114850	CAB9507614.1
Sro313_g114860	CAB9507615.1
Sro313_g114870	CAB9507616.1
Sro313_g114880	CAB9507617.1
Sro313_g114900	CAB9507618.1
Sro313_g114910	CAB9507619.1
Sro313_g114920	CAB9507620.1
Sro313_g114930	CAB9507621.1
Sro313_g114940	CAB9507622.1
Sro313_g114950	CAB9507623.1
Sro313_g114960	CAB9507624.1
Sro313_g114970	CAB9507625.1
Sro314_g114980	CAB9507626.1
Sro314_g114990	CAB9507627.1
Sro314_g115000	CAB9507628.1
Sro314_g115010	CAB9507629.1
Sro314_g115020	CAB9507630.1
Sro314_g115030	CAB9507631.1
Sro314_g115040	CAB9507632.1
Sro314_g115050	CAB9507633.1
Sro314_g115060	CAB9507634.1
Sro314_g115070	CAB9507635.1
Sro314_g115080	CAB9507636.1
Sro314_g115090	CAB9507637.1
Sro314_g115100	CAB9507638.1
Sro314_g115110	CAB9507639.1
Sro314_g115120	CAB9507640.1
Sro314_g115130	CAB9507641.1
Sro314_g115140	CAB9507642.1
Sro314_g115150	CAB9507643.1
Sro314_g115160	CAB9507644.1
Sro314_g115170	CAB9507645.1
Sro314_g115180	CAB9507646.1
Sro315_g115190	CAB9507647.1
Sro315_g115200	CAB9507648.1
Sro315_g115210	CAB9507649.1
Sro315_g115220	CAB9507650.1
Sro315_g115230	CAB9507651.1
Sro315_g115240	CAB9507652.1
Sro315_g115250	CAB9507653.1
Sro315_g115260	CAB9507654.1
Sro315_g115270	CAB9507655.1
Sro315_g115280	CAB9507656.1
Sro315_g115290	CAB9507657.1
Sro315_g115300	CAB9507658.1
Sro315_g115310	CAB9507659.1
Sro315_g115320	CAB9507660.1
Sro315_g115330	CAB9507661.1
Sro315_g115340	CAB9507662.1
Sro315_g115350	CAB9507663.1
Sro315_g115360	CAB9507664.1
Sro315_g115370	CAB9507665.1
Sro315_g115380	CAB9507666.1
Sro315_g115390	CAB9507667.1
Sro315_g115400	CAB9507668.1
Sro315_g115410	CAB9507669.1
Sro315_g115420	CAB9507670.1
Sro315_g115430	CAB9507671.1
Sro316_g115440	CAB9507673.1
Sro316_g115450	CAB9507674.1
Sro316_g115460	CAB9507675.1
Sro316_g115470	CAB9507676.1
Sro316_g115480	CAB9507677.1
Sro316_g115490	CAB9507678.1
Sro316_g115500	CAB9507679.1
Sro316_g115510	CAB9507680.1
Sro316_g115520	CAB9507681.1
Sro316_g115530	CAB9507682.1
Sro316_g115540	CAB9507683.1
Sro316_g115550	CAB9507684.1
Sro316_g115560	CAB9507685.1
Sro316_g115570	CAB9507686.1
Sro316_g115580	CAB9507687.1
Sro316_g115590	CAB9507688.1
Sro316_g115600	CAB9507689.1
Sro316_g115610	CAB9507690.1
Sro316_g115620	CAB9507691.1
Sro316_g115630	CAB9507692.1
Sro316_g344621	CAB9507672.1
Sro317_g115640	CAB9507693.1
Sro317_g115650	CAB9507694.1
Sro317_g115660	CAB9507695.1
Sro317_g115670	CAB9507696.1
Sro317_g115680	CAB9507697.1
Sro317_g115690	CAB9507698.1
Sro317_g115700	CAB9507699.1
Sro317_g115710	CAB9507700.1
Sro317_g115720	CAB9507701.1
Sro317_g115730	CAB9507702.1
Sro317_g115740	CAB9507703.1
Sro317_g115750	CAB9507704.1
Sro317_g115760	CAB9507705.1
Sro317_g115770	CAB9507706.1
Sro317_g115780	CAB9507707.1
Sro317_g115790	CAB9507708.1
Sro317_g115800	CAB9507709.1
Sro317_g115810	CAB9507710.1
Sro317_g115820	CAB9507711.1
Sro317_g115830	CAB9507712.1
Sro318_g115840	CAB9507713.1
Sro318_g115850	CAB9507714.1
Sro318_g115851	CAB9507715.1
Sro318_g115860	CAB9507716.1
Sro318_g115870	CAB9507717.1
Sro318_g115880	CAB9507718.1
Sro318_g115890	CAB9507719.1
Sro318_g115900	CAB9507720.1
Sro318_g115910	CAB9507721.1
Sro318_g115920	CAB9507722.1
Sro318_g115930	CAB9507723.1
Sro318_g115940	CAB9507724.1
Sro318_g115950	CAB9507725.1
Sro318_g115960	CAB9507726.1
Sro318_g115970	CAB9507727.1
Sro318_g115980	CAB9507728.1
Sro318_g115990	CAB9507729.1
Sro318_g116000	CAB9507730.1
Sro318_g116010	CAB9507731.1
Sro318_g116020	CAB9507732.1
Sro318_g116030	CAB9507733.1
Sro318_g116040	CAB9507734.1
Sro318_g116050	CAB9507735.1
Sro318_g116060	CAB9507736.1
Sro318_g116070	CAB9507737.1
Sro319_g116080	CAB9507738.1
Sro319_g116090	CAB9507739.1
Sro319_g116100	CAB9507740.1
Sro319_g116110	CAB9507741.1
Sro319_g116120	CAB9507742.1
Sro319_g116130	CAB9507743.1
Sro319_g116140	CAB9507744.1
Sro319_g116150	CAB9507745.1
Sro319_g116160	CAB9507746.1
Sro319_g116170	CAB9507747.1
Sro319_g116180	CAB9507748.1
Sro319_g116190	CAB9507749.1
Sro319_g116200	CAB9507750.1
Sro319_g116210	CAB9507751.1
Sro319_g116220	CAB9507752.1
Sro319_g116230	CAB9507753.1
Sro319_g116240	CAB9507754.1
Sro319_g116250	CAB9507755.1
Sro319_g116260	CAB9507756.1
Sro319_g116270	CAB9507757.1
Sro319_g116280	CAB9507758.1
Sro319_g116290	CAB9507759.1
Sro319_g116300	CAB9507760.1
Sro319_g116310	CAB9507761.1
Sro319_g116320	CAB9507762.1
Sro319_g116330	CAB9507763.1
Sro319_g116340	CAB9507764.1
Sro319_g116350	CAB9507765.1
Sro319_g116360	CAB9507766.1
Sro319_g116370	CAB9507767.1
Sro31_g019970	CAB9498055.1
Sro31_g019980	CAB9498056.1
Sro31_g019990	CAB9498057.1
Sro31_g020000	CAB9498058.1
Sro31_g020010	CAB9498059.1
Sro31_g020030	CAB9498060.1
Sro31_g020040	CAB9498061.1
Sro31_g020050	CAB9498062.1
Sro31_g020060	CAB9498063.1
Sro31_g020070	CAB9498064.1
Sro31_g020080	CAB9498065.1
Sro31_g020081	CAB9498067.1
Sro31_g020082	CAB9498066.1
Sro31_g020090	CAB9498068.1
Sro31_g020100	CAB9498069.1
Sro31_g020110	CAB9498070.1
Sro31_g020120	CAB9498071.1
Sro31_g020130	CAB9498072.1
Sro31_g020140	CAB9498073.1
Sro31_g020150	CAB9498074.1
Sro31_g020160	CAB9498075.1
Sro31_g020170	CAB9498076.1
Sro31_g020180	CAB9498077.1
Sro31_g020190	CAB9498078.1
Sro31_g020200	CAB9498079.1
Sro31_g020210	CAB9498080.1
Sro31_g020220	CAB9498081.1
Sro31_g020230	CAB9498082.1
Sro31_g020240	CAB9498083.1
Sro31_g020250	CAB9498084.1
Sro31_g020260	CAB9498085.1
Sro31_g020261	CAB9498086.1
Sro31_g020270	CAB9498087.1
Sro31_g020280	CAB9498088.1
Sro31_g020290	CAB9498089.1
Sro31_g020300	CAB9498090.1
Sro31_g020310	CAB9498091.1
Sro31_g020320	CAB9498092.1
Sro31_g020330	CAB9498093.1
Sro31_g020340	CAB9498094.1
Sro31_g020350	CAB9498095.1
Sro31_g020360	CAB9498096.1
Sro31_g020370	CAB9498097.1
Sro31_g020380	CAB9498098.1
Sro31_g020390	CAB9498099.1
Sro31_g020400	CAB9498100.1
Sro31_g020410	CAB9498101.1
Sro31_g020420	CAB9498102.1
Sro31_g020430	CAB9498103.1
Sro31_g020440	CAB9498104.1
Sro31_g020450	CAB9498105.1
Sro31_g020460	CAB9498106.1
Sro31_g020470	CAB9498107.1
Sro31_g020480	CAB9498108.1
Sro31_g020490	CAB9498109.1
Sro31_g020500	CAB9498110.1
Sro31_g020510	CAB9498111.1
Sro31_g020520	CAB9498112.1
Sro31_g020530	CAB9498113.1
Sro31_g020540	CAB9498114.1
Sro31_g020550	CAB9498115.1
Sro31_g020560	CAB9498116.1
Sro320_g116380	CAB9507768.1
Sro320_g116390	CAB9507769.1
Sro320_g116400	CAB9507770.1
Sro320_g116410	CAB9507771.1
Sro320_g116420	CAB9507772.1
Sro320_g116430	CAB9507773.1
Sro320_g116440	CAB9507774.1
Sro320_g116450	CAB9507775.1
Sro320_g116460	CAB9507776.1
Sro320_g116470	CAB9507777.1
Sro320_g116480	CAB9507778.1
Sro320_g116490	CAB9507779.1
Sro320_g116491	CAB9507780.1
Sro320_g116500	CAB9507781.1
Sro320_g116510	CAB9507782.1
Sro320_g116520	CAB9507783.1
Sro320_g116530	CAB9507784.1
Sro320_g116540	CAB9507785.1
Sro320_g116550	CAB9507786.1
Sro320_g116560	CAB9507787.1
Sro320_g116570	CAB9507788.1
Sro320_g116580	CAB9507789.1
Sro320_g116590	CAB9507790.1
Sro320_g116600	CAB9507791.1
Sro320_g116610	CAB9507792.1
Sro320_g116620	CAB9507793.1
Sro321_g116630	CAB9507794.1
Sro321_g116640	CAB9507795.1
Sro321_g116650	CAB9507796.1
Sro321_g116660	CAB9507797.1
Sro321_g116670	CAB9507798.1
Sro321_g116680	CAB9507799.1
Sro321_g116690	CAB9507800.1
Sro321_g116700	CAB9507801.1
Sro321_g116710	CAB9507802.1
Sro321_g116720	CAB9507803.1
Sro321_g116730	CAB9507804.1
Sro321_g116740	CAB9507805.1
Sro321_g116750	CAB9507806.1
Sro321_g116760	CAB9507807.1
Sro321_g116761	CAB9507808.1
Sro321_g116770	CAB9507809.1
Sro321_g116780	CAB9507810.1
Sro321_g116790	CAB9507811.1
Sro321_g116800	CAB9507812.1
Sro321_g116810	CAB9507813.1
Sro321_g116820	CAB9507814.1
Sro321_g116830	CAB9507815.1
Sro321_g116840	CAB9507816.1
Sro321_g116850	CAB9507817.1
Sro321_g116860	CAB9507818.1
Sro321_g116870	CAB9507819.1
Sro321_g116880	CAB9507820.1
Sro322_g116890	CAB9507821.1
Sro322_g116900	CAB9507822.1
Sro322_g116910	CAB9507823.1
Sro322_g116920	CAB9507824.1
Sro322_g116930	CAB9507825.1
Sro322_g116940	CAB9507826.1
Sro322_g116950	CAB9507827.1
Sro322_g116960	CAB9507828.1
Sro322_g116970	CAB9507829.1
Sro322_g116980	CAB9507830.1
Sro322_g116990	CAB9507831.1
Sro322_g117000	CAB9507832.1
Sro322_g117010	CAB9507833.1
Sro322_g117020	CAB9507834.1
Sro322_g117030	CAB9507835.1
Sro322_g117040	CAB9507836.1
Sro322_g117050	CAB9507837.1
Sro322_g117060	CAB9507838.1
Sro322_g117070	CAB9507839.1
Sro322_g117080	CAB9507840.1
Sro322_g117100	CAB9507841.1
Sro322_g117110	CAB9507842.1
Sro322_g117120	CAB9507843.1
Sro322_g117130	CAB9507844.1
Sro322_g117140	CAB9507845.1
Sro322_g117150	CAB9507846.1
Sro322_g117160	CAB9507847.1
Sro322_g117170	CAB9507848.1
Sro323_g117180	CAB9507849.1
Sro323_g117190	CAB9507850.1
Sro323_g117200	CAB9507851.1
Sro323_g117210	CAB9507852.1
Sro323_g117220	CAB9507853.1
Sro323_g117230	CAB9507854.1
Sro323_g117240	CAB9507855.1
Sro323_g117250	CAB9507856.1
Sro323_g117260	CAB9507857.1
Sro323_g117270	CAB9507858.1
Sro323_g117280	CAB9507859.1
Sro323_g117290	CAB9507860.1
Sro323_g117300	CAB9507861.1
Sro323_g117310	CAB9507862.1
Sro323_g117320	CAB9507863.1
Sro323_g117321	CAB9507864.1
Sro323_g117330	CAB9507865.1
Sro323_g117331	CAB9507866.1
Sro323_g117332	CAB9507867.1
Sro323_g117340	CAB9507868.1
Sro323_g117350	CAB9507869.1
Sro323_g117360	CAB9507870.1
Sro323_g117370	CAB9507871.1
Sro323_g117380	CAB9507872.1
Sro323_g117390	CAB9507873.1
Sro323_g117400	CAB9507874.1
Sro323_g117410	CAB9507875.1
Sro323_g117420	CAB9507876.1
Sro324_g117430	CAB9507877.1
Sro324_g117440	CAB9507878.1
Sro324_g117450	CAB9507879.1
Sro324_g117460	CAB9507880.1
Sro324_g117461	CAB9507881.1
Sro324_g117470	CAB9507882.1
Sro324_g117480	CAB9507883.1
Sro324_g117490	CAB9507884.1
Sro324_g117500	CAB9507885.1
Sro324_g117510	CAB9507886.1
Sro324_g117520	CAB9507887.1
Sro324_g117530	CAB9507888.1
Sro324_g117540	CAB9507889.1
Sro324_g117550	CAB9507890.1
Sro324_g117560	CAB9507891.1
Sro324_g117570	CAB9507892.1
Sro324_g117580	CAB9507893.1
Sro324_g117590	CAB9507894.1
Sro324_g117591	CAB9507895.1
Sro324_g117600	CAB9507896.1
Sro324_g117610	CAB9507897.1
Sro324_g117620	CAB9507898.1
Sro324_g117630	CAB9507899.1
Sro324_g117640	CAB9507900.1
Sro324_g117650	CAB9507901.1
Sro324_g117660	CAB9507902.1
Sro324_g117670	CAB9507903.1
Sro324_g117680	CAB9507904.1
Sro325_g117690	CAB9507905.1
Sro325_g117700	CAB9507906.1
Sro325_g117710	CAB9507907.1
Sro325_g117720	CAB9507908.1
Sro325_g117730	CAB9507909.1
Sro325_g117740	CAB9507910.1
Sro325_g117750	CAB9507911.1
Sro325_g117760	CAB9507912.1
Sro325_g117770	CAB9507913.1
Sro325_g117780	CAB9507914.1
Sro325_g117790	CAB9507915.1
Sro325_g117800	CAB9507916.1
Sro325_g117810	CAB9507917.1
Sro325_g117820	CAB9507918.1
Sro325_g117830	CAB9507919.1
Sro325_g117840	CAB9507920.1
Sro325_g117850	CAB9507921.1
Sro325_g117860	CAB9507922.1
Sro325_g117870	CAB9507923.1
Sro325_g117880	CAB9507924.1
Sro325_g117890	CAB9507925.1
Sro325_g117900	CAB9507926.1
Sro325_g117910	CAB9507927.1
Sro326_g117920	CAB9507928.1
Sro326_g117930	CAB9507929.1
Sro326_g117940	CAB9507930.1
Sro326_g117950	CAB9507931.1
Sro326_g117960	CAB9507932.1
Sro326_g117970	CAB9507933.1
Sro326_g117980	CAB9507934.1
Sro326_g117990	CAB9507935.1
Sro326_g118000	CAB9507936.1
Sro326_g118010	CAB9507937.1
Sro326_g118020	CAB9507938.1
Sro326_g118030	CAB9507939.1
Sro326_g118040	CAB9507940.1
Sro326_g118050	CAB9507941.1
Sro326_g118060	CAB9507942.1
Sro326_g118070	CAB9507943.1
Sro326_g118080	CAB9507944.1
Sro326_g118090	CAB9507945.1
Sro326_g118100	CAB9507946.1
Sro326_g118110	CAB9507947.1
Sro326_g118120	CAB9507948.1
Sro326_g118130	CAB9507949.1
Sro326_g118140	CAB9507950.1
Sro326_g118150	CAB9507951.1
Sro326_g118160	CAB9507952.1
Sro326_g118170	CAB9507953.1
Sro326_g118180	CAB9507954.1
Sro326_g118190	CAB9507955.1
Sro326_g118200	CAB9507956.1
Sro326_g118210	CAB9507957.1
Sro326_g118220	CAB9507958.1
Sro326_g118230	CAB9507959.1
Sro326_g118240	CAB9507960.1
Sro326_g118250	CAB9507961.1
Sro326_g118260	CAB9507962.1
Sro326_g118270	CAB9507963.1
Sro327_g118280	CAB9507964.1
Sro327_g118290	CAB9507965.1
Sro327_g118300	CAB9507966.1
Sro327_g118310	CAB9507967.1
Sro327_g118320	CAB9507968.1
Sro327_g118330	CAB9507969.1
Sro327_g118340	CAB9507970.1
Sro327_g118350	CAB9507971.1
Sro327_g118360	CAB9507972.1
Sro327_g118370	CAB9507973.1
Sro327_g118380	CAB9507974.1
Sro327_g118390	CAB9507975.1
Sro327_g118400	CAB9507976.1
Sro327_g118410	CAB9507977.1
Sro327_g118420	CAB9507978.1
Sro327_g118430	CAB9507979.1
Sro327_g118440	CAB9507980.1
Sro327_g118450	CAB9507981.1
Sro327_g118460	CAB9507982.1
Sro327_g118470	CAB9507983.1
Sro327_g118480	CAB9507984.1
Sro327_g118490	CAB9507985.1
Sro327_g118500	CAB9507986.1
Sro327_g118510	CAB9507987.1
Sro328_g118520	CAB9507988.1
Sro328_g118530	CAB9507989.1
Sro328_g118540	CAB9507990.1
Sro328_g118550	CAB9507991.1
Sro328_g118560	CAB9507992.1
Sro328_g118570	CAB9507993.1
Sro328_g118580	CAB9507994.1
Sro328_g118590	CAB9507995.1
Sro328_g118600	CAB9507996.1
Sro328_g118610	CAB9507997.1
Sro328_g118620	CAB9507998.1
Sro328_g118630	CAB9507999.1
Sro328_g118640	CAB9508000.1
Sro328_g118650	CAB9508001.1
Sro328_g118660	CAB9508002.1
Sro328_g118670	CAB9508003.1
Sro328_g118680	CAB9508004.1
Sro328_g118690	CAB9508005.1
Sro328_g118700	CAB9508006.1
Sro328_g118710	CAB9508007.1
Sro328_g118720	CAB9508008.1
Sro328_g118730	CAB9508009.1
Sro328_g118740	CAB9508010.1
Sro328_g118750	CAB9508011.1
Sro328_g118760	CAB9508012.1
Sro328_g118770	CAB9508013.1
Sro329_g118780	CAB9508014.1
Sro329_g118790	CAB9508015.1
Sro329_g118800	CAB9508016.1
Sro329_g118810	CAB9508017.1
Sro329_g118820	CAB9508018.1
Sro329_g118830	CAB9508019.1
Sro329_g118840	CAB9508020.1
Sro329_g118850	CAB9508021.1
Sro329_g118860	CAB9508022.1
Sro32_g020570	CAB9498117.1
Sro32_g020580	CAB9498118.1
Sro32_g020590	CAB9498119.1
Sro32_g020600	CAB9498120.1
Sro32_g020610	CAB9498121.1
Sro32_g020620	CAB9498122.1
Sro32_g020630	CAB9498123.1
Sro32_g020640	CAB9498124.1
Sro32_g020650	CAB9498125.1
Sro32_g020660	CAB9498126.1
Sro32_g020670	CAB9498127.1
Sro32_g020680	CAB9498128.1
Sro32_g020690	CAB9498129.1
Sro32_g020700	CAB9498130.1
Sro32_g020710	CAB9498131.1
Sro32_g020720	CAB9498132.1
Sro32_g020730	CAB9498133.1
Sro32_g020740	CAB9498134.1
Sro32_g020750	CAB9498135.1
Sro32_g020760	CAB9498136.1
Sro32_g020770	CAB9498137.1
Sro32_g020780	CAB9498138.1
Sro32_g020790	CAB9498139.1
Sro32_g020800	CAB9498140.1
Sro32_g020810	CAB9498141.1
Sro32_g020820	CAB9498142.1
Sro32_g020830	CAB9498143.1
Sro32_g020840	CAB9498144.1
Sro32_g020850	CAB9498145.1
Sro32_g020860	CAB9498146.1
Sro32_g020861	CAB9498147.1
Sro32_g020870	CAB9498148.1
Sro32_g020880	CAB9498149.1
Sro32_g020890	CAB9498150.1
Sro32_g020900	CAB9498151.1
Sro32_g020910	CAB9498152.1
Sro32_g020920	CAB9498153.1
Sro32_g020930	CAB9498154.1
Sro32_g020931	CAB9498155.1
Sro32_g020932	CAB9498156.1
Sro32_g020940	CAB9498157.1
Sro32_g020950	CAB9498158.1
Sro32_g020960	CAB9498159.1
Sro32_g020970	CAB9498160.1
Sro32_g020980	CAB9498161.1
Sro32_g020990	CAB9498162.1
Sro32_g021000	CAB9498163.1
Sro32_g021010	CAB9498164.1
Sro32_g021020	CAB9498165.1
Sro32_g021030	CAB9498166.1
Sro32_g021040	CAB9498167.1
Sro32_g021050	CAB9498168.1
Sro32_g021060	CAB9498169.1
Sro32_g021070	CAB9498170.1
Sro32_g021080	CAB9498171.1
Sro32_g021090	CAB9498172.1
Sro32_g021100	CAB9498173.1
Sro32_g021110	CAB9498174.1
Sro32_g021120	CAB9498175.1
Sro32_g021130	CAB9498176.1
Sro32_g021140	CAB9498177.1
Sro32_g021150	CAB9498178.1
Sro32_g021160	CAB9498179.1
Sro330_g118870	CAB9508023.1
Sro330_g118880	CAB9508024.1
Sro330_g118890	CAB9508025.1
Sro330_g118900	CAB9508026.1
Sro330_g118910	CAB9508027.1
Sro330_g118920	CAB9508028.1
Sro330_g118930	CAB9508029.1
Sro330_g118940	CAB9508030.1
Sro330_g118950	CAB9508031.1
Sro330_g118960	CAB9508032.1
Sro330_g118970	CAB9508033.1
Sro330_g118980	CAB9508034.1
Sro330_g118990	CAB9508035.1
Sro330_g119000	CAB9508036.1
Sro330_g119010	CAB9508037.1
Sro330_g119020	CAB9508038.1
Sro331_g119030	CAB9508039.1
Sro331_g119040	CAB9508040.1
Sro331_g119050	CAB9508041.1
Sro331_g119060	CAB9508042.1
Sro331_g119070	CAB9508043.1
Sro331_g119080	CAB9508044.1
Sro331_g119090	CAB9508045.1
Sro331_g119100	CAB9508046.1
Sro331_g119110	CAB9508047.1
Sro331_g119120	CAB9508048.1
Sro331_g119130	CAB9508049.1
Sro331_g119140	CAB9508050.1
Sro331_g119150	CAB9508051.1
Sro331_g119160	CAB9508052.1
Sro331_g119170	CAB9508053.1
Sro331_g119180	CAB9508054.1
Sro331_g119200	CAB9508055.1
Sro331_g119210	CAB9508056.1
Sro332_g119220	CAB9508057.1
Sro332_g119230	CAB9508058.1
Sro332_g119240	CAB9508059.1
Sro332_g119250	CAB9508060.1
Sro332_g119260	CAB9508061.1
Sro332_g119270	CAB9508062.1
Sro332_g119280	CAB9508063.1
Sro332_g119290	CAB9508064.1
Sro332_g119300	CAB9508065.1
Sro332_g119310	CAB9508066.1
Sro332_g119320	CAB9508067.1
Sro332_g119330	CAB9508068.1
Sro332_g119340	CAB9508069.1
Sro332_g119350	CAB9508070.1
Sro332_g119360	CAB9508071.1
Sro332_g119370	CAB9508072.1
Sro332_g119380	CAB9508073.1
Sro332_g119390	CAB9508074.1
Sro332_g119400	CAB9508075.1
Sro332_g119410	CAB9508076.1
Sro333_g119420	CAB9508077.1
Sro333_g119430	CAB9508078.1
Sro333_g119440	CAB9508079.1
Sro333_g119450	CAB9508080.1
Sro333_g119460	CAB9508081.1
Sro333_g119470	CAB9508082.1
Sro333_g119480	CAB9508083.1
Sro333_g119490	CAB9508084.1
Sro333_g119500	CAB9508085.1
Sro333_g119510	CAB9508086.1
Sro333_g119520	CAB9508087.1
Sro333_g119530	CAB9508088.1
Sro333_g119540	CAB9508089.1
Sro333_g119550	CAB9508090.1
Sro333_g119560	CAB9508091.1
Sro333_g119570	CAB9508092.1
Sro333_g119590	CAB9508093.1
Sro333_g119600	CAB9508094.1
Sro333_g119610	CAB9508095.1
Sro333_g119620	CAB9508096.1
Sro333_g119621	CAB9508097.1
Sro333_g119630	CAB9508098.1
Sro333_g119640	CAB9508099.1
Sro333_g119650	CAB9508100.1
Sro333_g119660	CAB9508101.1
Sro333_g119670	CAB9508102.1
Sro333_g119680	CAB9508103.1
Sro334_g119690	CAB9508104.1
Sro334_g119700	CAB9508105.1
Sro334_g119710	CAB9508106.1
Sro334_g119720	CAB9508107.1
Sro334_g119730	CAB9508108.1
Sro334_g119740	CAB9508109.1
Sro334_g119750	CAB9508110.1
Sro334_g119760	CAB9508111.1
Sro334_g119770	CAB9508112.1
Sro334_g119780	CAB9508113.1
Sro334_g119790	CAB9508114.1
Sro334_g119800	CAB9508115.1
Sro334_g119810	CAB9508116.1
Sro334_g119820	CAB9508117.1
Sro334_g119830	CAB9508118.1
Sro334_g119840	CAB9508119.1
Sro334_g119850	CAB9508120.1
Sro334_g119860	CAB9508121.1
Sro334_g119870	CAB9508122.1
Sro334_g119880	CAB9508123.1
Sro334_g119890	CAB9508124.1
Sro334_g119900	CAB9508125.1
Sro334_g119910	CAB9508126.1
Sro334_g119920	CAB9508127.1
Sro334_g119930	CAB9508128.1
Sro334_g119940	CAB9508129.1
Sro334_g119941	CAB9508130.1
Sro334_g119950	CAB9508131.1
Sro335_g119960	CAB9508132.1
Sro335_g119970	CAB9508133.1
Sro335_g119980	CAB9508134.1
Sro335_g119990	CAB9508135.1
Sro335_g120000	CAB9508136.1
Sro335_g120010	CAB9508137.1
Sro335_g120020	CAB9508138.1
Sro335_g120021	CAB9508139.1
Sro335_g120030	CAB9508140.1
Sro335_g120040	CAB9508141.1
Sro335_g120050	CAB9508142.1
Sro335_g120051	CAB9508143.1
Sro335_g120060	CAB9508144.1
Sro335_g120070	CAB9508145.1
Sro335_g120080	CAB9508146.1
Sro335_g120090	CAB9508147.1
Sro335_g120100	CAB9508148.1
Sro335_g120110	CAB9508149.1
Sro335_g120120	CAB9508150.1
Sro335_g120130	CAB9508151.1
Sro335_g120140	CAB9508152.1
Sro335_g120150	CAB9508153.1
Sro335_g120160	CAB9508154.1
Sro335_g120170	CAB9508155.1
Sro335_g120180	CAB9508156.1
Sro335_g120190	CAB9508157.1
Sro335_g120200	CAB9508158.1
Sro335_g120210	CAB9508159.1
Sro335_g120220	CAB9508160.1
Sro335_g120230	CAB9508161.1
Sro335_g120240	CAB9508162.1
Sro336_g120250	CAB9508163.1
Sro336_g120251	CAB9508164.1
Sro336_g120260	CAB9508165.1
Sro336_g120270	CAB9508166.1
Sro336_g120280	CAB9508167.1
Sro336_g120290	CAB9508168.1
Sro336_g120300	CAB9508169.1
Sro336_g120310	CAB9508170.1
Sro336_g120320	CAB9508171.1
Sro336_g120330	CAB9508172.1
Sro336_g120340	CAB9508173.1
Sro336_g120350	CAB9508174.1
Sro336_g120360	CAB9508175.1
Sro336_g120370	CAB9508176.1
Sro336_g120380	CAB9508177.1
Sro336_g120390	CAB9508178.1
Sro336_g120400	CAB9508179.1
Sro336_g120410	CAB9508180.1
Sro336_g120420	CAB9508181.1
Sro336_g120430	CAB9508182.1
Sro336_g120440	CAB9508183.1
Sro336_g120450	CAB9508184.1
Sro336_g120460	CAB9508185.1
Sro337_g120470	CAB9508186.1
Sro337_g120480	CAB9508187.1
Sro337_g120490	CAB9508188.1
Sro337_g120500	CAB9508189.1
Sro337_g120510	CAB9508190.1
Sro337_g120520	CAB9508191.1
Sro337_g120530	CAB9508192.1
Sro337_g120540	CAB9508193.1
Sro337_g120550	CAB9508194.1
Sro337_g120560	CAB9508195.1
Sro337_g120570	CAB9508196.1
Sro337_g120580	CAB9508197.1
Sro337_g120590	CAB9508198.1
Sro337_g120600	CAB9508199.1
Sro337_g120610	CAB9508200.1
Sro337_g120620	CAB9508201.1
Sro337_g120630	CAB9508202.1
Sro337_g120640	CAB9508203.1
Sro337_g120650	CAB9508204.1
Sro337_g120660	CAB9508205.1
Sro337_g120670	CAB9508206.1
Sro337_g120680	CAB9508207.1
Sro337_g120690	CAB9508208.1
Sro337_g120700	CAB9508209.1
Sro337_g120710	CAB9508210.1
Sro337_g120720	CAB9508211.1
Sro337_g120730	CAB9508212.1
Sro337_g120740	CAB9508213.1
Sro338_g120750	CAB9508214.1
Sro338_g120760	CAB9508215.1
Sro338_g120770	CAB9508216.1
Sro338_g120780	CAB9508217.1
Sro338_g120790	CAB9508218.1
Sro338_g120800	CAB9508219.1
Sro338_g120810	CAB9508220.1
Sro338_g120820	CAB9508221.1
Sro338_g120830	CAB9508222.1
Sro338_g120840	CAB9508223.1
Sro338_g120850	CAB9508224.1
Sro338_g120860	CAB9508225.1
Sro338_g120870	CAB9508226.1
Sro338_g120880	CAB9508227.1
Sro338_g120890	CAB9508228.1
Sro338_g120900	CAB9508229.1
Sro338_g120910	CAB9508230.1
Sro338_g120920	CAB9508231.1
Sro338_g120930	CAB9508232.1
Sro339_g120940	CAB9508233.1
Sro339_g120950	CAB9508234.1
Sro339_g120960	CAB9508235.1
Sro339_g120970	CAB9508236.1
Sro339_g120980	CAB9508237.1
Sro339_g120990	CAB9508238.1
Sro339_g121000	CAB9508239.1
Sro339_g121010	CAB9508240.1
Sro339_g121030	CAB9508241.1
Sro339_g121040	CAB9508242.1
Sro339_g121050	CAB9508243.1
Sro339_g121060	CAB9508244.1
Sro339_g121061	CAB9508245.1
Sro339_g121070	CAB9508246.1
Sro339_g121080	CAB9508247.1
Sro339_g121090	CAB9508248.1
Sro339_g121100	CAB9508249.1
Sro339_g121110	CAB9508250.1
Sro339_g121120	CAB9508251.1
Sro339_g121130	CAB9508252.1
Sro339_g121140	CAB9508253.1
Sro33_g021170	CAB9498180.1
Sro33_g021180	CAB9498181.1
Sro33_g021190	CAB9498182.1
Sro33_g021200	CAB9498183.1
Sro33_g021210	CAB9498184.1
Sro33_g021220	CAB9498185.1
Sro33_g021221	CAB9498186.1
Sro33_g021230	CAB9498187.1
Sro33_g021240	CAB9498188.1
Sro33_g021250	CAB9498189.1
Sro33_g021251	CAB9498190.1
Sro33_g021260	CAB9498191.1
Sro33_g021270	CAB9498192.1
Sro33_g021280	CAB9498193.1
Sro33_g021290	CAB9498194.1
Sro33_g021300	CAB9498195.1
Sro33_g021310	CAB9498196.1
Sro33_g021320	CAB9498197.1
Sro33_g021330	CAB9498198.1
Sro33_g021340	CAB9498199.1
Sro33_g021350	CAB9498200.1
Sro33_g021360	CAB9498201.1
Sro33_g021370	CAB9498202.1
Sro33_g021380	CAB9498203.1
Sro33_g021390	CAB9498204.1
Sro33_g021400	CAB9498205.1
Sro33_g021410	CAB9498206.1
Sro33_g021420	CAB9498207.1
Sro33_g021430	CAB9498208.1
Sro33_g021440	CAB9498209.1
Sro33_g021450	CAB9498210.1
Sro33_g021460	CAB9498211.1
Sro33_g021470	CAB9498212.1
Sro33_g021480	CAB9498213.1
Sro33_g021490	CAB9498214.1
Sro33_g021500	CAB9498215.1
Sro33_g021510	CAB9498216.1
Sro33_g021520	CAB9498217.1
Sro33_g021530	CAB9498218.1
Sro33_g021540	CAB9498219.1
Sro33_g021550	CAB9498220.1
Sro33_g021560	CAB9498221.1
Sro33_g021570	CAB9498222.1
Sro33_g021580	CAB9498223.1
Sro33_g021590	CAB9498224.1
Sro33_g021600	CAB9498225.1
Sro33_g021610	CAB9498226.1
Sro33_g021620	CAB9498227.1
Sro33_g021630	CAB9498228.1
Sro33_g021640	CAB9498229.1
Sro33_g021650	CAB9498230.1
Sro33_g021660	CAB9498231.1
Sro33_g021670	CAB9498232.1
Sro33_g021680	CAB9498233.1
Sro33_g021690	CAB9498234.1
Sro33_g021700	CAB9498235.1
Sro33_g021701	CAB9498236.1
Sro33_g021702	CAB9498237.1
Sro33_g021710	CAB9498238.1
Sro33_g021720	CAB9498239.1
Sro33_g021730	CAB9498240.1
Sro33_g021740	CAB9498241.1
Sro33_g021750	CAB9498242.1
Sro340_g121150	CAB9508254.1
Sro340_g121160	CAB9508255.1
Sro340_g121170	CAB9508256.1
Sro340_g121180	CAB9508257.1
Sro340_g121190	CAB9508258.1
Sro340_g121200	CAB9508259.1
Sro340_g121210	CAB9508260.1
Sro340_g121220	CAB9508261.1
Sro340_g121230	CAB9508262.1
Sro340_g121240	CAB9508263.1
Sro340_g121250	CAB9508264.1
Sro340_g121260	CAB9508265.1
Sro340_g121261	CAB9508266.1
Sro340_g121270	CAB9508267.1
Sro340_g121280	CAB9508268.1
Sro340_g121290	CAB9508269.1
Sro340_g121300	CAB9508270.1
Sro340_g121310	CAB9508271.1
Sro340_g121320	CAB9508272.1
Sro341_g121330	CAB9508273.1
Sro341_g121340	CAB9508274.1
Sro341_g121350	CAB9508275.1
Sro341_g121360	CAB9508276.1
Sro341_g121370	CAB9508277.1
Sro341_g121380	CAB9508278.1
Sro341_g121390	CAB9508279.1
Sro341_g121400	CAB9508280.1
Sro341_g121410	CAB9508281.1
Sro341_g121420	CAB9508282.1
Sro341_g121430	CAB9508283.1
Sro341_g121440	CAB9508284.1
Sro341_g121450	CAB9508285.1
Sro341_g121460	CAB9508286.1
Sro341_g121470	CAB9508287.1
Sro341_g121480	CAB9508288.1
Sro341_g121490	CAB9508289.1
Sro341_g121500	CAB9508290.1
Sro341_g121510	CAB9508291.1
Sro341_g121520	CAB9508292.1
Sro341_g121530	CAB9508293.1
Sro341_g121540	CAB9508294.1
Sro341_g121550	CAB9508295.1
Sro341_g121560	CAB9508296.1
Sro341_g121570	CAB9508297.1
Sro341_g121580	CAB9508298.1
Sro341_g121590	CAB9508299.1
Sro341_g121600	CAB9508300.1
Sro341_g121610	CAB9508301.1
Sro341_g121620	CAB9508302.1
Sro341_g121630	CAB9508303.1
Sro342_g121640	CAB9508304.1
Sro342_g121650	CAB9508305.1
Sro342_g121660	CAB9508306.1
Sro342_g121670	CAB9508307.1
Sro342_g121680	CAB9508308.1
Sro342_g121690	CAB9508309.1
Sro342_g121700	CAB9508310.1
Sro342_g121710	CAB9508311.1
Sro342_g121720	CAB9508312.1
Sro342_g121730	CAB9508313.1
Sro342_g121740	CAB9508314.1
Sro342_g121750	CAB9508315.1
Sro342_g121760	CAB9508316.1
Sro342_g121770	CAB9508317.1
Sro342_g121780	CAB9508318.1
Sro342_g121790	CAB9508319.1
Sro342_g121800	CAB9508320.1
Sro342_g121810	CAB9508321.1
Sro342_g121820	CAB9508322.1
Sro342_g121830	CAB9508323.1
Sro342_g121840	CAB9508324.1
Sro342_g121850	CAB9508325.1
Sro343_g121860	CAB9508326.1
Sro343_g121870	CAB9508327.1
Sro343_g121880	CAB9508328.1
Sro343_g121890	CAB9508329.1
Sro343_g121900	CAB9508330.1
Sro343_g121910	CAB9508331.1
Sro343_g121920	CAB9508332.1
Sro343_g121930	CAB9508333.1
Sro343_g121940	CAB9508334.1
Sro343_g121950	CAB9508335.1
Sro343_g121960	CAB9508336.1
Sro343_g121970	CAB9508337.1
Sro343_g121980	CAB9508338.1
Sro343_g121990	CAB9508339.1
Sro343_g122000	CAB9508340.1
Sro343_g122010	CAB9508341.1
Sro343_g122020	CAB9508342.1
Sro343_g122030	CAB9508343.1
Sro343_g122040	CAB9508344.1
Sro343_g122041	CAB9508345.1
Sro343_g122050	CAB9508346.1
Sro343_g122060	CAB9508347.1
Sro343_g122070	CAB9508348.1
Sro343_g122080	CAB9508349.1
Sro343_g122090	CAB9508350.1
Sro343_g122100	CAB9508351.1
Sro344_g122110	CAB9508352.1
Sro344_g122120	CAB9508353.1
Sro344_g122130	CAB9508354.1
Sro344_g122140	CAB9508355.1
Sro344_g122150	CAB9508356.1
Sro344_g122160	CAB9508357.1
Sro344_g122170	CAB9508358.1
Sro344_g122180	CAB9508359.1
Sro344_g122190	CAB9508360.1
Sro344_g122200	CAB9508361.1
Sro344_g122210	CAB9508362.1
Sro344_g122220	CAB9508363.1
Sro344_g122230	CAB9508364.1
Sro344_g122240	CAB9508365.1
Sro344_g122250	CAB9508366.1
Sro344_g122260	CAB9508367.1
Sro344_g122270	CAB9508368.1
Sro344_g122280	CAB9508369.1
Sro344_g122290	CAB9508370.1
Sro344_g122291	CAB9508371.1
Sro344_g122300	CAB9508372.1
Sro344_g122310	CAB9508373.1
Sro344_g122320	CAB9508374.1
Sro344_g122330	CAB9508375.1
Sro344_g122340	CAB9508376.1
Sro344_g122350	CAB9508377.1
Sro345_g122360	CAB9508378.1
Sro345_g122370	CAB9508379.1
Sro345_g122380	CAB9508380.1
Sro345_g122390	CAB9508381.1
Sro345_g122400	CAB9508382.1
Sro345_g122410	CAB9508383.1
Sro345_g122420	CAB9508384.1
Sro345_g122430	CAB9508385.1
Sro345_g122440	CAB9508386.1
Sro345_g122450	CAB9508387.1
Sro345_g122460	CAB9508388.1
Sro345_g122470	CAB9508389.1
Sro345_g122480	CAB9508390.1
Sro345_g122490	CAB9508391.1
Sro345_g122500	CAB9508392.1
Sro345_g122510	CAB9508393.1
Sro345_g122520	CAB9508394.1
Sro345_g122530	CAB9508395.1
Sro345_g122540	CAB9508396.1
Sro345_g122550	CAB9508397.1
Sro345_g122560	CAB9508398.1
Sro345_g122570	CAB9508399.1
Sro345_g122580	CAB9508400.1
Sro346_g122590	CAB9508402.1
Sro346_g122600	CAB9508403.1
Sro346_g122610	CAB9508404.1
Sro346_g122620	CAB9508405.1
Sro346_g122630	CAB9508406.1
Sro346_g122640	CAB9508407.1
Sro346_g122650	CAB9508408.1
Sro346_g122660	CAB9508409.1
Sro346_g122670	CAB9508410.1
Sro346_g122680	CAB9508411.1
Sro346_g122690	CAB9508412.1
Sro346_g122700	CAB9508413.1
Sro346_g122710	CAB9508414.1
Sro346_g122720	CAB9508415.1
Sro346_g122730	CAB9508416.1
Sro346_g122740	CAB9508417.1
Sro346_g122750	CAB9508418.1
Sro346_g122760	CAB9508419.1
Sro346_g122770	CAB9508420.1
Sro346_g122780	CAB9508421.1
Sro346_g122790	CAB9508422.1
Sro346_g122800	CAB9508423.1
Sro346_g348251	CAB9508401.1
Sro347_g122810	CAB9508424.1
Sro347_g122820	CAB9508425.1
Sro347_g122830	CAB9508426.1
Sro347_g122840	CAB9508427.1
Sro347_g122850	CAB9508428.1
Sro347_g122860	CAB9508429.1
Sro347_g122870	CAB9508430.1
Sro347_g122880	CAB9508431.1
Sro347_g122890	CAB9508432.1
Sro347_g122900	CAB9508433.1
Sro347_g122910	CAB9508434.1
Sro347_g122920	CAB9508435.1
Sro347_g122930	CAB9508436.1
Sro347_g122940	CAB9508437.1
Sro347_g122950	CAB9508438.1
Sro347_g122960	CAB9508439.1
Sro347_g122970	CAB9508440.1
Sro347_g122980	CAB9508441.1
Sro347_g122990	CAB9508442.1
Sro347_g123000	CAB9508443.1
Sro347_g123010	CAB9508444.1
Sro347_g123020	CAB9508445.1
Sro347_g123030	CAB9508446.1
Sro347_g123040	CAB9508447.1
Sro347_g123050	CAB9508448.1
Sro347_g123060	CAB9508449.1
Sro347_g123070	CAB9508450.1
Sro347_g123080	CAB9508451.1
Sro347_g123090	CAB9508452.1
Sro347_g123100	CAB9508453.1
Sro347_g123110	CAB9508454.1
Sro348_g123120	CAB9508455.1
Sro348_g123130	CAB9508456.1
Sro348_g123140	CAB9508457.1
Sro348_g123150	CAB9508458.1
Sro348_g123160	CAB9508459.1
Sro348_g123170	CAB9508460.1
Sro348_g123180	CAB9508461.1
Sro348_g123190	CAB9508462.1
Sro348_g123200	CAB9508463.1
Sro348_g123210	CAB9508464.1
Sro348_g123220	CAB9508465.1
Sro348_g123230	CAB9508466.1
Sro348_g123240	CAB9508467.1
Sro348_g123250	CAB9508468.1
Sro348_g123260	CAB9508469.1
Sro348_g123270	CAB9508470.1
Sro348_g123280	CAB9508471.1
Sro348_g123290	CAB9508472.1
Sro348_g123300	CAB9508473.1
Sro348_g123310	CAB9508474.1
Sro348_g123320	CAB9508475.1
Sro348_g123330	CAB9508476.1
Sro349_g123340	CAB9508477.1
Sro349_g123350	CAB9508478.1
Sro349_g123360	CAB9508479.1
Sro349_g123370	CAB9508480.1
Sro349_g123380	CAB9508481.1
Sro349_g123390	CAB9508482.1
Sro349_g123400	CAB9508483.1
Sro349_g123410	CAB9508484.1
Sro349_g123420	CAB9508485.1
Sro349_g123430	CAB9508486.1
Sro349_g123440	CAB9508487.1
Sro349_g123450	CAB9508488.1
Sro349_g123460	CAB9508489.1
Sro349_g123470	CAB9508490.1
Sro349_g123480	CAB9508491.1
Sro349_g123490	CAB9508492.1
Sro349_g123500	CAB9508493.1
Sro349_g123510	CAB9508494.1
Sro349_g123520	CAB9508495.1
Sro349_g123530	CAB9508496.1
Sro349_g123540	CAB9508497.1
Sro349_g123550	CAB9508498.1
Sro349_g123560	CAB9508499.1
Sro349_g123570	CAB9508500.1
Sro349_g123571	CAB9508501.1
Sro349_g123580	CAB9508502.1
Sro349_g123590	CAB9508503.1
Sro349_g123600	CAB9508504.1
Sro349_g123610	CAB9508505.1
Sro34_g021760	CAB9498243.1
Sro34_g021770	CAB9498244.1
Sro34_g021780	CAB9498245.1
Sro34_g021790	CAB9498246.1
Sro34_g021800	CAB9498247.1
Sro34_g021810	CAB9498248.1
Sro34_g021820	CAB9498249.1
Sro34_g021830	CAB9498250.1
Sro34_g021840	CAB9498251.1
Sro34_g021850	CAB9498252.1
Sro34_g021860	CAB9498253.1
Sro34_g021870	CAB9498254.1
Sro34_g021880	CAB9498255.1
Sro34_g021890	CAB9498256.1
Sro34_g021900	CAB9498257.1
Sro34_g021910	CAB9498258.1
Sro34_g021920	CAB9498259.1
Sro34_g021930	CAB9498260.1
Sro34_g021940	CAB9498261.1
Sro34_g021950	CAB9498262.1
Sro34_g021960	CAB9498263.1
Sro34_g021970	CAB9498264.1
Sro34_g021980	CAB9498265.1
Sro34_g021990	CAB9498266.1
Sro34_g022000	CAB9498267.1
Sro34_g022010	CAB9498268.1
Sro34_g022020	CAB9498269.1
Sro34_g022030	CAB9498270.1
Sro34_g022040	CAB9498271.1
Sro34_g022050	CAB9498272.1
Sro34_g022060	CAB9498273.1
Sro34_g022070	CAB9498274.1
Sro34_g022080	CAB9498275.1
Sro34_g022090	CAB9498276.1
Sro34_g022100	CAB9498277.1
Sro34_g022110	CAB9498278.1
Sro34_g022120	CAB9498279.1
Sro34_g022130	CAB9498280.1
Sro34_g022140	CAB9498281.1
Sro350_g123620	CAB9508506.1
Sro350_g123630	CAB9508507.1
Sro350_g123640	CAB9508508.1
Sro350_g123641	CAB9508509.1
Sro350_g123650	CAB9508510.1
Sro350_g123660	CAB9508511.1
Sro350_g123670	CAB9508512.1
Sro350_g123680	CAB9508513.1
Sro350_g123690	CAB9508514.1
Sro350_g123700	CAB9508515.1
Sro350_g123710	CAB9508516.1
Sro350_g123720	CAB9508517.1
Sro350_g123730	CAB9508518.1
Sro350_g123740	CAB9508519.1
Sro350_g123750	CAB9508520.1
Sro350_g123760	CAB9508521.1
Sro350_g123770	CAB9508522.1
Sro350_g123780	CAB9508523.1
Sro350_g123790	CAB9508524.1
Sro351_g123800	CAB9508525.1
Sro351_g123810	CAB9508526.1
Sro351_g123820	CAB9508527.1
Sro351_g123830	CAB9508528.1
Sro351_g123840	CAB9508529.1
Sro351_g123850	CAB9508530.1
Sro351_g123860	CAB9508531.1
Sro351_g123870	CAB9508532.1
Sro351_g123880	CAB9508533.1
Sro351_g123890	CAB9508534.1
Sro351_g123900	CAB9508535.1
Sro351_g123910	CAB9508536.1
Sro351_g123920	CAB9508537.1
Sro351_g123930	CAB9508538.1
Sro351_g123940	CAB9508539.1
Sro351_g123950	CAB9508540.1
Sro351_g123960	CAB9508541.1
Sro351_g123970	CAB9508542.1
Sro351_g123980	CAB9508543.1
Sro351_g123990	CAB9508544.1
Sro351_g124000	CAB9508545.1
Sro351_g124010	CAB9508546.1
Sro351_g124020	CAB9508547.1
Sro351_g124030	CAB9508548.1
Sro351_g124040	CAB9508549.1
Sro351_g124050	CAB9508550.1
Sro351_g124060	CAB9508551.1
Sro351_g124070	CAB9508552.1
Sro352_g124080	CAB9508553.1
Sro352_g124090	CAB9508554.1
Sro352_g124100	CAB9508555.1
Sro352_g124110	CAB9508556.1
Sro352_g124120	CAB9508557.1
Sro352_g124130	CAB9508558.1
Sro352_g124140	CAB9508559.1
Sro352_g124150	CAB9508560.1
Sro352_g124160	CAB9508561.1
Sro352_g124170	CAB9508562.1
Sro352_g124180	CAB9508563.1
Sro352_g124190	CAB9508564.1
Sro352_g124200	CAB9508565.1
Sro352_g124210	CAB9508566.1
Sro352_g124220	CAB9508567.1
Sro352_g124230	CAB9508568.1
Sro352_g124240	CAB9508569.1
Sro352_g124250	CAB9508570.1
Sro352_g124260	CAB9508571.1
Sro352_g124270	CAB9508572.1
Sro352_g124280	CAB9508573.1
Sro352_g124290	CAB9508574.1
Sro352_g124300	CAB9508575.1
Sro352_g124310	CAB9508576.1
Sro352_g124320	CAB9508577.1
Sro352_g124330	CAB9508578.1
Sro352_g124340	CAB9508579.1
Sro352_g124350	CAB9508580.1
Sro352_g124360	CAB9508581.1
Sro353_g124370	CAB9508582.1
Sro353_g124380	CAB9508583.1
Sro353_g124390	CAB9508584.1
Sro353_g124400	CAB9508585.1
Sro353_g124410	CAB9508586.1
Sro353_g124420	CAB9508587.1
Sro353_g124430	CAB9508588.1
Sro353_g124440	CAB9508589.1
Sro353_g124450	CAB9508590.1
Sro353_g124460	CAB9508591.1
Sro353_g124470	CAB9508592.1
Sro353_g124480	CAB9508593.1
Sro353_g124490	CAB9508594.1
Sro353_g124500	CAB9508595.1
Sro353_g124510	CAB9508596.1
Sro353_g124520	CAB9508597.1
Sro353_g124530	CAB9508598.1
Sro353_g124540	CAB9508599.1
Sro353_g124550	CAB9508600.1
Sro353_g124560	CAB9508601.1
Sro353_g124570	CAB9508602.1
Sro353_g124580	CAB9508603.1
Sro353_g124590	CAB9508604.1
Sro353_g124600	CAB9508605.1
Sro353_g124610	CAB9508606.1
Sro353_g124620	CAB9508607.1
Sro353_g124630	CAB9508608.1
Sro353_g124640	CAB9508609.1
Sro353_g124650	CAB9508610.1
Sro353_g124660	CAB9508611.1
Sro353_g124670	CAB9508612.1
Sro353_g124680	CAB9508613.1
Sro353_g124690	CAB9508614.1
Sro354_g124700	CAB9508615.1
Sro354_g124710	CAB9508616.1
Sro354_g124720	CAB9508617.1
Sro354_g124721	CAB9508618.1
Sro354_g124730	CAB9508619.1
Sro354_g124740	CAB9508620.1
Sro354_g124750	CAB9508621.1
Sro354_g124760	CAB9508622.1
Sro354_g124770	CAB9508623.1
Sro354_g124780	CAB9508624.1
Sro354_g124790	CAB9508625.1
Sro354_g124800	CAB9508626.1
Sro354_g124810	CAB9508627.1
Sro354_g124820	CAB9508628.1
Sro354_g124830	CAB9508629.1
Sro354_g124840	CAB9508630.1
Sro354_g124850	CAB9508631.1
Sro354_g124851	CAB9508632.1
Sro354_g124852	CAB9508633.1
Sro354_g124860	CAB9508634.1
Sro354_g124870	CAB9508635.1
Sro354_g124880	CAB9508636.1
Sro354_g124890	CAB9508637.1
Sro354_g124900	CAB9508638.1
Sro355_g124910	CAB9508639.1
Sro355_g124920	CAB9508640.1
Sro355_g124930	CAB9508641.1
Sro355_g124940	CAB9508642.1
Sro355_g124950	CAB9508643.1
Sro355_g124960	CAB9508644.1
Sro355_g124970	CAB9508645.1
Sro355_g124980	CAB9508646.1
Sro355_g124990	CAB9508647.1
Sro355_g125000	CAB9508648.1
Sro355_g125010	CAB9508649.1
Sro355_g125020	CAB9508650.1
Sro355_g125030	CAB9508651.1
Sro355_g125040	CAB9508652.1
Sro355_g125050	CAB9508653.1
Sro355_g125060	CAB9508654.1
Sro355_g125070	CAB9508655.1
Sro355_g125080	CAB9508656.1
Sro355_g125090	CAB9508657.1
Sro355_g125100	CAB9508658.1
Sro355_g125110	CAB9508659.1
Sro355_g125120	CAB9508660.1
Sro355_g125130	CAB9508661.1
Sro355_g125140	CAB9508662.1
Sro355_g125150	CAB9508663.1
Sro355_g125160	CAB9508664.1
Sro355_g125170	CAB9508665.1
Sro355_g125180	CAB9508666.1
Sro356_g125190	CAB9508667.1
Sro356_g125200	CAB9508668.1
Sro356_g125210	CAB9508669.1
Sro356_g125220	CAB9508670.1
Sro356_g125230	CAB9508671.1
Sro356_g125240	CAB9508672.1
Sro356_g125250	CAB9508673.1
Sro356_g125260	CAB9508674.1
Sro356_g125270	CAB9508675.1
Sro356_g125280	CAB9508676.1
Sro356_g125290	CAB9508677.1
Sro356_g125300	CAB9508678.1
Sro356_g125310	CAB9508679.1
Sro356_g125320	CAB9508680.1
Sro356_g125330	CAB9508681.1
Sro356_g125340	CAB9508682.1
Sro356_g125350	CAB9508683.1
Sro356_g125360	CAB9508684.1
Sro356_g125370	CAB9508685.1
Sro356_g125380	CAB9508686.1
Sro356_g125390	CAB9508687.1
Sro356_g125400	CAB9508688.1
Sro356_g125410	CAB9508689.1
Sro356_g125420	CAB9508690.1
Sro356_g125430	CAB9508691.1
Sro356_g125440	CAB9508692.1
Sro356_g125450	CAB9508693.1
Sro356_g125460	CAB9508694.1
Sro356_g125470	CAB9508695.1
Sro357_g125480	CAB9508696.1
Sro357_g125490	CAB9508697.1
Sro357_g125500	CAB9508698.1
Sro357_g125510	CAB9508699.1
Sro357_g125520	CAB9508700.1
Sro357_g125530	CAB9508701.1
Sro357_g125540	CAB9508702.1
Sro357_g125550	CAB9508703.1
Sro357_g125560	CAB9508704.1
Sro357_g125570	CAB9508705.1
Sro357_g125580	CAB9508706.1
Sro357_g125590	CAB9508707.1
Sro357_g125600	CAB9508708.1
Sro357_g125610	CAB9508709.1
Sro357_g125620	CAB9508710.1
Sro357_g125630	CAB9508711.1
Sro357_g125640	CAB9508712.1
Sro357_g125650	CAB9508713.1
Sro357_g125660	CAB9508714.1
Sro357_g125670	CAB9508715.1
Sro357_g125680	CAB9508716.1
Sro357_g125690	CAB9508717.1
Sro357_g125700	CAB9508718.1
Sro357_g125710	CAB9508719.1
Sro357_g125720	CAB9508720.1
Sro357_g125730	CAB9508721.1
Sro357_g125740	CAB9508722.1
Sro358_g125750	CAB9508723.1
Sro358_g125760	CAB9508724.1
Sro358_g125770	CAB9508725.1
Sro358_g125780	CAB9508726.1
Sro358_g125790	CAB9508727.1
Sro358_g125800	CAB9508728.1
Sro358_g125810	CAB9508729.1
Sro358_g125820	CAB9508730.1
Sro358_g125830	CAB9508731.1
Sro358_g125840	CAB9508732.1
Sro358_g125850	CAB9508733.1
Sro358_g125860	CAB9508734.1
Sro358_g125870	CAB9508735.1
Sro358_g125880	CAB9508736.1
Sro358_g125881	CAB9508737.1
Sro358_g125890	CAB9508738.1
Sro358_g125900	CAB9508739.1
Sro358_g125910	CAB9508740.1
Sro358_g125920	CAB9508741.1
Sro358_g125930	CAB9508742.1
Sro358_g125940	CAB9508743.1
Sro358_g125950	CAB9508744.1
Sro358_g125960	CAB9508745.1
Sro358_g125970	CAB9508746.1
Sro358_g125980	CAB9508747.1
Sro359_g125990	CAB9508748.1
Sro359_g126000	CAB9508749.1
Sro359_g126010	CAB9508750.1
Sro359_g126020	CAB9508751.1
Sro359_g126030	CAB9508752.1
Sro359_g126040	CAB9508753.1
Sro359_g126050	CAB9508754.1
Sro359_g126060	CAB9508755.1
Sro359_g126070	CAB9508756.1
Sro359_g126080	CAB9508757.1
Sro359_g126090	CAB9508758.1
Sro359_g126100	CAB9508759.1
Sro359_g126110	CAB9508760.1
Sro359_g126120	CAB9508761.1
Sro359_g126130	CAB9508762.1
Sro359_g126140	CAB9508763.1
Sro359_g126150	CAB9508764.1
Sro359_g126160	CAB9508765.1
Sro35_g022150	CAB9498282.1
Sro35_g022160	CAB9498283.1
Sro35_g022170	CAB9498284.1
Sro35_g022180	CAB9498285.1
Sro35_g022190	CAB9498286.1
Sro35_g022200	CAB9498287.1
Sro35_g022210	CAB9498288.1
Sro35_g022220	CAB9498289.1
Sro35_g022230	CAB9498290.1
Sro35_g022240	CAB9498291.1
Sro35_g022250	CAB9498292.1
Sro35_g022260	CAB9498293.1
Sro35_g022270	CAB9498294.1
Sro35_g022280	CAB9498295.1
Sro35_g022290	CAB9498296.1
Sro35_g022300	CAB9498297.1
Sro35_g022310	CAB9498298.1
Sro35_g022320	CAB9498299.1
Sro35_g022330	CAB9498300.1
Sro35_g022340	CAB9498301.1
Sro35_g022350	CAB9498302.1
Sro35_g022360	CAB9498303.1
Sro35_g022370	CAB9498304.1
Sro35_g022380	CAB9498305.1
Sro35_g022390	CAB9498306.1
Sro35_g022400	CAB9498307.1
Sro35_g022410	CAB9498308.1
Sro35_g022420	CAB9498309.1
Sro35_g022430	CAB9498310.1
Sro35_g022440	CAB9498311.1
Sro35_g022450	CAB9498312.1
Sro35_g022460	CAB9498313.1
Sro35_g022470	CAB9498314.1
Sro35_g022480	CAB9498315.1
Sro35_g022490	CAB9498316.1
Sro35_g022500	CAB9498317.1
Sro35_g022510	CAB9498318.1
Sro35_g022520	CAB9498319.1
Sro35_g022530	CAB9498320.1
Sro35_g022540	CAB9498321.1
Sro35_g022550	CAB9498322.1
Sro35_g022560	CAB9498323.1
Sro35_g022570	CAB9498324.1
Sro35_g022580	CAB9498325.1
Sro35_g022590	CAB9498326.1
Sro35_g022600	CAB9498327.1
Sro35_g022610	CAB9498328.1
Sro35_g022620	CAB9498329.1
Sro35_g022630	CAB9498330.1
Sro360_g126170	CAB9508766.1
Sro360_g126180	CAB9508767.1
Sro360_g126190	CAB9508768.1
Sro360_g126200	CAB9508769.1
Sro360_g126210	CAB9508770.1
Sro360_g126220	CAB9508771.1
Sro360_g126230	CAB9508772.1
Sro360_g126240	CAB9508773.1
Sro360_g126250	CAB9508774.1
Sro360_g126260	CAB9508775.1
Sro360_g126270	CAB9508776.1
Sro360_g126280	CAB9508777.1
Sro360_g126290	CAB9508778.1
Sro360_g126300	CAB9508779.1
Sro360_g126310	CAB9508780.1
Sro360_g126320	CAB9508781.1
Sro360_g126330	CAB9508782.1
Sro360_g126340	CAB9508783.1
Sro360_g126350	CAB9508784.1
Sro360_g126360	CAB9508785.1
Sro360_g126370	CAB9508786.1
Sro361_g126380	CAB9508787.1
Sro361_g126390	CAB9508788.1
Sro361_g126400	CAB9508789.1
Sro361_g126410	CAB9508790.1
Sro361_g126420	CAB9508791.1
Sro361_g126430	CAB9508792.1
Sro361_g126440	CAB9508793.1
Sro361_g126450	CAB9508794.1
Sro361_g126460	CAB9508795.1
Sro361_g126470	CAB9508796.1
Sro361_g126480	CAB9508797.1
Sro361_g126490	CAB9508798.1
Sro361_g126500	CAB9508799.1
Sro361_g126510	CAB9508800.1
Sro361_g126520	CAB9508801.1
Sro361_g126530	CAB9508802.1
Sro361_g126540	CAB9508803.1
Sro361_g126550	CAB9508804.1
Sro361_g126560	CAB9508805.1
Sro361_g126570	CAB9508806.1
Sro361_g126580	CAB9508807.1
Sro361_g126590	CAB9508808.1
Sro361_g126600	CAB9508809.1
Sro361_g126610	CAB9508810.1
Sro361_g126620	CAB9508811.1
Sro361_g126630	CAB9508812.1
Sro361_g126640	CAB9508813.1
Sro361_g126650	CAB9508814.1
Sro361_g126660	CAB9508815.1
Sro361_g126670	CAB9508816.1
Sro361_g126680	CAB9508817.1
Sro362_g126690	CAB9508818.1
Sro362_g126700	CAB9508819.1
Sro362_g126710	CAB9508820.1
Sro362_g126720	CAB9508821.1
Sro362_g126730	CAB9508822.1
Sro362_g126740	CAB9508823.1
Sro362_g126750	CAB9508824.1
Sro362_g126760	CAB9508825.1
Sro362_g126770	CAB9508826.1
Sro362_g126780	CAB9508827.1
Sro362_g126790	CAB9508828.1
Sro362_g126800	CAB9508829.1
Sro362_g126801	CAB9508830.1
Sro362_g126810	CAB9508831.1
Sro363_g126830	CAB9508832.1
Sro363_g126840	CAB9508833.1
Sro363_g126850	CAB9508834.1
Sro363_g126860	CAB9508835.1
Sro363_g126870	CAB9508836.1
Sro363_g126880	CAB9508837.1
Sro363_g126890	CAB9508838.1
Sro363_g126900	CAB9508839.1
Sro363_g126910	CAB9508840.1
Sro363_g126920	CAB9508841.1
Sro363_g126930	CAB9508842.1
Sro363_g126940	CAB9508843.1
Sro363_g126950	CAB9508844.1
Sro363_g126960	CAB9508845.1
Sro363_g126970	CAB9508846.1
Sro363_g126980	CAB9508847.1
Sro363_g126990	CAB9508848.1
Sro364_g127000	CAB9508849.1
Sro364_g127001	CAB9508850.1
Sro364_g127010	CAB9508851.1
Sro364_g127011	CAB9508852.1
Sro364_g127020	CAB9508853.1
Sro364_g127030	CAB9508854.1
Sro364_g127040	CAB9508855.1
Sro364_g127041	CAB9508856.1
Sro364_g127050	CAB9508857.1
Sro364_g127060	CAB9508858.1
Sro364_g127070	CAB9508859.1
Sro364_g127080	CAB9508860.1
Sro364_g127090	CAB9508861.1
Sro364_g127100	CAB9508862.1
Sro364_g127110	CAB9508863.1
Sro364_g127120	CAB9508864.1
Sro364_g127130	CAB9508865.1
Sro364_g127140	CAB9508866.1
Sro364_g127150	CAB9508867.1
Sro364_g127160	CAB9508868.1
Sro364_g127170	CAB9508869.1
Sro364_g127180	CAB9508870.1
Sro364_g127190	CAB9508871.1
Sro364_g127200	CAB9508872.1
Sro364_g127210	CAB9508873.1
Sro364_g127220	CAB9508874.1
Sro364_g127230	CAB9508875.1
Sro364_g127240	CAB9508876.1
Sro364_g127250	CAB9508877.1
Sro364_g127260	CAB9508878.1
Sro364_g127270	CAB9508879.1
Sro364_g127280	CAB9508880.1
Sro365_g127290	CAB9508881.1
Sro365_g127300	CAB9508882.1
Sro365_g127310	CAB9508883.1
Sro365_g127311	CAB9508884.1
Sro365_g127320	CAB9508885.1
Sro365_g127330	CAB9508886.1
Sro365_g127340	CAB9508887.1
Sro365_g127350	CAB9508888.1
Sro365_g127360	CAB9508889.1
Sro365_g127370	CAB9508890.1
Sro365_g127380	CAB9508891.1
Sro365_g127390	CAB9508892.1
Sro365_g127400	CAB9508893.1
Sro365_g127410	CAB9508894.1
Sro365_g127420	CAB9508895.1
Sro365_g127430	CAB9508896.1
Sro365_g127440	CAB9508897.1
Sro365_g127450	CAB9508898.1
Sro365_g127460	CAB9508899.1
Sro365_g127470	CAB9508900.1
Sro365_g127480	CAB9508901.1
Sro366_g127490	CAB9508902.1
Sro366_g127500	CAB9508903.1
Sro366_g127510	CAB9508904.1
Sro366_g127520	CAB9508905.1
Sro366_g127530	CAB9508906.1
Sro366_g127540	CAB9508907.1
Sro366_g127550	CAB9508908.1
Sro366_g127560	CAB9508909.1
Sro366_g127570	CAB9508910.1
Sro366_g127580	CAB9508911.1
Sro366_g127590	CAB9508912.1
Sro366_g127600	CAB9508913.1
Sro366_g127610	CAB9508914.1
Sro366_g127620	CAB9508915.1
Sro366_g127630	CAB9508916.1
Sro366_g127640	CAB9508917.1
Sro366_g127650	CAB9508918.1
Sro366_g127660	CAB9508919.1
Sro366_g127670	CAB9508920.1
Sro366_g127680	CAB9508921.1
Sro366_g127690	CAB9508922.1
Sro367_g127700	CAB9508923.1
Sro367_g127710	CAB9508924.1
Sro367_g127720	CAB9508925.1
Sro367_g127730	CAB9508926.1
Sro367_g127740	CAB9508927.1
Sro367_g127750	CAB9508928.1
Sro367_g127760	CAB9508929.1
Sro367_g127770	CAB9508930.1
Sro367_g127780	CAB9508931.1
Sro367_g127790	CAB9508932.1
Sro367_g127800	CAB9508933.1
Sro367_g127810	CAB9508934.1
Sro367_g127820	CAB9508935.1
Sro367_g127830	CAB9508936.1
Sro367_g127840	CAB9508937.1
Sro367_g127850	CAB9508938.1
Sro367_g127860	CAB9508939.1
Sro368_g127870	CAB9508940.1
Sro368_g127880	CAB9508941.1
Sro368_g127890	CAB9508942.1
Sro368_g127900	CAB9508943.1
Sro368_g127910	CAB9508944.1
Sro368_g127920	CAB9508945.1
Sro368_g127930	CAB9508946.1
Sro368_g127931	CAB9508947.1
Sro368_g127940	CAB9508948.1
Sro368_g127950	CAB9508949.1
Sro368_g127960	CAB9508950.1
Sro368_g127970	CAB9508951.1
Sro368_g127980	CAB9508952.1
Sro368_g127990	CAB9508953.1
Sro368_g128000	CAB9508954.1
Sro368_g128001	CAB9508955.1
Sro368_g128010	CAB9508956.1
Sro368_g128020	CAB9508957.1
Sro368_g128030	CAB9508958.1
Sro368_g128040	CAB9508959.1
Sro368_g128050	CAB9508960.1
Sro368_g128060	CAB9508961.1
Sro368_g128070	CAB9508962.1
Sro368_g128080	CAB9508963.1
Sro369_g128090	CAB9508964.1
Sro369_g128100	CAB9508965.1
Sro369_g128110	CAB9508966.1
Sro369_g128120	CAB9508967.1
Sro369_g128130	CAB9508968.1
Sro369_g128140	CAB9508969.1
Sro369_g128150	CAB9508970.1
Sro369_g128160	CAB9508971.1
Sro369_g128170	CAB9508972.1
Sro369_g128180	CAB9508973.1
Sro369_g128190	CAB9508974.1
Sro369_g128200	CAB9508975.1
Sro369_g128210	CAB9508976.1
Sro369_g128220	CAB9508977.1
Sro369_g128230	CAB9508978.1
Sro369_g128240	CAB9508979.1
Sro369_g128250	CAB9508980.1
Sro369_g128260	CAB9508981.1
Sro369_g128270	CAB9508982.1
Sro369_g128280	CAB9508983.1
Sro369_g128290	CAB9508984.1
Sro369_g128300	CAB9508985.1
Sro36_g022640	CAB9498331.1
Sro36_g022650	CAB9498332.1
Sro36_g022660	CAB9498333.1
Sro36_g022670	CAB9498334.1
Sro36_g022680	CAB9498335.1
Sro36_g022690	CAB9498336.1
Sro36_g022700	CAB9498337.1
Sro36_g022701	CAB9498338.1
Sro36_g022710	CAB9498339.1
Sro36_g022720	CAB9498340.1
Sro36_g022730	CAB9498341.1
Sro36_g022740	CAB9498342.1
Sro36_g022750	CAB9498343.1
Sro36_g022760	CAB9498344.1
Sro36_g022770	CAB9498345.1
Sro36_g022780	CAB9498346.1
Sro36_g022790	CAB9498347.1
Sro36_g022800	CAB9498348.1
Sro36_g022810	CAB9498349.1
Sro36_g022820	CAB9498350.1
Sro36_g022830	CAB9498351.1
Sro36_g022840	CAB9498352.1
Sro36_g022850	CAB9498353.1
Sro36_g022860	CAB9498354.1
Sro36_g022870	CAB9498355.1
Sro36_g022880	CAB9498356.1
Sro36_g022890	CAB9498357.1
Sro36_g022900	CAB9498358.1
Sro36_g022910	CAB9498359.1
Sro36_g022920	CAB9498360.1
Sro36_g022930	CAB9498361.1
Sro36_g022940	CAB9498362.1
Sro36_g022950	CAB9498363.1
Sro36_g022960	CAB9498364.1
Sro36_g022970	CAB9498365.1
Sro36_g022980	CAB9498366.1
Sro36_g022990	CAB9498367.1
Sro370_g128310	CAB9508986.1
Sro370_g128320	CAB9508987.1
Sro370_g128330	CAB9508988.1
Sro370_g128340	CAB9508989.1
Sro370_g128350	CAB9508990.1
Sro370_g128360	CAB9508991.1
Sro370_g128370	CAB9508992.1
Sro370_g128380	CAB9508993.1
Sro370_g128390	CAB9508994.1
Sro370_g128400	CAB9508995.1
Sro370_g128410	CAB9508996.1
Sro370_g128420	CAB9508997.1
Sro370_g128430	CAB9508998.1
Sro370_g128440	CAB9508999.1
Sro370_g128450	CAB9509000.1
Sro370_g128460	CAB9509001.1
Sro370_g128470	CAB9509002.1
Sro370_g128480	CAB9509003.1
Sro370_g128490	CAB9509004.1
Sro371_g128500	CAB9509005.1
Sro371_g128510	CAB9509006.1
Sro371_g128520	CAB9509007.1
Sro371_g128530	CAB9509008.1
Sro371_g128540	CAB9509009.1
Sro371_g128550	CAB9509010.1
Sro371_g128560	CAB9509011.1
Sro371_g128570	CAB9509012.1
Sro371_g128580	CAB9509013.1
Sro371_g128590	CAB9509014.1
Sro371_g128600	CAB9509015.1
Sro371_g128610	CAB9509016.1
Sro371_g128620	CAB9509017.1
Sro371_g128630	CAB9509018.1
Sro371_g128640	CAB9509019.1
Sro371_g128650	CAB9509020.1
Sro371_g128660	CAB9509021.1
Sro371_g128670	CAB9509022.1
Sro372_g128680	CAB9509023.1
Sro372_g128690	CAB9509024.1
Sro372_g128700	CAB9509025.1
Sro372_g128710	CAB9509026.1
Sro372_g128720	CAB9509027.1
Sro372_g128730	CAB9509028.1
Sro372_g128740	CAB9509029.1
Sro372_g128750	CAB9509030.1
Sro372_g128760	CAB9509031.1
Sro372_g128770	CAB9509032.1
Sro372_g128780	CAB9509033.1
Sro372_g128790	CAB9509034.1
Sro372_g128800	CAB9509035.1
Sro372_g128810	CAB9509036.1
Sro372_g128820	CAB9509037.1
Sro372_g128830	CAB9509038.1
Sro372_g128840	CAB9509039.1
Sro372_g128850	CAB9509040.1
Sro372_g128860	CAB9509041.1
Sro372_g128870	CAB9509042.1
Sro372_g128880	CAB9509043.1
Sro372_g128890	CAB9509044.1
Sro372_g128900	CAB9509045.1
Sro372_g128910	CAB9509046.1
Sro373_g128920	CAB9509047.1
Sro373_g128930	CAB9509048.1
Sro373_g128940	CAB9509049.1
Sro373_g128950	CAB9509050.1
Sro373_g128960	CAB9509051.1
Sro373_g128970	CAB9509052.1
Sro373_g128980	CAB9509053.1
Sro373_g128990	CAB9509054.1
Sro373_g129000	CAB9509055.1
Sro373_g129010	CAB9509056.1
Sro373_g129020	CAB9509057.1
Sro373_g129030	CAB9509058.1
Sro373_g129040	CAB9509059.1
Sro373_g129050	CAB9509060.1
Sro373_g129051	CAB9509061.1
Sro373_g129060	CAB9509062.1
Sro373_g129070	CAB9509063.1
Sro373_g129080	CAB9509064.1
Sro373_g129090	CAB9509065.1
Sro373_g129100	CAB9509066.1
Sro373_g129110	CAB9509067.1
Sro373_g129120	CAB9509068.1
Sro373_g129130	CAB9509069.1
Sro374_g129140	CAB9509070.1
Sro374_g129150	CAB9509071.1
Sro374_g129160	CAB9509072.1
Sro374_g129170	CAB9509073.1
Sro374_g129180	CAB9509074.1
Sro374_g129190	CAB9509075.1
Sro374_g129200	CAB9509076.1
Sro374_g129210	CAB9509077.1
Sro374_g129220	CAB9509078.1
Sro374_g129230	CAB9509079.1
Sro374_g129240	CAB9509080.1
Sro374_g129250	CAB9509081.1
Sro374_g129260	CAB9509082.1
Sro374_g129270	CAB9509083.1
Sro374_g129280	CAB9509084.1
Sro374_g129290	CAB9509085.1
Sro374_g129300	CAB9509086.1
Sro374_g129310	CAB9509087.1
Sro374_g129320	CAB9509088.1
Sro374_g129330	CAB9509089.1
Sro374_g129340	CAB9509090.1
Sro374_g129350	CAB9509091.1
Sro375_g129360	CAB9509092.1
Sro375_g129370	CAB9509093.1
Sro375_g129380	CAB9509094.1
Sro375_g129390	CAB9509095.1
Sro375_g129400	CAB9509096.1
Sro375_g129410	CAB9509097.1
Sro375_g129420	CAB9509098.1
Sro375_g129430	CAB9509099.1
Sro375_g129440	CAB9509100.1
Sro375_g129450	CAB9509101.1
Sro375_g129460	CAB9509102.1
Sro375_g129470	CAB9509103.1
Sro375_g129480	CAB9509104.1
Sro375_g129490	CAB9509105.1
Sro375_g129500	CAB9509106.1
Sro375_g129510	CAB9509107.1
Sro375_g129520	CAB9509108.1
Sro375_g129530	CAB9509109.1
Sro375_g129540	CAB9509110.1
Sro375_g129550	CAB9509111.1
Sro375_g129560	CAB9509112.1
Sro375_g129570	CAB9509113.1
Sro376_g129580	CAB9509114.1
Sro376_g129590	CAB9509115.1
Sro376_g129600	CAB9509116.1
Sro376_g129610	CAB9509117.1
Sro376_g129620	CAB9509118.1
Sro376_g129630	CAB9509119.1
Sro376_g129640	CAB9509120.1
Sro376_g129650	CAB9509121.1
Sro376_g129660	CAB9509122.1
Sro376_g129670	CAB9509123.1
Sro376_g129680	CAB9509124.1
Sro376_g129690	CAB9509125.1
Sro376_g129700	CAB9509126.1
Sro376_g129710	CAB9509127.1
Sro376_g129720	CAB9509128.1
Sro376_g129730	CAB9509129.1
Sro376_g129740	CAB9509130.1
Sro376_g129741	CAB9509131.1
Sro376_g129750	CAB9509132.1
Sro376_g129760	CAB9509133.1
Sro376_g129770	CAB9509134.1
Sro376_g129780	CAB9509135.1
Sro376_g129790	CAB9509136.1
Sro376_g129800	CAB9509137.1
Sro376_g129810	CAB9509138.1
Sro376_g129820	CAB9509139.1
Sro376_g129830	CAB9509140.1
Sro376_g129840	CAB9509141.1
Sro376_g129850	CAB9509142.1
Sro376_g129860	CAB9509143.1
Sro376_g129870	CAB9509144.1
Sro376_g129880	CAB9509145.1
Sro376_g129890	CAB9509146.1
Sro377_g129900	CAB9509147.1
Sro377_g129910	CAB9509148.1
Sro377_g129920	CAB9509149.1
Sro377_g129930	CAB9509150.1
Sro377_g129940	CAB9509151.1
Sro377_g129950	CAB9509152.1
Sro377_g129960	CAB9509153.1
Sro377_g129970	CAB9509154.1
Sro377_g129980	CAB9509155.1
Sro377_g129990	CAB9509156.1
Sro377_g130000	CAB9509157.1
Sro377_g130020	CAB9509158.1
Sro377_g130030	CAB9509159.1
Sro377_g130040	CAB9509160.1
Sro377_g130050	CAB9509161.1
Sro377_g130060	CAB9509162.1
Sro377_g130070	CAB9509163.1
Sro377_g130080	CAB9509164.1
Sro377_g130090	CAB9509165.1
Sro377_g130100	CAB9509166.1
Sro377_g130110	CAB9509167.1
Sro377_g130120	CAB9509168.1
Sro377_g130130	CAB9509169.1
Sro377_g130140	CAB9509170.1
Sro378_g130150	CAB9509171.1
Sro378_g130160	CAB9509172.1
Sro378_g130170	CAB9509173.1
Sro378_g130180	CAB9509174.1
Sro378_g130190	CAB9509175.1
Sro378_g130200	CAB9509176.1
Sro378_g130210	CAB9509177.1
Sro378_g130220	CAB9509178.1
Sro378_g130230	CAB9509179.1
Sro378_g130240	CAB9509180.1
Sro378_g130250	CAB9509181.1
Sro378_g130260	CAB9509182.1
Sro378_g130270	CAB9509183.1
Sro378_g130280	CAB9509184.1
Sro378_g130290	CAB9509185.1
Sro378_g130300	CAB9509186.1
Sro378_g130310	CAB9509187.1
Sro378_g130320	CAB9509188.1
Sro378_g130330	CAB9509189.1
Sro378_g130340	CAB9509190.1
Sro378_g130341	CAB9509191.1
Sro378_g130350	CAB9509192.1
Sro378_g130360	CAB9509193.1
Sro378_g130361	CAB9509194.1
Sro378_g130370	CAB9509195.1
Sro378_g130371	CAB9509196.1
Sro379_g130380	CAB9509197.1
Sro379_g130390	CAB9509198.1
Sro379_g130400	CAB9509199.1
Sro379_g130410	CAB9509200.1
Sro379_g130420	CAB9509201.1
Sro379_g130430	CAB9509202.1
Sro379_g130440	CAB9509203.1
Sro379_g130450	CAB9509204.1
Sro379_g130460	CAB9509205.1
Sro379_g130470	CAB9509206.1
Sro379_g130480	CAB9509207.1
Sro379_g130490	CAB9509208.1
Sro379_g130500	CAB9509209.1
Sro379_g130510	CAB9509210.1
Sro379_g130520	CAB9509211.1
Sro379_g130530	CAB9509212.1
Sro37_g023000	CAB9498368.1
Sro37_g023010	CAB9498369.1
Sro37_g023020	CAB9498370.1
Sro37_g023030	CAB9498371.1
Sro37_g023040	CAB9498372.1
Sro37_g023050	CAB9498373.1
Sro37_g023060	CAB9498374.1
Sro37_g023070	CAB9498375.1
Sro37_g023080	CAB9498376.1
Sro37_g023090	CAB9498377.1
Sro37_g023100	CAB9498378.1
Sro37_g023110	CAB9498379.1
Sro37_g023120	CAB9498380.1
Sro37_g023130	CAB9498381.1
Sro37_g023140	CAB9498382.1
Sro37_g023150	CAB9498383.1
Sro37_g023160	CAB9498384.1
Sro37_g023170	CAB9498385.1
Sro37_g023180	CAB9498386.1
Sro37_g023190	CAB9498387.1
Sro37_g023200	CAB9498388.1
Sro37_g023210	CAB9498389.1
Sro37_g023220	CAB9498390.1
Sro37_g023230	CAB9498391.1
Sro37_g023240	CAB9498392.1
Sro37_g023250	CAB9498393.1
Sro37_g023260	CAB9498394.1
Sro37_g023270	CAB9498395.1
Sro37_g023280	CAB9498396.1
Sro37_g023290	CAB9498397.1
Sro37_g023300	CAB9498398.1
Sro37_g023310	CAB9498399.1
Sro37_g023320	CAB9498400.1
Sro37_g023330	CAB9498401.1
Sro37_g023340	CAB9498402.1
Sro37_g023350	CAB9498403.1
Sro37_g023360	CAB9498404.1
Sro37_g023370	CAB9498405.1
Sro37_g023380	CAB9498406.1
Sro37_g023390	CAB9498407.1
Sro37_g023400	CAB9498408.1
Sro37_g023410	CAB9498409.1
Sro37_g023420	CAB9498410.1
Sro37_g023430	CAB9498411.1
Sro37_g023440	CAB9498412.1
Sro37_g023450	CAB9498413.1
Sro37_g023451	CAB9498414.1
Sro37_g023460	CAB9498415.1
Sro37_g023470	CAB9498416.1
Sro37_g023480	CAB9498417.1
Sro37_g023490	CAB9498418.1
Sro37_g023500	CAB9498419.1
Sro380_g130540	CAB9509213.1
Sro380_g130550	CAB9509214.1
Sro380_g130560	CAB9509215.1
Sro380_g130570	CAB9509216.1
Sro380_g130580	CAB9509217.1
Sro380_g130590	CAB9509218.1
Sro380_g130600	CAB9509219.1
Sro380_g130610	CAB9509220.1
Sro380_g130620	CAB9509221.1
Sro380_g130630	CAB9509222.1
Sro380_g130640	CAB9509223.1
Sro380_g130650	CAB9509224.1
Sro380_g130651	CAB9509225.1
Sro380_g130660	CAB9509226.1
Sro380_g130670	CAB9509227.1
Sro380_g130680	CAB9509228.1
Sro380_g130690	CAB9509229.1
Sro380_g130700	CAB9509230.1
Sro380_g130710	CAB9509231.1
Sro380_g130720	CAB9509232.1
Sro381_g130730	CAB9509233.1
Sro381_g130740	CAB9509234.1
Sro381_g130750	CAB9509235.1
Sro381_g130760	CAB9509236.1
Sro381_g130770	CAB9509237.1
Sro381_g130780	CAB9509238.1
Sro381_g130790	CAB9509239.1
Sro381_g130800	CAB9509240.1
Sro381_g130810	CAB9509241.1
Sro381_g130820	CAB9509242.1
Sro381_g130830	CAB9509243.1
Sro381_g130840	CAB9509244.1
Sro381_g130850	CAB9509245.1
Sro381_g130860	CAB9509246.1
Sro381_g130870	CAB9509247.1
Sro381_g130880	CAB9509248.1
Sro381_g130890	CAB9509249.1
Sro381_g130900	CAB9509250.1
Sro381_g130910	CAB9509251.1
Sro381_g130920	CAB9509252.1
Sro381_g130930	CAB9509253.1
Sro382_g130940	CAB9509254.1
Sro382_g130950	CAB9509255.1
Sro382_g130960	CAB9509256.1
Sro382_g130970	CAB9509257.1
Sro382_g130980	CAB9509258.1
Sro382_g130990	CAB9509259.1
Sro382_g131000	CAB9509260.1
Sro382_g131010	CAB9509261.1
Sro382_g131020	CAB9509262.1
Sro382_g131030	CAB9509263.1
Sro382_g131040	CAB9509264.1
Sro382_g131050	CAB9509265.1
Sro382_g131060	CAB9509266.1
Sro382_g131070	CAB9509267.1
Sro382_g131080	CAB9509268.1
Sro382_g131090	CAB9509269.1
Sro382_g131091	CAB9509270.1
Sro382_g131100	CAB9509271.1
Sro382_g131110	CAB9509272.1
Sro382_g131120	CAB9509273.1
Sro382_g131130	CAB9509274.1
Sro382_g131140	CAB9509275.1
Sro382_g131150	CAB9509276.1
Sro382_g131160	CAB9509277.1
Sro382_g131170	CAB9509278.1
Sro382_g131180	CAB9509279.1
Sro382_g131190	CAB9509280.1
Sro383_g131200	CAB9509281.1
Sro383_g131210	CAB9509282.1
Sro383_g131220	CAB9509283.1
Sro383_g131230	CAB9509284.1
Sro383_g131240	CAB9509285.1
Sro383_g131250	CAB9509286.1
Sro383_g131260	CAB9509287.1
Sro383_g131270	CAB9509288.1
Sro383_g131280	CAB9509289.1
Sro383_g131290	CAB9509290.1
Sro383_g131300	CAB9509291.1
Sro383_g131310	CAB9509292.1
Sro383_g131320	CAB9509293.1
Sro383_g131330	CAB9509294.1
Sro383_g131340	CAB9509295.1
Sro384_g131350	CAB9509296.1
Sro384_g131360	CAB9509297.1
Sro384_g131370	CAB9509298.1
Sro384_g131380	CAB9509299.1
Sro384_g131390	CAB9509300.1
Sro384_g131400	CAB9509301.1
Sro384_g131410	CAB9509302.1
Sro384_g131420	CAB9509303.1
Sro384_g131430	CAB9509304.1
Sro384_g131440	CAB9509305.1
Sro384_g131450	CAB9509306.1
Sro384_g131460	CAB9509307.1
Sro384_g131470	CAB9509308.1
Sro384_g131480	CAB9509309.1
Sro384_g131490	CAB9509310.1
Sro384_g131500	CAB9509311.1
Sro384_g131510	CAB9509312.1
Sro384_g131520	CAB9509313.1
Sro384_g131530	CAB9509314.1
Sro384_g131540	CAB9509315.1
Sro384_g131550	CAB9509316.1
Sro384_g131560	CAB9509317.1
Sro384_g131570	CAB9509318.1
Sro385_g131580	CAB9509319.1
Sro385_g131590	CAB9509320.1
Sro385_g131600	CAB9509321.1
Sro385_g131610	CAB9509322.1
Sro385_g131620	CAB9509323.1
Sro385_g131630	CAB9509324.1
Sro385_g131640	CAB9509325.1
Sro385_g131650	CAB9509326.1
Sro385_g131660	CAB9509327.1
Sro385_g131670	CAB9509328.1
Sro385_g131680	CAB9509329.1
Sro385_g131690	CAB9509330.1
Sro385_g131700	CAB9509331.1
Sro385_g131710	CAB9509332.1
Sro385_g131720	CAB9509333.1
Sro385_g131730	CAB9509334.1
Sro385_g131740	CAB9509335.1
Sro385_g131750	CAB9509336.1
Sro385_g131760	CAB9509337.1
Sro385_g131770	CAB9509338.1
Sro385_g131780	CAB9509339.1
Sro386_g131790	CAB9509340.1
Sro386_g131800	CAB9509341.1
Sro386_g131810	CAB9509342.1
Sro386_g131820	CAB9509343.1
Sro386_g131830	CAB9509344.1
Sro386_g131840	CAB9509345.1
Sro386_g131850	CAB9509346.1
Sro386_g131860	CAB9509347.1
Sro386_g131870	CAB9509348.1
Sro386_g131880	CAB9509349.1
Sro386_g131890	CAB9509350.1
Sro386_g131900	CAB9509351.1
Sro386_g131910	CAB9509352.1
Sro386_g131920	CAB9509353.1
Sro386_g131930	CAB9509354.1
Sro386_g131940	CAB9509355.1
Sro386_g131950	CAB9509356.1
Sro386_g131960	CAB9509357.1
Sro386_g131970	CAB9509358.1
Sro386_g131980	CAB9509359.1
Sro386_g131990	CAB9509360.1
Sro387_g132000	CAB9509361.1
Sro387_g132010	CAB9509362.1
Sro387_g132020	CAB9509363.1
Sro387_g132030	CAB9509364.1
Sro387_g132040	CAB9509365.1
Sro387_g132050	CAB9509366.1
Sro387_g132060	CAB9509367.1
Sro387_g132070	CAB9509368.1
Sro387_g132080	CAB9509369.1
Sro387_g132090	CAB9509370.1
Sro387_g132100	CAB9509371.1
Sro387_g132110	CAB9509372.1
Sro387_g132120	CAB9509373.1
Sro387_g132130	CAB9509374.1
Sro387_g132140	CAB9509375.1
Sro387_g132150	CAB9509376.1
Sro387_g132160	CAB9509377.1
Sro387_g132170	CAB9509378.1
Sro387_g132171	CAB9509379.1
Sro387_g132180	CAB9509380.1
Sro387_g132190	CAB9509381.1
Sro387_g132200	CAB9509382.1
Sro387_g132210	CAB9509383.1
Sro387_g132220	CAB9509384.1
Sro388_g132230	CAB9509385.1
Sro388_g132240	CAB9509386.1
Sro388_g132250	CAB9509387.1
Sro388_g132260	CAB9509388.1
Sro388_g132270	CAB9509389.1
Sro388_g132280	CAB9509390.1
Sro388_g132290	CAB9509391.1
Sro388_g132300	CAB9509392.1
Sro388_g132310	CAB9509393.1
Sro388_g132320	CAB9509394.1
Sro388_g132321	CAB9509395.1
Sro388_g132330	CAB9509396.1
Sro388_g132340	CAB9509397.1
Sro388_g132350	CAB9509398.1
Sro388_g132360	CAB9509399.1
Sro388_g132370	CAB9509400.1
Sro388_g132380	CAB9509401.1
Sro388_g132390	CAB9509402.1
Sro388_g132400	CAB9509403.1
Sro388_g132410	CAB9509404.1
Sro388_g132420	CAB9509405.1
Sro388_g132430	CAB9509406.1
Sro388_g132440	CAB9509407.1
Sro388_g132450	CAB9509408.1
Sro388_g132460	CAB9509409.1
Sro389_g132470	CAB9509410.1
Sro389_g132480	CAB9509411.1
Sro389_g132490	CAB9509412.1
Sro389_g132500	CAB9509413.1
Sro389_g132510	CAB9509414.1
Sro389_g132520	CAB9509415.1
Sro389_g132530	CAB9509416.1
Sro389_g132540	CAB9509417.1
Sro389_g132550	CAB9509418.1
Sro389_g132560	CAB9509419.1
Sro389_g132570	CAB9509420.1
Sro389_g132580	CAB9509421.1
Sro389_g132590	CAB9509422.1
Sro389_g132600	CAB9509423.1
Sro389_g132610	CAB9509424.1
Sro389_g132620	CAB9509425.1
Sro389_g132630	CAB9509426.1
Sro389_g132640	CAB9509427.1
Sro389_g132650	CAB9509428.1
Sro389_g132660	CAB9509429.1
Sro389_g132670	CAB9509430.1
Sro389_g132680	CAB9509431.1
Sro389_g132690	CAB9509432.1
Sro389_g132700	CAB9509433.1
Sro389_g132710	CAB9509434.1
Sro389_g132720	CAB9509435.1
Sro38_g023510	CAB9498420.1
Sro38_g023520	CAB9498421.1
Sro38_g023530	CAB9498422.1
Sro38_g023540	CAB9498423.1
Sro38_g023550	CAB9498424.1
Sro38_g023560	CAB9498425.1
Sro38_g023570	CAB9498426.1
Sro38_g023580	CAB9498427.1
Sro38_g023590	CAB9498428.1
Sro38_g023600	CAB9498429.1
Sro38_g023610	CAB9498430.1
Sro38_g023620	CAB9498431.1
Sro38_g023630	CAB9498432.1
Sro38_g023640	CAB9498433.1
Sro38_g023650	CAB9498434.1
Sro38_g023660	CAB9498435.1
Sro38_g023670	CAB9498436.1
Sro38_g023680	CAB9498437.1
Sro38_g023690	CAB9498438.1
Sro38_g023700	CAB9498439.1
Sro38_g023710	CAB9498440.1
Sro38_g023720	CAB9498441.1
Sro38_g023730	CAB9498442.1
Sro38_g023740	CAB9498443.1
Sro38_g023750	CAB9498444.1
Sro38_g023760	CAB9498445.1
Sro38_g023770	CAB9498446.1
Sro38_g023780	CAB9498447.1
Sro38_g023790	CAB9498448.1
Sro38_g023800	CAB9498449.1
Sro38_g023810	CAB9498450.1
Sro38_g023820	CAB9498451.1
Sro38_g023830	CAB9498452.1
Sro38_g023840	CAB9498453.1
Sro38_g023850	CAB9498454.1
Sro38_g023860	CAB9498455.1
Sro38_g023870	CAB9498456.1
Sro38_g023880	CAB9498457.1
Sro38_g023890	CAB9498458.1
Sro38_g023900	CAB9498459.1
Sro38_g023901	CAB9498460.1
Sro38_g023910	CAB9498461.1
Sro38_g023911	CAB9498462.1
Sro38_g023920	CAB9498463.1
Sro390_g132730	CAB9509436.1
Sro390_g132740	CAB9509437.1
Sro390_g132750	CAB9509438.1
Sro390_g132760	CAB9509439.1
Sro390_g132770	CAB9509440.1
Sro390_g132780	CAB9509441.1
Sro390_g132790	CAB9509442.1
Sro390_g132800	CAB9509443.1
Sro390_g132810	CAB9509444.1
Sro390_g132820	CAB9509445.1
Sro390_g132830	CAB9509446.1
Sro390_g132831	CAB9509447.1
Sro390_g132840	CAB9509448.1
Sro390_g132850	CAB9509449.1
Sro390_g132860	CAB9509450.1
Sro390_g132870	CAB9509451.1
Sro390_g132880	CAB9509452.1
Sro390_g132890	CAB9509453.1
Sro390_g132900	CAB9509454.1
Sro390_g132910	CAB9509455.1
Sro390_g132920	CAB9509456.1
Sro390_g132930	CAB9509457.1
Sro390_g132940	CAB9509458.1
Sro390_g132950	CAB9509459.1
Sro390_g132960	CAB9509460.1
Sro390_g132970	CAB9509461.1
Sro390_g132980	CAB9509462.1
Sro390_g132990	CAB9509463.1
Sro390_g133000	CAB9509464.1
Sro390_g133010	CAB9509465.1
Sro391_g133020	CAB9509466.1
Sro391_g133030	CAB9509467.1
Sro391_g133040	CAB9509468.1
Sro391_g133050	CAB9509469.1
Sro391_g133060	CAB9509470.1
Sro391_g133070	CAB9509471.1
Sro391_g133080	CAB9509472.1
Sro391_g133090	CAB9509473.1
Sro391_g133100	CAB9509474.1
Sro391_g133110	CAB9509475.1
Sro391_g133120	CAB9509476.1
Sro391_g133130	CAB9509477.1
Sro391_g133140	CAB9509478.1
Sro391_g133141	CAB9509479.1
Sro391_g133150	CAB9509480.1
Sro391_g133160	CAB9509481.1
Sro391_g133170	CAB9509482.1
Sro391_g133180	CAB9509483.1
Sro391_g133190	CAB9509484.1
Sro391_g133200	CAB9509485.1
Sro391_g133210	CAB9509486.1
Sro391_g133220	CAB9509487.1
Sro391_g133230	CAB9509488.1
Sro391_g133240	CAB9509489.1
Sro392_g133250	CAB9509490.1
Sro392_g133260	CAB9509491.1
Sro392_g133270	CAB9509492.1
Sro392_g133280	CAB9509493.1
Sro392_g133290	CAB9509494.1
Sro392_g133300	CAB9509495.1
Sro392_g133310	CAB9509496.1
Sro392_g133320	CAB9509497.1
Sro392_g133321	CAB9509498.1
Sro392_g133330	CAB9509499.1
Sro392_g133340	CAB9509500.1
Sro392_g133350	CAB9509501.1
Sro392_g133360	CAB9509502.1
Sro392_g133370	CAB9509503.1
Sro392_g133380	CAB9509504.1
Sro392_g133390	CAB9509505.1
Sro392_g133400	CAB9509506.1
Sro392_g133410	CAB9509507.1
Sro392_g133420	CAB9509508.1
Sro392_g133430	CAB9509509.1
Sro392_g133440	CAB9509510.1
Sro392_g133450	CAB9509511.1
Sro392_g133460	CAB9509512.1
Sro393_g133470	CAB9509513.1
Sro393_g133480	CAB9509514.1
Sro393_g133490	CAB9509515.1
Sro393_g133500	CAB9509516.1
Sro393_g133510	CAB9509517.1
Sro393_g133520	CAB9509518.1
Sro393_g133530	CAB9509519.1
Sro393_g133540	CAB9509520.1
Sro393_g133550	CAB9509521.1
Sro393_g133560	CAB9509522.1
Sro393_g133570	CAB9509523.1
Sro393_g133580	CAB9509524.1
Sro393_g133590	CAB9509525.1
Sro393_g133600	CAB9509526.1
Sro393_g133610	CAB9509527.1
Sro393_g133620	CAB9509528.1
Sro393_g133630	CAB9509529.1
Sro393_g133640	CAB9509530.1
Sro393_g133650	CAB9509531.1
Sro393_g133660	CAB9509532.1
Sro393_g133670	CAB9509533.1
Sro393_g133680	CAB9509534.1
Sro393_g133690	CAB9509535.1
Sro393_g133700	CAB9509536.1
Sro393_g133710	CAB9509537.1
Sro393_g133720	CAB9509538.1
Sro393_g133730	CAB9509539.1
Sro394_g133740	CAB9509540.1
Sro394_g133750	CAB9509541.1
Sro394_g133760	CAB9509542.1
Sro394_g133770	CAB9509543.1
Sro394_g133780	CAB9509544.1
Sro394_g133790	CAB9509545.1
Sro394_g133800	CAB9509546.1
Sro394_g133810	CAB9509547.1
Sro394_g133820	CAB9509548.1
Sro394_g133830	CAB9509549.1
Sro394_g133840	CAB9509550.1
Sro394_g133850	CAB9509551.1
Sro394_g133860	CAB9509552.1
Sro394_g133870	CAB9509553.1
Sro394_g133880	CAB9509554.1
Sro394_g133890	CAB9509555.1
Sro394_g133900	CAB9509556.1
Sro394_g133910	CAB9509557.1
Sro394_g133920	CAB9509558.1
Sro394_g133930	CAB9509559.1
Sro394_g133940	CAB9509560.1
Sro394_g133950	CAB9509561.1
Sro394_g133951	CAB9509562.1
Sro395_g133960	CAB9509563.1
Sro395_g133970	CAB9509564.1
Sro395_g133980	CAB9509565.1
Sro395_g133990	CAB9509566.1
Sro395_g134000	CAB9509567.1
Sro395_g134010	CAB9509568.1
Sro395_g134020	CAB9509569.1
Sro395_g134030	CAB9509570.1
Sro395_g134040	CAB9509571.1
Sro395_g134050	CAB9509572.1
Sro395_g134060	CAB9509573.1
Sro395_g134070	CAB9509574.1
Sro395_g134080	CAB9509575.1
Sro395_g134090	CAB9509576.1
Sro395_g134100	CAB9509577.1
Sro395_g134110	CAB9509578.1
Sro395_g134120	CAB9509579.1
Sro395_g134130	CAB9509580.1
Sro395_g134140	CAB9509581.1
Sro395_g134150	CAB9509582.1
Sro395_g134160	CAB9509583.1
Sro395_g134170	CAB9509584.1
Sro395_g134180	CAB9509585.1
Sro395_g134190	CAB9509586.1
Sro396_g134200	CAB9509587.1
Sro396_g134210	CAB9509588.1
Sro396_g134211	CAB9509589.1
Sro396_g134220	CAB9509590.1
Sro396_g134230	CAB9509591.1
Sro396_g134240	CAB9509592.1
Sro396_g134250	CAB9509593.1
Sro396_g134260	CAB9509594.1
Sro396_g134270	CAB9509595.1
Sro396_g134280	CAB9509596.1
Sro396_g134290	CAB9509597.1
Sro396_g134300	CAB9509598.1
Sro396_g134310	CAB9509599.1
Sro396_g134320	CAB9509600.1
Sro396_g134330	CAB9509601.1
Sro396_g134340	CAB9509602.1
Sro396_g134350	CAB9509603.1
Sro396_g134360	CAB9509604.1
Sro396_g134370	CAB9509605.1
Sro396_g134380	CAB9509606.1
Sro397_g134390	CAB9509607.1
Sro397_g134400	CAB9509608.1
Sro397_g134410	CAB9509609.1
Sro397_g134420	CAB9509610.1
Sro397_g134430	CAB9509611.1
Sro397_g134440	CAB9509612.1
Sro397_g134450	CAB9509613.1
Sro397_g134460	CAB9509614.1
Sro397_g134470	CAB9509615.1
Sro397_g134480	CAB9509616.1
Sro397_g134490	CAB9509617.1
Sro397_g134500	CAB9509618.1
Sro397_g134510	CAB9509619.1
Sro397_g134520	CAB9509620.1
Sro397_g134530	CAB9509621.1
Sro397_g134540	CAB9509622.1
Sro397_g134550	CAB9509623.1
Sro397_g134560	CAB9509624.1
Sro397_g134570	CAB9509625.1
Sro398_g134580	CAB9509626.1
Sro398_g134590	CAB9509627.1
Sro398_g134600	CAB9509628.1
Sro398_g134610	CAB9509629.1
Sro398_g134611	CAB9509630.1
Sro398_g134620	CAB9509631.1
Sro398_g134630	CAB9509632.1
Sro398_g134640	CAB9509633.1
Sro398_g134650	CAB9509634.1
Sro398_g134660	CAB9509635.1
Sro398_g134670	CAB9509636.1
Sro398_g134680	CAB9509637.1
Sro398_g134690	CAB9509638.1
Sro398_g134700	CAB9509639.1
Sro398_g134710	CAB9509640.1
Sro398_g134711	CAB9509641.1
Sro398_g134720	CAB9509642.1
Sro398_g134730	CAB9509643.1
Sro398_g134740	CAB9509644.1
Sro398_g134750	CAB9509645.1
Sro398_g134760	CAB9509646.1
Sro398_g134770	CAB9509647.1
Sro398_g134780	CAB9509648.1
Sro399_g134790	CAB9509649.1
Sro399_g134800	CAB9509650.1
Sro399_g134810	CAB9509651.1
Sro399_g134820	CAB9509652.1
Sro399_g134830	CAB9509653.1
Sro399_g134840	CAB9509654.1
Sro399_g134850	CAB9509655.1
Sro399_g134860	CAB9509656.1
Sro399_g134870	CAB9509657.1
Sro399_g134880	CAB9509658.1
Sro399_g134890	CAB9509659.1
Sro399_g134900	CAB9509660.1
Sro399_g134910	CAB9509661.1
Sro399_g134920	CAB9509662.1
Sro399_g134930	CAB9509663.1
Sro399_g134940	CAB9509664.1
Sro399_g134950	CAB9509665.1
Sro399_g134960	CAB9509666.1
Sro39_g023940	CAB9498464.1
Sro39_g023950	CAB9498465.1
Sro39_g023960	CAB9498466.1
Sro39_g023970	CAB9498467.1
Sro39_g023980	CAB9498468.1
Sro39_g023990	CAB9498469.1
Sro39_g024000	CAB9498470.1
Sro39_g024010	CAB9498471.1
Sro39_g024020	CAB9498472.1
Sro39_g024030	CAB9498473.1
Sro39_g024040	CAB9498474.1
Sro39_g024050	CAB9498475.1
Sro39_g024060	CAB9498476.1
Sro39_g024070	CAB9498477.1
Sro39_g024080	CAB9498478.1
Sro39_g024090	CAB9498479.1
Sro39_g024100	CAB9498480.1
Sro39_g024110	CAB9498481.1
Sro39_g024120	CAB9498482.1
Sro39_g024130	CAB9498483.1
Sro39_g024140	CAB9498484.1
Sro39_g024150	CAB9498485.1
Sro39_g024160	CAB9498486.1
Sro39_g024170	CAB9498487.1
Sro39_g024180	CAB9498488.1
Sro39_g024190	CAB9498489.1
Sro39_g024200	CAB9498490.1
Sro39_g024210	CAB9498491.1
Sro39_g024211	CAB9498492.1
Sro39_g024220	CAB9498493.1
Sro39_g024230	CAB9498494.1
Sro39_g024240	CAB9498495.1
Sro39_g024250	CAB9498496.1
Sro39_g024260	CAB9498497.1
Sro39_g024270	CAB9498498.1
Sro39_g024280	CAB9498499.1
Sro39_g024290	CAB9498500.1
Sro39_g024300	CAB9498501.1
Sro39_g024310	CAB9498502.1
Sro39_g024320	CAB9498503.1
Sro39_g024330	CAB9498504.1
Sro39_g024340	CAB9498505.1
Sro39_g024350	CAB9498506.1
Sro39_g024360	CAB9498507.1
Sro39_g024370	CAB9498508.1
Sro39_g024380	CAB9498509.1
Sro39_g024390	CAB9498510.1
Sro39_g024400	CAB9498511.1
Sro3_g001960	CAB9496220.1
Sro3_g001961	CAB9496221.1
Sro3_g001970	CAB9496222.1
Sro3_g001980	CAB9496223.1
Sro3_g001990	CAB9496224.1
Sro3_g002000	CAB9496225.1
Sro3_g002010	CAB9496226.1
Sro3_g002020	CAB9496227.1
Sro3_g002030	CAB9496228.1
Sro3_g002040	CAB9496229.1
Sro3_g002050	CAB9496230.1
Sro3_g002060	CAB9496231.1
Sro3_g002070	CAB9496232.1
Sro3_g002080	CAB9496233.1
Sro3_g002090	CAB9496234.1
Sro3_g002100	CAB9496235.1
Sro3_g002110	CAB9496236.1
Sro3_g002120	CAB9496237.1
Sro3_g002130	CAB9496238.1
Sro3_g002140	CAB9496239.1
Sro3_g002150	CAB9496240.1
Sro3_g002160	CAB9496241.1
Sro3_g002170	CAB9496242.1
Sro3_g002180	CAB9496243.1
Sro3_g002190	CAB9496244.1
Sro3_g002200	CAB9496245.1
Sro3_g002210	CAB9496246.1
Sro3_g002220	CAB9496247.1
Sro3_g002230	CAB9496248.1
Sro3_g002240	CAB9496249.1
Sro3_g002250	CAB9496250.1
Sro3_g002260	CAB9496251.1
Sro3_g002270	CAB9496252.1
Sro3_g002280	CAB9496253.1
Sro3_g002290	CAB9496254.1
Sro3_g002300	CAB9496255.1
Sro3_g002310	CAB9496256.1
Sro3_g002320	CAB9496257.1
Sro3_g002330	CAB9496258.1
Sro3_g002340	CAB9496259.1
Sro3_g002350	CAB9496260.1
Sro3_g002360	CAB9496261.1
Sro3_g002370	CAB9496262.1
Sro3_g002380	CAB9496263.1
Sro3_g002390	CAB9496264.1
Sro3_g002400	CAB9496265.1
Sro3_g002410	CAB9496266.1
Sro3_g002420	CAB9496267.1
Sro3_g002430	CAB9496268.1
Sro3_g002440	CAB9496269.1
Sro3_g002450	CAB9496270.1
Sro3_g002460	CAB9496271.1
Sro3_g002470	CAB9496272.1
Sro3_g002480	CAB9496273.1
Sro3_g002490	CAB9496274.1
Sro3_g002500	CAB9496275.1
Sro3_g002510	CAB9496276.1
Sro3_g002520	CAB9496277.1
Sro3_g002530	CAB9496278.1
Sro3_g002540	CAB9496279.1
Sro3_g002550	CAB9496280.1
Sro3_g002560	CAB9496281.1
Sro3_g002570	CAB9496282.1
Sro3_g002580	CAB9496283.1
Sro3_g002590	CAB9496284.1
Sro3_g002600	CAB9496285.1
Sro3_g002610	CAB9496286.1
Sro3_g002630	CAB9496287.1
Sro3_g002640	CAB9496288.1
Sro3_g002650	CAB9496289.1
Sro3_g002660	CAB9496290.1
Sro3_g002670	CAB9496291.1
Sro3_g002680	CAB9496292.1
Sro3_g002690	CAB9496293.1
Sro3_g002700	CAB9496294.1
Sro3_g002710	CAB9496295.1
Sro3_g002720	CAB9496296.1
Sro3_g002730	CAB9496297.1
Sro3_g002740	CAB9496298.1
Sro3_g002750	CAB9496299.1
Sro3_g002760	CAB9496300.1
Sro3_g002770	CAB9496301.1
Sro3_g002780	CAB9496302.1
Sro3_g002790	CAB9496303.1
Sro3_g002800	CAB9496304.1
Sro3_g002810	CAB9496305.1
Sro3_g002820	CAB9496306.1
Sro3_g002830	CAB9496307.1
Sro3_g002840	CAB9496308.1
Sro3_g002850	CAB9496309.1
Sro3_g002860	CAB9496310.1
Sro3_g002870	CAB9496311.1
Sro3_g002880	CAB9496312.1
Sro3_g002890	CAB9496313.1
Sro3_g002900	CAB9496314.1
Sro3_g002910	CAB9496315.1
Sro400_g134970	CAB9509667.1
Sro400_g134980	CAB9509668.1
Sro400_g134990	CAB9509669.1
Sro400_g135000	CAB9509670.1
Sro400_g135010	CAB9509671.1
Sro400_g135020	CAB9509672.1
Sro400_g135030	CAB9509673.1
Sro400_g135040	CAB9509674.1
Sro400_g135050	CAB9509675.1
Sro400_g135060	CAB9509676.1
Sro400_g135070	CAB9509677.1
Sro400_g135080	CAB9509678.1
Sro400_g135090	CAB9509679.1
Sro400_g135100	CAB9509680.1
Sro400_g135110	CAB9509681.1
Sro400_g135120	CAB9509682.1
Sro400_g135130	CAB9509683.1
Sro400_g135140	CAB9509684.1
Sro400_g135150	CAB9509685.1
Sro400_g135160	CAB9509686.1
Sro400_g135170	CAB9509687.1
Sro400_g135180	CAB9509688.1
Sro400_g135190	CAB9509689.1
Sro400_g135200	CAB9509690.1
Sro400_g135210	CAB9509691.1
Sro400_g135220	CAB9509692.1
Sro400_g135230	CAB9509693.1
Sro401_g135240	CAB9509694.1
Sro401_g135250	CAB9509695.1
Sro401_g135260	CAB9509696.1
Sro401_g135261	CAB9509697.1
Sro401_g135270	CAB9509698.1
Sro401_g135280	CAB9509699.1
Sro401_g135290	CAB9509700.1
Sro401_g135300	CAB9509701.1
Sro401_g135310	CAB9509702.1
Sro401_g135320	CAB9509703.1
Sro401_g135330	CAB9509704.1
Sro401_g135340	CAB9509705.1
Sro401_g135350	CAB9509706.1
Sro401_g135360	CAB9509707.1
Sro401_g135370	CAB9509708.1
Sro402_g135380	CAB9509709.1
Sro402_g135390	CAB9509710.1
Sro402_g135400	CAB9509711.1
Sro402_g135410	CAB9509712.1
Sro402_g135420	CAB9509713.1
Sro402_g135430	CAB9509714.1
Sro402_g135440	CAB9509715.1
Sro402_g135450	CAB9509716.1
Sro402_g135460	CAB9509717.1
Sro402_g135470	CAB9509718.1
Sro402_g135480	CAB9509719.1
Sro402_g135490	CAB9509720.1
Sro402_g135500	CAB9509721.1
Sro402_g135510	CAB9509722.1
Sro402_g135520	CAB9509723.1
Sro402_g135530	CAB9509724.1
Sro402_g135540	CAB9509725.1
Sro403_g135550	CAB9509726.1
Sro403_g135560	CAB9509727.1
Sro403_g135570	CAB9509728.1
Sro403_g135580	CAB9509729.1
Sro403_g135590	CAB9509730.1
Sro403_g135600	CAB9509731.1
Sro403_g135610	CAB9509732.1
Sro403_g135620	CAB9509733.1
Sro403_g135630	CAB9509734.1
Sro403_g135640	CAB9509735.1
Sro403_g135650	CAB9509736.1
Sro403_g135660	CAB9509737.1
Sro403_g135670	CAB9509738.1
Sro403_g135680	CAB9509739.1
Sro403_g135690	CAB9509740.1
Sro403_g135700	CAB9509741.1
Sro403_g135710	CAB9509742.1
Sro403_g135720	CAB9509743.1
Sro403_g135730	CAB9509744.1
Sro403_g135740	CAB9509745.1
Sro403_g135750	CAB9509746.1
Sro403_g135760	CAB9509747.1
Sro403_g135770	CAB9509748.1
Sro403_g135780	CAB9509749.1
Sro403_g135790	CAB9509750.1
Sro404_g135800	CAB9509751.1
Sro404_g135810	CAB9509752.1
Sro404_g135820	CAB9509753.1
Sro404_g135830	CAB9509754.1
Sro404_g135840	CAB9509755.1
Sro404_g135850	CAB9509756.1
Sro404_g135860	CAB9509757.1
Sro404_g135870	CAB9509758.1
Sro404_g135880	CAB9509759.1
Sro404_g135890	CAB9509760.1
Sro404_g135900	CAB9509761.1
Sro404_g135910	CAB9509762.1
Sro404_g135920	CAB9509763.1
Sro404_g135930	CAB9509764.1
Sro404_g135940	CAB9509765.1
Sro404_g135950	CAB9509766.1
Sro404_g135960	CAB9509767.1
Sro404_g135970	CAB9509768.1
Sro404_g135980	CAB9509769.1
Sro404_g135990	CAB9509770.1
Sro404_g136000	CAB9509771.1
Sro404_g136010	CAB9509772.1
Sro405_g136020	CAB9509773.1
Sro405_g136030	CAB9509774.1
Sro405_g136040	CAB9509775.1
Sro405_g136050	CAB9509776.1
Sro405_g136060	CAB9509777.1
Sro405_g136070	CAB9509778.1
Sro405_g136080	CAB9509779.1
Sro405_g136090	CAB9509780.1
Sro405_g136100	CAB9509781.1
Sro405_g136110	CAB9509782.1
Sro405_g136120	CAB9509783.1
Sro405_g136130	CAB9509784.1
Sro405_g136140	CAB9509785.1
Sro405_g136150	CAB9509786.1
Sro405_g136160	CAB9509787.1
Sro405_g136170	CAB9509788.1
Sro405_g136180	CAB9509789.1
Sro405_g136190	CAB9509790.1
Sro405_g136200	CAB9509791.1
Sro405_g136210	CAB9509792.1
Sro405_g136220	CAB9509793.1
Sro405_g136230	CAB9509794.1
Sro405_g136240	CAB9509795.1
Sro405_g136250	CAB9509796.1
Sro405_g136260	CAB9509797.1
Sro405_g136270	CAB9509798.1
Sro405_g136280	CAB9509799.1
Sro405_g136281	CAB9509800.1
Sro405_g136290	CAB9509801.1
Sro405_g136300	CAB9509802.1
Sro406_g136310	CAB9509803.1
Sro406_g136320	CAB9509804.1
Sro406_g136340	CAB9509805.1
Sro406_g136350	CAB9509806.1
Sro406_g136360	CAB9509807.1
Sro406_g136370	CAB9509808.1
Sro406_g136371	CAB9509809.1
Sro406_g136380	CAB9509810.1
Sro406_g136390	CAB9509811.1
Sro406_g136400	CAB9509812.1
Sro406_g136410	CAB9509813.1
Sro406_g136420	CAB9509814.1
Sro406_g136430	CAB9509815.1
Sro406_g136440	CAB9509816.1
Sro406_g136450	CAB9509817.1
Sro406_g136460	CAB9509818.1
Sro406_g136470	CAB9509819.1
Sro406_g136480	CAB9509820.1
Sro406_g136490	CAB9509821.1
Sro407_g136500	CAB9509822.1
Sro407_g136510	CAB9509823.1
Sro407_g136520	CAB9509824.1
Sro407_g136530	CAB9509825.1
Sro407_g136540	CAB9509826.1
Sro407_g136550	CAB9509827.1
Sro407_g136560	CAB9509828.1
Sro407_g136570	CAB9509829.1
Sro407_g136580	CAB9509830.1
Sro407_g136590	CAB9509831.1
Sro407_g136600	CAB9509832.1
Sro407_g136610	CAB9509833.1
Sro407_g136620	CAB9509834.1
Sro407_g136630	CAB9509835.1
Sro407_g136640	CAB9509836.1
Sro407_g136650	CAB9509837.1
Sro407_g136660	CAB9509838.1
Sro407_g136670	CAB9509839.1
Sro407_g136680	CAB9509840.1
Sro407_g136690	CAB9509841.1
Sro407_g136691	CAB9509842.1
Sro407_g136700	CAB9509843.1
Sro407_g136730	CAB9509844.1
Sro407_g136740	CAB9509845.1
Sro407_g136750	CAB9509846.1
Sro407_g136760	CAB9509847.1
Sro407_g136770	CAB9509848.1
Sro407_g136780	CAB9509849.1
Sro407_g136781	CAB9509850.1
Sro408_g136790	CAB9509851.1
Sro408_g136800	CAB9509852.1
Sro408_g136810	CAB9509853.1
Sro408_g136820	CAB9509854.1
Sro408_g136830	CAB9509855.1
Sro408_g136840	CAB9509856.1
Sro408_g136850	CAB9509857.1
Sro408_g136860	CAB9509858.1
Sro408_g136870	CAB9509859.1
Sro408_g136880	CAB9509860.1
Sro408_g136890	CAB9509861.1
Sro408_g136900	CAB9509862.1
Sro408_g136910	CAB9509863.1
Sro408_g136920	CAB9509864.1
Sro408_g136930	CAB9509865.1
Sro408_g136940	CAB9509866.1
Sro408_g136950	CAB9509867.1
Sro408_g136960	CAB9509868.1
Sro408_g136970	CAB9509869.1
Sro408_g136980	CAB9509870.1
Sro408_g136990	CAB9509871.1
Sro408_g137000	CAB9509872.1
Sro408_g137010	CAB9509873.1
Sro408_g137020	CAB9509874.1
Sro408_g137030	CAB9509875.1
Sro408_g137040	CAB9509876.1
Sro408_g137050	CAB9509877.1
Sro408_g137060	CAB9509878.1
Sro408_g137070	CAB9509879.1
Sro408_g137080	CAB9509880.1
Sro408_g137090	CAB9509881.1
Sro409_g137100	CAB9509882.1
Sro409_g137110	CAB9509883.1
Sro409_g137120	CAB9509884.1
Sro409_g137130	CAB9509885.1
Sro409_g137140	CAB9509886.1
Sro409_g137150	CAB9509887.1
Sro409_g137160	CAB9509888.1
Sro409_g137170	CAB9509889.1
Sro409_g137180	CAB9509890.1
Sro409_g137190	CAB9509891.1
Sro409_g137200	CAB9509892.1
Sro409_g137210	CAB9509893.1
Sro409_g137220	CAB9509894.1
Sro409_g137230	CAB9509895.1
Sro409_g137240	CAB9509896.1
Sro409_g137250	CAB9509897.1
Sro409_g137260	CAB9509898.1
Sro409_g137270	CAB9509900.1
Sro409_g137280	CAB9509899.1
Sro40_g024410	CAB9498512.1
Sro40_g024420	CAB9498513.1
Sro40_g024430	CAB9498514.1
Sro40_g024440	CAB9498515.1
Sro40_g024450	CAB9498516.1
Sro40_g024460	CAB9498517.1
Sro40_g024470	CAB9498518.1
Sro40_g024480	CAB9498519.1
Sro40_g024490	CAB9498520.1
Sro40_g024500	CAB9498521.1
Sro40_g024510	CAB9498522.1
Sro40_g024520	CAB9498523.1
Sro40_g024530	CAB9498524.1
Sro40_g024540	CAB9498525.1
Sro40_g024550	CAB9498526.1
Sro40_g024560	CAB9498527.1
Sro40_g024570	CAB9498528.1
Sro40_g024580	CAB9498529.1
Sro40_g024590	CAB9498530.1
Sro40_g024600	CAB9498531.1
Sro40_g024610	CAB9498532.1
Sro40_g024620	CAB9498533.1
Sro40_g024630	CAB9498534.1
Sro40_g024640	CAB9498535.1
Sro40_g024650	CAB9498536.1
Sro40_g024660	CAB9498537.1
Sro40_g024670	CAB9498538.1
Sro40_g024680	CAB9498539.1
Sro40_g024690	CAB9498540.1
Sro40_g024700	CAB9498541.1
Sro40_g024710	CAB9498542.1
Sro40_g024720	CAB9498543.1
Sro40_g024730	CAB9498544.1
Sro40_g024740	CAB9498545.1
Sro40_g024750	CAB9498546.1
Sro40_g024760	CAB9498547.1
Sro40_g024770	CAB9498548.1
Sro40_g024780	CAB9498549.1
Sro40_g024790	CAB9498550.1
Sro40_g024800	CAB9498551.1
Sro40_g024810	CAB9498552.1
Sro40_g024820	CAB9498553.1
Sro40_g024830	CAB9498554.1
Sro40_g024840	CAB9498555.1
Sro40_g024850	CAB9498556.1
Sro40_g024860	CAB9498557.1
Sro40_g024870	CAB9498558.1
Sro40_g024880	CAB9498559.1
Sro40_g024890	CAB9498560.1
Sro40_g024900	CAB9498561.1
Sro40_g024910	CAB9498562.1
Sro40_g024920	CAB9498563.1
Sro40_g024930	CAB9498564.1
Sro40_g024940	CAB9498565.1
Sro40_g024950	CAB9498566.1
Sro40_g024960	CAB9498567.1
Sro40_g024970	CAB9498568.1
Sro40_g024980	CAB9498569.1
Sro40_g024990	CAB9498570.1
Sro410_g137290	CAB9509901.1
Sro410_g137300	CAB9509902.1
Sro410_g137310	CAB9509903.1
Sro410_g137320	CAB9509904.1
Sro410_g137330	CAB9509905.1
Sro410_g137340	CAB9509906.1
Sro410_g137350	CAB9509907.1
Sro410_g137360	CAB9509908.1
Sro410_g137370	CAB9509909.1
Sro410_g137380	CAB9509910.1
Sro410_g137390	CAB9509911.1
Sro410_g137400	CAB9509912.1
Sro410_g137410	CAB9509913.1
Sro410_g137420	CAB9509914.1
Sro410_g137430	CAB9509915.1
Sro410_g137440	CAB9509916.1
Sro410_g137450	CAB9509917.1
Sro410_g137460	CAB9509918.1
Sro410_g137470	CAB9509919.1
Sro410_g137480	CAB9509920.1
Sro410_g137490	CAB9509921.1
Sro410_g137500	CAB9509922.1
Sro410_g137510	CAB9509923.1
Sro411_g137520	CAB9509924.1
Sro411_g137540	CAB9509925.1
Sro411_g137550	CAB9509926.1
Sro411_g137560	CAB9509927.1
Sro411_g137570	CAB9509928.1
Sro411_g137590	CAB9509929.1
Sro411_g137600	CAB9509930.1
Sro411_g137610	CAB9509931.1
Sro411_g137620	CAB9509932.1
Sro411_g137630	CAB9509933.1
Sro411_g137640	CAB9509934.1
Sro411_g137650	CAB9509935.1
Sro411_g137660	CAB9509936.1
Sro411_g137670	CAB9509937.1
Sro411_g137680	CAB9509938.1
Sro411_g137690	CAB9509939.1
Sro411_g137700	CAB9509940.1
Sro411_g137710	CAB9509941.1
Sro411_g137720	CAB9509942.1
Sro411_g137730	CAB9509943.1
Sro411_g137740	CAB9509944.1
Sro411_g137750	CAB9509945.1
Sro412_g137760	CAB9509946.1
Sro412_g137770	CAB9509947.1
Sro412_g137780	CAB9509948.1
Sro412_g137790	CAB9509949.1
Sro412_g137800	CAB9509950.1
Sro412_g137810	CAB9509951.1
Sro412_g137820	CAB9509952.1
Sro412_g137830	CAB9509953.1
Sro412_g137840	CAB9509954.1
Sro412_g137850	CAB9509955.1
Sro412_g137860	CAB9509956.1
Sro412_g137870	CAB9509957.1
Sro412_g137880	CAB9509959.1
Sro412_g137881	CAB9509958.1
Sro412_g137890	CAB9509960.1
Sro412_g137900	CAB9509961.1
Sro412_g137910	CAB9509962.1
Sro412_g137920	CAB9509963.1
Sro412_g137930	CAB9509964.1
Sro412_g137940	CAB9509965.1
Sro412_g137950	CAB9509966.1
Sro412_g137960	CAB9509967.1
Sro412_g137970	CAB9509968.1
Sro412_g137980	CAB9509969.1
Sro412_g137990	CAB9509970.1
Sro412_g138000	CAB9509971.1
Sro413_g138010	CAB9509972.1
Sro413_g138020	CAB9509973.1
Sro413_g138030	CAB9509974.1
Sro413_g138040	CAB9509975.1
Sro413_g138050	CAB9509976.1
Sro413_g138060	CAB9509977.1
Sro413_g138070	CAB9509978.1
Sro413_g138080	CAB9509979.1
Sro413_g138090	CAB9509980.1
Sro413_g138100	CAB9509981.1
Sro413_g138110	CAB9509982.1
Sro413_g138120	CAB9509983.1
Sro413_g138130	CAB9509984.1
Sro413_g138140	CAB9509985.1
Sro413_g138150	CAB9509986.1
Sro413_g138160	CAB9509987.1
Sro413_g138170	CAB9509988.1
Sro413_g138180	CAB9509989.1
Sro414_g138190	CAB9509990.1
Sro414_g138200	CAB9509991.1
Sro414_g138210	CAB9509992.1
Sro414_g138220	CAB9509993.1
Sro414_g138230	CAB9509994.1
Sro414_g138240	CAB9509995.1
Sro414_g138250	CAB9509996.1
Sro414_g138260	CAB9509997.1
Sro414_g138270	CAB9509998.1
Sro414_g138280	CAB9509999.1
Sro414_g138290	CAB9510000.1
Sro414_g138300	CAB9510001.1
Sro414_g138310	CAB9510002.1
Sro414_g138320	CAB9510003.1
Sro414_g138330	CAB9510004.1
Sro414_g138340	CAB9510005.1
Sro414_g138350	CAB9510006.1
Sro414_g138360	CAB9510007.1
Sro414_g138370	CAB9510008.1
Sro414_g138380	CAB9510009.1
Sro414_g138390	CAB9510010.1
Sro414_g138400	CAB9510011.1
Sro414_g138410	CAB9510012.1
Sro415_g138420	CAB9510013.1
Sro415_g138430	CAB9510014.1
Sro415_g138440	CAB9510015.1
Sro415_g138450	CAB9510016.1
Sro415_g138460	CAB9510017.1
Sro415_g138470	CAB9510018.1
Sro415_g138480	CAB9510019.1
Sro415_g138490	CAB9510020.1
Sro415_g138500	CAB9510021.1
Sro415_g138510	CAB9510022.1
Sro415_g138520	CAB9510023.1
Sro415_g138530	CAB9510024.1
Sro415_g138540	CAB9510025.1
Sro415_g138550	CAB9510026.1
Sro416_g138560	CAB9510027.1
Sro416_g138570	CAB9510028.1
Sro416_g138580	CAB9510029.1
Sro416_g138590	CAB9510030.1
Sro416_g138600	CAB9510031.1
Sro416_g138610	CAB9510032.1
Sro416_g138620	CAB9510033.1
Sro417_g138630	CAB9510034.1
Sro417_g138640	CAB9510035.1
Sro417_g138650	CAB9510036.1
Sro417_g138660	CAB9510037.1
Sro417_g138670	CAB9510038.1
Sro417_g138680	CAB9510039.1
Sro417_g138690	CAB9510040.1
Sro417_g138700	CAB9510041.1
Sro417_g138710	CAB9510042.1
Sro417_g138720	CAB9510043.1
Sro417_g138730	CAB9510044.1
Sro417_g138740	CAB9510045.1
Sro417_g138750	CAB9510046.1
Sro417_g138760	CAB9510047.1
Sro417_g138770	CAB9510048.1
Sro417_g138780	CAB9510049.1
Sro417_g138790	CAB9510050.1
Sro417_g138800	CAB9510051.1
Sro417_g138810	CAB9510052.1
Sro417_g138820	CAB9510053.1
Sro418_g138840	CAB9510054.1
Sro418_g138850	CAB9510055.1
Sro418_g138860	CAB9510056.1
Sro418_g138870	CAB9510057.1
Sro418_g138890	CAB9510058.1
Sro418_g138900	CAB9510059.1
Sro418_g138910	CAB9510060.1
Sro418_g138920	CAB9510061.1
Sro418_g138930	CAB9510062.1
Sro418_g138940	CAB9510063.1
Sro418_g138950	CAB9510064.1
Sro418_g138951	CAB9510065.1
Sro418_g138960	CAB9510066.1
Sro419_g138970	CAB9510067.1
Sro419_g138980	CAB9510068.1
Sro419_g138990	CAB9510069.1
Sro419_g138991	CAB9510070.1
Sro419_g139000	CAB9510071.1
Sro419_g139010	CAB9510072.1
Sro419_g139020	CAB9510073.1
Sro419_g139030	CAB9510074.1
Sro419_g139040	CAB9510075.1
Sro419_g139050	CAB9510076.1
Sro419_g139060	CAB9510077.1
Sro419_g139070	CAB9510078.1
Sro419_g139080	CAB9510079.1
Sro419_g139090	CAB9510080.1
Sro419_g139100	CAB9510081.1
Sro419_g139110	CAB9510082.1
Sro419_g139120	CAB9510083.1
Sro419_g139130	CAB9510084.1
Sro419_g139140	CAB9510085.1
Sro419_g139150	CAB9510086.1
Sro419_g139160	CAB9510087.1
Sro419_g139170	CAB9510088.1
Sro419_g139180	CAB9510089.1
Sro419_g139190	CAB9510090.1
Sro419_g139200	CAB9510091.1
Sro41_g025000	CAB9498571.1
Sro41_g025010	CAB9498572.1
Sro41_g025020	CAB9498573.1
Sro41_g025030	CAB9498574.1
Sro41_g025040	CAB9498575.1
Sro41_g025050	CAB9498576.1
Sro41_g025060	CAB9498577.1
Sro41_g025070	CAB9498578.1
Sro41_g025080	CAB9498579.1
Sro41_g025090	CAB9498580.1
Sro41_g025100	CAB9498581.1
Sro41_g025110	CAB9498582.1
Sro41_g025120	CAB9498583.1
Sro41_g025130	CAB9498584.1
Sro41_g025140	CAB9498585.1
Sro41_g025150	CAB9498586.1
Sro41_g025160	CAB9498587.1
Sro41_g025170	CAB9498588.1
Sro41_g025180	CAB9498589.1
Sro41_g025190	CAB9498590.1
Sro41_g025200	CAB9498591.1
Sro41_g025210	CAB9498592.1
Sro41_g025220	CAB9498593.1
Sro41_g025230	CAB9498594.1
Sro41_g025240	CAB9498595.1
Sro41_g025250	CAB9498596.1
Sro41_g025260	CAB9498597.1
Sro41_g025270	CAB9498598.1
Sro41_g025280	CAB9498599.1
Sro41_g025290	CAB9498600.1
Sro41_g025300	CAB9498601.1
Sro41_g025310	CAB9498602.1
Sro41_g025320	CAB9498603.1
Sro41_g025330	CAB9498604.1
Sro41_g025340	CAB9498605.1
Sro41_g025350	CAB9498606.1
Sro41_g025360	CAB9498607.1
Sro41_g025370	CAB9498608.1
Sro41_g025371	CAB9498609.1
Sro420_g139210	CAB9510092.1
Sro420_g139220	CAB9510093.1
Sro420_g139230	CAB9510094.1
Sro420_g139240	CAB9510095.1
Sro420_g139250	CAB9510096.1
Sro420_g139251	CAB9510097.1
Sro420_g139260	CAB9510098.1
Sro420_g139270	CAB9510099.1
Sro420_g139280	CAB9510100.1
Sro420_g139290	CAB9510101.1
Sro420_g139300	CAB9510102.1
Sro420_g139310	CAB9510103.1
Sro420_g139320	CAB9510104.1
Sro420_g139330	CAB9510105.1
Sro420_g139340	CAB9510106.1
Sro420_g139350	CAB9510107.1
Sro420_g139360	CAB9510108.1
Sro420_g139370	CAB9510109.1
Sro420_g139380	CAB9510110.1
Sro420_g139390	CAB9510111.1
Sro420_g139400	CAB9510112.1
Sro420_g139410	CAB9510113.1
Sro421_g139420	CAB9510114.1
Sro421_g139430	CAB9510115.1
Sro421_g139440	CAB9510116.1
Sro421_g139450	CAB9510117.1
Sro421_g139460	CAB9510118.1
Sro421_g139470	CAB9510119.1
Sro421_g139480	CAB9510120.1
Sro421_g139490	CAB9510121.1
Sro421_g139500	CAB9510122.1
Sro421_g139510	CAB9510123.1
Sro421_g139520	CAB9510124.1
Sro421_g139530	CAB9510125.1
Sro421_g139540	CAB9510126.1
Sro421_g139550	CAB9510127.1
Sro421_g139560	CAB9510128.1
Sro421_g139570	CAB9510129.1
Sro421_g139580	CAB9510130.1
Sro421_g139590	CAB9510131.1
Sro421_g139600	CAB9510132.1
Sro422_g139610	CAB9510133.1
Sro422_g139620	CAB9510134.1
Sro422_g139630	CAB9510135.1
Sro422_g139640	CAB9510136.1
Sro422_g139650	CAB9510137.1
Sro422_g139660	CAB9510138.1
Sro422_g139670	CAB9510139.1
Sro422_g139680	CAB9510140.1
Sro422_g139690	CAB9510141.1
Sro422_g139700	CAB9510142.1
Sro423_g139710	CAB9510143.1
Sro423_g139720	CAB9510144.1
Sro423_g139730	CAB9510145.1
Sro423_g139740	CAB9510146.1
Sro423_g139750	CAB9510147.1
Sro423_g139760	CAB9510148.1
Sro423_g139770	CAB9510149.1
Sro423_g139780	CAB9510150.1
Sro423_g139790	CAB9510151.1
Sro423_g139800	CAB9510152.1
Sro423_g139820	CAB9510153.1
Sro423_g139830	CAB9510154.1
Sro423_g139831	CAB9510155.1
Sro423_g139840	CAB9510156.1
Sro424_g139850	CAB9510157.1
Sro424_g139860	CAB9510158.1
Sro424_g139870	CAB9510159.1
Sro424_g139880	CAB9510160.1
Sro424_g139890	CAB9510161.1
Sro424_g139900	CAB9510162.1
Sro424_g139910	CAB9510163.1
Sro424_g139920	CAB9510164.1
Sro424_g139930	CAB9510165.1
Sro424_g139940	CAB9510166.1
Sro424_g139950	CAB9510167.1
Sro424_g139960	CAB9510168.1
Sro424_g139970	CAB9510169.1
Sro424_g139980	CAB9510170.1
Sro424_g139990	CAB9510171.1
Sro424_g140000	CAB9510172.1
Sro424_g140010	CAB9510173.1
Sro424_g140020	CAB9510174.1
Sro424_g140030	CAB9510175.1
Sro424_g140040	CAB9510176.1
Sro424_g140050	CAB9510177.1
Sro425_g140060	CAB9510178.1
Sro425_g140070	CAB9510179.1
Sro425_g140080	CAB9510180.1
Sro425_g140090	CAB9510181.1
Sro425_g140100	CAB9510182.1
Sro425_g140110	CAB9510183.1
Sro425_g140120	CAB9510184.1
Sro425_g140130	CAB9510185.1
Sro425_g140140	CAB9510186.1
Sro425_g140150	CAB9510187.1
Sro425_g140160	CAB9510188.1
Sro425_g140170	CAB9510189.1
Sro425_g140180	CAB9510190.1
Sro425_g140190	CAB9510191.1
Sro425_g140200	CAB9510192.1
Sro425_g140210	CAB9510193.1
Sro425_g140220	CAB9510194.1
Sro425_g140230	CAB9510195.1
Sro425_g140240	CAB9510196.1
Sro425_g140250	CAB9510197.1
Sro426_g140260	CAB9510198.1
Sro426_g140270	CAB9510199.1
Sro426_g140280	CAB9510200.1
Sro426_g140290	CAB9510201.1
Sro426_g140300	CAB9510202.1
Sro426_g140310	CAB9510203.1
Sro426_g140320	CAB9510204.1
Sro426_g140330	CAB9510205.1
Sro426_g140340	CAB9510206.1
Sro426_g140350	CAB9510207.1
Sro426_g140360	CAB9510208.1
Sro426_g140370	CAB9510209.1
Sro426_g140380	CAB9510210.1
Sro426_g140390	CAB9510211.1
Sro426_g140400	CAB9510212.1
Sro426_g140410	CAB9510213.1
Sro426_g140420	CAB9510214.1
Sro426_g140430	CAB9510215.1
Sro426_g140440	CAB9510216.1
Sro426_g140450	CAB9510217.1
Sro426_g140460	CAB9510218.1
Sro426_g140470	CAB9510219.1
Sro426_g140480	CAB9510220.1
Sro426_g140490	CAB9510221.1
Sro426_g140500	CAB9510222.1
Sro426_g140510	CAB9510223.1
Sro426_g140520	CAB9510224.1
Sro426_g140530	CAB9510225.1
Sro426_g140540	CAB9510226.1
Sro426_g140550	CAB9510227.1
Sro427_g140560	CAB9510228.1
Sro427_g140570	CAB9510229.1
Sro427_g140580	CAB9510230.1
Sro427_g140590	CAB9510231.1
Sro427_g140600	CAB9510232.1
Sro427_g140610	CAB9510233.1
Sro427_g140620	CAB9510234.1
Sro427_g140630	CAB9510235.1
Sro427_g140640	CAB9510236.1
Sro427_g140650	CAB9510237.1
Sro427_g140660	CAB9510238.1
Sro427_g140670	CAB9510239.1
Sro427_g140680	CAB9510240.1
Sro427_g140690	CAB9510241.1
Sro427_g140700	CAB9510242.1
Sro427_g140710	CAB9510243.1
Sro427_g140720	CAB9510244.1
Sro427_g140730	CAB9510245.1
Sro427_g140740	CAB9510246.1
Sro427_g140750	CAB9510247.1
Sro428_g140760	CAB9510248.1
Sro428_g140770	CAB9510249.1
Sro428_g140780	CAB9510250.1
Sro428_g140790	CAB9510251.1
Sro428_g140800	CAB9510252.1
Sro428_g140810	CAB9510253.1
Sro428_g140820	CAB9510254.1
Sro428_g140830	CAB9510255.1
Sro428_g140840	CAB9510256.1
Sro428_g140850	CAB9510257.1
Sro428_g140860	CAB9510258.1
Sro428_g140870	CAB9510259.1
Sro428_g140880	CAB9510260.1
Sro428_g140890	CAB9510261.1
Sro428_g140900	CAB9510262.1
Sro428_g140910	CAB9510263.1
Sro428_g140920	CAB9510264.1
Sro428_g140930	CAB9510265.1
Sro428_g140940	CAB9510266.1
Sro428_g140941	CAB9510267.1
Sro428_g140950	CAB9510268.1
Sro428_g140960	CAB9510269.1
Sro429_g140970	CAB9510270.1
Sro429_g140980	CAB9510271.1
Sro429_g140990	CAB9510272.1
Sro429_g141000	CAB9510273.1
Sro429_g141010	CAB9510274.1
Sro429_g141020	CAB9510275.1
Sro429_g141030	CAB9510276.1
Sro429_g141040	CAB9510277.1
Sro429_g141050	CAB9510278.1
Sro429_g141060	CAB9510279.1
Sro429_g141070	CAB9510280.1
Sro429_g141080	CAB9510281.1
Sro429_g141090	CAB9510282.1
Sro429_g141100	CAB9510283.1
Sro429_g141110	CAB9510284.1
Sro429_g141120	CAB9510285.1
Sro429_g141130	CAB9510286.1
Sro429_g141140	CAB9510287.1
Sro429_g141150	CAB9510288.1
Sro429_g141160	CAB9510289.1
Sro429_g141170	CAB9510290.1
Sro429_g141180	CAB9510291.1
Sro429_g141190	CAB9510292.1
Sro429_g141200	CAB9510293.1
Sro429_g141210	CAB9510294.1
Sro429_g141220	CAB9510295.1
Sro429_g141230	CAB9510296.1
Sro42_g025380	CAB9498610.1
Sro42_g025390	CAB9498611.1
Sro42_g025400	CAB9498612.1
Sro42_g025410	CAB9498613.1
Sro42_g025420	CAB9498614.1
Sro42_g025430	CAB9498615.1
Sro42_g025440	CAB9498616.1
Sro42_g025450	CAB9498617.1
Sro42_g025460	CAB9498618.1
Sro42_g025470	CAB9498619.1
Sro42_g025480	CAB9498620.1
Sro42_g025490	CAB9498621.1
Sro42_g025500	CAB9498622.1
Sro42_g025510	CAB9498623.1
Sro42_g025511	CAB9498624.1
Sro42_g025520	CAB9498625.1
Sro42_g025530	CAB9498626.1
Sro42_g025540	CAB9498627.1
Sro42_g025550	CAB9498628.1
Sro42_g025560	CAB9498629.1
Sro42_g025570	CAB9498630.1
Sro42_g025580	CAB9498631.1
Sro42_g025590	CAB9498632.1
Sro42_g025600	CAB9498633.1
Sro42_g025610	CAB9498634.1
Sro42_g025620	CAB9498635.1
Sro42_g025630	CAB9498636.1
Sro42_g025640	CAB9498637.1
Sro42_g025650	CAB9498638.1
Sro42_g025660	CAB9498639.1
Sro42_g025670	CAB9498640.1
Sro42_g025680	CAB9498641.1
Sro42_g025690	CAB9498642.1
Sro42_g025700	CAB9498643.1
Sro42_g025710	CAB9498644.1
Sro42_g025720	CAB9498645.1
Sro42_g025730	CAB9498646.1
Sro42_g025740	CAB9498647.1
Sro42_g025750	CAB9498648.1
Sro42_g025760	CAB9498649.1
Sro42_g025770	CAB9498650.1
Sro42_g025780	CAB9498651.1
Sro42_g025790	CAB9498652.1
Sro42_g025800	CAB9498653.1
Sro42_g025810	CAB9498654.1
Sro42_g025820	CAB9498655.1
Sro42_g025830	CAB9498656.1
Sro42_g025840	CAB9498657.1
Sro42_g025850	CAB9498658.1
Sro42_g025860	CAB9498659.1
Sro430_g141240	CAB9510297.1
Sro430_g141250	CAB9510298.1
Sro430_g141260	CAB9510299.1
Sro430_g141270	CAB9510300.1
Sro430_g141280	CAB9510301.1
Sro430_g141290	CAB9510302.1
Sro430_g141300	CAB9510303.1
Sro430_g141310	CAB9510304.1
Sro430_g141320	CAB9510305.1
Sro430_g141330	CAB9510306.1
Sro430_g141340	CAB9510307.1
Sro430_g141350	CAB9510308.1
Sro430_g141360	CAB9510309.1
Sro430_g141361	CAB9510310.1
Sro430_g141370	CAB9510311.1
Sro430_g141371	CAB9510312.1
Sro431_g141380	CAB9510314.1
Sro431_g141390	CAB9510315.1
Sro431_g141400	CAB9510316.1
Sro431_g141410	CAB9510317.1
Sro431_g141420	CAB9510318.1
Sro431_g141430	CAB9510319.1
Sro431_g141440	CAB9510320.1
Sro431_g141450	CAB9510321.1
Sro431_g141460	CAB9510322.1
Sro431_g141470	CAB9510323.1
Sro431_g141480	CAB9510324.1
Sro431_g141490	CAB9510325.1
Sro431_g141500	CAB9510326.1
Sro431_g141510	CAB9510327.1
Sro431_g141520	CAB9510328.1
Sro431_g141530	CAB9510329.1
Sro431_g141540	CAB9510330.1
Sro431_g141550	CAB9510331.1
Sro431_g141560	CAB9510332.1
Sro431_g141570	CAB9510333.1
Sro431_g353701	CAB9510313.1
Sro432_g141580	CAB9510334.1
Sro432_g141590	CAB9510335.1
Sro432_g141600	CAB9510336.1
Sro432_g141610	CAB9510337.1
Sro432_g141620	CAB9510338.1
Sro432_g141630	CAB9510339.1
Sro432_g141640	CAB9510340.1
Sro432_g141650	CAB9510341.1
Sro432_g141660	CAB9510342.1
Sro432_g141670	CAB9510343.1
Sro432_g141680	CAB9510344.1
Sro432_g141690	CAB9510345.1
Sro432_g141700	CAB9510346.1
Sro432_g141710	CAB9510347.1
Sro432_g141720	CAB9510348.1
Sro432_g141730	CAB9510349.1
Sro432_g141740	CAB9510350.1
Sro433_g141750	CAB9510351.1
Sro433_g141760	CAB9510352.1
Sro433_g141770	CAB9510353.1
Sro433_g141780	CAB9510354.1
Sro433_g141790	CAB9510355.1
Sro433_g141800	CAB9510356.1
Sro433_g141810	CAB9510357.1
Sro433_g141820	CAB9510358.1
Sro433_g141830	CAB9510359.1
Sro433_g141840	CAB9510360.1
Sro433_g141850	CAB9510361.1
Sro433_g141860	CAB9510362.1
Sro433_g141870	CAB9510363.1
Sro433_g141880	CAB9510364.1
Sro433_g141890	CAB9510365.1
Sro433_g141900	CAB9510366.1
Sro433_g141910	CAB9510367.1
Sro434_g141920	CAB9510368.1
Sro434_g141930	CAB9510369.1
Sro434_g141940	CAB9510370.1
Sro434_g141950	CAB9510371.1
Sro434_g141960	CAB9510372.1
Sro434_g141970	CAB9510373.1
Sro434_g141980	CAB9510374.1
Sro434_g141990	CAB9510375.1
Sro434_g142000	CAB9510376.1
Sro434_g142010	CAB9510377.1
Sro434_g142020	CAB9510378.1
Sro434_g142030	CAB9510379.1
Sro434_g142040	CAB9510380.1
Sro434_g142050	CAB9510381.1
Sro434_g142060	CAB9510382.1
Sro434_g142070	CAB9510383.1
Sro434_g142080	CAB9510384.1
Sro434_g142090	CAB9510385.1
Sro434_g142100	CAB9510386.1
Sro434_g142101	CAB9510387.1
Sro434_g142110	CAB9510388.1
Sro434_g142120	CAB9510389.1
Sro434_g142130	CAB9510390.1
Sro434_g142140	CAB9510391.1
Sro434_g142150	CAB9510392.1
Sro434_g142160	CAB9510393.1
Sro434_g142170	CAB9510394.1
Sro434_g142180	CAB9510395.1
Sro435_g142190	CAB9510396.1
Sro435_g142200	CAB9510397.1
Sro435_g142210	CAB9510398.1
Sro435_g142220	CAB9510399.1
Sro435_g142230	CAB9510400.1
Sro435_g142240	CAB9510401.1
Sro435_g142250	CAB9510402.1
Sro435_g142260	CAB9510403.1
Sro435_g142270	CAB9510404.1
Sro435_g142271	CAB9510405.1
Sro435_g142280	CAB9510406.1
Sro435_g142290	CAB9510407.1
Sro435_g142300	CAB9510408.1
Sro435_g142310	CAB9510409.1
Sro435_g142320	CAB9510410.1
Sro435_g142330	CAB9510411.1
Sro435_g142340	CAB9510412.1
Sro435_g142350	CAB9510413.1
Sro435_g142360	CAB9510414.1
Sro435_g142370	CAB9510415.1
Sro435_g142380	CAB9510416.1
Sro435_g142390	CAB9510417.1
Sro435_g142400	CAB9510418.1
Sro435_g142410	CAB9510419.1
Sro435_g142420	CAB9510420.1
Sro435_g142430	CAB9510421.1
Sro435_g142440	CAB9510422.1
Sro435_g142450	CAB9510423.1
Sro435_g142460	CAB9510424.1
Sro436_g142470	CAB9510425.1
Sro436_g142480	CAB9510426.1
Sro436_g142490	CAB9510427.1
Sro436_g142500	CAB9510428.1
Sro436_g142510	CAB9510429.1
Sro436_g142520	CAB9510430.1
Sro436_g142530	CAB9510431.1
Sro436_g142540	CAB9510432.1
Sro436_g142550	CAB9510433.1
Sro436_g142560	CAB9510434.1
Sro436_g142570	CAB9510435.1
Sro436_g142580	CAB9510436.1
Sro436_g142590	CAB9510437.1
Sro436_g142600	CAB9510438.1
Sro436_g142610	CAB9510439.1
Sro436_g142620	CAB9510440.1
Sro436_g142630	CAB9510441.1
Sro436_g142640	CAB9510442.1
Sro436_g142650	CAB9510443.1
Sro436_g142660	CAB9510444.1
Sro436_g142670	CAB9510445.1
Sro436_g142680	CAB9510446.1
Sro436_g142690	CAB9510447.1
Sro436_g142700	CAB9510448.1
Sro436_g142710	CAB9510449.1
Sro436_g142720	CAB9510450.1
Sro437_g142730	CAB9510451.1
Sro437_g142740	CAB9510452.1
Sro437_g142750	CAB9510453.1
Sro437_g142760	CAB9510454.1
Sro437_g142770	CAB9510455.1
Sro437_g142780	CAB9510456.1
Sro437_g142790	CAB9510457.1
Sro437_g142800	CAB9510458.1
Sro437_g142810	CAB9510459.1
Sro437_g142820	CAB9510460.1
Sro437_g142830	CAB9510461.1
Sro437_g142840	CAB9510462.1
Sro437_g142850	CAB9510463.1
Sro437_g142860	CAB9510464.1
Sro437_g142870	CAB9510465.1
Sro437_g142880	CAB9510466.1
Sro437_g142890	CAB9510467.1
Sro437_g142900	CAB9510468.1
Sro437_g142910	CAB9510469.1
Sro437_g142920	CAB9510470.1
Sro437_g142930	CAB9510471.1
Sro437_g142940	CAB9510472.1
Sro438_g142950	CAB9510474.1
Sro438_g142951	CAB9510473.1
Sro438_g142960	CAB9510475.1
Sro438_g142970	CAB9510476.1
Sro438_g142980	CAB9510477.1
Sro438_g142990	CAB9510478.1
Sro438_g143000	CAB9510479.1
Sro438_g143010	CAB9510480.1
Sro438_g143020	CAB9510481.1
Sro438_g143030	CAB9510482.1
Sro438_g143040	CAB9510483.1
Sro438_g143050	CAB9510484.1
Sro438_g143060	CAB9510485.1
Sro438_g143070	CAB9510486.1
Sro438_g143080	CAB9510487.1
Sro438_g143090	CAB9510488.1
Sro438_g143100	CAB9510489.1
Sro438_g143101	CAB9510490.1
Sro439_g143110	CAB9510491.1
Sro439_g143120	CAB9510492.1
Sro439_g143130	CAB9510493.1
Sro439_g143140	CAB9510494.1
Sro439_g143150	CAB9510495.1
Sro439_g143160	CAB9510496.1
Sro439_g143170	CAB9510497.1
Sro439_g143180	CAB9510498.1
Sro439_g143190	CAB9510499.1
Sro439_g143200	CAB9510500.1
Sro439_g143210	CAB9510501.1
Sro439_g143220	CAB9510502.1
Sro439_g143230	CAB9510503.1
Sro439_g143240	CAB9510504.1
Sro439_g143250	CAB9510505.1
Sro439_g143260	CAB9510506.1
Sro439_g143270	CAB9510507.1
Sro439_g143280	CAB9510508.1
Sro439_g143290	CAB9510509.1
Sro439_g143300	CAB9510510.1
Sro439_g143310	CAB9510511.1
Sro439_g143320	CAB9510512.1
Sro43_g025870	CAB9498660.1
Sro43_g025880	CAB9498661.1
Sro43_g025890	CAB9498662.1
Sro43_g025900	CAB9498663.1
Sro43_g025910	CAB9498664.1
Sro43_g025920	CAB9498665.1
Sro43_g025930	CAB9498666.1
Sro43_g025940	CAB9498667.1
Sro43_g025950	CAB9498668.1
Sro43_g025960	CAB9498669.1
Sro43_g025970	CAB9498670.1
Sro43_g025980	CAB9498671.1
Sro43_g025990	CAB9498672.1
Sro43_g026000	CAB9498673.1
Sro43_g026010	CAB9498674.1
Sro43_g026020	CAB9498675.1
Sro43_g026030	CAB9498676.1
Sro43_g026040	CAB9498677.1
Sro43_g026050	CAB9498678.1
Sro43_g026060	CAB9498679.1
Sro43_g026070	CAB9498680.1
Sro43_g026080	CAB9498681.1
Sro43_g026090	CAB9498682.1
Sro43_g026100	CAB9498683.1
Sro43_g026110	CAB9498684.1
Sro43_g026120	CAB9498685.1
Sro43_g026130	CAB9498686.1
Sro43_g026140	CAB9498687.1
Sro43_g026150	CAB9498688.1
Sro43_g026160	CAB9498689.1
Sro43_g026170	CAB9498690.1
Sro43_g026180	CAB9498691.1
Sro43_g026190	CAB9498692.1
Sro43_g026200	CAB9498693.1
Sro43_g026210	CAB9498694.1
Sro43_g026220	CAB9498695.1
Sro43_g026230	CAB9498696.1
Sro43_g026240	CAB9498697.1
Sro43_g026250	CAB9498698.1
Sro43_g026260	CAB9498699.1
Sro43_g026270	CAB9498700.1
Sro43_g026280	CAB9498701.1
Sro43_g026290	CAB9498702.1
Sro43_g026300	CAB9498703.1
Sro43_g026310	CAB9498704.1
Sro43_g026320	CAB9498705.1
Sro43_g026330	CAB9498706.1
Sro43_g026340	CAB9498707.1
Sro43_g026350	CAB9498708.1
Sro43_g026360	CAB9498709.1
Sro43_g026361	CAB9498710.1
Sro43_g026370	CAB9498711.1
Sro43_g026371	CAB9498712.1
Sro43_g026380	CAB9498713.1
Sro43_g026390	CAB9498714.1
Sro43_g026400	CAB9498715.1
Sro43_g026410	CAB9498716.1
Sro43_g026420	CAB9498717.1
Sro43_g026430	CAB9498718.1
Sro43_g026440	CAB9498719.1
Sro440_g143330	CAB9510513.1
Sro440_g143340	CAB9510514.1
Sro440_g143350	CAB9510515.1
Sro440_g143360	CAB9510516.1
Sro440_g143370	CAB9510517.1
Sro440_g143380	CAB9510518.1
Sro440_g143390	CAB9510519.1
Sro440_g143400	CAB9510520.1
Sro440_g143410	CAB9510521.1
Sro440_g143420	CAB9510522.1
Sro440_g143430	CAB9510523.1
Sro440_g143440	CAB9510524.1
Sro440_g143450	CAB9510525.1
Sro440_g143460	CAB9510526.1
Sro440_g143470	CAB9510527.1
Sro440_g143480	CAB9510528.1
Sro440_g143490	CAB9510529.1
Sro440_g143500	CAB9510530.1
Sro440_g143510	CAB9510531.1
Sro440_g143520	CAB9510532.1
Sro440_g143530	CAB9510533.1
Sro440_g143540	CAB9510534.1
Sro440_g143550	CAB9510535.1
Sro440_g143560	CAB9510536.1
Sro440_g143570	CAB9510537.1
Sro440_g143580	CAB9510538.1
Sro440_g143590	CAB9510539.1
Sro441_g143600	CAB9510540.1
Sro441_g143610	CAB9510541.1
Sro441_g143620	CAB9510542.1
Sro441_g143630	CAB9510543.1
Sro441_g143640	CAB9510544.1
Sro441_g143650	CAB9510545.1
Sro441_g143660	CAB9510546.1
Sro441_g143670	CAB9510547.1
Sro441_g143680	CAB9510548.1
Sro441_g143690	CAB9510549.1
Sro441_g143700	CAB9510550.1
Sro441_g143710	CAB9510551.1
Sro441_g143720	CAB9510552.1
Sro441_g143730	CAB9510553.1
Sro441_g143740	CAB9510554.1
Sro441_g143750	CAB9510555.1
Sro441_g143760	CAB9510556.1
Sro441_g143770	CAB9510557.1
Sro442_g143780	CAB9510558.1
Sro442_g143790	CAB9510559.1
Sro442_g143800	CAB9510560.1
Sro442_g143810	CAB9510561.1
Sro442_g143811	CAB9510562.1
Sro442_g143820	CAB9510563.1
Sro442_g143830	CAB9510564.1
Sro442_g143840	CAB9510565.1
Sro442_g143850	CAB9510566.1
Sro442_g143860	CAB9510567.1
Sro442_g143870	CAB9510568.1
Sro442_g143880	CAB9510569.1
Sro442_g143890	CAB9510570.1
Sro442_g143900	CAB9510571.1
Sro442_g143910	CAB9510572.1
Sro442_g143920	CAB9510573.1
Sro442_g143930	CAB9510574.1
Sro442_g143940	CAB9510575.1
Sro442_g143950	CAB9510576.1
Sro442_g143960	CAB9510577.1
Sro443_g143970	CAB9510578.1
Sro443_g143980	CAB9510579.1
Sro443_g143990	CAB9510580.1
Sro443_g144000	CAB9510581.1
Sro443_g144010	CAB9510582.1
Sro443_g144020	CAB9510583.1
Sro443_g144030	CAB9510584.1
Sro443_g144040	CAB9510585.1
Sro443_g144050	CAB9510586.1
Sro443_g144060	CAB9510587.1
Sro443_g144070	CAB9510588.1
Sro443_g144080	CAB9510589.1
Sro443_g144090	CAB9510590.1
Sro443_g144100	CAB9510591.1
Sro443_g144110	CAB9510592.1
Sro443_g144120	CAB9510593.1
Sro443_g144130	CAB9510594.1
Sro443_g144140	CAB9510595.1
Sro443_g144150	CAB9510596.1
Sro443_g144160	CAB9510597.1
Sro443_g144170	CAB9510598.1
Sro443_g144180	CAB9510599.1
Sro443_g144190	CAB9510600.1
Sro444_g144200	CAB9510601.1
Sro444_g144220	CAB9510602.1
Sro444_g144230	CAB9510603.1
Sro444_g144240	CAB9510604.1
Sro444_g144250	CAB9510605.1
Sro444_g144260	CAB9510606.1
Sro444_g144270	CAB9510607.1
Sro444_g144280	CAB9510608.1
Sro444_g144290	CAB9510609.1
Sro444_g144291	CAB9510610.1
Sro444_g144300	CAB9510611.1
Sro444_g144310	CAB9510612.1
Sro444_g144320	CAB9510613.1
Sro444_g144330	CAB9510614.1
Sro444_g144340	CAB9510615.1
Sro444_g144350	CAB9510616.1
Sro444_g144360	CAB9510617.1
Sro444_g144370	CAB9510618.1
Sro444_g144380	CAB9510619.1
Sro444_g144390	CAB9510620.1
Sro444_g144400	CAB9510621.1
Sro444_g144410	CAB9510622.1
Sro445_g144420	CAB9510623.1
Sro445_g144430	CAB9510624.1
Sro445_g144440	CAB9510625.1
Sro445_g144450	CAB9510626.1
Sro445_g144460	CAB9510627.1
Sro445_g144470	CAB9510628.1
Sro445_g144480	CAB9510629.1
Sro445_g144490	CAB9510630.1
Sro445_g144500	CAB9510631.1
Sro445_g144510	CAB9510632.1
Sro445_g144520	CAB9510633.1
Sro445_g144530	CAB9510634.1
Sro445_g144540	CAB9510635.1
Sro445_g144550	CAB9510636.1
Sro445_g144560	CAB9510637.1
Sro445_g144570	CAB9510638.1
Sro445_g144580	CAB9510639.1
Sro445_g144590	CAB9510640.1
Sro445_g144600	CAB9510641.1
Sro445_g144610	CAB9510642.1
Sro446_g144620	CAB9510643.1
Sro446_g144630	CAB9510644.1
Sro446_g144640	CAB9510645.1
Sro446_g144641	CAB9510646.1
Sro446_g144650	CAB9510647.1
Sro446_g144660	CAB9510648.1
Sro446_g144670	CAB9510649.1
Sro446_g144680	CAB9510650.1
Sro446_g144681	CAB9510651.1
Sro446_g144690	CAB9510652.1
Sro446_g144700	CAB9510653.1
Sro446_g144710	CAB9510654.1
Sro446_g144720	CAB9510655.1
Sro446_g144730	CAB9510656.1
Sro446_g144740	CAB9510657.1
Sro446_g144750	CAB9510658.1
Sro446_g144760	CAB9510659.1
Sro446_g144770	CAB9510660.1
Sro446_g144780	CAB9510661.1
Sro447_g144790	CAB9510662.1
Sro447_g144800	CAB9510663.1
Sro447_g144810	CAB9510664.1
Sro447_g144820	CAB9510665.1
Sro447_g144830	CAB9510666.1
Sro447_g144840	CAB9510667.1
Sro447_g144850	CAB9510668.1
Sro447_g144860	CAB9510669.1
Sro447_g144870	CAB9510670.1
Sro447_g144880	CAB9510671.1
Sro447_g144890	CAB9510672.1
Sro447_g144900	CAB9510673.1
Sro447_g144910	CAB9510674.1
Sro447_g144920	CAB9510675.1
Sro447_g144930	CAB9510676.1
Sro447_g144940	CAB9510677.1
Sro447_g144950	CAB9510678.1
Sro447_g144960	CAB9510679.1
Sro447_g144970	CAB9510680.1
Sro447_g144980	CAB9510681.1
Sro447_g144990	CAB9510682.1
Sro447_g145000	CAB9510683.1
Sro447_g145010	CAB9510684.1
Sro447_g145020	CAB9510685.1
Sro447_g145030	CAB9510686.1
Sro448_g145040	CAB9510687.1
Sro448_g145050	CAB9510688.1
Sro448_g145060	CAB9510689.1
Sro448_g145070	CAB9510690.1
Sro448_g145080	CAB9510691.1
Sro448_g145090	CAB9510692.1
Sro448_g145100	CAB9510693.1
Sro448_g145110	CAB9510694.1
Sro448_g145120	CAB9510695.1
Sro448_g145130	CAB9510696.1
Sro448_g145131	CAB9510697.1
Sro448_g145140	CAB9510698.1
Sro448_g145150	CAB9510699.1
Sro448_g145160	CAB9510700.1
Sro448_g145170	CAB9510701.1
Sro448_g145180	CAB9510702.1
Sro448_g145190	CAB9510703.1
Sro448_g145200	CAB9510704.1
Sro448_g145210	CAB9510705.1
Sro448_g145220	CAB9510706.1
Sro448_g145230	CAB9510707.1
Sro449_g145240	CAB9510708.1
Sro449_g145250	CAB9510709.1
Sro449_g145260	CAB9510710.1
Sro449_g145270	CAB9510711.1
Sro449_g145280	CAB9510712.1
Sro449_g145290	CAB9510713.1
Sro449_g145300	CAB9510714.1
Sro449_g145310	CAB9510715.1
Sro449_g145311	CAB9510716.1
Sro449_g145320	CAB9510717.1
Sro449_g145330	CAB9510718.1
Sro449_g145340	CAB9510719.1
Sro449_g145350	CAB9510720.1
Sro449_g145360	CAB9510721.1
Sro449_g145370	CAB9510722.1
Sro449_g145380	CAB9510723.1
Sro449_g145390	CAB9510724.1
Sro449_g145400	CAB9510725.1
Sro449_g145410	CAB9510726.1
Sro449_g145420	CAB9510727.1
Sro44_g026450	CAB9498720.1
Sro44_g026451	CAB9498721.1
Sro44_g026460	CAB9498722.1
Sro44_g026470	CAB9498723.1
Sro44_g026480	CAB9498724.1
Sro44_g026490	CAB9498725.1
Sro44_g026500	CAB9498726.1
Sro44_g026510	CAB9498727.1
Sro44_g026520	CAB9498728.1
Sro44_g026530	CAB9498729.1
Sro44_g026540	CAB9498730.1
Sro44_g026550	CAB9498731.1
Sro44_g026551	CAB9498732.1
Sro44_g026560	CAB9498733.1
Sro44_g026570	CAB9498734.1
Sro44_g026580	CAB9498735.1
Sro44_g026590	CAB9498736.1
Sro44_g026600	CAB9498737.1
Sro44_g026610	CAB9498738.1
Sro44_g026620	CAB9498739.1
Sro44_g026630	CAB9498740.1
Sro44_g026640	CAB9498741.1
Sro44_g026650	CAB9498742.1
Sro44_g026660	CAB9498743.1
Sro44_g026670	CAB9498744.1
Sro44_g026680	CAB9498745.1
Sro44_g026690	CAB9498746.1
Sro44_g026700	CAB9498747.1
Sro44_g026710	CAB9498748.1
Sro44_g026720	CAB9498749.1
Sro44_g026730	CAB9498750.1
Sro44_g026740	CAB9498751.1
Sro44_g026750	CAB9498752.1
Sro44_g026760	CAB9498753.1
Sro44_g026770	CAB9498754.1
Sro44_g026780	CAB9498755.1
Sro450_g145430	CAB9510728.1
Sro450_g145440	CAB9510729.1
Sro450_g145450	CAB9510730.1
Sro450_g145460	CAB9510731.1
Sro450_g145470	CAB9510732.1
Sro450_g145480	CAB9510733.1
Sro450_g145490	CAB9510734.1
Sro450_g145500	CAB9510735.1
Sro450_g145510	CAB9510736.1
Sro450_g145520	CAB9510737.1
Sro450_g145530	CAB9510738.1
Sro450_g145540	CAB9510739.1
Sro450_g145550	CAB9510740.1
Sro450_g145560	CAB9510741.1
Sro450_g145570	CAB9510742.1
Sro450_g145580	CAB9510743.1
Sro450_g145590	CAB9510744.1
Sro450_g145600	CAB9510745.1
Sro450_g145610	CAB9510746.1
Sro450_g145620	CAB9510747.1
Sro450_g145630	CAB9510748.1
Sro451_g145640	CAB9510750.1
Sro451_g145650	CAB9510751.1
Sro451_g145660	CAB9510752.1
Sro451_g145670	CAB9510753.1
Sro451_g145680	CAB9510754.1
Sro451_g145690	CAB9510755.1
Sro451_g145700	CAB9510756.1
Sro451_g145710	CAB9510757.1
Sro451_g145720	CAB9510758.1
Sro451_g145730	CAB9510759.1
Sro451_g145740	CAB9510760.1
Sro451_g145750	CAB9510761.1
Sro451_g145760	CAB9510762.1
Sro451_g145770	CAB9510763.1
Sro451_g145780	CAB9510764.1
Sro451_g145790	CAB9510765.1
Sro451_g354171	CAB9510749.1
Sro452_g145800	CAB9510766.1
Sro452_g145810	CAB9510767.1
Sro452_g145820	CAB9510768.1
Sro452_g145830	CAB9510769.1
Sro452_g145840	CAB9510770.1
Sro452_g145850	CAB9510771.1
Sro452_g145860	CAB9510772.1
Sro452_g145870	CAB9510773.1
Sro452_g145880	CAB9510774.1
Sro452_g145890	CAB9510775.1
Sro452_g145900	CAB9510776.1
Sro452_g145910	CAB9510777.1
Sro452_g145920	CAB9510778.1
Sro452_g145930	CAB9510779.1
Sro452_g145940	CAB9510780.1
Sro452_g145950	CAB9510781.1
Sro452_g145960	CAB9510782.1
Sro452_g145970	CAB9510783.1
Sro453_g145980	CAB9510784.1
Sro453_g145990	CAB9510785.1
Sro453_g146000	CAB9510786.1
Sro453_g146010	CAB9510787.1
Sro453_g146020	CAB9510788.1
Sro453_g146030	CAB9510789.1
Sro453_g146040	CAB9510790.1
Sro453_g146050	CAB9510791.1
Sro453_g146060	CAB9510792.1
Sro453_g146070	CAB9510793.1
Sro453_g146080	CAB9510794.1
Sro453_g146090	CAB9510795.1
Sro453_g146100	CAB9510796.1
Sro453_g146110	CAB9510797.1
Sro453_g146120	CAB9510798.1
Sro453_g146130	CAB9510799.1
Sro453_g146140	CAB9510800.1
Sro453_g146150	CAB9510801.1
Sro453_g146160	CAB9510802.1
Sro453_g146170	CAB9510803.1
Sro453_g146180	CAB9510804.1
Sro453_g146190	CAB9510805.1
Sro453_g146200	CAB9510806.1
Sro453_g146210	CAB9510807.1
Sro453_g146220	CAB9510808.1
Sro453_g146230	CAB9510809.1
Sro453_g146240	CAB9510810.1
Sro453_g146250	CAB9510811.1
Sro454_g146260	CAB9510812.1
Sro454_g146270	CAB9510813.1
Sro454_g146280	CAB9510814.1
Sro454_g146281	CAB9510815.1
Sro454_g146290	CAB9510816.1
Sro454_g146300	CAB9510817.1
Sro454_g146310	CAB9510818.1
Sro454_g146320	CAB9510819.1
Sro454_g146330	CAB9510820.1
Sro454_g146340	CAB9510821.1
Sro454_g146350	CAB9510822.1
Sro454_g146360	CAB9510823.1
Sro454_g146370	CAB9510824.1
Sro454_g146380	CAB9510825.1
Sro454_g146390	CAB9510826.1
Sro454_g146400	CAB9510827.1
Sro454_g146410	CAB9510828.1
Sro454_g146420	CAB9510829.1
Sro454_g146430	CAB9510830.1
Sro454_g146440	CAB9510831.1
Sro455_g146450	CAB9510832.1
Sro455_g146460	CAB9510833.1
Sro455_g146470	CAB9510834.1
Sro455_g146480	CAB9510835.1
Sro455_g146490	CAB9510836.1
Sro455_g146500	CAB9510837.1
Sro455_g146510	CAB9510838.1
Sro455_g146520	CAB9510839.1
Sro455_g146530	CAB9510840.1
Sro455_g146540	CAB9510841.1
Sro455_g146550	CAB9510842.1
Sro455_g146560	CAB9510843.1
Sro455_g146570	CAB9510844.1
Sro455_g146580	CAB9510845.1
Sro455_g146590	CAB9510846.1
Sro455_g146600	CAB9510847.1
Sro456_g146610	CAB9510848.1
Sro456_g146620	CAB9510849.1
Sro456_g146630	CAB9510850.1
Sro456_g146640	CAB9510851.1
Sro456_g146650	CAB9510852.1
Sro456_g146660	CAB9510853.1
Sro456_g146670	CAB9510854.1
Sro456_g146680	CAB9510855.1
Sro456_g146690	CAB9510856.1
Sro456_g146700	CAB9510857.1
Sro456_g146710	CAB9510858.1
Sro456_g146720	CAB9510859.1
Sro456_g146730	CAB9510860.1
Sro456_g146740	CAB9510861.1
Sro456_g146750	CAB9510862.1
Sro456_g146760	CAB9510863.1
Sro457_g146770	CAB9510864.1
Sro457_g146780	CAB9510865.1
Sro457_g146790	CAB9510866.1
Sro457_g146800	CAB9510867.1
Sro457_g146810	CAB9510868.1
Sro457_g146820	CAB9510869.1
Sro457_g146830	CAB9510870.1
Sro457_g146831	CAB9510871.1
Sro457_g146840	CAB9510872.1
Sro457_g146850	CAB9510873.1
Sro457_g146860	CAB9510874.1
Sro457_g146870	CAB9510875.1
Sro457_g146880	CAB9510876.1
Sro457_g146890	CAB9510877.1
Sro457_g146900	CAB9510878.1
Sro457_g146910	CAB9510879.1
Sro457_g146920	CAB9510880.1
Sro457_g146930	CAB9510881.1
Sro457_g146940	CAB9510882.1
Sro457_g146950	CAB9510883.1
Sro457_g146960	CAB9510884.1
Sro457_g146970	CAB9510885.1
Sro458_g146980	CAB9510886.1
Sro458_g146990	CAB9510887.1
Sro458_g147000	CAB9510888.1
Sro458_g147010	CAB9510889.1
Sro458_g147030	CAB9510890.1
Sro458_g147040	CAB9510891.1
Sro458_g147050	CAB9510892.1
Sro458_g147060	CAB9510893.1
Sro458_g147070	CAB9510894.1
Sro458_g147080	CAB9510895.1
Sro458_g147090	CAB9510896.1
Sro458_g147100	CAB9510897.1
Sro458_g147110	CAB9510898.1
Sro458_g147120	CAB9510899.1
Sro458_g147130	CAB9510900.1
Sro458_g147140	CAB9510901.1
Sro458_g147150	CAB9510902.1
Sro458_g147160	CAB9510903.1
Sro458_g147170	CAB9510904.1
Sro458_g147180	CAB9510905.1
Sro458_g147190	CAB9510906.1
Sro459_g147200	CAB9510907.1
Sro459_g147210	CAB9510908.1
Sro459_g147220	CAB9510909.1
Sro459_g147230	CAB9510910.1
Sro459_g147240	CAB9510911.1
Sro459_g147250	CAB9510912.1
Sro459_g147260	CAB9510913.1
Sro459_g147270	CAB9510914.1
Sro459_g147280	CAB9510915.1
Sro459_g147290	CAB9510916.1
Sro459_g147300	CAB9510917.1
Sro459_g147310	CAB9510918.1
Sro459_g147320	CAB9510919.1
Sro459_g147330	CAB9510920.1
Sro459_g147340	CAB9510921.1
Sro459_g147350	CAB9510922.1
Sro459_g147360	CAB9510923.1
Sro459_g147370	CAB9510924.1
Sro459_g147380	CAB9510925.1
Sro459_g147390	CAB9510926.1
Sro459_g147400	CAB9510927.1
Sro45_g026790	CAB9498756.1
Sro45_g026800	CAB9498757.1
Sro45_g026810	CAB9498758.1
Sro45_g026820	CAB9498759.1
Sro45_g026830	CAB9498760.1
Sro45_g026840	CAB9498761.1
Sro45_g026850	CAB9498762.1
Sro45_g026860	CAB9498763.1
Sro45_g026870	CAB9498764.1
Sro45_g026871	CAB9498765.1
Sro45_g026880	CAB9498766.1
Sro45_g026890	CAB9498767.1
Sro45_g026900	CAB9498768.1
Sro45_g026910	CAB9498769.1
Sro45_g026920	CAB9498770.1
Sro45_g026930	CAB9498771.1
Sro45_g026931	CAB9498772.1
Sro45_g026940	CAB9498773.1
Sro45_g026950	CAB9498774.1
Sro45_g026960	CAB9498775.1
Sro45_g026970	CAB9498776.1
Sro45_g026980	CAB9498777.1
Sro45_g026990	CAB9498778.1
Sro45_g027000	CAB9498779.1
Sro45_g027010	CAB9498780.1
Sro45_g027020	CAB9498781.1
Sro45_g027030	CAB9498782.1
Sro45_g027040	CAB9498783.1
Sro45_g027050	CAB9498784.1
Sro45_g027060	CAB9498785.1
Sro45_g027070	CAB9498786.1
Sro45_g027080	CAB9498787.1
Sro45_g027090	CAB9498788.1
Sro45_g027100	CAB9498789.1
Sro45_g027110	CAB9498790.1
Sro45_g027120	CAB9498791.1
Sro45_g027130	CAB9498792.1
Sro45_g027140	CAB9498793.1
Sro45_g027150	CAB9498794.1
Sro45_g027160	CAB9498795.1
Sro45_g027170	CAB9498796.1
Sro45_g027180	CAB9498797.1
Sro45_g027190	CAB9498798.1
Sro45_g027200	CAB9498799.1
Sro45_g027210	CAB9498800.1
Sro45_g027220	CAB9498801.1
Sro45_g027230	CAB9498802.1
Sro45_g027240	CAB9498803.1
Sro45_g027250	CAB9498804.1
Sro460_g147410	CAB9510928.1
Sro460_g147420	CAB9510929.1
Sro460_g147430	CAB9510930.1
Sro460_g147440	CAB9510931.1
Sro460_g147450	CAB9510932.1
Sro460_g147460	CAB9510933.1
Sro460_g147470	CAB9510934.1
Sro460_g147480	CAB9510935.1
Sro460_g147490	CAB9510936.1
Sro460_g147500	CAB9510937.1
Sro460_g147510	CAB9510938.1
Sro460_g147520	CAB9510939.1
Sro460_g147530	CAB9510940.1
Sro460_g147531	CAB9510941.1
Sro460_g147540	CAB9510942.1
Sro460_g147550	CAB9510943.1
Sro460_g147560	CAB9510944.1
Sro460_g147570	CAB9510945.1
Sro460_g147580	CAB9510946.1
Sro460_g147590	CAB9510947.1
Sro460_g147600	CAB9510948.1
Sro460_g147610	CAB9510949.1
Sro460_g147620	CAB9510950.1
Sro461_g147630	CAB9510951.1
Sro461_g147640	CAB9510952.1
Sro461_g147650	CAB9510953.1
Sro461_g147660	CAB9510954.1
Sro461_g147670	CAB9510955.1
Sro461_g147671	CAB9510956.1
Sro461_g147680	CAB9510957.1
Sro461_g147690	CAB9510958.1
Sro461_g147700	CAB9510959.1
Sro461_g147710	CAB9510960.1
Sro461_g147720	CAB9510961.1
Sro461_g147730	CAB9510962.1
Sro461_g147740	CAB9510963.1
Sro461_g147750	CAB9510964.1
Sro461_g147760	CAB9510965.1
Sro461_g147770	CAB9510966.1
Sro461_g147780	CAB9510967.1
Sro461_g147790	CAB9510968.1
Sro461_g147800	CAB9510969.1
Sro461_g147810	CAB9510970.1
Sro461_g147820	CAB9510971.1
Sro461_g147830	CAB9510972.1
Sro461_g147840	CAB9510973.1
Sro461_g147850	CAB9510974.1
Sro461_g147860	CAB9510975.1
Sro461_g147870	CAB9510976.1
Sro461_g147880	CAB9510977.1
Sro462_g147890	CAB9510978.1
Sro462_g147910	CAB9510979.1
Sro462_g147920	CAB9510980.1
Sro462_g147930	CAB9510981.1
Sro462_g147940	CAB9510982.1
Sro462_g147950	CAB9510983.1
Sro462_g147960	CAB9510984.1
Sro462_g147970	CAB9510985.1
Sro462_g147980	CAB9510986.1
Sro462_g147990	CAB9510987.1
Sro462_g148000	CAB9510988.1
Sro462_g148010	CAB9510989.1
Sro462_g148020	CAB9510990.1
Sro462_g148030	CAB9510991.1
Sro462_g148040	CAB9510992.1
Sro462_g148050	CAB9510993.1
Sro462_g148060	CAB9510994.1
Sro462_g148070	CAB9510995.1
Sro462_g148080	CAB9510996.1
Sro462_g148090	CAB9510997.1
Sro463_g148100	CAB9510998.1
Sro463_g148110	CAB9510999.1
Sro463_g148120	CAB9511000.1
Sro463_g148130	CAB9511001.1
Sro463_g148140	CAB9511002.1
Sro463_g148150	CAB9511003.1
Sro463_g148160	CAB9511004.1
Sro463_g148170	CAB9511005.1
Sro463_g148180	CAB9511006.1
Sro463_g148190	CAB9511007.1
Sro463_g148200	CAB9511008.1
Sro463_g148210	CAB9511009.1
Sro463_g148220	CAB9511010.1
Sro463_g148230	CAB9511011.1
Sro463_g148240	CAB9511012.1
Sro463_g148250	CAB9511013.1
Sro463_g148260	CAB9511014.1
Sro463_g148270	CAB9511015.1
Sro463_g148280	CAB9511016.1
Sro463_g148290	CAB9511017.1
Sro463_g148300	CAB9511018.1
Sro463_g148310	CAB9511019.1
Sro463_g148320	CAB9511020.1
Sro463_g148330	CAB9511021.1
Sro464_g148340	CAB9511022.1
Sro464_g148350	CAB9511023.1
Sro464_g148360	CAB9511024.1
Sro464_g148370	CAB9511025.1
Sro464_g148380	CAB9511026.1
Sro464_g148390	CAB9511027.1
Sro464_g148400	CAB9511028.1
Sro464_g148410	CAB9511029.1
Sro464_g148420	CAB9511030.1
Sro464_g148430	CAB9511031.1
Sro464_g148440	CAB9511032.1
Sro464_g148450	CAB9511033.1
Sro464_g148460	CAB9511034.1
Sro464_g148470	CAB9511035.1
Sro464_g148480	CAB9511036.1
Sro464_g148490	CAB9511037.1
Sro464_g148500	CAB9511038.1
Sro465_g148510	CAB9511039.1
Sro465_g148520	CAB9511040.1
Sro465_g148530	CAB9511041.1
Sro465_g148540	CAB9511042.1
Sro465_g148550	CAB9511043.1
Sro465_g148560	CAB9511044.1
Sro465_g148570	CAB9511045.1
Sro465_g148580	CAB9511046.1
Sro465_g148590	CAB9511047.1
Sro465_g148600	CAB9511048.1
Sro465_g148610	CAB9511049.1
Sro465_g148620	CAB9511050.1
Sro465_g148630	CAB9511051.1
Sro465_g148640	CAB9511052.1
Sro465_g148650	CAB9511053.1
Sro465_g148660	CAB9511054.1
Sro465_g148661	CAB9511055.1
Sro465_g148670	CAB9511056.1
Sro465_g148680	CAB9511057.1
Sro465_g148690	CAB9511058.1
Sro465_g148700	CAB9511059.1
Sro466_g148710	CAB9511060.1
Sro466_g148720	CAB9511061.1
Sro466_g148730	CAB9511062.1
Sro466_g148740	CAB9511063.1
Sro466_g148750	CAB9511064.1
Sro466_g148760	CAB9511065.1
Sro466_g148770	CAB9511066.1
Sro466_g148780	CAB9511067.1
Sro466_g148781	CAB9511068.1
Sro466_g148790	CAB9511069.1
Sro466_g148800	CAB9511070.1
Sro466_g148810	CAB9511071.1
Sro466_g148820	CAB9511072.1
Sro466_g148830	CAB9511073.1
Sro466_g148840	CAB9511074.1
Sro466_g148850	CAB9511075.1
Sro466_g148860	CAB9511076.1
Sro466_g148870	CAB9511077.1
Sro466_g148880	CAB9511078.1
Sro466_g148890	CAB9511079.1
Sro467_g148900	CAB9511080.1
Sro467_g148910	CAB9511081.1
Sro467_g148920	CAB9511082.1
Sro467_g148930	CAB9511083.1
Sro467_g148940	CAB9511084.1
Sro467_g148950	CAB9511085.1
Sro467_g148960	CAB9511086.1
Sro467_g148970	CAB9511087.1
Sro467_g148980	CAB9511088.1
Sro467_g148990	CAB9511089.1
Sro467_g149000	CAB9511090.1
Sro467_g149001	CAB9511091.1
Sro467_g149010	CAB9511092.1
Sro467_g149020	CAB9511093.1
Sro468_g149030	CAB9511094.1
Sro468_g149040	CAB9511095.1
Sro468_g149050	CAB9511096.1
Sro468_g149060	CAB9511097.1
Sro468_g149070	CAB9511098.1
Sro468_g149080	CAB9511099.1
Sro468_g149090	CAB9511100.1
Sro468_g149100	CAB9511101.1
Sro468_g149110	CAB9511102.1
Sro468_g149120	CAB9511103.1
Sro468_g149130	CAB9511104.1
Sro468_g149140	CAB9511105.1
Sro468_g149150	CAB9511106.1
Sro468_g149160	CAB9511107.1
Sro468_g149170	CAB9511108.1
Sro468_g149180	CAB9511109.1
Sro468_g149190	CAB9511110.1
Sro468_g149200	CAB9511111.1
Sro468_g149210	CAB9511112.1
Sro468_g149220	CAB9511113.1
Sro468_g149230	CAB9511114.1
Sro468_g149240	CAB9511115.1
Sro468_g149250	CAB9511116.1
Sro469_g149260	CAB9511117.1
Sro469_g149270	CAB9511118.1
Sro469_g149280	CAB9511119.1
Sro469_g149290	CAB9511120.1
Sro469_g149300	CAB9511121.1
Sro469_g149310	CAB9511122.1
Sro469_g149320	CAB9511123.1
Sro469_g149330	CAB9511124.1
Sro469_g149340	CAB9511125.1
Sro469_g149350	CAB9511126.1
Sro469_g149360	CAB9511127.1
Sro469_g149370	CAB9511128.1
Sro469_g149380	CAB9511129.1
Sro469_g149390	CAB9511130.1
Sro46_g027260	CAB9498805.1
Sro46_g027270	CAB9498806.1
Sro46_g027280	CAB9498807.1
Sro46_g027290	CAB9498808.1
Sro46_g027300	CAB9498809.1
Sro46_g027310	CAB9498810.1
Sro46_g027320	CAB9498811.1
Sro46_g027330	CAB9498812.1
Sro46_g027350	CAB9498813.1
Sro46_g027360	CAB9498814.1
Sro46_g027370	CAB9498815.1
Sro46_g027380	CAB9498816.1
Sro46_g027390	CAB9498817.1
Sro46_g027400	CAB9498818.1
Sro46_g027410	CAB9498819.1
Sro46_g027420	CAB9498820.1
Sro46_g027430	CAB9498821.1
Sro46_g027440	CAB9498822.1
Sro46_g027450	CAB9498823.1
Sro46_g027460	CAB9498824.1
Sro46_g027470	CAB9498825.1
Sro46_g027480	CAB9498826.1
Sro46_g027490	CAB9498827.1
Sro46_g027500	CAB9498828.1
Sro46_g027510	CAB9498829.1
Sro46_g027520	CAB9498830.1
Sro46_g027530	CAB9498831.1
Sro46_g027540	CAB9498832.1
Sro46_g027550	CAB9498833.1
Sro46_g027560	CAB9498834.1
Sro46_g027570	CAB9498835.1
Sro46_g027580	CAB9498836.1
Sro46_g027590	CAB9498837.1
Sro46_g027591	CAB9498838.1
Sro46_g027600	CAB9498839.1
Sro470_g028031	CAB9511131.1
Sro470_g149400	CAB9511132.1
Sro470_g149410	CAB9511133.1
Sro470_g149420	CAB9511134.1
Sro470_g149430	CAB9511135.1
Sro470_g149440	CAB9511136.1
Sro470_g149450	CAB9511137.1
Sro470_g149460	CAB9511138.1
Sro470_g149470	CAB9511139.1
Sro470_g149480	CAB9511140.1
Sro470_g149490	CAB9511141.1
Sro470_g149500	CAB9511142.1
Sro470_g149510	CAB9511143.1
Sro470_g149520	CAB9511144.1
Sro470_g149530	CAB9511145.1
Sro470_g149540	CAB9511146.1
Sro470_g149550	CAB9511147.1
Sro470_g149560	CAB9511148.1
Sro470_g149570	CAB9511149.1
Sro470_g149580	CAB9511150.1
Sro470_g149590	CAB9511151.1
Sro470_g149600	CAB9511152.1
Sro471_g149610	CAB9511153.1
Sro471_g149620	CAB9511154.1
Sro471_g149630	CAB9511155.1
Sro471_g149640	CAB9511156.1
Sro471_g149650	CAB9511157.1
Sro471_g149660	CAB9511158.1
Sro471_g149670	CAB9511159.1
Sro471_g149680	CAB9511160.1
Sro471_g149690	CAB9511161.1
Sro471_g149700	CAB9511162.1
Sro471_g149710	CAB9511163.1
Sro471_g149720	CAB9511164.1
Sro471_g149730	CAB9511165.1
Sro471_g149740	CAB9511166.1
Sro471_g149750	CAB9511167.1
Sro471_g149760	CAB9511168.1
Sro471_g149770	CAB9511169.1
Sro471_g149780	CAB9511170.1
Sro471_g149790	CAB9511171.1
Sro471_g149800	CAB9511172.1
Sro471_g149810	CAB9511173.1
Sro472_g149820	CAB9511174.1
Sro472_g149830	CAB9511175.1
Sro472_g149840	CAB9511176.1
Sro472_g149850	CAB9511177.1
Sro472_g149860	CAB9511178.1
Sro472_g149870	CAB9511179.1
Sro472_g149880	CAB9511180.1
Sro472_g149890	CAB9511181.1
Sro472_g149900	CAB9511182.1
Sro472_g149910	CAB9511183.1
Sro472_g149920	CAB9511184.1
Sro472_g149930	CAB9511185.1
Sro472_g149940	CAB9511186.1
Sro472_g149950	CAB9511187.1
Sro472_g149960	CAB9511188.1
Sro472_g149970	CAB9511189.1
Sro472_g149980	CAB9511190.1
Sro472_g149990	CAB9511191.1
Sro472_g150000	CAB9511192.1
Sro472_g150010	CAB9511193.1
Sro472_g150020	CAB9511194.1
Sro472_g150030	CAB9511195.1
Sro472_g150040	CAB9511196.1
Sro472_g150041	CAB9511197.1
Sro473_g150050	CAB9511198.1
Sro473_g150060	CAB9511199.1
Sro473_g150070	CAB9511200.1
Sro473_g150080	CAB9511201.1
Sro473_g150090	CAB9511202.1
Sro473_g150100	CAB9511203.1
Sro473_g150110	CAB9511204.1
Sro473_g150120	CAB9511205.1
Sro473_g150130	CAB9511206.1
Sro473_g150140	CAB9511207.1
Sro473_g150150	CAB9511208.1
Sro474_g150160	CAB9511209.1
Sro474_g150170	CAB9511211.1
Sro474_g150171	CAB9511210.1
Sro474_g150180	CAB9511212.1
Sro474_g150190	CAB9511213.1
Sro474_g150200	CAB9511214.1
Sro474_g150210	CAB9511215.1
Sro474_g150220	CAB9511216.1
Sro474_g150230	CAB9511217.1
Sro474_g150240	CAB9511218.1
Sro474_g150250	CAB9511219.1
Sro474_g150260	CAB9511220.1
Sro474_g150270	CAB9511221.1
Sro474_g150280	CAB9511222.1
Sro474_g150290	CAB9511223.1
Sro474_g150300	CAB9511224.1
Sro475_g150310	CAB9511225.1
Sro475_g150320	CAB9511226.1
Sro475_g150330	CAB9511227.1
Sro475_g150340	CAB9511228.1
Sro475_g150350	CAB9511229.1
Sro475_g150360	CAB9511230.1
Sro475_g150370	CAB9511231.1
Sro475_g150380	CAB9511232.1
Sro475_g150390	CAB9511233.1
Sro475_g150400	CAB9511234.1
Sro475_g150410	CAB9511235.1
Sro475_g150420	CAB9511236.1
Sro475_g150430	CAB9511237.1
Sro475_g150440	CAB9511238.1
Sro475_g150441	CAB9511239.1
Sro475_g150450	CAB9511240.1
Sro475_g150460	CAB9511241.1
Sro475_g150470	CAB9511242.1
Sro475_g150480	CAB9511243.1
Sro475_g150490	CAB9511244.1
Sro475_g150500	CAB9511245.1
Sro476_g150510	CAB9511246.1
Sro476_g150511	CAB9511247.1
Sro476_g150520	CAB9511248.1
Sro476_g150530	CAB9511249.1
Sro476_g150540	CAB9511250.1
Sro476_g150550	CAB9511251.1
Sro476_g150560	CAB9511252.1
Sro476_g150570	CAB9511253.1
Sro476_g150580	CAB9511254.1
Sro476_g150590	CAB9511255.1
Sro476_g150600	CAB9511256.1
Sro476_g150610	CAB9511257.1
Sro476_g150620	CAB9511258.1
Sro476_g150630	CAB9511259.1
Sro476_g150640	CAB9511260.1
Sro476_g150650	CAB9511261.1
Sro477_g150660	CAB9511262.1
Sro477_g150670	CAB9511263.1
Sro477_g150671	CAB9511264.1
Sro477_g150680	CAB9511265.1
Sro477_g150690	CAB9511266.1
Sro477_g150700	CAB9511267.1
Sro477_g150710	CAB9511268.1
Sro477_g150720	CAB9511269.1
Sro477_g150730	CAB9511270.1
Sro477_g150740	CAB9511271.1
Sro477_g150750	CAB9511272.1
Sro477_g150760	CAB9511273.1
Sro477_g150770	CAB9511274.1
Sro477_g150780	CAB9511275.1
Sro477_g150790	CAB9511276.1
Sro477_g150800	CAB9511277.1
Sro477_g150810	CAB9511278.1
Sro477_g150820	CAB9511279.1
Sro477_g150830	CAB9511280.1
Sro477_g150840	CAB9511281.1
Sro477_g150850	CAB9511282.1
Sro477_g150860	CAB9511283.1
Sro477_g150870	CAB9511284.1
Sro477_g150880	CAB9511285.1
Sro477_g150890	CAB9511286.1
Sro477_g150900	CAB9511287.1
Sro478_g150910	CAB9511288.1
Sro478_g150920	CAB9511289.1
Sro478_g150930	CAB9511290.1
Sro478_g150940	CAB9511291.1
Sro478_g150950	CAB9511292.1
Sro478_g150960	CAB9511293.1
Sro478_g150970	CAB9511294.1
Sro478_g150980	CAB9511295.1
Sro478_g150990	CAB9511296.1
Sro478_g151000	CAB9511297.1
Sro478_g151010	CAB9511298.1
Sro478_g151020	CAB9511299.1
Sro478_g151030	CAB9511300.1
Sro478_g151040	CAB9511301.1
Sro478_g151041	CAB9511302.1
Sro478_g151050	CAB9511303.1
Sro478_g151060	CAB9511304.1
Sro478_g151070	CAB9511305.1
Sro478_g151080	CAB9511306.1
Sro478_g151090	CAB9511307.1
Sro478_g151100	CAB9511308.1
Sro479_g151110	CAB9511309.1
Sro479_g151120	CAB9511310.1
Sro479_g151130	CAB9511311.1
Sro479_g151140	CAB9511312.1
Sro479_g151150	CAB9511313.1
Sro479_g151160	CAB9511314.1
Sro479_g151170	CAB9511315.1
Sro479_g151180	CAB9511316.1
Sro479_g151190	CAB9511317.1
Sro479_g151200	CAB9511318.1
Sro479_g151210	CAB9511319.1
Sro479_g151220	CAB9511320.1
Sro479_g151230	CAB9511321.1
Sro479_g151231	CAB9511322.1
Sro479_g151240	CAB9511323.1
Sro479_g151250	CAB9511324.1
Sro479_g151251	CAB9511325.1
Sro479_g151260	CAB9511326.1
Sro47_g027610	CAB9498840.1
Sro47_g027620	CAB9498841.1
Sro47_g027630	CAB9498842.1
Sro47_g027640	CAB9498843.1
Sro47_g027650	CAB9498844.1
Sro47_g027660	CAB9498845.1
Sro47_g027670	CAB9498846.1
Sro47_g027680	CAB9498847.1
Sro47_g027690	CAB9498848.1
Sro47_g027700	CAB9498849.1
Sro47_g027710	CAB9498850.1
Sro47_g027720	CAB9498851.1
Sro47_g027730	CAB9498852.1
Sro47_g027740	CAB9498853.1
Sro47_g027750	CAB9498854.1
Sro47_g027760	CAB9498855.1
Sro47_g027770	CAB9498856.1
Sro47_g027780	CAB9498857.1
Sro47_g027790	CAB9498858.1
Sro47_g027800	CAB9498859.1
Sro47_g027810	CAB9498860.1
Sro47_g027811	CAB9498861.1
Sro47_g027820	CAB9498862.1
Sro47_g027830	CAB9498863.1
Sro47_g027840	CAB9498864.1
Sro47_g027850	CAB9498865.1
Sro47_g027860	CAB9498866.1
Sro47_g027870	CAB9498867.1
Sro47_g027880	CAB9498868.1
Sro47_g027890	CAB9498869.1
Sro47_g027900	CAB9498870.1
Sro47_g027910	CAB9498871.1
Sro47_g027920	CAB9498872.1
Sro47_g027930	CAB9498873.1
Sro47_g027940	CAB9498874.1
Sro47_g027950	CAB9498875.1
Sro47_g027960	CAB9498876.1
Sro47_g027970	CAB9498877.1
Sro47_g027980	CAB9498878.1
Sro47_g027990	CAB9498879.1
Sro47_g028000	CAB9498880.1
Sro47_g028010	CAB9498881.1
Sro47_g028020	CAB9498882.1
Sro47_g028030	CAB9498883.1
Sro480_g151270	CAB9511327.1
Sro480_g151280	CAB9511328.1
Sro480_g151290	CAB9511329.1
Sro480_g151300	CAB9511330.1
Sro480_g151310	CAB9511331.1
Sro480_g151320	CAB9511332.1
Sro480_g151330	CAB9511333.1
Sro480_g151340	CAB9511334.1
Sro480_g151350	CAB9511335.1
Sro480_g151360	CAB9511336.1
Sro480_g151370	CAB9511337.1
Sro480_g151380	CAB9511338.1
Sro480_g151390	CAB9511339.1
Sro480_g151400	CAB9511340.1
Sro480_g151410	CAB9511341.1
Sro480_g151420	CAB9511342.1
Sro480_g151430	CAB9511343.1
Sro480_g151440	CAB9511344.1
Sro480_g151450	CAB9511345.1
Sro480_g151460	CAB9511346.1
Sro481_g151480	CAB9511347.1
Sro481_g151490	CAB9511348.1
Sro481_g151500	CAB9511349.1
Sro481_g151510	CAB9511350.1
Sro481_g151520	CAB9511351.1
Sro481_g151530	CAB9511352.1
Sro481_g151540	CAB9511353.1
Sro481_g151550	CAB9511354.1
Sro481_g151560	CAB9511355.1
Sro481_g151570	CAB9511356.1
Sro481_g151580	CAB9511357.1
Sro481_g151590	CAB9511358.1
Sro481_g151600	CAB9511359.1
Sro481_g151610	CAB9511360.1
Sro481_g151620	CAB9511361.1
Sro481_g151630	CAB9511362.1
Sro481_g151640	CAB9511363.1
Sro481_g151650	CAB9511364.1
Sro481_g151660	CAB9511365.1
Sro481_g151670	CAB9511366.1
Sro481_g151680	CAB9511367.1
Sro481_g151690	CAB9511368.1
Sro481_g151700	CAB9511369.1
Sro481_g151701	CAB9511370.1
Sro482_g151710	CAB9511371.1
Sro482_g151720	CAB9511372.1
Sro482_g151730	CAB9511373.1
Sro482_g151740	CAB9511374.1
Sro482_g151750	CAB9511375.1
Sro482_g151760	CAB9511376.1
Sro482_g151770	CAB9511377.1
Sro482_g151780	CAB9511378.1
Sro482_g151790	CAB9511379.1
Sro482_g151800	CAB9511380.1
Sro482_g151810	CAB9511381.1
Sro482_g151820	CAB9511382.1
Sro482_g151830	CAB9511383.1
Sro482_g151840	CAB9511384.1
Sro482_g151850	CAB9511385.1
Sro482_g151860	CAB9511386.1
Sro482_g151870	CAB9511387.1
Sro482_g151880	CAB9511388.1
Sro482_g151890	CAB9511389.1
Sro482_g151900	CAB9511390.1
Sro482_g151910	CAB9511391.1
Sro482_g151920	CAB9511392.1
Sro482_g151930	CAB9511393.1
Sro482_g151940	CAB9511394.1
Sro483_g151950	CAB9511395.1
Sro483_g151960	CAB9511396.1
Sro483_g151970	CAB9511397.1
Sro483_g151980	CAB9511398.1
Sro483_g151990	CAB9511399.1
Sro483_g152000	CAB9511400.1
Sro483_g152010	CAB9511401.1
Sro483_g152020	CAB9511402.1
Sro483_g152030	CAB9511403.1
Sro483_g152040	CAB9511404.1
Sro483_g152050	CAB9511405.1
Sro483_g152060	CAB9511406.1
Sro483_g152070	CAB9511407.1
Sro483_g152080	CAB9511408.1
Sro483_g152090	CAB9511409.1
Sro483_g152100	CAB9511410.1
Sro483_g152110	CAB9511411.1
Sro483_g152120	CAB9511412.1
Sro483_g152130	CAB9511413.1
Sro483_g152140	CAB9511414.1
Sro483_g152150	CAB9511415.1
Sro483_g152160	CAB9511416.1
Sro483_g152170	CAB9511417.1
Sro484_g152180	CAB9511418.1
Sro484_g152190	CAB9511419.1
Sro484_g152200	CAB9511420.1
Sro484_g152210	CAB9511421.1
Sro484_g152220	CAB9511422.1
Sro484_g152230	CAB9511423.1
Sro484_g152240	CAB9511424.1
Sro484_g152250	CAB9511425.1
Sro484_g152260	CAB9511426.1
Sro484_g152270	CAB9511427.1
Sro484_g152280	CAB9511428.1
Sro484_g152281	CAB9511429.1
Sro484_g152290	CAB9511430.1
Sro484_g152300	CAB9511431.1
Sro484_g152310	CAB9511432.1
Sro484_g152320	CAB9511433.1
Sro484_g152330	CAB9511434.1
Sro484_g152340	CAB9511435.1
Sro485_g152350	CAB9511436.1
Sro485_g152360	CAB9511437.1
Sro485_g152370	CAB9511438.1
Sro485_g152380	CAB9511439.1
Sro485_g152390	CAB9511440.1
Sro485_g152400	CAB9511441.1
Sro485_g152410	CAB9511442.1
Sro485_g152420	CAB9511443.1
Sro485_g152430	CAB9511444.1
Sro485_g152440	CAB9511445.1
Sro485_g152450	CAB9511446.1
Sro485_g152460	CAB9511447.1
Sro485_g152470	CAB9511448.1
Sro485_g152480	CAB9511449.1
Sro485_g152490	CAB9511450.1
Sro485_g152500	CAB9511451.1
Sro486_g152510	CAB9511452.1
Sro486_g152520	CAB9511453.1
Sro486_g152530	CAB9511454.1
Sro486_g152540	CAB9511455.1
Sro486_g152550	CAB9511456.1
Sro486_g152560	CAB9511457.1
Sro486_g152570	CAB9511458.1
Sro486_g152580	CAB9511459.1
Sro486_g152590	CAB9511460.1
Sro486_g152600	CAB9511461.1
Sro486_g152610	CAB9511462.1
Sro486_g152620	CAB9511463.1
Sro486_g152630	CAB9511464.1
Sro486_g152640	CAB9511465.1
Sro486_g152650	CAB9511466.1
Sro486_g152660	CAB9511467.1
Sro486_g152670	CAB9511468.1
Sro486_g152680	CAB9511469.1
Sro486_g152690	CAB9511470.1
Sro486_g152700	CAB9511471.1
Sro486_g152710	CAB9511472.1
Sro486_g152720	CAB9511473.1
Sro487_g152730	CAB9511474.1
Sro487_g152740	CAB9511475.1
Sro487_g152750	CAB9511476.1
Sro487_g152760	CAB9511477.1
Sro487_g152770	CAB9511478.1
Sro487_g152780	CAB9511479.1
Sro487_g152790	CAB9511480.1
Sro487_g152800	CAB9511481.1
Sro487_g152810	CAB9511482.1
Sro487_g152820	CAB9511483.1
Sro487_g152830	CAB9511484.1
Sro487_g152840	CAB9511485.1
Sro487_g152850	CAB9511486.1
Sro487_g152860	CAB9511487.1
Sro487_g152870	CAB9511488.1
Sro487_g152880	CAB9511489.1
Sro487_g152890	CAB9511490.1
Sro487_g152900	CAB9511491.1
Sro487_g152910	CAB9511492.1
Sro487_g152920	CAB9511493.1
Sro487_g152930	CAB9511494.1
Sro487_g152940	CAB9511495.1
Sro487_g152950	CAB9511496.1
Sro487_g152960	CAB9511497.1
Sro487_g152970	CAB9511498.1
Sro488_g152980	CAB9511499.1
Sro488_g152990	CAB9511500.1
Sro488_g153000	CAB9511501.1
Sro488_g153010	CAB9511502.1
Sro488_g153020	CAB9511503.1
Sro488_g153030	CAB9511504.1
Sro488_g153040	CAB9511505.1
Sro488_g153050	CAB9511506.1
Sro488_g153060	CAB9511507.1
Sro488_g153070	CAB9511508.1
Sro488_g153080	CAB9511509.1
Sro488_g153090	CAB9511510.1
Sro488_g153100	CAB9511511.1
Sro488_g153110	CAB9511512.1
Sro488_g153120	CAB9511513.1
Sro488_g153130	CAB9511514.1
Sro488_g153140	CAB9511515.1
Sro488_g153150	CAB9511516.1
Sro488_g153160	CAB9511517.1
Sro488_g153170	CAB9511518.1
Sro488_g153180	CAB9511519.1
Sro488_g153190	CAB9511520.1
Sro489_g153200	CAB9511521.1
Sro489_g153210	CAB9511522.1
Sro489_g153220	CAB9511523.1
Sro489_g153230	CAB9511524.1
Sro489_g153240	CAB9511525.1
Sro489_g153250	CAB9511526.1
Sro489_g153260	CAB9511527.1
Sro489_g153270	CAB9511528.1
Sro489_g153280	CAB9511529.1
Sro489_g153290	CAB9511530.1
Sro489_g153300	CAB9511531.1
Sro489_g153310	CAB9511532.1
Sro489_g153320	CAB9511533.1
Sro489_g153330	CAB9511534.1
Sro489_g153340	CAB9511535.1
Sro489_g153350	CAB9511536.1
Sro489_g153360	CAB9511537.1
Sro489_g153370	CAB9511538.1
Sro489_g153380	CAB9511539.1
Sro489_g153390	CAB9511540.1
Sro489_g153400	CAB9511541.1
Sro48_g028040	CAB9498884.1
Sro48_g028050	CAB9498885.1
Sro48_g028060	CAB9498886.1
Sro48_g028070	CAB9498887.1
Sro48_g028080	CAB9498888.1
Sro48_g028090	CAB9498889.1
Sro48_g028100	CAB9498890.1
Sro48_g028110	CAB9498891.1
Sro48_g028120	CAB9498892.1
Sro48_g028121	CAB9498893.1
Sro48_g028130	CAB9498894.1
Sro48_g028150	CAB9498895.1
Sro48_g028160	CAB9498896.1
Sro48_g028170	CAB9498897.1
Sro48_g028180	CAB9498898.1
Sro48_g028190	CAB9498899.1
Sro48_g028200	CAB9498900.1
Sro48_g028210	CAB9498901.1
Sro48_g028220	CAB9498902.1
Sro48_g028230	CAB9498903.1
Sro48_g028240	CAB9498904.1
Sro48_g028250	CAB9498905.1
Sro48_g028260	CAB9498906.1
Sro48_g028270	CAB9498907.1
Sro48_g028280	CAB9498908.1
Sro48_g028290	CAB9498909.1
Sro48_g028300	CAB9498910.1
Sro48_g028310	CAB9498911.1
Sro48_g028320	CAB9498912.1
Sro48_g028330	CAB9498913.1
Sro48_g028340	CAB9498914.1
Sro48_g028350	CAB9498915.1
Sro48_g028360	CAB9498916.1
Sro48_g028370	CAB9498917.1
Sro48_g028380	CAB9498918.1
Sro48_g028390	CAB9498919.1
Sro48_g028400	CAB9498920.1
Sro48_g028410	CAB9498921.1
Sro48_g028420	CAB9498922.1
Sro48_g028430	CAB9498923.1
Sro48_g028440	CAB9498924.1
Sro490_g153410	CAB9511542.1
Sro490_g153420	CAB9511543.1
Sro490_g153430	CAB9511544.1
Sro490_g153440	CAB9511545.1
Sro490_g153450	CAB9511546.1
Sro490_g153460	CAB9511547.1
Sro490_g153470	CAB9511548.1
Sro490_g153480	CAB9511549.1
Sro490_g153490	CAB9511550.1
Sro490_g153500	CAB9511551.1
Sro490_g153510	CAB9511552.1
Sro490_g153520	CAB9511553.1
Sro490_g153530	CAB9511554.1
Sro490_g153540	CAB9511555.1
Sro490_g153550	CAB9511556.1
Sro490_g153560	CAB9511557.1
Sro490_g153570	CAB9511558.1
Sro490_g153580	CAB9511559.1
Sro490_g153590	CAB9511560.1
Sro490_g153600	CAB9511561.1
Sro490_g153610	CAB9511562.1
Sro491_g153620	CAB9511563.1
Sro491_g153630	CAB9511564.1
Sro491_g153640	CAB9511565.1
Sro491_g153650	CAB9511566.1
Sro491_g153651	CAB9511567.1
Sro491_g153660	CAB9511568.1
Sro491_g153670	CAB9511569.1
Sro491_g153680	CAB9511570.1
Sro491_g153681	CAB9511571.1
Sro491_g153682	CAB9511572.1
Sro491_g153690	CAB9511573.1
Sro491_g153700	CAB9511574.1
Sro491_g153710	CAB9511575.1
Sro491_g153720	CAB9511576.1
Sro492_g153730	CAB9511577.1
Sro492_g153740	CAB9511578.1
Sro492_g153750	CAB9511579.1
Sro492_g153760	CAB9511580.1
Sro492_g153770	CAB9511581.1
Sro492_g153780	CAB9511582.1
Sro492_g153790	CAB9511583.1
Sro492_g153800	CAB9511584.1
Sro492_g153810	CAB9511585.1
Sro492_g153820	CAB9511586.1
Sro492_g153830	CAB9511587.1
Sro492_g153840	CAB9511588.1
Sro492_g153850	CAB9511589.1
Sro492_g153860	CAB9511590.1
Sro492_g153870	CAB9511591.1
Sro492_g153880	CAB9511592.1
Sro492_g153890	CAB9511593.1
Sro492_g153900	CAB9511594.1
Sro492_g153910	CAB9511595.1
Sro492_g153920	CAB9511596.1
Sro492_g153930	CAB9511597.1
Sro492_g153940	CAB9511598.1
Sro492_g153950	CAB9511599.1
Sro492_g153960	CAB9511600.1
Sro492_g153970	CAB9511601.1
Sro492_g153980	CAB9511602.1
Sro493_g153990	CAB9511603.1
Sro493_g154000	CAB9511604.1
Sro493_g154010	CAB9511605.1
Sro493_g154020	CAB9511606.1
Sro493_g154030	CAB9511607.1
Sro493_g154040	CAB9511608.1
Sro493_g154050	CAB9511609.1
Sro493_g154060	CAB9511610.1
Sro493_g154070	CAB9511611.1
Sro493_g154080	CAB9511612.1
Sro493_g154090	CAB9511613.1
Sro493_g154100	CAB9511614.1
Sro493_g154110	CAB9511615.1
Sro493_g154120	CAB9511616.1
Sro493_g154130	CAB9511617.1
Sro493_g154140	CAB9511618.1
Sro493_g154150	CAB9511619.1
Sro493_g154160	CAB9511620.1
Sro493_g154170	CAB9511621.1
Sro493_g154180	CAB9511622.1
Sro493_g154190	CAB9511623.1
Sro493_g154200	CAB9511624.1
Sro493_g154210	CAB9511625.1
Sro494_g154220	CAB9511626.1
Sro494_g154230	CAB9511627.1
Sro494_g154240	CAB9511628.1
Sro494_g154250	CAB9511629.1
Sro494_g154260	CAB9511630.1
Sro494_g154270	CAB9511631.1
Sro494_g154280	CAB9511632.1
Sro494_g154290	CAB9511633.1
Sro494_g154300	CAB9511634.1
Sro494_g154310	CAB9511635.1
Sro494_g154320	CAB9511636.1
Sro494_g154330	CAB9511637.1
Sro494_g154340	CAB9511638.1
Sro494_g154350	CAB9511639.1
Sro494_g154360	CAB9511640.1
Sro494_g154370	CAB9511641.1
Sro495_g154380	CAB9511642.1
Sro495_g154390	CAB9511643.1
Sro495_g154400	CAB9511644.1
Sro495_g154410	CAB9511645.1
Sro495_g154420	CAB9511646.1
Sro495_g154430	CAB9511647.1
Sro495_g154440	CAB9511648.1
Sro495_g154450	CAB9511649.1
Sro495_g154460	CAB9511650.1
Sro495_g154470	CAB9511651.1
Sro495_g154480	CAB9511652.1
Sro495_g154490	CAB9511653.1
Sro495_g154500	CAB9511654.1
Sro495_g154510	CAB9511655.1
Sro495_g154520	CAB9511656.1
Sro495_g154530	CAB9511657.1
Sro495_g154540	CAB9511658.1
Sro495_g154550	CAB9511659.1
Sro495_g154560	CAB9511660.1
Sro496_g154570	CAB9511661.1
Sro496_g154580	CAB9511662.1
Sro496_g154590	CAB9511663.1
Sro496_g154600	CAB9511664.1
Sro496_g154610	CAB9511665.1
Sro496_g154620	CAB9511666.1
Sro496_g154630	CAB9511667.1
Sro496_g154631	CAB9511668.1
Sro496_g154640	CAB9511669.1
Sro496_g154650	CAB9511670.1
Sro496_g154660	CAB9511671.1
Sro496_g154670	CAB9511672.1
Sro497_g154680	CAB9511673.1
Sro497_g154690	CAB9511674.1
Sro497_g154700	CAB9511675.1
Sro497_g154710	CAB9511676.1
Sro497_g154720	CAB9511677.1
Sro497_g154730	CAB9511678.1
Sro497_g154740	CAB9511679.1
Sro497_g154750	CAB9511680.1
Sro497_g154760	CAB9511681.1
Sro497_g154770	CAB9511682.1
Sro497_g154780	CAB9511683.1
Sro497_g154790	CAB9511684.1
Sro497_g154800	CAB9511685.1
Sro497_g154810	CAB9511686.1
Sro497_g154820	CAB9511687.1
Sro497_g154840	CAB9511688.1
Sro497_g154850	CAB9511689.1
Sro497_g154860	CAB9511690.1
Sro497_g154861	CAB9511691.1
Sro498_g154870	CAB9511692.1
Sro498_g154880	CAB9511693.1
Sro498_g154890	CAB9511694.1
Sro498_g154900	CAB9511695.1
Sro498_g154910	CAB9511696.1
Sro498_g154920	CAB9511697.1
Sro498_g154930	CAB9511698.1
Sro498_g154940	CAB9511699.1
Sro498_g154950	CAB9511700.1
Sro498_g154960	CAB9511701.1
Sro498_g154970	CAB9511702.1
Sro499_g154980	CAB9511703.1
Sro499_g154990	CAB9511704.1
Sro499_g155000	CAB9511705.1
Sro499_g155010	CAB9511706.1
Sro499_g155020	CAB9511707.1
Sro499_g155030	CAB9511708.1
Sro499_g155040	CAB9511709.1
Sro499_g155050	CAB9511710.1
Sro499_g155060	CAB9511711.1
Sro499_g155070	CAB9511712.1
Sro499_g155080	CAB9511713.1
Sro499_g155090	CAB9511714.1
Sro499_g155100	CAB9511715.1
Sro499_g155110	CAB9511716.1
Sro499_g155120	CAB9511717.1
Sro499_g155130	CAB9511718.1
Sro499_g155140	CAB9511719.1
Sro499_g155150	CAB9511720.1
Sro499_g155160	CAB9511721.1
Sro499_g155170	CAB9511722.1
Sro499_g155171	CAB9511723.1
Sro49_g028450	CAB9498925.1
Sro49_g028460	CAB9498926.1
Sro49_g028470	CAB9498927.1
Sro49_g028480	CAB9498928.1
Sro49_g028490	CAB9498929.1
Sro49_g028500	CAB9498930.1
Sro49_g028510	CAB9498931.1
Sro49_g028520	CAB9498932.1
Sro49_g028530	CAB9498933.1
Sro49_g028540	CAB9498934.1
Sro49_g028550	CAB9498935.1
Sro49_g028560	CAB9498936.1
Sro49_g028570	CAB9498937.1
Sro49_g028580	CAB9498938.1
Sro49_g028590	CAB9498939.1
Sro49_g028600	CAB9498940.1
Sro49_g028610	CAB9498941.1
Sro49_g028620	CAB9498942.1
Sro49_g028621	CAB9498943.1
Sro49_g028630	CAB9498944.1
Sro49_g028640	CAB9498945.1
Sro49_g028650	CAB9498946.1
Sro49_g028660	CAB9498947.1
Sro49_g028670	CAB9498948.1
Sro49_g028680	CAB9498949.1
Sro49_g028690	CAB9498950.1
Sro49_g028700	CAB9498951.1
Sro49_g028710	CAB9498952.1
Sro49_g028720	CAB9498953.1
Sro49_g028730	CAB9498954.1
Sro49_g028740	CAB9498955.1
Sro49_g028750	CAB9498956.1
Sro49_g028760	CAB9498957.1
Sro49_g028770	CAB9498958.1
Sro49_g028780	CAB9498959.1
Sro49_g028790	CAB9498960.1
Sro49_g028800	CAB9498961.1
Sro49_g028810	CAB9498962.1
Sro49_g028820	CAB9498963.1
Sro49_g028830	CAB9498964.1
Sro49_g028840	CAB9498965.1
Sro49_g028850	CAB9498966.1
Sro49_g028860	CAB9498967.1
Sro49_g028870	CAB9498968.1
Sro49_g028880	CAB9498969.1
Sro49_g028890	CAB9498970.1
Sro49_g028900	CAB9498971.1
Sro49_g028910	CAB9498972.1
Sro49_g028920	CAB9498973.1
Sro4_g002920	CAB9496316.1
Sro4_g002921	CAB9496317.1
Sro4_g002930	CAB9496318.1
Sro4_g002940	CAB9496319.1
Sro4_g002950	CAB9496320.1
Sro4_g002960	CAB9496321.1
Sro4_g002970	CAB9496322.1
Sro4_g002980	CAB9496323.1
Sro4_g002990	CAB9496324.1
Sro4_g003000	CAB9496325.1
Sro4_g003010	CAB9496326.1
Sro4_g003020	CAB9496327.1
Sro4_g003030	CAB9496328.1
Sro4_g003040	CAB9496329.1
Sro4_g003050	CAB9496330.1
Sro4_g003060	CAB9496331.1
Sro4_g003070	CAB9496332.1
Sro4_g003080	CAB9496333.1
Sro4_g003090	CAB9496334.1
Sro4_g003100	CAB9496335.1
Sro4_g003110	CAB9496336.1
Sro4_g003120	CAB9496337.1
Sro4_g003130	CAB9496338.1
Sro4_g003140	CAB9496339.1
Sro4_g003150	CAB9496340.1
Sro4_g003160	CAB9496341.1
Sro4_g003170	CAB9496342.1
Sro4_g003180	CAB9496343.1
Sro4_g003190	CAB9496344.1
Sro4_g003200	CAB9496345.1
Sro4_g003210	CAB9496346.1
Sro4_g003220	CAB9496347.1
Sro4_g003230	CAB9496348.1
Sro4_g003240	CAB9496349.1
Sro4_g003250	CAB9496350.1
Sro4_g003260	CAB9496351.1
Sro4_g003270	CAB9496352.1
Sro4_g003280	CAB9496353.1
Sro4_g003290	CAB9496354.1
Sro4_g003300	CAB9496355.1
Sro4_g003310	CAB9496356.1
Sro4_g003320	CAB9496357.1
Sro4_g003330	CAB9496358.1
Sro4_g003340	CAB9496359.1
Sro4_g003350	CAB9496360.1
Sro4_g003360	CAB9496361.1
Sro4_g003370	CAB9496362.1
Sro4_g003380	CAB9496363.1
Sro4_g003390	CAB9496364.1
Sro4_g003400	CAB9496365.1
Sro4_g003410	CAB9496366.1
Sro4_g003420	CAB9496367.1
Sro4_g003430	CAB9496368.1
Sro4_g003440	CAB9496369.1
Sro4_g003450	CAB9496370.1
Sro4_g003460	CAB9496371.1
Sro4_g003470	CAB9496372.1
Sro4_g003480	CAB9496373.1
Sro4_g003490	CAB9496374.1
Sro4_g003500	CAB9496375.1
Sro4_g003510	CAB9496376.1
Sro4_g003520	CAB9496377.1
Sro4_g003530	CAB9496378.1
Sro4_g003540	CAB9496379.1
Sro4_g003550	CAB9496380.1
Sro4_g003560	CAB9496381.1
Sro4_g003570	CAB9496382.1
Sro4_g003580	CAB9496383.1
Sro4_g003590	CAB9496384.1
Sro4_g003600	CAB9496385.1
Sro4_g003610	CAB9496386.1
Sro4_g003620	CAB9496387.1
Sro4_g003630	CAB9496388.1
Sro4_g003640	CAB9496389.1
Sro4_g003650	CAB9496390.1
Sro4_g003660	CAB9496391.1
Sro4_g003670	CAB9496392.1
Sro4_g003680	CAB9496393.1
Sro4_g003690	CAB9496394.1
Sro4_g003700	CAB9496395.1
Sro4_g003710	CAB9496396.1
Sro4_g003720	CAB9496397.1
Sro4_g003730	CAB9496398.1
Sro4_g003740	CAB9496399.1
Sro4_g003750	CAB9496400.1
Sro4_g003760	CAB9496401.1
Sro4_g003770	CAB9496402.1
Sro4_g003780	CAB9496403.1
Sro4_g003790	CAB9496404.1
Sro4_g003800	CAB9496405.1
Sro4_g003810	CAB9496406.1
Sro4_g003820	CAB9496407.1
Sro4_g003830	CAB9496408.1
Sro4_g003840	CAB9496409.1
Sro4_g003850	CAB9496410.1
Sro4_g003860	CAB9496411.1
Sro4_g003870	CAB9496412.1
Sro4_g003880	CAB9496413.1
Sro4_g003890	CAB9496414.1
Sro4_g003900	CAB9496415.1
Sro500_g155180	CAB9511724.1
Sro500_g155190	CAB9511725.1
Sro500_g155200	CAB9511726.1
Sro500_g155210	CAB9511727.1
Sro500_g155220	CAB9511728.1
Sro500_g155230	CAB9511729.1
Sro500_g155240	CAB9511730.1
Sro500_g155250	CAB9511731.1
Sro500_g155260	CAB9511732.1
Sro500_g155270	CAB9511733.1
Sro500_g155280	CAB9511734.1
Sro500_g155290	CAB9511735.1
Sro500_g155300	CAB9511736.1
Sro500_g155310	CAB9511737.1
Sro500_g155320	CAB9511738.1
Sro500_g155330	CAB9511739.1
Sro500_g155340	CAB9511740.1
Sro500_g155350	CAB9511741.1
Sro500_g155360	CAB9511742.1
Sro500_g155370	CAB9511743.1
Sro500_g155380	CAB9511744.1
Sro501_g155390	CAB9511745.1
Sro501_g155391	CAB9511746.1
Sro501_g155400	CAB9511747.1
Sro501_g155410	CAB9511748.1
Sro501_g155420	CAB9511749.1
Sro501_g155430	CAB9511750.1
Sro501_g155440	CAB9511751.1
Sro501_g155450	CAB9511752.1
Sro501_g155460	CAB9511753.1
Sro501_g155470	CAB9511754.1
Sro501_g155471	CAB9511755.1
Sro502_g155480	CAB9511756.1
Sro502_g155490	CAB9511757.1
Sro502_g155500	CAB9511758.1
Sro502_g155510	CAB9511759.1
Sro502_g155520	CAB9511760.1
Sro502_g155530	CAB9511761.1
Sro502_g155540	CAB9511762.1
Sro502_g155550	CAB9511763.1
Sro502_g155560	CAB9511764.1
Sro502_g155570	CAB9511765.1
Sro502_g155580	CAB9511766.1
Sro502_g155590	CAB9511767.1
Sro502_g155600	CAB9511768.1
Sro502_g155610	CAB9511769.1
Sro502_g155620	CAB9511770.1
Sro502_g155630	CAB9511771.1
Sro502_g155640	CAB9511772.1
Sro502_g155650	CAB9511773.1
Sro502_g155660	CAB9511774.1
Sro502_g155670	CAB9511775.1
Sro502_g155680	CAB9511776.1
Sro502_g155690	CAB9511777.1
Sro503_g155700	CAB9511778.1
Sro503_g155710	CAB9511779.1
Sro503_g155720	CAB9511780.1
Sro503_g155730	CAB9511781.1
Sro503_g155740	CAB9511782.1
Sro503_g155750	CAB9511783.1
Sro503_g155760	CAB9511784.1
Sro503_g155770	CAB9511785.1
Sro503_g155780	CAB9511786.1
Sro503_g155790	CAB9511787.1
Sro503_g155800	CAB9511788.1
Sro503_g155810	CAB9511789.1
Sro503_g155820	CAB9511790.1
Sro503_g155830	CAB9511791.1
Sro503_g155840	CAB9511792.1
Sro503_g155841	CAB9511793.1
Sro503_g155842	CAB9511794.1
Sro503_g155850	CAB9511795.1
Sro503_g155851	CAB9511796.1
Sro503_g155860	CAB9511797.1
Sro503_g155870	CAB9511798.1
Sro504_g155880	CAB9511799.1
Sro504_g155890	CAB9511800.1
Sro504_g155900	CAB9511801.1
Sro504_g155910	CAB9511802.1
Sro504_g155920	CAB9511803.1
Sro504_g155930	CAB9511804.1
Sro504_g155940	CAB9511805.1
Sro504_g155950	CAB9511806.1
Sro504_g155960	CAB9511807.1
Sro504_g155970	CAB9511808.1
Sro504_g155980	CAB9511809.1
Sro504_g155990	CAB9511810.1
Sro504_g156000	CAB9511811.1
Sro504_g156010	CAB9511812.1
Sro504_g156020	CAB9511813.1
Sro504_g156030	CAB9511814.1
Sro504_g156040	CAB9511815.1
Sro504_g156050	CAB9511816.1
Sro504_g156060	CAB9511817.1
Sro505_g156070	CAB9511818.1
Sro505_g156080	CAB9511819.1
Sro505_g156090	CAB9511820.1
Sro505_g156100	CAB9511821.1
Sro505_g156110	CAB9511822.1
Sro505_g156120	CAB9511823.1
Sro505_g156130	CAB9511824.1
Sro505_g156140	CAB9511825.1
Sro505_g156150	CAB9511826.1
Sro505_g156160	CAB9511827.1
Sro505_g156170	CAB9511828.1
Sro505_g156180	CAB9511829.1
Sro505_g156190	CAB9511830.1
Sro505_g156200	CAB9511831.1
Sro505_g156210	CAB9511832.1
Sro505_g156220	CAB9511833.1
Sro505_g156230	CAB9511834.1
Sro505_g156240	CAB9511835.1
Sro506_g156250	CAB9511836.1
Sro506_g156260	CAB9511837.1
Sro506_g156270	CAB9511838.1
Sro506_g156280	CAB9511839.1
Sro506_g156290	CAB9511840.1
Sro506_g156300	CAB9511841.1
Sro506_g156310	CAB9511842.1
Sro506_g156311	CAB9511843.1
Sro506_g156320	CAB9511844.1
Sro506_g156330	CAB9511845.1
Sro506_g156331	CAB9511846.1
Sro506_g156340	CAB9511847.1
Sro506_g156350	CAB9511848.1
Sro506_g156360	CAB9511849.1
Sro506_g156370	CAB9511850.1
Sro506_g156380	CAB9511851.1
Sro506_g156390	CAB9511852.1
Sro506_g156400	CAB9511853.1
Sro507_g156410	CAB9511854.1
Sro507_g156420	CAB9511855.1
Sro507_g156430	CAB9511856.1
Sro507_g156440	CAB9511857.1
Sro507_g156450	CAB9511858.1
Sro507_g156460	CAB9511859.1
Sro507_g156470	CAB9511860.1
Sro507_g156480	CAB9511861.1
Sro507_g156490	CAB9511862.1
Sro507_g156500	CAB9511863.1
Sro507_g156510	CAB9511864.1
Sro507_g156520	CAB9511865.1
Sro507_g156530	CAB9511866.1
Sro507_g156540	CAB9511867.1
Sro507_g156550	CAB9511868.1
Sro507_g156560	CAB9511869.1
Sro507_g156570	CAB9511870.1
Sro507_g156580	CAB9511871.1
Sro507_g156600	CAB9511872.1
Sro507_g156610	CAB9511873.1
Sro508_g156620	CAB9511874.1
Sro508_g156630	CAB9511875.1
Sro508_g156640	CAB9511876.1
Sro508_g156650	CAB9511877.1
Sro508_g156660	CAB9511878.1
Sro508_g156670	CAB9511879.1
Sro508_g156680	CAB9511880.1
Sro508_g156681	CAB9511881.1
Sro508_g156690	CAB9511882.1
Sro508_g156700	CAB9511883.1
Sro508_g156710	CAB9511884.1
Sro508_g156720	CAB9511885.1
Sro508_g156730	CAB9511886.1
Sro508_g156740	CAB9511887.1
Sro508_g156750	CAB9511888.1
Sro508_g156760	CAB9511889.1
Sro508_g156770	CAB9511890.1
Sro508_g156780	CAB9511891.1
Sro508_g156800	CAB9511892.1
Sro508_g156810	CAB9511893.1
Sro508_g156820	CAB9511894.1
Sro508_g156830	CAB9511895.1
Sro508_g156840	CAB9511896.1
Sro508_g156850	CAB9511897.1
Sro508_g156860	CAB9511898.1
Sro508_g156870	CAB9511899.1
Sro508_g156880	CAB9511900.1
Sro508_g156890	CAB9511901.1
Sro508_g156900	CAB9511902.1
Sro508_g156910	CAB9511903.1
Sro508_g156920	CAB9511904.1
Sro509_g156930	CAB9511905.1
Sro509_g156940	CAB9511906.1
Sro509_g156950	CAB9511907.1
Sro509_g156960	CAB9511908.1
Sro509_g156970	CAB9511909.1
Sro509_g156980	CAB9511910.1
Sro509_g156990	CAB9511911.1
Sro509_g157000	CAB9511912.1
Sro509_g157010	CAB9511913.1
Sro509_g157020	CAB9511914.1
Sro509_g157030	CAB9511915.1
Sro509_g157040	CAB9511916.1
Sro509_g157050	CAB9511917.1
Sro509_g157060	CAB9511918.1
Sro509_g157070	CAB9511919.1
Sro509_g157080	CAB9511920.1
Sro509_g157090	CAB9511921.1
Sro509_g157100	CAB9511922.1
Sro509_g157110	CAB9511923.1
Sro509_g157120	CAB9511924.1
Sro509_g157130	CAB9511925.1
Sro509_g157140	CAB9511926.1
Sro50_g028930	CAB9498974.1
Sro50_g028940	CAB9498975.1
Sro50_g028950	CAB9498976.1
Sro50_g028960	CAB9498977.1
Sro50_g028970	CAB9498978.1
Sro50_g028980	CAB9498979.1
Sro50_g028990	CAB9498980.1
Sro50_g028991	CAB9498981.1
Sro50_g029000	CAB9498982.1
Sro50_g029010	CAB9498983.1
Sro50_g029020	CAB9498984.1
Sro50_g029030	CAB9498985.1
Sro50_g029040	CAB9498986.1
Sro50_g029050	CAB9498987.1
Sro50_g029060	CAB9498988.1
Sro50_g029070	CAB9498989.1
Sro50_g029080	CAB9498990.1
Sro50_g029090	CAB9498991.1
Sro50_g029100	CAB9498992.1
Sro50_g029110	CAB9498993.1
Sro50_g029120	CAB9498994.1
Sro50_g029130	CAB9498995.1
Sro50_g029140	CAB9498996.1
Sro50_g029150	CAB9498997.1
Sro50_g029160	CAB9498998.1
Sro50_g029170	CAB9498999.1
Sro50_g029180	CAB9499000.1
Sro50_g029190	CAB9499001.1
Sro50_g029200	CAB9499002.1
Sro50_g029210	CAB9499003.1
Sro50_g029220	CAB9499004.1
Sro50_g029230	CAB9499005.1
Sro50_g029240	CAB9499006.1
Sro50_g029250	CAB9499007.1
Sro50_g029260	CAB9499008.1
Sro50_g029270	CAB9499009.1
Sro50_g029280	CAB9499010.1
Sro50_g029290	CAB9499011.1
Sro50_g029300	CAB9499012.1
Sro50_g029310	CAB9499013.1
Sro50_g029320	CAB9499014.1
Sro50_g029330	CAB9499015.1
Sro510_g157150	CAB9511927.1
Sro510_g157160	CAB9511928.1
Sro510_g157170	CAB9511929.1
Sro510_g157180	CAB9511930.1
Sro510_g157190	CAB9511931.1
Sro510_g157200	CAB9511932.1
Sro510_g157210	CAB9511933.1
Sro510_g157220	CAB9511934.1
Sro510_g157230	CAB9511935.1
Sro510_g157240	CAB9511936.1
Sro510_g157250	CAB9511937.1
Sro510_g157260	CAB9511938.1
Sro510_g157270	CAB9511939.1
Sro510_g157280	CAB9511940.1
Sro510_g157290	CAB9511941.1
Sro510_g157300	CAB9511942.1
Sro510_g157310	CAB9511943.1
Sro510_g157320	CAB9511944.1
Sro510_g157330	CAB9511945.1
Sro510_g157340	CAB9511946.1
Sro510_g157350	CAB9511947.1
Sro510_g157360	CAB9511948.1
Sro511_g157370	CAB9511949.1
Sro511_g157380	CAB9511950.1
Sro511_g157390	CAB9511951.1
Sro511_g157400	CAB9511952.1
Sro511_g157410	CAB9511953.1
Sro511_g157420	CAB9511954.1
Sro511_g157430	CAB9511955.1
Sro511_g157440	CAB9511956.1
Sro511_g157450	CAB9511957.1
Sro511_g157460	CAB9511958.1
Sro511_g157470	CAB9511959.1
Sro511_g157480	CAB9511960.1
Sro511_g157490	CAB9511961.1
Sro511_g157500	CAB9511962.1
Sro511_g157510	CAB9511963.1
Sro511_g157520	CAB9511964.1
Sro511_g157530	CAB9511965.1
Sro511_g157540	CAB9511966.1
Sro512_g157550	CAB9511967.1
Sro512_g157560	CAB9511968.1
Sro512_g157570	CAB9511969.1
Sro512_g157580	CAB9511970.1
Sro512_g157590	CAB9511971.1
Sro512_g157600	CAB9511972.1
Sro512_g157610	CAB9511973.1
Sro512_g157620	CAB9511974.1
Sro512_g157630	CAB9511975.1
Sro512_g157640	CAB9511976.1
Sro512_g157650	CAB9511977.1
Sro512_g157660	CAB9511978.1
Sro512_g157670	CAB9511979.1
Sro512_g157680	CAB9511980.1
Sro512_g157700	CAB9511981.1
Sro512_g157710	CAB9511982.1
Sro513_g157720	CAB9511983.1
Sro513_g157730	CAB9511984.1
Sro513_g157740	CAB9511985.1
Sro513_g157750	CAB9511986.1
Sro513_g157760	CAB9511987.1
Sro513_g157770	CAB9511988.1
Sro513_g157780	CAB9511989.1
Sro513_g157790	CAB9511990.1
Sro513_g157800	CAB9511991.1
Sro513_g157810	CAB9511992.1
Sro513_g157820	CAB9511993.1
Sro513_g157830	CAB9511994.1
Sro513_g157840	CAB9511995.1
Sro513_g157850	CAB9511996.1
Sro513_g157860	CAB9511997.1
Sro513_g157870	CAB9511998.1
Sro513_g157880	CAB9511999.1
Sro513_g157890	CAB9512000.1
Sro513_g157900	CAB9512001.1
Sro513_g157910	CAB9512002.1
Sro513_g157920	CAB9512003.1
Sro513_g157930	CAB9512004.1
Sro513_g157940	CAB9512005.1
Sro513_g157950	CAB9512006.1
Sro514_g157960	CAB9512007.1
Sro514_g157970	CAB9512008.1
Sro514_g157980	CAB9512009.1
Sro514_g157990	CAB9512010.1
Sro514_g158000	CAB9512011.1
Sro514_g158010	CAB9512012.1
Sro514_g158020	CAB9512013.1
Sro514_g158030	CAB9512014.1
Sro514_g158040	CAB9512015.1
Sro514_g158050	CAB9512016.1
Sro514_g158060	CAB9512017.1
Sro514_g158070	CAB9512018.1
Sro514_g158080	CAB9512019.1
Sro514_g158090	CAB9512020.1
Sro514_g158100	CAB9512021.1
Sro514_g158110	CAB9512022.1
Sro514_g158120	CAB9512023.1
Sro514_g158130	CAB9512024.1
Sro514_g158140	CAB9512025.1
Sro514_g158150	CAB9512026.1
Sro514_g158160	CAB9512027.1
Sro514_g158170	CAB9512028.1
Sro514_g158180	CAB9512029.1
Sro514_g158190	CAB9512030.1
Sro515_g158200	CAB9512031.1
Sro515_g158210	CAB9512032.1
Sro515_g158220	CAB9512033.1
Sro515_g158230	CAB9512034.1
Sro515_g158240	CAB9512035.1
Sro515_g158250	CAB9512036.1
Sro515_g158260	CAB9512037.1
Sro515_g158270	CAB9512038.1
Sro515_g158280	CAB9512039.1
Sro515_g158290	CAB9512040.1
Sro515_g158300	CAB9512041.1
Sro515_g158310	CAB9512042.1
Sro515_g158320	CAB9512043.1
Sro515_g158330	CAB9512044.1
Sro515_g158340	CAB9512045.1
Sro515_g158350	CAB9512046.1
Sro515_g158360	CAB9512047.1
Sro515_g158370	CAB9512048.1
Sro515_g158380	CAB9512049.1
Sro515_g158390	CAB9512050.1
Sro515_g158400	CAB9512051.1
Sro516_g158410	CAB9512052.1
Sro516_g158420	CAB9512053.1
Sro516_g158430	CAB9512054.1
Sro516_g158431	CAB9512055.1
Sro516_g158450	CAB9512056.1
Sro516_g158460	CAB9512057.1
Sro516_g158470	CAB9512058.1
Sro516_g158480	CAB9512059.1
Sro516_g158490	CAB9512060.1
Sro516_g158500	CAB9512061.1
Sro516_g158510	CAB9512062.1
Sro516_g158520	CAB9512063.1
Sro516_g158530	CAB9512064.1
Sro516_g158540	CAB9512065.1
Sro516_g158550	CAB9512066.1
Sro516_g158560	CAB9512067.1
Sro516_g158570	CAB9512068.1
Sro516_g158580	CAB9512069.1
Sro516_g158590	CAB9512070.1
Sro516_g158600	CAB9512071.1
Sro517_g158610	CAB9512072.1
Sro517_g158620	CAB9512073.1
Sro517_g158630	CAB9512074.1
Sro517_g158640	CAB9512075.1
Sro517_g158650	CAB9512076.1
Sro517_g158660	CAB9512077.1
Sro517_g158670	CAB9512078.1
Sro517_g158680	CAB9512079.1
Sro517_g158690	CAB9512080.1
Sro517_g158700	CAB9512081.1
Sro517_g158710	CAB9512082.1
Sro517_g158711	CAB9512083.1
Sro517_g158720	CAB9512084.1
Sro517_g158721	CAB9512085.1
Sro517_g158730	CAB9512086.1
Sro518_g158740	CAB9512087.1
Sro518_g158750	CAB9512088.1
Sro518_g158760	CAB9512089.1
Sro518_g158770	CAB9512090.1
Sro518_g158780	CAB9512091.1
Sro518_g158790	CAB9512092.1
Sro518_g158800	CAB9512093.1
Sro518_g158810	CAB9512094.1
Sro518_g158820	CAB9512095.1
Sro518_g158830	CAB9512096.1
Sro518_g158840	CAB9512097.1
Sro518_g158850	CAB9512098.1
Sro518_g158860	CAB9512099.1
Sro518_g158870	CAB9512100.1
Sro518_g158880	CAB9512101.1
Sro518_g158890	CAB9512102.1
Sro518_g158900	CAB9512103.1
Sro519_g158910	CAB9512104.1
Sro519_g158920	CAB9512105.1
Sro519_g158930	CAB9512106.1
Sro519_g158940	CAB9512107.1
Sro519_g158950	CAB9512108.1
Sro519_g158960	CAB9512109.1
Sro519_g158970	CAB9512110.1
Sro519_g158980	CAB9512111.1
Sro519_g158990	CAB9512112.1
Sro519_g159000	CAB9512113.1
Sro519_g159010	CAB9512114.1
Sro519_g159020	CAB9512115.1
Sro519_g159030	CAB9512116.1
Sro519_g159040	CAB9512117.1
Sro519_g159050	CAB9512118.1
Sro519_g159060	CAB9512119.1
Sro520_g159070	CAB9512120.1
Sro520_g159080	CAB9512121.1
Sro520_g159090	CAB9512122.1
Sro520_g159100	CAB9512123.1
Sro520_g159110	CAB9512124.1
Sro520_g159120	CAB9512125.1
Sro520_g159130	CAB9512126.1
Sro520_g159140	CAB9512127.1
Sro520_g159150	CAB9512128.1
Sro520_g159160	CAB9512129.1
Sro520_g159170	CAB9512130.1
Sro520_g159180	CAB9512131.1
Sro520_g159190	CAB9512132.1
Sro520_g159200	CAB9512133.1
Sro520_g159210	CAB9512134.1
Sro521_g159220	CAB9512135.1
Sro521_g159230	CAB9512136.1
Sro521_g159240	CAB9512137.1
Sro521_g159250	CAB9512138.1
Sro521_g159260	CAB9512139.1
Sro521_g159270	CAB9512140.1
Sro521_g159280	CAB9512141.1
Sro521_g159290	CAB9512142.1
Sro521_g159300	CAB9512143.1
Sro521_g159310	CAB9512144.1
Sro521_g159320	CAB9512145.1
Sro521_g159330	CAB9512146.1
Sro521_g159340	CAB9512147.1
Sro521_g159350	CAB9512148.1
Sro521_g159360	CAB9512149.1
Sro521_g159370	CAB9512150.1
Sro521_g159380	CAB9512151.1
Sro521_g159390	CAB9512152.1
Sro521_g159400	CAB9512153.1
Sro521_g159410	CAB9512154.1
Sro521_g159420	CAB9512155.1
Sro521_g159430	CAB9512156.1
Sro521_g159440	CAB9512157.1
Sro521_g159450	CAB9512158.1
Sro521_g159460	CAB9512159.1
Sro521_g159470	CAB9512160.1
Sro521_g159480	CAB9512161.1
Sro521_g159490	CAB9512162.1
Sro521_g159500	CAB9512163.1
Sro522_g159510	CAB9512164.1
Sro522_g159520	CAB9512165.1
Sro522_g159530	CAB9512166.1
Sro522_g159540	CAB9512167.1
Sro522_g159550	CAB9512168.1
Sro522_g159560	CAB9512169.1
Sro522_g159570	CAB9512170.1
Sro522_g159580	CAB9512171.1
Sro522_g159590	CAB9512172.1
Sro522_g159600	CAB9512173.1
Sro522_g159610	CAB9512174.1
Sro522_g159620	CAB9512175.1
Sro522_g159630	CAB9512176.1
Sro522_g159640	CAB9512177.1
Sro522_g159650	CAB9512178.1
Sro522_g159651	CAB9512179.1
Sro522_g159660	CAB9512180.1
Sro522_g159670	CAB9512181.1
Sro522_g159680	CAB9512182.1
Sro522_g159690	CAB9512183.1
Sro523_g159700	CAB9512184.1
Sro523_g159710	CAB9512185.1
Sro523_g159720	CAB9512186.1
Sro523_g159730	CAB9512187.1
Sro523_g159740	CAB9512188.1
Sro523_g159750	CAB9512189.1
Sro523_g159760	CAB9512190.1
Sro523_g159770	CAB9512191.1
Sro523_g159780	CAB9512192.1
Sro523_g159790	CAB9512193.1
Sro523_g159800	CAB9512194.1
Sro523_g159810	CAB9512195.1
Sro523_g159820	CAB9512196.1
Sro523_g159830	CAB9512197.1
Sro523_g159840	CAB9512198.1
Sro523_g159850	CAB9512199.1
Sro524_g159860	CAB9512200.1
Sro524_g159870	CAB9512201.1
Sro524_g159880	CAB9512202.1
Sro524_g159890	CAB9512203.1
Sro524_g159900	CAB9512204.1
Sro524_g159910	CAB9512205.1
Sro524_g159920	CAB9512206.1
Sro524_g159930	CAB9512207.1
Sro524_g159940	CAB9512208.1
Sro524_g159950	CAB9512209.1
Sro524_g159960	CAB9512210.1
Sro524_g159970	CAB9512211.1
Sro524_g159980	CAB9512212.1
Sro524_g159990	CAB9512213.1
Sro524_g160000	CAB9512214.1
Sro524_g160010	CAB9512215.1
Sro524_g160020	CAB9512216.1
Sro524_g160030	CAB9512217.1
Sro524_g160040	CAB9512218.1
Sro524_g160050	CAB9512219.1
Sro524_g160060	CAB9512220.1
Sro524_g160070	CAB9512221.1
Sro525_g160080	CAB9512222.1
Sro525_g160090	CAB9512223.1
Sro525_g160100	CAB9512224.1
Sro525_g160110	CAB9512225.1
Sro525_g160120	CAB9512226.1
Sro525_g160121	CAB9512227.1
Sro525_g160130	CAB9512228.1
Sro525_g160140	CAB9512229.1
Sro525_g160150	CAB9512230.1
Sro525_g160160	CAB9512231.1
Sro525_g160170	CAB9512232.1
Sro525_g160180	CAB9512233.1
Sro525_g160190	CAB9512234.1
Sro525_g160200	CAB9512235.1
Sro525_g160210	CAB9512236.1
Sro525_g160220	CAB9512237.1
Sro525_g160230	CAB9512238.1
Sro525_g160240	CAB9512239.1
Sro526_g160250	CAB9512240.1
Sro526_g160260	CAB9512241.1
Sro526_g160270	CAB9512242.1
Sro526_g160280	CAB9512243.1
Sro526_g160290	CAB9512244.1
Sro526_g160300	CAB9512245.1
Sro526_g160310	CAB9512246.1
Sro526_g160320	CAB9512247.1
Sro526_g160330	CAB9512248.1
Sro526_g160340	CAB9512249.1
Sro526_g160350	CAB9512250.1
Sro526_g160360	CAB9512251.1
Sro526_g160370	CAB9512252.1
Sro526_g160380	CAB9512253.1
Sro526_g160390	CAB9512254.1
Sro526_g160400	CAB9512255.1
Sro526_g160410	CAB9512256.1
Sro526_g160420	CAB9512257.1
Sro526_g160430	CAB9512258.1
Sro526_g160440	CAB9512259.1
Sro526_g160450	CAB9512260.1
Sro526_g160460	CAB9512261.1
Sro526_g160470	CAB9512262.1
Sro526_g160480	CAB9512263.1
Sro526_g160490	CAB9512264.1
Sro526_g160500	CAB9512265.1
Sro526_g160510	CAB9512266.1
Sro526_g160520	CAB9512267.1
Sro526_g160530	CAB9512268.1
Sro527_g160540	CAB9512269.1
Sro527_g160550	CAB9512270.1
Sro527_g160560	CAB9512271.1
Sro527_g160570	CAB9512272.1
Sro527_g160580	CAB9512273.1
Sro527_g160590	CAB9512274.1
Sro527_g160600	CAB9512275.1
Sro527_g160610	CAB9512276.1
Sro527_g160620	CAB9512277.1
Sro527_g160630	CAB9512278.1
Sro527_g160640	CAB9512279.1
Sro527_g160650	CAB9512280.1
Sro527_g160660	CAB9512281.1
Sro527_g160670	CAB9512282.1
Sro527_g160680	CAB9512283.1
Sro527_g160690	CAB9512284.1
Sro527_g160700	CAB9512285.1
Sro527_g160710	CAB9512286.1
Sro527_g160720	CAB9512287.1
Sro527_g160730	CAB9512288.1
Sro527_g160740	CAB9512289.1
Sro527_g160750	CAB9512290.1
Sro527_g160751	CAB9512291.1
Sro527_g160760	CAB9512292.1
Sro528_g160770	CAB9512293.1
Sro528_g160780	CAB9512294.1
Sro528_g160790	CAB9512295.1
Sro528_g160800	CAB9512296.1
Sro528_g160810	CAB9512297.1
Sro528_g160820	CAB9512298.1
Sro528_g160830	CAB9512299.1
Sro528_g160840	CAB9512300.1
Sro528_g160850	CAB9512301.1
Sro528_g160860	CAB9512302.1
Sro528_g160870	CAB9512303.1
Sro528_g160890	CAB9512304.1
Sro528_g160900	CAB9512305.1
Sro529_g160910	CAB9512306.1
Sro529_g160920	CAB9512307.1
Sro529_g160930	CAB9512308.1
Sro529_g160940	CAB9512309.1
Sro529_g160950	CAB9512310.1
Sro529_g160960	CAB9512311.1
Sro529_g160970	CAB9512312.1
Sro529_g160980	CAB9512313.1
Sro529_g160990	CAB9512314.1
Sro529_g161000	CAB9512315.1
Sro529_g161010	CAB9512316.1
Sro529_g161020	CAB9512317.1
Sro529_g161030	CAB9512318.1
Sro529_g161040	CAB9512319.1
Sro529_g161050	CAB9512320.1
Sro529_g161060	CAB9512321.1
Sro529_g161070	CAB9512322.1
Sro529_g161080	CAB9512323.1
Sro529_g161090	CAB9512324.1
Sro529_g161100	CAB9512325.1
Sro52_g030800	CAB9499016.1
Sro52_g030810	CAB9499017.1
Sro52_g030811	CAB9499018.1
Sro52_g030820	CAB9499019.1
Sro52_g030830	CAB9499020.1
Sro52_g030840	CAB9499021.1
Sro52_g030850	CAB9499022.1
Sro52_g030860	CAB9499023.1
Sro52_g030870	CAB9499024.1
Sro52_g030880	CAB9499025.1
Sro52_g030890	CAB9499026.1
Sro52_g030900	CAB9499027.1
Sro52_g030910	CAB9499028.1
Sro52_g030920	CAB9499029.1
Sro52_g030930	CAB9499030.1
Sro52_g030940	CAB9499031.1
Sro52_g030950	CAB9499032.1
Sro52_g030960	CAB9499033.1
Sro52_g030970	CAB9499034.1
Sro52_g030980	CAB9499035.1
Sro52_g030990	CAB9499036.1
Sro52_g031000	CAB9499037.1
Sro52_g031010	CAB9499038.1
Sro52_g031020	CAB9499039.1
Sro52_g031021	CAB9499040.1
Sro52_g031030	CAB9499041.1
Sro52_g031040	CAB9499042.1
Sro52_g031050	CAB9499043.1
Sro52_g031060	CAB9499044.1
Sro52_g031070	CAB9499045.1
Sro52_g031080	CAB9499046.1
Sro52_g031090	CAB9499047.1
Sro52_g031100	CAB9499048.1
Sro52_g031110	CAB9499049.1
Sro52_g031120	CAB9499050.1
Sro52_g031130	CAB9499051.1
Sro52_g031140	CAB9499052.1
Sro52_g031150	CAB9499053.1
Sro52_g031160	CAB9499054.1
Sro52_g031170	CAB9499055.1
Sro52_g031180	CAB9499056.1
Sro52_g031190	CAB9499057.1
Sro52_g031200	CAB9499058.1
Sro52_g031210	CAB9499059.1
Sro52_g031220	CAB9499060.1
Sro52_g031230	CAB9499061.1
Sro52_g031240	CAB9499062.1
Sro52_g031241	CAB9499063.1
Sro530_g161110	CAB9512326.1
Sro530_g161120	CAB9512327.1
Sro530_g161130	CAB9512328.1
Sro530_g161140	CAB9512329.1
Sro530_g161150	CAB9512330.1
Sro530_g161160	CAB9512331.1
Sro530_g161170	CAB9512332.1
Sro530_g161180	CAB9512333.1
Sro530_g161190	CAB9512334.1
Sro530_g161200	CAB9512335.1
Sro530_g161210	CAB9512336.1
Sro530_g161220	CAB9512337.1
Sro530_g161230	CAB9512338.1
Sro530_g161240	CAB9512339.1
Sro530_g161250	CAB9512340.1
Sro530_g161260	CAB9512341.1
Sro530_g161270	CAB9512342.1
Sro530_g161280	CAB9512343.1
Sro530_g161290	CAB9512344.1
Sro530_g161300	CAB9512345.1
Sro530_g161310	CAB9512346.1
Sro530_g161320	CAB9512347.1
Sro530_g161330	CAB9512348.1
Sro531_g161340	CAB9512349.1
Sro531_g161350	CAB9512350.1
Sro531_g161360	CAB9512351.1
Sro531_g161370	CAB9512352.1
Sro532_g161380	CAB9512353.1
Sro532_g161390	CAB9512354.1
Sro532_g161400	CAB9512355.1
Sro532_g161410	CAB9512356.1
Sro532_g161420	CAB9512357.1
Sro532_g161430	CAB9512358.1
Sro532_g161440	CAB9512359.1
Sro532_g161450	CAB9512360.1
Sro532_g161460	CAB9512361.1
Sro532_g161470	CAB9512362.1
Sro532_g161480	CAB9512363.1
Sro532_g161490	CAB9512364.1
Sro532_g161500	CAB9512365.1
Sro532_g161510	CAB9512366.1
Sro532_g161520	CAB9512367.1
Sro532_g161530	CAB9512368.1
Sro532_g161540	CAB9512369.1
Sro533_g161550	CAB9512370.1
Sro533_g161560	CAB9512371.1
Sro533_g161570	CAB9512372.1
Sro533_g161580	CAB9512373.1
Sro533_g161590	CAB9512374.1
Sro533_g161600	CAB9512375.1
Sro533_g161610	CAB9512376.1
Sro533_g161620	CAB9512377.1
Sro533_g161630	CAB9512378.1
Sro533_g161640	CAB9512379.1
Sro533_g161650	CAB9512380.1
Sro533_g161660	CAB9512381.1
Sro533_g161670	CAB9512382.1
Sro533_g161680	CAB9512383.1
Sro533_g161690	CAB9512384.1
Sro533_g161700	CAB9512385.1
Sro534_g161710	CAB9512386.1
Sro534_g161720	CAB9512387.1
Sro534_g161730	CAB9512388.1
Sro534_g161740	CAB9512389.1
Sro534_g161750	CAB9512390.1
Sro534_g161760	CAB9512391.1
Sro534_g161770	CAB9512392.1
Sro534_g161780	CAB9512393.1
Sro534_g161790	CAB9512394.1
Sro534_g161800	CAB9512395.1
Sro534_g161810	CAB9512396.1
Sro534_g161811	CAB9512397.1
Sro534_g161820	CAB9512398.1
Sro534_g161830	CAB9512399.1
Sro534_g161840	CAB9512400.1
Sro535_g161850	CAB9512401.1
Sro535_g161860	CAB9512402.1
Sro535_g161870	CAB9512403.1
Sro535_g161880	CAB9512404.1
Sro535_g161890	CAB9512405.1
Sro535_g161900	CAB9512406.1
Sro535_g161910	CAB9512407.1
Sro535_g161920	CAB9512408.1
Sro535_g161930	CAB9512409.1
Sro535_g161940	CAB9512410.1
Sro535_g161950	CAB9512411.1
Sro535_g161960	CAB9512412.1
Sro535_g161970	CAB9512413.1
Sro535_g161980	CAB9512414.1
Sro535_g161990	CAB9512415.1
Sro535_g162000	CAB9512416.1
Sro535_g162010	CAB9512417.1
Sro535_g162011	CAB9512418.1
Sro535_g162020	CAB9512419.1
Sro535_g162030	CAB9512420.1
Sro536_g162040	CAB9512421.1
Sro536_g162050	CAB9512422.1
Sro536_g162060	CAB9512423.1
Sro536_g162070	CAB9512424.1
Sro536_g162080	CAB9512425.1
Sro536_g162090	CAB9512426.1
Sro536_g162100	CAB9512427.1
Sro536_g162110	CAB9512428.1
Sro536_g162120	CAB9512429.1
Sro536_g162130	CAB9512430.1
Sro536_g162140	CAB9512431.1
Sro536_g162150	CAB9512432.1
Sro536_g162160	CAB9512433.1
Sro536_g162170	CAB9512434.1
Sro536_g162180	CAB9512435.1
Sro536_g162190	CAB9512436.1
Sro536_g162200	CAB9512437.1
Sro536_g162210	CAB9512438.1
Sro536_g162220	CAB9512439.1
Sro536_g162230	CAB9512440.1
Sro536_g162240	CAB9512441.1
Sro537_g162250	CAB9512442.1
Sro537_g162260	CAB9512443.1
Sro537_g162270	CAB9512444.1
Sro537_g162280	CAB9512445.1
Sro537_g162290	CAB9512446.1
Sro537_g162300	CAB9512447.1
Sro537_g162310	CAB9512448.1
Sro537_g162320	CAB9512449.1
Sro537_g162330	CAB9512450.1
Sro537_g162340	CAB9512451.1
Sro537_g162350	CAB9512452.1
Sro537_g162360	CAB9512453.1
Sro537_g162370	CAB9512454.1
Sro537_g162371	CAB9512455.1
Sro537_g162380	CAB9512456.1
Sro537_g162390	CAB9512457.1
Sro537_g162400	CAB9512458.1
Sro537_g162410	CAB9512459.1
Sro537_g162420	CAB9512460.1
Sro537_g162430	CAB9512461.1
Sro537_g162440	CAB9512462.1
Sro538_g162450	CAB9512463.1
Sro538_g162460	CAB9512464.1
Sro538_g162470	CAB9512465.1
Sro538_g162480	CAB9512466.1
Sro538_g162490	CAB9512467.1
Sro538_g162500	CAB9512468.1
Sro538_g162510	CAB9512469.1
Sro538_g162520	CAB9512470.1
Sro538_g162530	CAB9512471.1
Sro538_g162540	CAB9512472.1
Sro538_g162550	CAB9512473.1
Sro538_g162560	CAB9512474.1
Sro538_g162570	CAB9512475.1
Sro538_g162580	CAB9512476.1
Sro538_g162590	CAB9512477.1
Sro538_g162600	CAB9512478.1
Sro538_g162610	CAB9512479.1
Sro538_g162620	CAB9512480.1
Sro538_g162630	CAB9512481.1
Sro538_g162640	CAB9512482.1
Sro538_g162650	CAB9512483.1
Sro538_g162660	CAB9512484.1
Sro538_g162661	CAB9512485.1
Sro538_g162670	CAB9512486.1
Sro538_g162680	CAB9512487.1
Sro538_g162690	CAB9512488.1
Sro538_g162700	CAB9512489.1
Sro538_g162710	CAB9512490.1
Sro539_g162720	CAB9512491.1
Sro539_g162730	CAB9512492.1
Sro539_g162740	CAB9512493.1
Sro539_g162750	CAB9512494.1
Sro539_g162760	CAB9512495.1
Sro539_g162770	CAB9512496.1
Sro539_g162780	CAB9512497.1
Sro539_g162790	CAB9512498.1
Sro539_g162800	CAB9512499.1
Sro539_g162810	CAB9512500.1
Sro539_g162820	CAB9512501.1
Sro539_g162830	CAB9512502.1
Sro539_g162840	CAB9512503.1
Sro539_g162850	CAB9512504.1
Sro539_g162860	CAB9512505.1
Sro539_g162870	CAB9512506.1
Sro539_g162880	CAB9512507.1
Sro539_g162890	CAB9512508.1
Sro539_g162900	CAB9512509.1
Sro53_g031250	CAB9499064.1
Sro53_g031260	CAB9499065.1
Sro53_g031270	CAB9499066.1
Sro53_g031280	CAB9499067.1
Sro53_g031290	CAB9499068.1
Sro53_g031300	CAB9499069.1
Sro53_g031310	CAB9499070.1
Sro53_g031320	CAB9499071.1
Sro53_g031330	CAB9499072.1
Sro53_g031340	CAB9499073.1
Sro53_g031350	CAB9499074.1
Sro53_g031360	CAB9499075.1
Sro53_g031370	CAB9499076.1
Sro53_g031371	CAB9499077.1
Sro53_g031380	CAB9499078.1
Sro53_g031390	CAB9499079.1
Sro53_g031400	CAB9499080.1
Sro53_g031410	CAB9499081.1
Sro53_g031420	CAB9499082.1
Sro53_g031430	CAB9499083.1
Sro53_g031440	CAB9499084.1
Sro53_g031450	CAB9499085.1
Sro53_g031460	CAB9499086.1
Sro53_g031470	CAB9499087.1
Sro53_g031480	CAB9499088.1
Sro53_g031490	CAB9499089.1
Sro53_g031500	CAB9499090.1
Sro53_g031510	CAB9499091.1
Sro53_g031520	CAB9499092.1
Sro53_g031530	CAB9499093.1
Sro53_g031540	CAB9499094.1
Sro53_g031550	CAB9499095.1
Sro53_g031560	CAB9499096.1
Sro53_g031570	CAB9499097.1
Sro53_g031580	CAB9499098.1
Sro53_g031590	CAB9499099.1
Sro53_g031600	CAB9499100.1
Sro53_g031610	CAB9499101.1
Sro53_g031620	CAB9499102.1
Sro53_g031630	CAB9499103.1
Sro53_g031640	CAB9499104.1
Sro53_g031641	CAB9499105.1
Sro540_g162910	CAB9512510.1
Sro540_g162920	CAB9512511.1
Sro540_g162930	CAB9512512.1
Sro540_g162940	CAB9512513.1
Sro540_g162950	CAB9512514.1
Sro540_g162960	CAB9512515.1
Sro540_g162970	CAB9512516.1
Sro540_g162980	CAB9512517.1
Sro540_g162990	CAB9512518.1
Sro540_g163000	CAB9512519.1
Sro540_g163010	CAB9512520.1
Sro540_g163020	CAB9512521.1
Sro540_g163030	CAB9512522.1
Sro540_g163040	CAB9512523.1
Sro540_g163050	CAB9512524.1
Sro541_g163060	CAB9512525.1
Sro541_g163070	CAB9512526.1
Sro541_g163080	CAB9512527.1
Sro541_g163090	CAB9512528.1
Sro541_g163100	CAB9512529.1
Sro541_g163110	CAB9512530.1
Sro541_g163120	CAB9512531.1
Sro541_g163130	CAB9512532.1
Sro541_g163140	CAB9512533.1
Sro541_g163150	CAB9512534.1
Sro541_g163160	CAB9512535.1
Sro541_g163170	CAB9512536.1
Sro541_g163180	CAB9512537.1
Sro541_g163190	CAB9512538.1
Sro541_g163200	CAB9512539.1
Sro541_g163210	CAB9512540.1
Sro541_g163220	CAB9512541.1
Sro541_g163230	CAB9512542.1
Sro541_g163240	CAB9512543.1
Sro541_g163250	CAB9512544.1
Sro541_g163260	CAB9512545.1
Sro542_g163270	CAB9512546.1
Sro542_g163280	CAB9512547.1
Sro542_g163300	CAB9512548.1
Sro542_g163310	CAB9512549.1
Sro542_g163320	CAB9512550.1
Sro542_g163330	CAB9512551.1
Sro542_g163340	CAB9512552.1
Sro542_g163350	CAB9512553.1
Sro542_g163360	CAB9512554.1
Sro542_g163370	CAB9512555.1
Sro542_g163380	CAB9512556.1
Sro542_g163390	CAB9512557.1
Sro542_g163410	CAB9512558.1
Sro542_g163420	CAB9512559.1
Sro543_g163430	CAB9512560.1
Sro543_g163440	CAB9512561.1
Sro543_g163450	CAB9512562.1
Sro543_g163460	CAB9512563.1
Sro543_g163470	CAB9512564.1
Sro543_g163480	CAB9512565.1
Sro543_g163490	CAB9512566.1
Sro543_g163500	CAB9512567.1
Sro543_g163510	CAB9512568.1
Sro543_g163520	CAB9512569.1
Sro543_g163530	CAB9512570.1
Sro543_g163540	CAB9512571.1
Sro543_g163550	CAB9512572.1
Sro543_g163560	CAB9512573.1
Sro543_g163570	CAB9512574.1
Sro543_g163580	CAB9512575.1
Sro543_g163590	CAB9512576.1
Sro543_g163600	CAB9512577.1
Sro543_g163610	CAB9512578.1
Sro543_g163620	CAB9512579.1
Sro544_g163621	CAB9512580.1
Sro544_g163622	CAB9512581.1
Sro544_g163623	CAB9512582.1
Sro544_g163630	CAB9512583.1
Sro544_g163640	CAB9512584.1
Sro544_g163650	CAB9512585.1
Sro544_g163660	CAB9512586.1
Sro544_g163670	CAB9512587.1
Sro544_g163680	CAB9512588.1
Sro544_g163690	CAB9512589.1
Sro544_g163700	CAB9512590.1
Sro544_g163710	CAB9512591.1
Sro544_g163720	CAB9512592.1
Sro544_g163730	CAB9512593.1
Sro544_g163740	CAB9512594.1
Sro544_g163750	CAB9512595.1
Sro545_g163760	CAB9512596.1
Sro545_g163770	CAB9512597.1
Sro545_g163780	CAB9512598.1
Sro545_g163790	CAB9512599.1
Sro545_g163800	CAB9512600.1
Sro545_g163810	CAB9512601.1
Sro545_g163820	CAB9512602.1
Sro545_g163830	CAB9512603.1
Sro545_g163840	CAB9512604.1
Sro545_g163850	CAB9512605.1
Sro545_g163860	CAB9512606.1
Sro545_g163870	CAB9512607.1
Sro545_g163880	CAB9512608.1
Sro545_g163890	CAB9512609.1
Sro545_g163900	CAB9512610.1
Sro545_g163910	CAB9512611.1
Sro545_g163920	CAB9512612.1
Sro545_g163930	CAB9512613.1
Sro545_g163940	CAB9512614.1
Sro545_g163950	CAB9512615.1
Sro545_g163960	CAB9512616.1
Sro546_g163970	CAB9512617.1
Sro546_g163980	CAB9512618.1
Sro546_g163990	CAB9512619.1
Sro546_g164000	CAB9512620.1
Sro546_g164010	CAB9512621.1
Sro546_g164020	CAB9512622.1
Sro546_g164030	CAB9512623.1
Sro546_g164040	CAB9512624.1
Sro546_g164050	CAB9512625.1
Sro546_g164060	CAB9512626.1
Sro546_g164070	CAB9512627.1
Sro546_g164080	CAB9512628.1
Sro546_g164090	CAB9512629.1
Sro546_g164100	CAB9512630.1
Sro546_g164110	CAB9512631.1
Sro546_g164120	CAB9512632.1
Sro546_g164130	CAB9512633.1
Sro546_g164140	CAB9512634.1
Sro546_g164150	CAB9512635.1
Sro546_g164160	CAB9512636.1
Sro547_g164170	CAB9512637.1
Sro547_g164180	CAB9512638.1
Sro547_g164190	CAB9512639.1
Sro547_g164200	CAB9512640.1
Sro547_g164210	CAB9512641.1
Sro547_g164220	CAB9512642.1
Sro547_g164230	CAB9512643.1
Sro547_g164240	CAB9512644.1
Sro547_g164250	CAB9512645.1
Sro547_g164260	CAB9512646.1
Sro547_g164270	CAB9512647.1
Sro547_g164280	CAB9512648.1
Sro547_g164290	CAB9512649.1
Sro547_g164300	CAB9512650.1
Sro548_g164310	CAB9512651.1
Sro548_g164320	CAB9512652.1
Sro548_g164330	CAB9512653.1
Sro548_g164340	CAB9512654.1
Sro548_g164350	CAB9512655.1
Sro548_g164360	CAB9512656.1
Sro548_g164370	CAB9512657.1
Sro548_g164380	CAB9512658.1
Sro548_g164390	CAB9512659.1
Sro548_g164400	CAB9512660.1
Sro548_g164410	CAB9512661.1
Sro548_g164420	CAB9512662.1
Sro548_g164430	CAB9512663.1
Sro548_g164440	CAB9512664.1
Sro548_g164450	CAB9512665.1
Sro548_g164460	CAB9512666.1
Sro548_g164470	CAB9512667.1
Sro548_g164480	CAB9512668.1
Sro548_g164490	CAB9512669.1
Sro548_g164500	CAB9512670.1
Sro549_g164510	CAB9512671.1
Sro549_g164520	CAB9512672.1
Sro549_g164530	CAB9512673.1
Sro549_g164540	CAB9512674.1
Sro549_g164550	CAB9512675.1
Sro549_g164560	CAB9512676.1
Sro549_g164570	CAB9512677.1
Sro549_g164580	CAB9512678.1
Sro549_g164590	CAB9512679.1
Sro549_g164600	CAB9512680.1
Sro549_g164610	CAB9512681.1
Sro54_g031650	CAB9499106.1
Sro54_g031660	CAB9499107.1
Sro54_g031670	CAB9499108.1
Sro54_g031680	CAB9499109.1
Sro54_g031690	CAB9499110.1
Sro54_g031700	CAB9499111.1
Sro54_g031710	CAB9499112.1
Sro54_g031720	CAB9499113.1
Sro54_g031730	CAB9499114.1
Sro54_g031740	CAB9499115.1
Sro54_g031750	CAB9499116.1
Sro54_g031760	CAB9499117.1
Sro54_g031770	CAB9499118.1
Sro54_g031780	CAB9499119.1
Sro54_g031790	CAB9499120.1
Sro54_g031800	CAB9499121.1
Sro54_g031810	CAB9499122.1
Sro54_g031820	CAB9499123.1
Sro54_g031830	CAB9499124.1
Sro54_g031840	CAB9499125.1
Sro54_g031850	CAB9499126.1
Sro54_g031860	CAB9499127.1
Sro54_g031870	CAB9499128.1
Sro54_g031880	CAB9499129.1
Sro54_g031890	CAB9499130.1
Sro54_g031900	CAB9499131.1
Sro54_g031910	CAB9499132.1
Sro54_g031920	CAB9499133.1
Sro54_g031930	CAB9499134.1
Sro54_g031940	CAB9499135.1
Sro54_g031950	CAB9499136.1
Sro54_g031960	CAB9499137.1
Sro54_g031970	CAB9499138.1
Sro54_g031980	CAB9499139.1
Sro54_g031990	CAB9499140.1
Sro54_g032000	CAB9499141.1
Sro54_g032010	CAB9499142.1
Sro54_g032020	CAB9499143.1
Sro54_g032030	CAB9499144.1
Sro54_g032040	CAB9499145.1
Sro54_g032050	CAB9499146.1
Sro54_g032060	CAB9499147.1
Sro54_g032070	CAB9499148.1
Sro54_g032080	CAB9499149.1
Sro54_g032090	CAB9499150.1
Sro54_g032100	CAB9499151.1
Sro54_g032110	CAB9499152.1
Sro550_g164620	CAB9512682.1
Sro550_g164630	CAB9512683.1
Sro550_g164640	CAB9512684.1
Sro550_g164650	CAB9512685.1
Sro550_g164660	CAB9512686.1
Sro550_g164670	CAB9512687.1
Sro550_g164680	CAB9512688.1
Sro550_g164690	CAB9512689.1
Sro550_g164700	CAB9512690.1
Sro550_g164710	CAB9512691.1
Sro550_g164720	CAB9512692.1
Sro550_g164730	CAB9512693.1
Sro550_g164740	CAB9512694.1
Sro550_g164750	CAB9512695.1
Sro550_g164760	CAB9512696.1
Sro550_g164770	CAB9512697.1
Sro550_g164780	CAB9512698.1
Sro550_g164790	CAB9512699.1
Sro551_g164800	CAB9512700.1
Sro551_g164810	CAB9512701.1
Sro551_g164820	CAB9512702.1
Sro551_g164830	CAB9512703.1
Sro551_g164840	CAB9512704.1
Sro551_g164850	CAB9512705.1
Sro551_g164860	CAB9512706.1
Sro551_g164870	CAB9512707.1
Sro551_g164880	CAB9512708.1
Sro551_g164890	CAB9512709.1
Sro551_g164900	CAB9512710.1
Sro551_g164910	CAB9512711.1
Sro551_g164920	CAB9512712.1
Sro551_g164930	CAB9512713.1
Sro551_g164940	CAB9512714.1
Sro551_g164950	CAB9512715.1
Sro551_g164960	CAB9512716.1
Sro551_g164970	CAB9512717.1
Sro551_g164980	CAB9512718.1
Sro552_g164990	CAB9512719.1
Sro552_g165000	CAB9512720.1
Sro552_g165010	CAB9512721.1
Sro552_g165020	CAB9512722.1
Sro552_g165030	CAB9512723.1
Sro552_g165040	CAB9512724.1
Sro552_g165050	CAB9512725.1
Sro552_g165060	CAB9512726.1
Sro552_g165070	CAB9512727.1
Sro552_g165080	CAB9512728.1
Sro552_g165090	CAB9512729.1
Sro552_g165100	CAB9512730.1
Sro552_g165110	CAB9512731.1
Sro552_g165120	CAB9512732.1
Sro552_g165130	CAB9512733.1
Sro552_g165140	CAB9512734.1
Sro552_g165150	CAB9512735.1
Sro552_g165160	CAB9512736.1
Sro552_g165170	CAB9512737.1
Sro552_g165180	CAB9512738.1
Sro552_g165181	CAB9512739.1
Sro552_g165190	CAB9512740.1
Sro553_g165200	CAB9512741.1
Sro553_g165210	CAB9512742.1
Sro553_g165220	CAB9512743.1
Sro553_g165230	CAB9512744.1
Sro553_g165240	CAB9512745.1
Sro553_g165250	CAB9512746.1
Sro553_g165260	CAB9512747.1
Sro553_g165270	CAB9512748.1
Sro553_g165280	CAB9512749.1
Sro553_g165290	CAB9512750.1
Sro553_g165300	CAB9512751.1
Sro553_g165310	CAB9512752.1
Sro553_g165320	CAB9512753.1
Sro553_g165330	CAB9512754.1
Sro553_g165340	CAB9512755.1
Sro553_g165350	CAB9512756.1
Sro553_g165360	CAB9512757.1
Sro553_g165370	CAB9512758.1
Sro553_g165380	CAB9512759.1
Sro553_g165390	CAB9512760.1
Sro553_g165400	CAB9512761.1
Sro553_g165410	CAB9512762.1
Sro554_g165420	CAB9512763.1
Sro554_g165430	CAB9512764.1
Sro554_g165440	CAB9512765.1
Sro554_g165450	CAB9512766.1
Sro554_g165460	CAB9512767.1
Sro554_g165470	CAB9512768.1
Sro554_g165480	CAB9512769.1
Sro554_g165481	CAB9512770.1
Sro554_g165490	CAB9512771.1
Sro554_g165500	CAB9512772.1
Sro554_g165510	CAB9512773.1
Sro554_g165520	CAB9512774.1
Sro554_g165530	CAB9512775.1
Sro554_g165540	CAB9512776.1
Sro554_g165550	CAB9512777.1
Sro554_g165551	CAB9512778.1
Sro554_g165560	CAB9512779.1
Sro554_g165570	CAB9512780.1
Sro554_g165580	CAB9512781.1
Sro554_g165590	CAB9512782.1
Sro555_g165600	CAB9512783.1
Sro555_g165610	CAB9512784.1
Sro555_g165620	CAB9512785.1
Sro555_g165630	CAB9512786.1
Sro555_g165640	CAB9512787.1
Sro555_g165650	CAB9512788.1
Sro555_g165660	CAB9512789.1
Sro555_g165670	CAB9512790.1
Sro555_g165680	CAB9512791.1
Sro555_g165690	CAB9512792.1
Sro555_g165700	CAB9512793.1
Sro555_g165710	CAB9512794.1
Sro555_g165720	CAB9512795.1
Sro555_g165730	CAB9512796.1
Sro555_g165740	CAB9512797.1
Sro555_g165750	CAB9512798.1
Sro555_g165760	CAB9512799.1
Sro555_g165770	CAB9512800.1
Sro555_g165780	CAB9512801.1
Sro555_g165790	CAB9512802.1
Sro555_g165800	CAB9512803.1
Sro555_g165810	CAB9512804.1
Sro555_g165820	CAB9512805.1
Sro555_g165830	CAB9512806.1
Sro555_g165840	CAB9512807.1
Sro556_g165850	CAB9512808.1
Sro556_g165860	CAB9512809.1
Sro556_g165870	CAB9512810.1
Sro556_g165871	CAB9512811.1
Sro556_g165880	CAB9512812.1
Sro556_g165890	CAB9512813.1
Sro556_g165900	CAB9512814.1
Sro556_g165910	CAB9512815.1
Sro556_g165920	CAB9512816.1
Sro556_g165930	CAB9512817.1
Sro556_g165940	CAB9512818.1
Sro556_g165950	CAB9512819.1
Sro556_g165960	CAB9512820.1
Sro556_g165970	CAB9512821.1
Sro556_g165980	CAB9512822.1
Sro556_g165990	CAB9512823.1
Sro556_g166000	CAB9512824.1
Sro556_g166010	CAB9512825.1
Sro556_g166020	CAB9512826.1
Sro556_g166030	CAB9512827.1
Sro556_g166040	CAB9512828.1
Sro557_g166050	CAB9512829.1
Sro557_g166060	CAB9512830.1
Sro557_g166070	CAB9512831.1
Sro557_g166080	CAB9512832.1
Sro557_g166090	CAB9512833.1
Sro557_g166100	CAB9512834.1
Sro557_g166110	CAB9512835.1
Sro557_g166120	CAB9512836.1
Sro557_g166130	CAB9512837.1
Sro557_g166140	CAB9512838.1
Sro557_g166150	CAB9512839.1
Sro557_g166160	CAB9512840.1
Sro557_g166161	CAB9512841.1
Sro557_g166170	CAB9512842.1
Sro557_g166180	CAB9512843.1
Sro557_g166190	CAB9512844.1
Sro557_g166200	CAB9512845.1
Sro557_g166210	CAB9512846.1
Sro557_g166211	CAB9512847.1
Sro557_g166220	CAB9512848.1
Sro557_g166230	CAB9512849.1
Sro557_g166240	CAB9512850.1
Sro558_g166250	CAB9512851.1
Sro558_g166260	CAB9512852.1
Sro558_g166270	CAB9512853.1
Sro558_g166280	CAB9512854.1
Sro558_g166290	CAB9512855.1
Sro558_g166300	CAB9512856.1
Sro558_g166310	CAB9512857.1
Sro558_g166320	CAB9512858.1
Sro558_g166330	CAB9512859.1
Sro558_g166340	CAB9512860.1
Sro558_g166350	CAB9512861.1
Sro558_g166360	CAB9512862.1
Sro559_g166370	CAB9512863.1
Sro559_g166380	CAB9512864.1
Sro559_g166390	CAB9512865.1
Sro559_g166400	CAB9512866.1
Sro559_g166410	CAB9512867.1
Sro559_g166420	CAB9512868.1
Sro559_g166430	CAB9512869.1
Sro559_g166440	CAB9512870.1
Sro559_g166450	CAB9512871.1
Sro559_g166460	CAB9512872.1
Sro559_g166470	CAB9512873.1
Sro559_g166480	CAB9512874.1
Sro559_g166490	CAB9512875.1
Sro559_g166500	CAB9512876.1
Sro559_g166510	CAB9512877.1
Sro559_g166520	CAB9512878.1
Sro559_g166530	CAB9512879.1
Sro559_g166540	CAB9512880.1
Sro559_g166550	CAB9512881.1
Sro559_g166560	CAB9512882.1
Sro559_g166570	CAB9512883.1
Sro559_g166580	CAB9512884.1
Sro55_g032120	CAB9499153.1
Sro55_g032130	CAB9499154.1
Sro55_g032140	CAB9499155.1
Sro55_g032150	CAB9499156.1
Sro55_g032160	CAB9499157.1
Sro55_g032170	CAB9499158.1
Sro55_g032171	CAB9499159.1
Sro55_g032180	CAB9499160.1
Sro55_g032190	CAB9499161.1
Sro55_g032200	CAB9499162.1
Sro55_g032210	CAB9499163.1
Sro55_g032220	CAB9499164.1
Sro55_g032230	CAB9499165.1
Sro55_g032240	CAB9499166.1
Sro55_g032250	CAB9499167.1
Sro55_g032260	CAB9499168.1
Sro55_g032270	CAB9499169.1
Sro55_g032280	CAB9499170.1
Sro55_g032290	CAB9499171.1
Sro55_g032300	CAB9499172.1
Sro55_g032310	CAB9499173.1
Sro55_g032320	CAB9499174.1
Sro55_g032330	CAB9499175.1
Sro55_g032340	CAB9499176.1
Sro55_g032350	CAB9499177.1
Sro55_g032360	CAB9499178.1
Sro55_g032370	CAB9499179.1
Sro55_g032371	CAB9499180.1
Sro55_g032380	CAB9499181.1
Sro55_g032390	CAB9499182.1
Sro55_g032391	CAB9499183.1
Sro55_g032400	CAB9499184.1
Sro55_g032410	CAB9499185.1
Sro55_g032420	CAB9499186.1
Sro55_g032430	CAB9499187.1
Sro55_g032440	CAB9499188.1
Sro55_g032450	CAB9499189.1
Sro55_g032460	CAB9499190.1
Sro55_g032470	CAB9499191.1
Sro55_g032480	CAB9499192.1
Sro55_g032490	CAB9499193.1
Sro55_g032500	CAB9499194.1
Sro55_g032510	CAB9499195.1
Sro55_g032520	CAB9499196.1
Sro55_g032530	CAB9499197.1
Sro55_g032540	CAB9499198.1
Sro55_g032550	CAB9499199.1
Sro560_g033071	CAB9512885.1
Sro560_g166590	CAB9512886.1
Sro560_g166600	CAB9512887.1
Sro560_g166610	CAB9512888.1
Sro560_g166620	CAB9512889.1
Sro560_g166630	CAB9512890.1
Sro560_g166640	CAB9512891.1
Sro560_g166650	CAB9512892.1
Sro560_g166660	CAB9512893.1
Sro560_g166670	CAB9512894.1
Sro560_g166680	CAB9512895.1
Sro560_g166690	CAB9512896.1
Sro560_g166700	CAB9512897.1
Sro560_g166710	CAB9512898.1
Sro560_g166720	CAB9512899.1
Sro561_g166730	CAB9512900.1
Sro561_g166740	CAB9512901.1
Sro561_g166750	CAB9512902.1
Sro561_g166760	CAB9512903.1
Sro561_g166770	CAB9512904.1
Sro561_g166780	CAB9512905.1
Sro561_g166781	CAB9512906.1
Sro561_g166790	CAB9512907.1
Sro561_g166800	CAB9512908.1
Sro561_g166810	CAB9512909.1
Sro561_g166820	CAB9512910.1
Sro561_g166830	CAB9512911.1
Sro561_g166840	CAB9512912.1
Sro561_g166850	CAB9512913.1
Sro561_g166860	CAB9512914.1
Sro561_g166870	CAB9512915.1
Sro561_g166880	CAB9512916.1
Sro561_g166881	CAB9512917.1
Sro561_g166890	CAB9512918.1
Sro561_g166900	CAB9512919.1
Sro561_g166910	CAB9512920.1
Sro562_g166920	CAB9512921.1
Sro562_g166930	CAB9512922.1
Sro562_g166940	CAB9512923.1
Sro562_g166950	CAB9512924.1
Sro562_g166960	CAB9512925.1
Sro562_g166970	CAB9512926.1
Sro562_g166980	CAB9512927.1
Sro562_g166990	CAB9512928.1
Sro562_g167000	CAB9512929.1
Sro562_g167010	CAB9512930.1
Sro562_g167020	CAB9512931.1
Sro562_g167030	CAB9512932.1
Sro562_g167040	CAB9512933.1
Sro562_g167050	CAB9512934.1
Sro562_g167060	CAB9512935.1
Sro562_g167070	CAB9512936.1
Sro562_g167080	CAB9512937.1
Sro562_g167090	CAB9512938.1
Sro562_g167100	CAB9512939.1
Sro562_g167110	CAB9512940.1
Sro562_g167120	CAB9512941.1
Sro562_g167130	CAB9512942.1
Sro562_g167140	CAB9512943.1
Sro563_g167150	CAB9512944.1
Sro563_g167160	CAB9512945.1
Sro563_g167170	CAB9512946.1
Sro563_g167180	CAB9512947.1
Sro563_g167190	CAB9512948.1
Sro563_g167200	CAB9512949.1
Sro563_g167210	CAB9512950.1
Sro563_g167220	CAB9512951.1
Sro563_g167230	CAB9512952.1
Sro563_g167240	CAB9512953.1
Sro563_g167250	CAB9512954.1
Sro564_g167260	CAB9512955.1
Sro564_g167270	CAB9512956.1
Sro564_g167280	CAB9512957.1
Sro564_g167290	CAB9512958.1
Sro564_g167300	CAB9512959.1
Sro564_g167310	CAB9512960.1
Sro564_g167320	CAB9512961.1
Sro564_g167330	CAB9512962.1
Sro564_g167340	CAB9512963.1
Sro564_g167350	CAB9512964.1
Sro564_g167360	CAB9512965.1
Sro564_g167370	CAB9512966.1
Sro564_g167380	CAB9512967.1
Sro564_g167390	CAB9512968.1
Sro564_g167400	CAB9512969.1
Sro564_g167410	CAB9512970.1
Sro564_g167420	CAB9512971.1
Sro564_g167430	CAB9512972.1
Sro564_g167440	CAB9512973.1
Sro564_g167450	CAB9512974.1
Sro564_g167460	CAB9512975.1
Sro564_g167470	CAB9512976.1
Sro564_g167480	CAB9512977.1
Sro564_g167490	CAB9512978.1
Sro565_g167500	CAB9512979.1
Sro565_g167510	CAB9512980.1
Sro565_g167520	CAB9512981.1
Sro565_g167530	CAB9512982.1
Sro565_g167540	CAB9512983.1
Sro565_g167550	CAB9512984.1
Sro565_g167560	CAB9512985.1
Sro565_g167570	CAB9512986.1
Sro565_g167580	CAB9512987.1
Sro565_g167590	CAB9512988.1
Sro565_g167600	CAB9512989.1
Sro565_g167610	CAB9512990.1
Sro565_g167620	CAB9512991.1
Sro565_g167630	CAB9512992.1
Sro565_g167640	CAB9512993.1
Sro565_g167650	CAB9512994.1
Sro565_g167660	CAB9512995.1
Sro565_g167670	CAB9512996.1
Sro565_g167680	CAB9512997.1
Sro565_g167690	CAB9512998.1
Sro565_g167700	CAB9512999.1
Sro565_g167710	CAB9513000.1
Sro566_g167720	CAB9513001.1
Sro566_g167730	CAB9513002.1
Sro566_g167740	CAB9513003.1
Sro566_g167750	CAB9513004.1
Sro566_g167760	CAB9513005.1
Sro566_g167770	CAB9513006.1
Sro566_g167780	CAB9513007.1
Sro566_g167790	CAB9513008.1
Sro566_g167800	CAB9513009.1
Sro566_g167810	CAB9513010.1
Sro566_g167820	CAB9513011.1
Sro566_g167830	CAB9513012.1
Sro566_g167840	CAB9513013.1
Sro566_g167850	CAB9513014.1
Sro566_g167860	CAB9513015.1
Sro566_g167870	CAB9513016.1
Sro567_g167880	CAB9513017.1
Sro567_g167890	CAB9513018.1
Sro567_g167900	CAB9513019.1
Sro567_g167910	CAB9513020.1
Sro567_g167920	CAB9513021.1
Sro567_g167930	CAB9513022.1
Sro567_g167940	CAB9513023.1
Sro567_g167950	CAB9513024.1
Sro567_g167960	CAB9513025.1
Sro567_g167970	CAB9513026.1
Sro567_g167980	CAB9513027.1
Sro567_g167990	CAB9513028.1
Sro567_g168000	CAB9513029.1
Sro567_g168010	CAB9513030.1
Sro567_g168020	CAB9513031.1
Sro567_g168030	CAB9513032.1
Sro567_g168040	CAB9513033.1
Sro567_g168050	CAB9513034.1
Sro567_g168060	CAB9513035.1
Sro567_g168070	CAB9513036.1
Sro567_g168080	CAB9513037.1
Sro567_g168090	CAB9513038.1
Sro567_g168100	CAB9513039.1
Sro568_g168110	CAB9513040.1
Sro568_g168111	CAB9513041.1
Sro568_g168120	CAB9513042.1
Sro568_g168130	CAB9513043.1
Sro568_g168140	CAB9513044.1
Sro568_g168150	CAB9513045.1
Sro568_g168160	CAB9513046.1
Sro568_g168170	CAB9513047.1
Sro568_g168180	CAB9513048.1
Sro568_g168190	CAB9513049.1
Sro568_g168200	CAB9513050.1
Sro568_g168210	CAB9513051.1
Sro568_g168220	CAB9513052.1
Sro568_g168230	CAB9513053.1
Sro569_g168240	CAB9513054.1
Sro569_g168250	CAB9513055.1
Sro569_g168260	CAB9513056.1
Sro569_g168270	CAB9513057.1
Sro569_g168280	CAB9513058.1
Sro569_g168290	CAB9513059.1
Sro569_g168300	CAB9513060.1
Sro569_g168310	CAB9513061.1
Sro569_g168320	CAB9513062.1
Sro569_g168330	CAB9513063.1
Sro569_g168340	CAB9513064.1
Sro569_g168350	CAB9513065.1
Sro569_g168360	CAB9513066.1
Sro569_g168370	CAB9513067.1
Sro569_g168380	CAB9513068.1
Sro569_g168390	CAB9513069.1
Sro569_g168400	CAB9513070.1
Sro569_g168410	CAB9513071.1
Sro56_g032560	CAB9499200.1
Sro56_g032570	CAB9499201.1
Sro56_g032580	CAB9499202.1
Sro56_g032590	CAB9499203.1
Sro56_g032600	CAB9499204.1
Sro56_g032610	CAB9499205.1
Sro56_g032620	CAB9499206.1
Sro56_g032630	CAB9499207.1
Sro56_g032640	CAB9499208.1
Sro56_g032650	CAB9499209.1
Sro56_g032660	CAB9499210.1
Sro56_g032670	CAB9499211.1
Sro56_g032680	CAB9499212.1
Sro56_g032690	CAB9499213.1
Sro56_g032700	CAB9499214.1
Sro56_g032710	CAB9499215.1
Sro56_g032720	CAB9499216.1
Sro56_g032730	CAB9499217.1
Sro56_g032740	CAB9499218.1
Sro56_g032750	CAB9499219.1
Sro56_g032760	CAB9499220.1
Sro56_g032770	CAB9499221.1
Sro56_g032780	CAB9499222.1
Sro56_g032790	CAB9499223.1
Sro56_g032800	CAB9499224.1
Sro56_g032810	CAB9499225.1
Sro56_g032820	CAB9499226.1
Sro56_g032830	CAB9499227.1
Sro56_g032840	CAB9499228.1
Sro56_g032860	CAB9499229.1
Sro56_g032870	CAB9499230.1
Sro56_g032880	CAB9499231.1
Sro56_g032890	CAB9499232.1
Sro56_g032900	CAB9499233.1
Sro56_g032910	CAB9499234.1
Sro56_g032920	CAB9499235.1
Sro56_g032930	CAB9499236.1
Sro56_g032940	CAB9499237.1
Sro56_g032950	CAB9499238.1
Sro56_g032960	CAB9499239.1
Sro56_g032970	CAB9499240.1
Sro56_g032980	CAB9499241.1
Sro56_g032990	CAB9499242.1
Sro56_g033000	CAB9499243.1
Sro56_g033010	CAB9499244.1
Sro56_g033020	CAB9499245.1
Sro56_g033030	CAB9499246.1
Sro56_g033040	CAB9499247.1
Sro56_g033050	CAB9499248.1
Sro56_g033060	CAB9499249.1
Sro56_g033070	CAB9499250.1
Sro570_g168420	CAB9513072.1
Sro570_g168430	CAB9513073.1
Sro570_g168440	CAB9513074.1
Sro570_g168450	CAB9513075.1
Sro570_g168460	CAB9513076.1
Sro570_g168470	CAB9513077.1
Sro570_g168480	CAB9513078.1
Sro570_g168490	CAB9513079.1
Sro570_g168500	CAB9513080.1
Sro570_g168510	CAB9513081.1
Sro570_g168520	CAB9513082.1
Sro570_g168530	CAB9513083.1
Sro570_g168540	CAB9513084.1
Sro570_g168550	CAB9513085.1
Sro570_g168560	CAB9513086.1
Sro570_g168570	CAB9513087.1
Sro570_g168580	CAB9513088.1
Sro570_g168590	CAB9513089.1
Sro570_g168600	CAB9513090.1
Sro570_g168610	CAB9513091.1
Sro571_g168620	CAB9513092.1
Sro571_g168650	CAB9513093.1
Sro571_g168660	CAB9513094.1
Sro571_g168670	CAB9513095.1
Sro571_g168680	CAB9513096.1
Sro571_g168690	CAB9513097.1
Sro571_g168700	CAB9513098.1
Sro571_g168710	CAB9513099.1
Sro571_g168711	CAB9513100.1
Sro572_g168720	CAB9513101.1
Sro572_g168730	CAB9513102.1
Sro572_g168740	CAB9513103.1
Sro572_g168750	CAB9513104.1
Sro572_g168760	CAB9513105.1
Sro572_g168770	CAB9513106.1
Sro572_g168780	CAB9513107.1
Sro572_g168790	CAB9513108.1
Sro572_g168800	CAB9513109.1
Sro572_g168810	CAB9513110.1
Sro572_g168820	CAB9513111.1
Sro572_g168830	CAB9513112.1
Sro572_g168840	CAB9513113.1
Sro572_g168850	CAB9513114.1
Sro572_g168860	CAB9513115.1
Sro572_g168870	CAB9513116.1
Sro572_g168880	CAB9513117.1
Sro572_g168890	CAB9513118.1
Sro572_g168900	CAB9513119.1
Sro573_g168910	CAB9513120.1
Sro573_g168920	CAB9513121.1
Sro573_g168930	CAB9513122.1
Sro573_g168940	CAB9513123.1
Sro573_g168950	CAB9513124.1
Sro573_g168960	CAB9513125.1
Sro573_g168970	CAB9513126.1
Sro573_g168980	CAB9513127.1
Sro573_g168990	CAB9513128.1
Sro573_g169000	CAB9513129.1
Sro573_g169010	CAB9513130.1
Sro573_g169020	CAB9513131.1
Sro573_g169030	CAB9513132.1
Sro573_g169040	CAB9513133.1
Sro573_g169050	CAB9513134.1
Sro573_g169060	CAB9513135.1
Sro573_g169070	CAB9513136.1
Sro573_g169080	CAB9513137.1
Sro574_g169090	CAB9513138.1
Sro574_g169100	CAB9513139.1
Sro574_g169110	CAB9513140.1
Sro574_g169120	CAB9513141.1
Sro574_g169130	CAB9513142.1
Sro574_g169140	CAB9513143.1
Sro574_g169150	CAB9513144.1
Sro574_g169160	CAB9513145.1
Sro574_g169170	CAB9513146.1
Sro574_g169180	CAB9513147.1
Sro574_g169190	CAB9513148.1
Sro574_g169200	CAB9513149.1
Sro574_g169210	CAB9513150.1
Sro574_g169220	CAB9513151.1
Sro574_g169230	CAB9513152.1
Sro574_g169240	CAB9513153.1
Sro574_g169250	CAB9513154.1
Sro574_g169260	CAB9513155.1
Sro574_g169270	CAB9513156.1
Sro575_g169280	CAB9513157.1
Sro575_g169290	CAB9513158.1
Sro575_g169300	CAB9513159.1
Sro575_g169310	CAB9513160.1
Sro575_g169320	CAB9513161.1
Sro575_g169330	CAB9513162.1
Sro575_g169340	CAB9513163.1
Sro575_g169350	CAB9513164.1
Sro575_g169360	CAB9513165.1
Sro575_g169370	CAB9513166.1
Sro575_g169380	CAB9513167.1
Sro575_g169390	CAB9513168.1
Sro575_g169400	CAB9513169.1
Sro575_g169410	CAB9513170.1
Sro575_g169420	CAB9513171.1
Sro575_g169430	CAB9513172.1
Sro575_g169440	CAB9513173.1
Sro576_g169450	CAB9513174.1
Sro576_g169460	CAB9513175.1
Sro576_g169470	CAB9513176.1
Sro576_g169480	CAB9513177.1
Sro576_g169490	CAB9513178.1
Sro576_g169500	CAB9513179.1
Sro576_g169510	CAB9513180.1
Sro576_g169520	CAB9513181.1
Sro576_g169530	CAB9513182.1
Sro576_g169540	CAB9513183.1
Sro576_g169550	CAB9513184.1
Sro576_g169560	CAB9513185.1
Sro576_g169570	CAB9513186.1
Sro576_g169580	CAB9513187.1
Sro576_g169590	CAB9513188.1
Sro577_g169600	CAB9513189.1
Sro577_g169610	CAB9513190.1
Sro577_g169620	CAB9513191.1
Sro577_g169630	CAB9513192.1
Sro577_g169640	CAB9513193.1
Sro577_g169650	CAB9513194.1
Sro577_g169660	CAB9513195.1
Sro577_g169670	CAB9513196.1
Sro577_g169680	CAB9513197.1
Sro577_g169690	CAB9513198.1
Sro577_g169700	CAB9513199.1
Sro577_g169710	CAB9513200.1
Sro577_g169720	CAB9513201.1
Sro577_g169730	CAB9513202.1
Sro577_g169740	CAB9513203.1
Sro577_g169750	CAB9513204.1
Sro578_g169760	CAB9513205.1
Sro578_g169770	CAB9513206.1
Sro578_g169780	CAB9513207.1
Sro578_g169790	CAB9513208.1
Sro578_g169800	CAB9513209.1
Sro578_g169810	CAB9513210.1
Sro578_g169820	CAB9513211.1
Sro578_g169830	CAB9513212.1
Sro578_g169840	CAB9513213.1
Sro578_g169850	CAB9513214.1
Sro578_g169860	CAB9513215.1
Sro578_g169870	CAB9513216.1
Sro578_g169880	CAB9513217.1
Sro578_g169890	CAB9513218.1
Sro579_g169900	CAB9513219.1
Sro579_g169910	CAB9513220.1
Sro579_g169920	CAB9513221.1
Sro579_g169930	CAB9513222.1
Sro579_g169940	CAB9513223.1
Sro579_g169950	CAB9513224.1
Sro579_g169960	CAB9513225.1
Sro579_g169970	CAB9513226.1
Sro579_g169980	CAB9513227.1
Sro579_g169990	CAB9513228.1
Sro579_g170000	CAB9513229.1
Sro579_g170010	CAB9513230.1
Sro579_g170020	CAB9513231.1
Sro579_g170030	CAB9513232.1
Sro579_g170040	CAB9513233.1
Sro579_g170050	CAB9513234.1
Sro57_g033080	CAB9499251.1
Sro57_g033090	CAB9499252.1
Sro57_g033100	CAB9499253.1
Sro57_g033110	CAB9499254.1
Sro57_g033120	CAB9499255.1
Sro57_g033121	CAB9499256.1
Sro57_g033130	CAB9499257.1
Sro57_g033131	CAB9499258.1
Sro57_g033140	CAB9499259.1
Sro57_g033150	CAB9499260.1
Sro57_g033160	CAB9499261.1
Sro57_g033170	CAB9499262.1
Sro57_g033180	CAB9499263.1
Sro57_g033190	CAB9499264.1
Sro57_g033200	CAB9499265.1
Sro57_g033210	CAB9499266.1
Sro57_g033220	CAB9499267.1
Sro57_g033230	CAB9499268.1
Sro57_g033240	CAB9499269.1
Sro57_g033250	CAB9499270.1
Sro57_g033260	CAB9499271.1
Sro57_g033261	CAB9499273.1
Sro57_g033270	CAB9499272.1
Sro57_g033280	CAB9499274.1
Sro57_g033290	CAB9499275.1
Sro57_g033300	CAB9499276.1
Sro57_g033310	CAB9499277.1
Sro57_g033320	CAB9499278.1
Sro57_g033330	CAB9499279.1
Sro57_g033340	CAB9499280.1
Sro57_g033350	CAB9499281.1
Sro57_g033360	CAB9499282.1
Sro57_g033370	CAB9499283.1
Sro57_g033380	CAB9499284.1
Sro57_g033390	CAB9499285.1
Sro57_g033400	CAB9499286.1
Sro57_g033410	CAB9499287.1
Sro57_g033420	CAB9499288.1
Sro57_g033430	CAB9499289.1
Sro57_g033440	CAB9499290.1
Sro57_g033450	CAB9499291.1
Sro57_g033460	CAB9499292.1
Sro57_g033470	CAB9499293.1
Sro57_g033480	CAB9499294.1
Sro57_g033490	CAB9499295.1
Sro57_g033500	CAB9499296.1
Sro57_g033510	CAB9499297.1
Sro57_g033520	CAB9499298.1
Sro57_g033530	CAB9499299.1
Sro57_g033540	CAB9499300.1
Sro580_g170060	CAB9513235.1
Sro580_g170070	CAB9513236.1
Sro580_g170080	CAB9513237.1
Sro580_g170090	CAB9513238.1
Sro580_g170100	CAB9513239.1
Sro580_g170110	CAB9513240.1
Sro580_g170120	CAB9513241.1
Sro580_g170130	CAB9513242.1
Sro580_g170140	CAB9513243.1
Sro580_g170150	CAB9513244.1
Sro580_g170160	CAB9513245.1
Sro580_g170170	CAB9513246.1
Sro580_g170180	CAB9513247.1
Sro580_g170190	CAB9513248.1
Sro581_g170200	CAB9513249.1
Sro581_g170210	CAB9513250.1
Sro581_g170220	CAB9513251.1
Sro581_g170230	CAB9513252.1
Sro581_g170240	CAB9513253.1
Sro581_g170250	CAB9513254.1
Sro581_g170260	CAB9513255.1
Sro581_g170270	CAB9513256.1
Sro581_g170280	CAB9513257.1
Sro581_g170290	CAB9513258.1
Sro581_g170300	CAB9513259.1
Sro581_g170310	CAB9513260.1
Sro581_g170320	CAB9513261.1
Sro581_g170330	CAB9513262.1
Sro581_g170340	CAB9513263.1
Sro581_g170350	CAB9513264.1
Sro581_g170360	CAB9513265.1
Sro581_g170370	CAB9513266.1
Sro581_g170380	CAB9513267.1
Sro581_g170390	CAB9513268.1
Sro582_g170400	CAB9513269.1
Sro582_g170410	CAB9513270.1
Sro582_g170420	CAB9513271.1
Sro582_g170430	CAB9513272.1
Sro582_g170440	CAB9513273.1
Sro582_g170450	CAB9513274.1
Sro582_g170460	CAB9513275.1
Sro582_g170470	CAB9513276.1
Sro582_g170480	CAB9513277.1
Sro582_g170490	CAB9513278.1
Sro582_g170500	CAB9513279.1
Sro582_g170510	CAB9513280.1
Sro582_g170520	CAB9513281.1
Sro582_g170530	CAB9513282.1
Sro582_g170540	CAB9513283.1
Sro582_g170550	CAB9513284.1
Sro582_g170560	CAB9513285.1
Sro582_g170570	CAB9513286.1
Sro583_g170580	CAB9513287.1
Sro583_g170590	CAB9513288.1
Sro583_g170600	CAB9513289.1
Sro583_g170610	CAB9513290.1
Sro583_g170620	CAB9513291.1
Sro583_g170630	CAB9513292.1
Sro583_g170640	CAB9513293.1
Sro583_g170650	CAB9513294.1
Sro583_g170660	CAB9513295.1
Sro583_g170670	CAB9513296.1
Sro583_g170680	CAB9513297.1
Sro583_g170690	CAB9513298.1
Sro583_g170700	CAB9513299.1
Sro583_g170710	CAB9513300.1
Sro583_g170720	CAB9513301.1
Sro583_g170730	CAB9513302.1
Sro584_g170740	CAB9513303.1
Sro584_g170750	CAB9513304.1
Sro584_g170760	CAB9513305.1
Sro584_g170761	CAB9513306.1
Sro584_g170770	CAB9513307.1
Sro584_g170780	CAB9513308.1
Sro584_g170781	CAB9513309.1
Sro584_g170790	CAB9513310.1
Sro584_g170800	CAB9513311.1
Sro584_g170810	CAB9513312.1
Sro584_g170820	CAB9513313.1
Sro584_g170830	CAB9513314.1
Sro584_g170840	CAB9513315.1
Sro584_g170850	CAB9513316.1
Sro584_g170860	CAB9513317.1
Sro584_g170870	CAB9513318.1
Sro584_g170880	CAB9513319.1
Sro584_g170890	CAB9513320.1
Sro584_g170900	CAB9513321.1
Sro585_g170910	CAB9513322.1
Sro585_g170920	CAB9513323.1
Sro585_g170930	CAB9513324.1
Sro585_g170940	CAB9513325.1
Sro585_g170950	CAB9513326.1
Sro585_g170960	CAB9513327.1
Sro585_g170970	CAB9513328.1
Sro585_g170980	CAB9513329.1
Sro585_g170990	CAB9513330.1
Sro585_g171000	CAB9513331.1
Sro585_g171010	CAB9513332.1
Sro585_g171020	CAB9513333.1
Sro585_g171030	CAB9513334.1
Sro585_g171040	CAB9513335.1
Sro585_g171041	CAB9513336.1
Sro585_g171050	CAB9513337.1
Sro585_g171060	CAB9513338.1
Sro585_g171070	CAB9513339.1
Sro585_g171080	CAB9513340.1
Sro585_g171090	CAB9513341.1
Sro585_g171100	CAB9513342.1
Sro586_g171110	CAB9513343.1
Sro586_g171120	CAB9513344.1
Sro586_g171130	CAB9513345.1
Sro586_g171140	CAB9513346.1
Sro586_g171150	CAB9513347.1
Sro586_g171160	CAB9513348.1
Sro586_g171170	CAB9513349.1
Sro586_g171180	CAB9513350.1
Sro586_g171190	CAB9513351.1
Sro586_g171200	CAB9513352.1
Sro586_g171210	CAB9513353.1
Sro586_g171220	CAB9513354.1
Sro586_g171230	CAB9513355.1
Sro587_g171240	CAB9513356.1
Sro587_g171250	CAB9513357.1
Sro587_g171260	CAB9513358.1
Sro587_g171270	CAB9513359.1
Sro587_g171280	CAB9513360.1
Sro587_g171290	CAB9513361.1
Sro587_g171300	CAB9513362.1
Sro587_g171310	CAB9513363.1
Sro587_g171320	CAB9513364.1
Sro587_g171330	CAB9513365.1
Sro587_g171340	CAB9513366.1
Sro587_g171350	CAB9513367.1
Sro587_g171360	CAB9513368.1
Sro587_g171370	CAB9513369.1
Sro587_g171380	CAB9513370.1
Sro587_g171390	CAB9513371.1
Sro587_g171400	CAB9513372.1
Sro587_g171410	CAB9513373.1
Sro588_g171420	CAB9513374.1
Sro588_g171430	CAB9513375.1
Sro588_g171440	CAB9513376.1
Sro588_g171450	CAB9513377.1
Sro588_g171460	CAB9513378.1
Sro588_g171470	CAB9513379.1
Sro588_g171480	CAB9513380.1
Sro588_g171490	CAB9513381.1
Sro588_g171500	CAB9513382.1
Sro588_g171510	CAB9513383.1
Sro588_g171520	CAB9513384.1
Sro588_g171530	CAB9513385.1
Sro588_g171540	CAB9513386.1
Sro588_g171550	CAB9513387.1
Sro588_g171560	CAB9513388.1
Sro588_g171570	CAB9513389.1
Sro588_g171580	CAB9513390.1
Sro588_g171590	CAB9513391.1
Sro588_g171600	CAB9513392.1
Sro589_g171610	CAB9513393.1
Sro589_g171620	CAB9513394.1
Sro589_g171630	CAB9513395.1
Sro589_g171640	CAB9513396.1
Sro589_g171650	CAB9513397.1
Sro589_g171660	CAB9513398.1
Sro589_g171670	CAB9513399.1
Sro589_g171680	CAB9513400.1
Sro589_g171690	CAB9513401.1
Sro589_g171700	CAB9513402.1
Sro589_g171710	CAB9513403.1
Sro589_g171720	CAB9513404.1
Sro589_g171730	CAB9513405.1
Sro589_g171740	CAB9513406.1
Sro589_g171750	CAB9513407.1
Sro589_g171760	CAB9513408.1
Sro589_g171770	CAB9513409.1
Sro589_g171780	CAB9513410.1
Sro589_g171790	CAB9513411.1
Sro589_g171800	CAB9513412.1
Sro589_g171810	CAB9513413.1
Sro589_g171820	CAB9513414.1
Sro589_g171830	CAB9513415.1
Sro589_g171840	CAB9513416.1
Sro589_g171850	CAB9513417.1
Sro589_g171860	CAB9513418.1
Sro58_g033550	CAB9499301.1
Sro58_g033560	CAB9499302.1
Sro58_g033570	CAB9499303.1
Sro58_g033580	CAB9499304.1
Sro58_g033590	CAB9499305.1
Sro58_g033600	CAB9499306.1
Sro58_g033610	CAB9499307.1
Sro58_g033620	CAB9499308.1
Sro58_g033630	CAB9499309.1
Sro58_g033640	CAB9499310.1
Sro58_g033650	CAB9499311.1
Sro58_g033660	CAB9499312.1
Sro58_g033670	CAB9499313.1
Sro58_g033680	CAB9499314.1
Sro58_g033690	CAB9499315.1
Sro58_g033700	CAB9499316.1
Sro58_g033710	CAB9499317.1
Sro58_g033720	CAB9499318.1
Sro58_g033721	CAB9499319.1
Sro58_g033730	CAB9499320.1
Sro58_g033740	CAB9499321.1
Sro58_g033750	CAB9499322.1
Sro58_g033760	CAB9499323.1
Sro58_g033770	CAB9499324.1
Sro58_g033780	CAB9499325.1
Sro58_g033790	CAB9499326.1
Sro58_g033800	CAB9499327.1
Sro58_g033810	CAB9499328.1
Sro58_g033820	CAB9499329.1
Sro58_g033830	CAB9499330.1
Sro58_g033840	CAB9499331.1
Sro58_g033850	CAB9499332.1
Sro58_g033860	CAB9499333.1
Sro58_g033870	CAB9499334.1
Sro58_g033880	CAB9499335.1
Sro58_g033890	CAB9499336.1
Sro58_g033900	CAB9499337.1
Sro58_g033910	CAB9499338.1
Sro58_g033920	CAB9499339.1
Sro58_g033930	CAB9499340.1
Sro58_g033940	CAB9499341.1
Sro58_g033950	CAB9499342.1
Sro590_g171870	CAB9513419.1
Sro590_g171880	CAB9513420.1
Sro590_g171890	CAB9513421.1
Sro590_g171900	CAB9513422.1
Sro590_g171910	CAB9513423.1
Sro590_g171920	CAB9513424.1
Sro590_g171930	CAB9513425.1
Sro590_g171940	CAB9513426.1
Sro590_g171950	CAB9513427.1
Sro591_g171960	CAB9513428.1
Sro591_g171970	CAB9513429.1
Sro591_g171980	CAB9513430.1
Sro591_g171981	CAB9513431.1
Sro591_g171990	CAB9513432.1
Sro591_g172000	CAB9513433.1
Sro591_g172001	CAB9513434.1
Sro591_g172010	CAB9513435.1
Sro591_g172020	CAB9513436.1
Sro591_g172030	CAB9513437.1
Sro591_g172040	CAB9513438.1
Sro591_g172050	CAB9513439.1
Sro591_g172060	CAB9513440.1
Sro591_g172070	CAB9513441.1
Sro591_g172080	CAB9513442.1
Sro591_g172090	CAB9513443.1
Sro591_g172100	CAB9513444.1
Sro591_g172110	CAB9513445.1
Sro592_g172120	CAB9513446.1
Sro592_g172130	CAB9513447.1
Sro592_g172140	CAB9513448.1
Sro592_g172150	CAB9513449.1
Sro592_g172160	CAB9513450.1
Sro592_g172170	CAB9513451.1
Sro592_g172180	CAB9513452.1
Sro592_g172190	CAB9513453.1
Sro592_g172200	CAB9513454.1
Sro592_g172210	CAB9513455.1
Sro593_g172220	CAB9513456.1
Sro593_g172221	CAB9513457.1
Sro593_g172230	CAB9513458.1
Sro593_g172240	CAB9513459.1
Sro593_g172250	CAB9513460.1
Sro593_g172260	CAB9513461.1
Sro593_g172270	CAB9513462.1
Sro593_g172280	CAB9513463.1
Sro593_g172290	CAB9513464.1
Sro593_g172300	CAB9513465.1
Sro593_g172310	CAB9513466.1
Sro593_g172320	CAB9513467.1
Sro593_g172321	CAB9513468.1
Sro593_g172330	CAB9513469.1
Sro593_g172340	CAB9513470.1
Sro593_g172350	CAB9513471.1
Sro593_g172360	CAB9513472.1
Sro594_g172370	CAB9513473.1
Sro594_g172380	CAB9513474.1
Sro594_g172390	CAB9513475.1
Sro594_g172400	CAB9513476.1
Sro594_g172410	CAB9513477.1
Sro594_g172420	CAB9513478.1
Sro594_g172430	CAB9513479.1
Sro594_g172440	CAB9513480.1
Sro594_g172450	CAB9513481.1
Sro594_g172460	CAB9513482.1
Sro594_g172470	CAB9513483.1
Sro594_g172480	CAB9513484.1
Sro594_g172481	CAB9513485.1
Sro594_g172490	CAB9513486.1
Sro594_g172500	CAB9513487.1
Sro594_g172510	CAB9513488.1
Sro594_g172520	CAB9513489.1
Sro594_g172530	CAB9513490.1
Sro594_g172540	CAB9513491.1
Sro594_g172550	CAB9513492.1
Sro594_g172560	CAB9513493.1
Sro595_g172570	CAB9513494.1
Sro595_g172580	CAB9513495.1
Sro595_g172590	CAB9513496.1
Sro595_g172600	CAB9513497.1
Sro595_g172610	CAB9513498.1
Sro595_g172620	CAB9513499.1
Sro595_g172630	CAB9513500.1
Sro595_g172640	CAB9513501.1
Sro595_g172650	CAB9513502.1
Sro595_g172660	CAB9513503.1
Sro595_g172670	CAB9513504.1
Sro595_g172680	CAB9513505.1
Sro595_g172690	CAB9513506.1
Sro595_g172700	CAB9513507.1
Sro595_g172710	CAB9513508.1
Sro595_g172720	CAB9513509.1
Sro596_g172730	CAB9513510.1
Sro596_g172740	CAB9513511.1
Sro596_g172750	CAB9513512.1
Sro596_g172760	CAB9513513.1
Sro596_g172770	CAB9513514.1
Sro596_g172780	CAB9513515.1
Sro596_g172790	CAB9513516.1
Sro596_g172800	CAB9513517.1
Sro596_g172810	CAB9513518.1
Sro596_g172820	CAB9513519.1
Sro596_g172830	CAB9513520.1
Sro596_g172840	CAB9513521.1
Sro596_g172850	CAB9513522.1
Sro596_g172860	CAB9513523.1
Sro596_g172870	CAB9513524.1
Sro596_g172880	CAB9513525.1
Sro596_g172890	CAB9513526.1
Sro596_g172900	CAB9513527.1
Sro597_g172901	CAB9513528.1
Sro597_g172910	CAB9513529.1
Sro597_g172920	CAB9513530.1
Sro598_g172930	CAB9513531.1
Sro598_g172940	CAB9513532.1
Sro598_g172950	CAB9513533.1
Sro598_g172960	CAB9513534.1
Sro598_g172970	CAB9513535.1
Sro598_g172980	CAB9513536.1
Sro598_g172981	CAB9513537.1
Sro598_g172990	CAB9513538.1
Sro598_g173000	CAB9513539.1
Sro598_g173010	CAB9513540.1
Sro598_g173020	CAB9513541.1
Sro598_g173030	CAB9513542.1
Sro598_g173040	CAB9513543.1
Sro598_g173050	CAB9513544.1
Sro598_g173060	CAB9513545.1
Sro598_g173070	CAB9513546.1
Sro598_g173080	CAB9513547.1
Sro598_g173090	CAB9513548.1
Sro598_g173100	CAB9513549.1
Sro598_g173110	CAB9513550.1
Sro599_g173120	CAB9513551.1
Sro599_g173130	CAB9513552.1
Sro599_g173140	CAB9513553.1
Sro599_g173150	CAB9513554.1
Sro599_g173160	CAB9513555.1
Sro599_g173170	CAB9513556.1
Sro599_g173180	CAB9513557.1
Sro599_g173190	CAB9513558.1
Sro599_g173200	CAB9513559.1
Sro599_g173210	CAB9513560.1
Sro599_g173220	CAB9513561.1
Sro599_g173230	CAB9513562.1
Sro599_g173250	CAB9513563.1
Sro599_g173260	CAB9513564.1
Sro599_g173270	CAB9513565.1
Sro599_g173280	CAB9513566.1
Sro599_g173290	CAB9513567.1
Sro599_g173300	CAB9513568.1
Sro599_g173310	CAB9513569.1
Sro599_g173320	CAB9513570.1
Sro599_g173330	CAB9513571.1
Sro59_g033960	CAB9499343.1
Sro59_g033970	CAB9499344.1
Sro59_g033980	CAB9499345.1
Sro59_g033990	CAB9499346.1
Sro59_g034000	CAB9499347.1
Sro59_g034010	CAB9499348.1
Sro59_g034020	CAB9499349.1
Sro59_g034030	CAB9499350.1
Sro59_g034040	CAB9499351.1
Sro59_g034050	CAB9499352.1
Sro59_g034060	CAB9499353.1
Sro59_g034070	CAB9499354.1
Sro59_g034080	CAB9499355.1
Sro59_g034090	CAB9499356.1
Sro59_g034100	CAB9499357.1
Sro59_g034110	CAB9499358.1
Sro59_g034120	CAB9499359.1
Sro59_g034130	CAB9499360.1
Sro59_g034140	CAB9499361.1
Sro59_g034150	CAB9499362.1
Sro59_g034160	CAB9499363.1
Sro59_g034170	CAB9499364.1
Sro59_g034180	CAB9499365.1
Sro59_g034190	CAB9499366.1
Sro59_g034200	CAB9499367.1
Sro59_g034210	CAB9499368.1
Sro59_g034220	CAB9499369.1
Sro59_g034230	CAB9499370.1
Sro59_g034240	CAB9499371.1
Sro59_g034250	CAB9499372.1
Sro59_g034260	CAB9499373.1
Sro59_g034270	CAB9499374.1
Sro59_g034280	CAB9499375.1
Sro59_g034290	CAB9499376.1
Sro59_g034300	CAB9499377.1
Sro59_g034310	CAB9499378.1
Sro59_g034330	CAB9499379.1
Sro59_g034340	CAB9499380.1
Sro59_g034350	CAB9499381.1
Sro59_g034360	CAB9499382.1
Sro59_g034370	CAB9499383.1
Sro59_g034380	CAB9499384.1
Sro59_g034390	CAB9499385.1
Sro59_g034400	CAB9499386.1
Sro59_g034410	CAB9499387.1
Sro59_g034420	CAB9499388.1
Sro59_g034430	CAB9499389.1
Sro59_g034440	CAB9499390.1
Sro59_g034450	CAB9499391.1
Sro5_g003910	CAB9496416.1
Sro5_g003920	CAB9496417.1
Sro5_g003930	CAB9496418.1
Sro5_g003940	CAB9496419.1
Sro5_g003950	CAB9496420.1
Sro5_g003960	CAB9496421.1
Sro5_g003970	CAB9496422.1
Sro5_g003980	CAB9496423.1
Sro5_g003990	CAB9496424.1
Sro5_g004000	CAB9496425.1
Sro5_g004010	CAB9496426.1
Sro5_g004020	CAB9496427.1
Sro5_g004030	CAB9496428.1
Sro5_g004040	CAB9496429.1
Sro5_g004050	CAB9496430.1
Sro5_g004060	CAB9496431.1
Sro5_g004070	CAB9496432.1
Sro5_g004080	CAB9496433.1
Sro5_g004090	CAB9496434.1
Sro5_g004100	CAB9496435.1
Sro5_g004110	CAB9496436.1
Sro5_g004120	CAB9496437.1
Sro5_g004130	CAB9496438.1
Sro5_g004140	CAB9496439.1
Sro5_g004150	CAB9496440.1
Sro5_g004151	CAB9496441.1
Sro5_g004160	CAB9496442.1
Sro5_g004170	CAB9496443.1
Sro5_g004180	CAB9496444.1
Sro5_g004190	CAB9496445.1
Sro5_g004200	CAB9496446.1
Sro5_g004210	CAB9496447.1
Sro5_g004220	CAB9496448.1
Sro5_g004230	CAB9496449.1
Sro5_g004240	CAB9496450.1
Sro5_g004250	CAB9496451.1
Sro5_g004260	CAB9496452.1
Sro5_g004270	CAB9496453.1
Sro5_g004280	CAB9496454.1
Sro5_g004290	CAB9496455.1
Sro5_g004300	CAB9496456.1
Sro5_g004310	CAB9496457.1
Sro5_g004320	CAB9496458.1
Sro5_g004330	CAB9496459.1
Sro5_g004340	CAB9496460.1
Sro5_g004350	CAB9496461.1
Sro5_g004360	CAB9496462.1
Sro5_g004370	CAB9496463.1
Sro5_g004380	CAB9496464.1
Sro5_g004390	CAB9496465.1
Sro5_g004400	CAB9496466.1
Sro5_g004410	CAB9496467.1
Sro5_g004420	CAB9496468.1
Sro5_g004430	CAB9496469.1
Sro5_g004440	CAB9496470.1
Sro5_g004450	CAB9496471.1
Sro5_g004460	CAB9496472.1
Sro5_g004470	CAB9496473.1
Sro5_g004480	CAB9496474.1
Sro5_g004490	CAB9496475.1
Sro5_g004500	CAB9496476.1
Sro5_g004510	CAB9496477.1
Sro5_g004520	CAB9496478.1
Sro5_g004530	CAB9496479.1
Sro5_g004540	CAB9496480.1
Sro5_g004550	CAB9496481.1
Sro5_g004560	CAB9496482.1
Sro5_g004570	CAB9496483.1
Sro5_g004580	CAB9496484.1
Sro5_g004590	CAB9496485.1
Sro5_g004600	CAB9496486.1
Sro5_g004610	CAB9496487.1
Sro5_g004620	CAB9496488.1
Sro5_g004630	CAB9496489.1
Sro5_g004640	CAB9496490.1
Sro5_g004650	CAB9496491.1
Sro5_g004660	CAB9496492.1
Sro5_g004670	CAB9496493.1
Sro5_g004680	CAB9496494.1
Sro5_g004690	CAB9496495.1
Sro5_g004700	CAB9496496.1
Sro5_g004710	CAB9496497.1
Sro5_g004720	CAB9496498.1
Sro5_g004730	CAB9496499.1
Sro5_g004740	CAB9496500.1
Sro5_g004750	CAB9496501.1
Sro5_g004751	CAB9496502.1
Sro5_g004760	CAB9496503.1
Sro5_g004770	CAB9496504.1
Sro5_g004780	CAB9496505.1
Sro5_g004790	CAB9496506.1
Sro5_g004800	CAB9496507.1
Sro600_g173340	CAB9513572.1
Sro600_g173341	CAB9513573.1
Sro600_g173350	CAB9513574.1
Sro600_g173360	CAB9513575.1
Sro600_g173370	CAB9513576.1
Sro600_g173380	CAB9513577.1
Sro600_g173390	CAB9513578.1
Sro600_g173400	CAB9513579.1
Sro600_g173410	CAB9513580.1
Sro600_g173420	CAB9513581.1
Sro601_g173430	CAB9513582.1
Sro601_g173440	CAB9513583.1
Sro601_g173450	CAB9513584.1
Sro601_g173460	CAB9513585.1
Sro601_g173470	CAB9513586.1
Sro601_g173480	CAB9513587.1
Sro601_g173490	CAB9513588.1
Sro601_g173500	CAB9513589.1
Sro601_g173510	CAB9513590.1
Sro601_g173520	CAB9513591.1
Sro601_g173530	CAB9513592.1
Sro601_g173540	CAB9513593.1
Sro601_g173541	CAB9513594.1
Sro601_g173550	CAB9513595.1
Sro601_g173560	CAB9513596.1
Sro601_g173570	CAB9513597.1
Sro601_g173580	CAB9513598.1
Sro601_g173590	CAB9513599.1
Sro601_g173600	CAB9513600.1
Sro601_g173610	CAB9513601.1
Sro601_g173620	CAB9513602.1
Sro601_g173630	CAB9513603.1
Sro601_g173640	CAB9513604.1
Sro601_g173650	CAB9513605.1
Sro602_g173660	CAB9513606.1
Sro602_g173670	CAB9513607.1
Sro602_g173680	CAB9513608.1
Sro602_g173690	CAB9513609.1
Sro602_g173700	CAB9513610.1
Sro602_g173710	CAB9513611.1
Sro602_g173720	CAB9513612.1
Sro602_g173730	CAB9513613.1
Sro602_g173740	CAB9513614.1
Sro602_g173750	CAB9513615.1
Sro602_g173760	CAB9513616.1
Sro602_g173770	CAB9513617.1
Sro602_g173780	CAB9513618.1
Sro602_g173790	CAB9513619.1
Sro602_g173800	CAB9513620.1
Sro602_g173810	CAB9513621.1
Sro603_g173820	CAB9513622.1
Sro603_g173830	CAB9513623.1
Sro603_g173860	CAB9513624.1
Sro603_g173870	CAB9513625.1
Sro603_g173880	CAB9513626.1
Sro603_g173890	CAB9513627.1
Sro603_g173900	CAB9513628.1
Sro603_g173910	CAB9513629.1
Sro603_g173920	CAB9513630.1
Sro603_g173930	CAB9513631.1
Sro603_g173940	CAB9513632.1
Sro603_g173950	CAB9513633.1
Sro603_g173960	CAB9513634.1
Sro603_g173970	CAB9513635.1
Sro603_g173980	CAB9513636.1
Sro603_g173990	CAB9513637.1
Sro603_g174000	CAB9513638.1
Sro603_g174010	CAB9513639.1
Sro603_g174020	CAB9513640.1
Sro603_g174030	CAB9513641.1
Sro603_g174040	CAB9513642.1
Sro603_g174050	CAB9513643.1
Sro604_g174060	CAB9513644.1
Sro604_g174070	CAB9513645.1
Sro604_g174080	CAB9513646.1
Sro604_g174090	CAB9513647.1
Sro604_g174100	CAB9513648.1
Sro604_g174110	CAB9513649.1
Sro604_g174120	CAB9513650.1
Sro604_g174130	CAB9513651.1
Sro604_g174140	CAB9513652.1
Sro604_g174150	CAB9513653.1
Sro604_g174160	CAB9513654.1
Sro604_g174170	CAB9513655.1
Sro604_g174180	CAB9513656.1
Sro604_g174190	CAB9513657.1
Sro605_g174200	CAB9513658.1
Sro605_g174210	CAB9513659.1
Sro605_g174220	CAB9513660.1
Sro605_g174230	CAB9513661.1
Sro605_g174240	CAB9513662.1
Sro605_g174260	CAB9513663.1
Sro605_g174270	CAB9513664.1
Sro605_g174280	CAB9513665.1
Sro605_g174290	CAB9513666.1
Sro605_g174300	CAB9513667.1
Sro605_g174310	CAB9513668.1
Sro605_g174320	CAB9513669.1
Sro605_g174330	CAB9513670.1
Sro605_g174340	CAB9513671.1
Sro605_g174350	CAB9513672.1
Sro605_g174360	CAB9513673.1
Sro605_g174370	CAB9513674.1
Sro605_g174380	CAB9513675.1
Sro605_g174390	CAB9513676.1
Sro606_g174400	CAB9513677.1
Sro606_g174410	CAB9513678.1
Sro606_g174420	CAB9513679.1
Sro606_g174430	CAB9513680.1
Sro606_g174440	CAB9513681.1
Sro606_g174450	CAB9513682.1
Sro606_g174460	CAB9513683.1
Sro606_g174470	CAB9513684.1
Sro606_g174480	CAB9513685.1
Sro606_g174490	CAB9513686.1
Sro606_g174500	CAB9513687.1
Sro606_g174510	CAB9513688.1
Sro606_g174520	CAB9513689.1
Sro606_g174530	CAB9513690.1
Sro606_g174540	CAB9513691.1
Sro606_g174550	CAB9513692.1
Sro606_g174570	CAB9513693.1
Sro607_g174580	CAB9513694.1
Sro607_g174590	CAB9513695.1
Sro607_g174600	CAB9513696.1
Sro607_g174610	CAB9513697.1
Sro607_g174620	CAB9513698.1
Sro607_g174630	CAB9513699.1
Sro607_g174640	CAB9513700.1
Sro607_g174650	CAB9513701.1
Sro607_g174660	CAB9513702.1
Sro607_g174670	CAB9513703.1
Sro607_g174680	CAB9513704.1
Sro607_g174690	CAB9513705.1
Sro607_g174700	CAB9513706.1
Sro607_g174710	CAB9513707.1
Sro607_g174720	CAB9513708.1
Sro608_g174730	CAB9513709.1
Sro608_g174740	CAB9513710.1
Sro608_g174750	CAB9513711.1
Sro608_g174760	CAB9513712.1
Sro608_g174770	CAB9513713.1
Sro608_g174780	CAB9513714.1
Sro608_g174790	CAB9513715.1
Sro608_g174800	CAB9513716.1
Sro608_g174810	CAB9513717.1
Sro608_g174820	CAB9513718.1
Sro608_g174830	CAB9513719.1
Sro608_g174840	CAB9513720.1
Sro608_g174850	CAB9513721.1
Sro608_g174860	CAB9513722.1
Sro608_g174870	CAB9513723.1
Sro608_g174880	CAB9513724.1
Sro608_g174890	CAB9513725.1
Sro608_g174900	CAB9513726.1
Sro609_g174910	CAB9513727.1
Sro609_g174920	CAB9513728.1
Sro609_g174930	CAB9513729.1
Sro609_g174940	CAB9513730.1
Sro609_g174950	CAB9513731.1
Sro609_g174960	CAB9513732.1
Sro609_g174970	CAB9513733.1
Sro609_g174980	CAB9513734.1
Sro609_g174990	CAB9513735.1
Sro609_g175000	CAB9513736.1
Sro609_g175010	CAB9513737.1
Sro609_g175020	CAB9513738.1
Sro609_g175030	CAB9513739.1
Sro609_g175040	CAB9513740.1
Sro609_g175050	CAB9513741.1
Sro609_g175060	CAB9513742.1
Sro609_g175070	CAB9513743.1
Sro609_g175080	CAB9513744.1
Sro60_g034460	CAB9499392.1
Sro60_g034470	CAB9499393.1
Sro60_g034471	CAB9499394.1
Sro60_g034480	CAB9499395.1
Sro60_g034490	CAB9499396.1
Sro60_g034500	CAB9499397.1
Sro60_g034510	CAB9499398.1
Sro60_g034520	CAB9499399.1
Sro60_g034530	CAB9499400.1
Sro60_g034540	CAB9499401.1
Sro60_g034550	CAB9499402.1
Sro60_g034560	CAB9499403.1
Sro60_g034570	CAB9499404.1
Sro60_g034580	CAB9499405.1
Sro60_g034590	CAB9499406.1
Sro60_g034600	CAB9499407.1
Sro60_g034610	CAB9499408.1
Sro60_g034620	CAB9499409.1
Sro60_g034630	CAB9499410.1
Sro60_g034640	CAB9499411.1
Sro60_g034650	CAB9499412.1
Sro60_g034660	CAB9499413.1
Sro60_g034670	CAB9499414.1
Sro60_g034680	CAB9499415.1
Sro60_g034690	CAB9499416.1
Sro60_g034700	CAB9499417.1
Sro60_g034710	CAB9499418.1
Sro60_g034720	CAB9499419.1
Sro60_g034730	CAB9499420.1
Sro60_g034740	CAB9499421.1
Sro60_g034750	CAB9499422.1
Sro60_g034760	CAB9499423.1
Sro60_g034770	CAB9499424.1
Sro60_g034780	CAB9499425.1
Sro60_g034790	CAB9499426.1
Sro60_g034800	CAB9499427.1
Sro60_g034810	CAB9499428.1
Sro60_g034820	CAB9499429.1
Sro60_g034830	CAB9499430.1
Sro60_g034840	CAB9499431.1
Sro60_g034850	CAB9499432.1
Sro60_g034860	CAB9499433.1
Sro60_g034870	CAB9499434.1
Sro60_g034880	CAB9499435.1
Sro610_g175090	CAB9513745.1
Sro610_g175100	CAB9513746.1
Sro610_g175110	CAB9513747.1
Sro610_g175120	CAB9513748.1
Sro610_g175130	CAB9513749.1
Sro610_g175140	CAB9513750.1
Sro610_g175150	CAB9513751.1
Sro610_g175160	CAB9513752.1
Sro610_g175170	CAB9513753.1
Sro610_g175180	CAB9513754.1
Sro610_g175190	CAB9513755.1
Sro611_g175210	CAB9513756.1
Sro611_g175220	CAB9513757.1
Sro611_g175230	CAB9513758.1
Sro611_g175240	CAB9513759.1
Sro611_g175250	CAB9513760.1
Sro611_g175260	CAB9513761.1
Sro611_g175270	CAB9513762.1
Sro611_g175280	CAB9513763.1
Sro611_g175290	CAB9513764.1
Sro611_g175300	CAB9513765.1
Sro611_g175310	CAB9513766.1
Sro611_g175320	CAB9513767.1
Sro611_g175330	CAB9513768.1
Sro611_g175340	CAB9513769.1
Sro611_g175350	CAB9513770.1
Sro611_g175360	CAB9513771.1
Sro611_g175370	CAB9513772.1
Sro611_g175380	CAB9513773.1
Sro611_g175390	CAB9513774.1
Sro612_g175400	CAB9513775.1
Sro612_g175410	CAB9513776.1
Sro612_g175420	CAB9513777.1
Sro612_g175430	CAB9513778.1
Sro612_g175440	CAB9513779.1
Sro612_g175450	CAB9513780.1
Sro612_g175460	CAB9513781.1
Sro612_g175470	CAB9513782.1
Sro612_g175480	CAB9513783.1
Sro612_g175490	CAB9513784.1
Sro612_g175500	CAB9513785.1
Sro612_g175510	CAB9513786.1
Sro612_g175520	CAB9513787.1
Sro612_g175530	CAB9513788.1
Sro613_g175540	CAB9513789.1
Sro613_g175550	CAB9513790.1
Sro613_g175560	CAB9513791.1
Sro613_g175570	CAB9513792.1
Sro613_g175590	CAB9513793.1
Sro613_g175600	CAB9513794.1
Sro613_g175610	CAB9513795.1
Sro613_g175620	CAB9513796.1
Sro613_g175630	CAB9513797.1
Sro613_g175640	CAB9513798.1
Sro613_g175650	CAB9513799.1
Sro613_g175660	CAB9513800.1
Sro614_g175670	CAB9513801.1
Sro614_g175680	CAB9513802.1
Sro614_g175690	CAB9513803.1
Sro614_g175700	CAB9513804.1
Sro614_g175710	CAB9513805.1
Sro614_g175720	CAB9513806.1
Sro614_g175730	CAB9513807.1
Sro614_g175740	CAB9513808.1
Sro614_g175750	CAB9513809.1
Sro614_g175760	CAB9513810.1
Sro614_g175770	CAB9513811.1
Sro614_g175780	CAB9513812.1
Sro614_g175790	CAB9513813.1
Sro614_g175800	CAB9513814.1
Sro614_g175810	CAB9513815.1
Sro615_g175820	CAB9513816.1
Sro615_g175840	CAB9513817.1
Sro615_g175860	CAB9513818.1
Sro615_g175870	CAB9513819.1
Sro616_g175880	CAB9513820.1
Sro616_g175890	CAB9513821.1
Sro616_g175900	CAB9513822.1
Sro616_g175910	CAB9513823.1
Sro616_g175920	CAB9513824.1
Sro616_g175930	CAB9513825.1
Sro616_g175940	CAB9513826.1
Sro616_g175950	CAB9513827.1
Sro616_g175960	CAB9513828.1
Sro616_g175970	CAB9513829.1
Sro616_g175971	CAB9513830.1
Sro616_g175980	CAB9513831.1
Sro616_g175990	CAB9513832.1
Sro616_g176000	CAB9513833.1
Sro616_g176010	CAB9513834.1
Sro616_g176011	CAB9513836.1
Sro616_g176020	CAB9513835.1
Sro616_g176030	CAB9513837.1
Sro616_g176040	CAB9513838.1
Sro616_g176050	CAB9513839.1
Sro616_g176060	CAB9513840.1
Sro617_g176070	CAB9513841.1
Sro617_g176080	CAB9513842.1
Sro617_g176090	CAB9513843.1
Sro617_g176100	CAB9513844.1
Sro617_g176110	CAB9513845.1
Sro617_g176120	CAB9513846.1
Sro617_g176130	CAB9513847.1
Sro617_g176140	CAB9513848.1
Sro617_g176150	CAB9513849.1
Sro618_g176160	CAB9513850.1
Sro618_g176170	CAB9513851.1
Sro618_g176180	CAB9513852.1
Sro618_g176190	CAB9513853.1
Sro618_g176200	CAB9513854.1
Sro618_g176210	CAB9513855.1
Sro618_g176220	CAB9513856.1
Sro618_g176230	CAB9513857.1
Sro618_g176240	CAB9513858.1
Sro618_g176250	CAB9513859.1
Sro618_g176260	CAB9513860.1
Sro618_g176270	CAB9513861.1
Sro618_g176280	CAB9513862.1
Sro618_g176290	CAB9513863.1
Sro618_g176300	CAB9513864.1
Sro618_g176310	CAB9513865.1
Sro618_g176320	CAB9513866.1
Sro618_g176340	CAB9513867.1
Sro619_g176350	CAB9513868.1
Sro619_g176351	CAB9513869.1
Sro619_g176360	CAB9513870.1
Sro619_g176370	CAB9513871.1
Sro619_g176380	CAB9513872.1
Sro619_g176390	CAB9513873.1
Sro619_g176400	CAB9513874.1
Sro619_g176410	CAB9513875.1
Sro619_g176420	CAB9513876.1
Sro619_g176421	CAB9513877.1
Sro619_g176430	CAB9513878.1
Sro619_g176440	CAB9513879.1
Sro619_g176450	CAB9513880.1
Sro619_g176460	CAB9513881.1
Sro619_g176470	CAB9513882.1
Sro619_g176480	CAB9513883.1
Sro619_g176490	CAB9513884.1
Sro619_g176500	CAB9513885.1
Sro619_g176510	CAB9513886.1
Sro619_g176520	CAB9513887.1
Sro619_g176530	CAB9513888.1
Sro619_g176540	CAB9513889.1
Sro619_g176550	CAB9513890.1
Sro61_g034890	CAB9499436.1
Sro61_g034900	CAB9499437.1
Sro61_g034910	CAB9499438.1
Sro61_g034920	CAB9499439.1
Sro61_g034930	CAB9499440.1
Sro61_g034940	CAB9499441.1
Sro61_g034950	CAB9499442.1
Sro61_g034960	CAB9499443.1
Sro61_g034970	CAB9499444.1
Sro61_g034980	CAB9499445.1
Sro61_g034990	CAB9499446.1
Sro61_g035000	CAB9499447.1
Sro61_g035010	CAB9499448.1
Sro61_g035020	CAB9499449.1
Sro61_g035030	CAB9499450.1
Sro61_g035040	CAB9499451.1
Sro61_g035050	CAB9499452.1
Sro61_g035060	CAB9499453.1
Sro61_g035070	CAB9499454.1
Sro61_g035080	CAB9499455.1
Sro61_g035090	CAB9499456.1
Sro61_g035100	CAB9499457.1
Sro61_g035110	CAB9499458.1
Sro61_g035120	CAB9499459.1
Sro61_g035130	CAB9499460.1
Sro61_g035140	CAB9499461.1
Sro61_g035150	CAB9499462.1
Sro61_g035160	CAB9499463.1
Sro61_g035170	CAB9499464.1
Sro61_g035180	CAB9499465.1
Sro61_g035190	CAB9499466.1
Sro61_g035200	CAB9499467.1
Sro61_g035210	CAB9499468.1
Sro61_g035220	CAB9499469.1
Sro61_g035230	CAB9499470.1
Sro61_g035240	CAB9499471.1
Sro620_g176560	CAB9513891.1
Sro620_g176570	CAB9513892.1
Sro620_g176580	CAB9513893.1
Sro620_g176590	CAB9513894.1
Sro620_g176600	CAB9513895.1
Sro620_g176610	CAB9513896.1
Sro620_g176620	CAB9513897.1
Sro621_g176630	CAB9513898.1
Sro621_g176640	CAB9513899.1
Sro621_g176650	CAB9513900.1
Sro621_g176660	CAB9513901.1
Sro621_g176670	CAB9513902.1
Sro621_g176680	CAB9513903.1
Sro621_g176690	CAB9513904.1
Sro621_g176700	CAB9513905.1
Sro621_g176710	CAB9513906.1
Sro621_g176720	CAB9513907.1
Sro621_g176730	CAB9513908.1
Sro621_g176740	CAB9513909.1
Sro621_g176750	CAB9513910.1
Sro621_g176760	CAB9513911.1
Sro621_g176770	CAB9513912.1
Sro621_g176780	CAB9513913.1
Sro621_g176790	CAB9513914.1
Sro621_g176800	CAB9513915.1
Sro621_g176810	CAB9513916.1
Sro621_g176820	CAB9513917.1
Sro621_g176830	CAB9513918.1
Sro621_g176840	CAB9513919.1
Sro621_g176850	CAB9513920.1
Sro621_g176860	CAB9513921.1
Sro621_g176870	CAB9513922.1
Sro621_g176880	CAB9513923.1
Sro622_g176881	CAB9513924.1
Sro622_g176890	CAB9513925.1
Sro622_g176900	CAB9513926.1
Sro622_g176910	CAB9513927.1
Sro622_g176920	CAB9513928.1
Sro622_g176930	CAB9513929.1
Sro622_g176940	CAB9513930.1
Sro622_g176950	CAB9513931.1
Sro622_g176960	CAB9513932.1
Sro622_g176970	CAB9513933.1
Sro622_g176980	CAB9513934.1
Sro622_g176990	CAB9513935.1
Sro622_g177000	CAB9513936.1
Sro622_g177010	CAB9513937.1
Sro622_g177020	CAB9513938.1
Sro622_g177030	CAB9513939.1
Sro622_g177040	CAB9513940.1
Sro622_g177050	CAB9513941.1
Sro622_g177060	CAB9513942.1
Sro623_g177070	CAB9513943.1
Sro623_g177080	CAB9513944.1
Sro623_g177090	CAB9513945.1
Sro623_g177100	CAB9513946.1
Sro623_g177110	CAB9513947.1
Sro623_g177120	CAB9513948.1
Sro623_g177130	CAB9513949.1
Sro623_g177140	CAB9513950.1
Sro623_g177150	CAB9513951.1
Sro623_g177160	CAB9513952.1
Sro623_g177170	CAB9513953.1
Sro623_g177171	CAB9513954.1
Sro623_g177180	CAB9513955.1
Sro623_g177190	CAB9513956.1
Sro623_g177200	CAB9513957.1
Sro623_g177210	CAB9513958.1
Sro623_g177220	CAB9513959.1
Sro624_g177230	CAB9513960.1
Sro624_g177240	CAB9513961.1
Sro624_g177250	CAB9513962.1
Sro624_g177260	CAB9513963.1
Sro624_g177270	CAB9513964.1
Sro624_g177280	CAB9513965.1
Sro624_g177290	CAB9513966.1
Sro624_g177300	CAB9513967.1
Sro624_g177310	CAB9513968.1
Sro624_g177320	CAB9513969.1
Sro624_g177330	CAB9513970.1
Sro624_g177340	CAB9513971.1
Sro624_g177350	CAB9513972.1
Sro624_g177360	CAB9513973.1
Sro624_g177370	CAB9513974.1
Sro624_g177380	CAB9513975.1
Sro624_g177390	CAB9513976.1
Sro624_g177400	CAB9513977.1
Sro624_g177410	CAB9513978.1
Sro624_g177420	CAB9513979.1
Sro624_g177430	CAB9513980.1
Sro625_g177440	CAB9513981.1
Sro625_g177450	CAB9513982.1
Sro625_g177460	CAB9513983.1
Sro625_g177470	CAB9513984.1
Sro625_g177480	CAB9513985.1
Sro625_g177490	CAB9513986.1
Sro625_g177500	CAB9513987.1
Sro625_g177510	CAB9513988.1
Sro625_g177520	CAB9513989.1
Sro625_g177530	CAB9513990.1
Sro625_g177540	CAB9513991.1
Sro625_g177550	CAB9513992.1
Sro625_g177560	CAB9513993.1
Sro625_g177570	CAB9513994.1
Sro625_g177580	CAB9513995.1
Sro625_g177590	CAB9513996.1
Sro625_g177600	CAB9513997.1
Sro625_g177610	CAB9513998.1
Sro625_g177620	CAB9513999.1
Sro625_g177630	CAB9514000.1
Sro625_g177640	CAB9514001.1
Sro625_g177650	CAB9514002.1
Sro625_g177660	CAB9514003.1
Sro625_g177670	CAB9514004.1
Sro625_g177680	CAB9514005.1
Sro625_g177690	CAB9514006.1
Sro625_g177700	CAB9514007.1
Sro626_g177710	CAB9514008.1
Sro626_g177720	CAB9514009.1
Sro626_g177730	CAB9514010.1
Sro626_g177740	CAB9514011.1
Sro626_g177750	CAB9514012.1
Sro626_g177760	CAB9514013.1
Sro626_g177770	CAB9514014.1
Sro626_g177780	CAB9514015.1
Sro626_g177790	CAB9514016.1
Sro626_g177800	CAB9514017.1
Sro626_g177810	CAB9514018.1
Sro626_g177820	CAB9514019.1
Sro626_g177830	CAB9514020.1
Sro626_g177840	CAB9514021.1
Sro626_g177850	CAB9514022.1
Sro627_g177860	CAB9514023.1
Sro627_g177870	CAB9514024.1
Sro627_g177880	CAB9514025.1
Sro627_g177890	CAB9514026.1
Sro627_g177900	CAB9514027.1
Sro627_g177910	CAB9514028.1
Sro627_g177920	CAB9514029.1
Sro627_g177930	CAB9514030.1
Sro627_g177940	CAB9514031.1
Sro627_g177950	CAB9514032.1
Sro627_g177960	CAB9514033.1
Sro628_g177970	CAB9514034.1
Sro628_g177980	CAB9514035.1
Sro628_g177990	CAB9514036.1
Sro628_g178000	CAB9514037.1
Sro628_g178010	CAB9514038.1
Sro628_g178020	CAB9514039.1
Sro628_g178030	CAB9514040.1
Sro628_g178040	CAB9514041.1
Sro628_g178050	CAB9514042.1
Sro628_g178060	CAB9514043.1
Sro628_g178070	CAB9514044.1
Sro628_g178080	CAB9514045.1
Sro628_g178090	CAB9514046.1
Sro628_g178100	CAB9514047.1
Sro628_g178110	CAB9514048.1
Sro628_g178120	CAB9514049.1
Sro628_g178130	CAB9514050.1
Sro628_g178140	CAB9514051.1
Sro629_g178150	CAB9514052.1
Sro629_g178160	CAB9514053.1
Sro629_g178170	CAB9514054.1
Sro629_g178180	CAB9514055.1
Sro629_g178190	CAB9514056.1
Sro629_g178200	CAB9514057.1
Sro629_g178210	CAB9514058.1
Sro629_g178220	CAB9514059.1
Sro629_g178230	CAB9514060.1
Sro629_g178240	CAB9514061.1
Sro629_g178250	CAB9514062.1
Sro629_g178260	CAB9514063.1
Sro629_g178270	CAB9514064.1
Sro62_g035250	CAB9499472.1
Sro62_g035260	CAB9499473.1
Sro62_g035270	CAB9499474.1
Sro62_g035280	CAB9499475.1
Sro62_g035290	CAB9499476.1
Sro62_g035300	CAB9499477.1
Sro62_g035310	CAB9499478.1
Sro62_g035320	CAB9499479.1
Sro62_g035330	CAB9499480.1
Sro62_g035340	CAB9499481.1
Sro62_g035350	CAB9499482.1
Sro62_g035360	CAB9499483.1
Sro62_g035370	CAB9499484.1
Sro62_g035380	CAB9499485.1
Sro62_g035390	CAB9499486.1
Sro62_g035400	CAB9499487.1
Sro62_g035410	CAB9499488.1
Sro62_g035420	CAB9499489.1
Sro62_g035430	CAB9499490.1
Sro62_g035431	CAB9499491.1
Sro62_g035440	CAB9499492.1
Sro62_g035450	CAB9499493.1
Sro62_g035460	CAB9499494.1
Sro62_g035470	CAB9499495.1
Sro62_g035480	CAB9499496.1
Sro62_g035490	CAB9499497.1
Sro62_g035500	CAB9499498.1
Sro62_g035510	CAB9499499.1
Sro62_g035520	CAB9499500.1
Sro62_g035530	CAB9499501.1
Sro62_g035540	CAB9499502.1
Sro62_g035550	CAB9499503.1
Sro62_g035560	CAB9499504.1
Sro62_g035570	CAB9499505.1
Sro62_g035580	CAB9499506.1
Sro62_g035590	CAB9499507.1
Sro62_g035600	CAB9499508.1
Sro62_g035610	CAB9499509.1
Sro630_g178280	CAB9514065.1
Sro630_g178290	CAB9514066.1
Sro630_g178300	CAB9514067.1
Sro630_g178310	CAB9514068.1
Sro630_g178320	CAB9514069.1
Sro630_g178330	CAB9514070.1
Sro630_g178340	CAB9514071.1
Sro630_g178350	CAB9514072.1
Sro630_g178360	CAB9514073.1
Sro630_g178370	CAB9514074.1
Sro630_g178380	CAB9514075.1
Sro630_g178390	CAB9514076.1
Sro631_g178391	CAB9514077.1
Sro631_g178400	CAB9514078.1
Sro631_g178410	CAB9514079.1
Sro631_g178420	CAB9514080.1
Sro631_g178430	CAB9514081.1
Sro631_g178440	CAB9514082.1
Sro631_g178450	CAB9514083.1
Sro631_g178460	CAB9514084.1
Sro631_g178470	CAB9514085.1
Sro631_g178480	CAB9514086.1
Sro631_g178490	CAB9514087.1
Sro631_g178500	CAB9514088.1
Sro631_g178510	CAB9514089.1
Sro631_g178520	CAB9514090.1
Sro631_g178530	CAB9514091.1
Sro631_g178540	CAB9514092.1
Sro631_g178550	CAB9514093.1
Sro631_g178560	CAB9514094.1
Sro631_g178570	CAB9514095.1
Sro631_g178580	CAB9514096.1
Sro631_g178590	CAB9514097.1
Sro631_g178600	CAB9514098.1
Sro632_g178620	CAB9514099.1
Sro632_g178630	CAB9514100.1
Sro632_g178640	CAB9514101.1
Sro632_g178650	CAB9514102.1
Sro632_g178660	CAB9514103.1
Sro632_g178670	CAB9514104.1
Sro632_g178680	CAB9514105.1
Sro632_g178690	CAB9514106.1
Sro632_g178700	CAB9514107.1
Sro632_g178710	CAB9514108.1
Sro632_g178720	CAB9514109.1
Sro632_g178730	CAB9514110.1
Sro633_g178740	CAB9514111.1
Sro633_g178750	CAB9514112.1
Sro633_g178760	CAB9514113.1
Sro633_g178770	CAB9514114.1
Sro633_g178780	CAB9514115.1
Sro633_g178790	CAB9514116.1
Sro633_g178800	CAB9514117.1
Sro633_g178810	CAB9514118.1
Sro633_g178820	CAB9514119.1
Sro633_g178830	CAB9514120.1
Sro633_g178840	CAB9514121.1
Sro633_g178850	CAB9514122.1
Sro633_g178860	CAB9514123.1
Sro633_g178870	CAB9514124.1
Sro633_g178880	CAB9514125.1
Sro633_g178890	CAB9514126.1
Sro633_g178900	CAB9514127.1
Sro633_g178910	CAB9514128.1
Sro633_g178920	CAB9514129.1
Sro634_g178930	CAB9514130.1
Sro634_g178940	CAB9514131.1
Sro634_g178950	CAB9514132.1
Sro634_g178951	CAB9514133.1
Sro634_g178960	CAB9514134.1
Sro634_g178970	CAB9514135.1
Sro634_g178980	CAB9514136.1
Sro634_g178990	CAB9514137.1
Sro634_g179000	CAB9514138.1
Sro634_g179010	CAB9514139.1
Sro634_g179020	CAB9514140.1
Sro634_g179030	CAB9514141.1
Sro634_g179040	CAB9514142.1
Sro634_g179050	CAB9514143.1
Sro634_g179060	CAB9514144.1
Sro635_g179061	CAB9514145.1
Sro635_g179070	CAB9514146.1
Sro635_g179080	CAB9514147.1
Sro635_g179090	CAB9514148.1
Sro635_g179100	CAB9514149.1
Sro635_g179110	CAB9514150.1
Sro635_g179120	CAB9514151.1
Sro635_g179130	CAB9514152.1
Sro635_g179140	CAB9514153.1
Sro635_g179150	CAB9514154.1
Sro635_g179160	CAB9514155.1
Sro635_g179170	CAB9514156.1
Sro635_g179180	CAB9514157.1
Sro635_g179190	CAB9514158.1
Sro635_g179200	CAB9514159.1
Sro635_g179210	CAB9514160.1
Sro636_g179220	CAB9514161.1
Sro636_g179230	CAB9514162.1
Sro636_g179240	CAB9514163.1
Sro636_g179250	CAB9514164.1
Sro636_g179260	CAB9514165.1
Sro636_g179270	CAB9514166.1
Sro636_g179280	CAB9514167.1
Sro636_g179290	CAB9514168.1
Sro636_g179300	CAB9514169.1
Sro636_g179310	CAB9514170.1
Sro636_g179320	CAB9514171.1
Sro636_g179330	CAB9514172.1
Sro636_g179340	CAB9514173.1
Sro636_g179350	CAB9514174.1
Sro637_g179360	CAB9514175.1
Sro637_g179370	CAB9514176.1
Sro637_g179380	CAB9514177.1
Sro637_g179390	CAB9514178.1
Sro637_g179400	CAB9514179.1
Sro637_g179410	CAB9514180.1
Sro637_g179420	CAB9514181.1
Sro637_g179430	CAB9514182.1
Sro637_g179440	CAB9514183.1
Sro637_g179450	CAB9514184.1
Sro637_g179460	CAB9514185.1
Sro637_g179470	CAB9514186.1
Sro637_g179480	CAB9514187.1
Sro637_g179490	CAB9514188.1
Sro638_g179500	CAB9514189.1
Sro638_g179510	CAB9514190.1
Sro638_g179520	CAB9514191.1
Sro638_g179530	CAB9514192.1
Sro638_g179540	CAB9514193.1
Sro638_g179550	CAB9514194.1
Sro638_g179560	CAB9514195.1
Sro638_g179570	CAB9514196.1
Sro638_g179580	CAB9514197.1
Sro638_g179590	CAB9514198.1
Sro638_g179591	CAB9514199.1
Sro638_g179600	CAB9514200.1
Sro638_g179610	CAB9514201.1
Sro638_g179620	CAB9514202.1
Sro638_g179630	CAB9514203.1
Sro638_g179640	CAB9514204.1
Sro638_g179650	CAB9514205.1
Sro638_g179660	CAB9514206.1
Sro638_g179670	CAB9514207.1
Sro639_g179680	CAB9514208.1
Sro639_g179690	CAB9514209.1
Sro639_g179700	CAB9514210.1
Sro639_g179710	CAB9514211.1
Sro639_g179720	CAB9514212.1
Sro639_g179730	CAB9514213.1
Sro639_g179740	CAB9514214.1
Sro639_g179750	CAB9514215.1
Sro639_g179760	CAB9514216.1
Sro639_g179770	CAB9514217.1
Sro639_g179780	CAB9514218.1
Sro639_g179790	CAB9514219.1
Sro639_g179800	CAB9514220.1
Sro639_g179810	CAB9514221.1
Sro639_g179820	CAB9514222.1
Sro63_g035620	CAB9499510.1
Sro63_g035630	CAB9499511.1
Sro63_g035640	CAB9499512.1
Sro63_g035650	CAB9499513.1
Sro63_g035660	CAB9499514.1
Sro63_g035670	CAB9499515.1
Sro63_g035680	CAB9499516.1
Sro63_g035690	CAB9499517.1
Sro63_g035700	CAB9499518.1
Sro63_g035710	CAB9499519.1
Sro63_g035720	CAB9499520.1
Sro63_g035730	CAB9499521.1
Sro63_g035740	CAB9499522.1
Sro63_g035750	CAB9499523.1
Sro63_g035760	CAB9499524.1
Sro63_g035770	CAB9499525.1
Sro63_g035780	CAB9499526.1
Sro63_g035790	CAB9499527.1
Sro63_g035800	CAB9499528.1
Sro63_g035810	CAB9499529.1
Sro63_g035820	CAB9499530.1
Sro63_g035840	CAB9499531.1
Sro63_g035850	CAB9499532.1
Sro63_g035860	CAB9499533.1
Sro63_g035870	CAB9499534.1
Sro63_g035880	CAB9499535.1
Sro63_g035890	CAB9499536.1
Sro63_g035900	CAB9499537.1
Sro63_g035910	CAB9499538.1
Sro63_g035920	CAB9499539.1
Sro63_g035930	CAB9499540.1
Sro63_g035940	CAB9499541.1
Sro63_g035950	CAB9499542.1
Sro63_g035960	CAB9499543.1
Sro63_g035970	CAB9499544.1
Sro63_g035980	CAB9499545.1
Sro63_g035990	CAB9499546.1
Sro63_g036000	CAB9499547.1
Sro63_g036010	CAB9499548.1
Sro63_g036020	CAB9499549.1
Sro63_g036030	CAB9499550.1
Sro63_g036040	CAB9499551.1
Sro63_g036050	CAB9499552.1
Sro63_g036060	CAB9499553.1
Sro63_g036070	CAB9499554.1
Sro63_g036080	CAB9499555.1
Sro640_g179830	CAB9514223.1
Sro640_g179840	CAB9514224.1
Sro640_g179841	CAB9514225.1
Sro640_g179850	CAB9514226.1
Sro640_g179860	CAB9514227.1
Sro640_g179870	CAB9514228.1
Sro640_g179880	CAB9514229.1
Sro640_g179890	CAB9514230.1
Sro640_g179900	CAB9514231.1
Sro640_g179910	CAB9514232.1
Sro640_g179920	CAB9514233.1
Sro640_g179930	CAB9514234.1
Sro641_g179940	CAB9514235.1
Sro641_g179950	CAB9514236.1
Sro641_g179960	CAB9514237.1
Sro641_g179970	CAB9514238.1
Sro641_g179980	CAB9514239.1
Sro641_g179990	CAB9514240.1
Sro641_g180000	CAB9514241.1
Sro641_g180010	CAB9514242.1
Sro641_g180020	CAB9514243.1
Sro641_g180030	CAB9514244.1
Sro641_g180040	CAB9514245.1
Sro641_g180050	CAB9514246.1
Sro641_g180060	CAB9514247.1
Sro641_g180070	CAB9514248.1
Sro641_g180080	CAB9514249.1
Sro642_g180090	CAB9514250.1
Sro642_g180100	CAB9514251.1
Sro642_g180110	CAB9514252.1
Sro642_g180120	CAB9514253.1
Sro642_g180130	CAB9514254.1
Sro642_g180140	CAB9514255.1
Sro642_g180150	CAB9514256.1
Sro642_g180160	CAB9514257.1
Sro642_g180170	CAB9514258.1
Sro642_g180180	CAB9514259.1
Sro642_g180190	CAB9514260.1
Sro642_g180200	CAB9514261.1
Sro642_g180210	CAB9514262.1
Sro642_g180220	CAB9514263.1
Sro642_g180230	CAB9514264.1
Sro643_g180240	CAB9514265.1
Sro643_g180250	CAB9514266.1
Sro643_g180260	CAB9514267.1
Sro643_g180270	CAB9514268.1
Sro643_g180280	CAB9514269.1
Sro643_g180290	CAB9514270.1
Sro643_g180300	CAB9514271.1
Sro643_g180310	CAB9514272.1
Sro643_g180320	CAB9514273.1
Sro643_g180330	CAB9514274.1
Sro643_g180340	CAB9514275.1
Sro643_g180350	CAB9514276.1
Sro643_g180360	CAB9514277.1
Sro643_g180370	CAB9514278.1
Sro643_g180380	CAB9514279.1
Sro643_g180390	CAB9514280.1
Sro643_g180400	CAB9514281.1
Sro643_g180410	CAB9514282.1
Sro643_g180420	CAB9514283.1
Sro644_g180430	CAB9514284.1
Sro644_g180440	CAB9514285.1
Sro644_g180450	CAB9514286.1
Sro644_g180460	CAB9514287.1
Sro644_g180470	CAB9514288.1
Sro644_g180480	CAB9514289.1
Sro644_g180490	CAB9514290.1
Sro644_g180500	CAB9514291.1
Sro644_g180510	CAB9514292.1
Sro644_g180520	CAB9514293.1
Sro644_g180530	CAB9514294.1
Sro644_g180540	CAB9514295.1
Sro644_g180550	CAB9514296.1
Sro644_g180560	CAB9514297.1
Sro645_g180570	CAB9514298.1
Sro645_g180580	CAB9514299.1
Sro645_g180590	CAB9514300.1
Sro645_g180600	CAB9514301.1
Sro645_g180610	CAB9514302.1
Sro645_g180620	CAB9514304.1
Sro645_g180621	CAB9514303.1
Sro645_g180630	CAB9514305.1
Sro645_g180640	CAB9514306.1
Sro645_g180650	CAB9514307.1
Sro645_g180660	CAB9514308.1
Sro646_g180670	CAB9514309.1
Sro646_g180680	CAB9514310.1
Sro646_g180690	CAB9514311.1
Sro646_g180700	CAB9514312.1
Sro646_g180710	CAB9514313.1
Sro646_g180720	CAB9514314.1
Sro646_g180730	CAB9514315.1
Sro646_g180740	CAB9514316.1
Sro646_g180750	CAB9514317.1
Sro646_g180760	CAB9514318.1
Sro646_g180770	CAB9514319.1
Sro646_g180780	CAB9514320.1
Sro646_g180790	CAB9514321.1
Sro646_g180800	CAB9514322.1
Sro646_g180810	CAB9514323.1
Sro646_g180820	CAB9514324.1
Sro647_g180830	CAB9514325.1
Sro647_g180840	CAB9514326.1
Sro647_g180850	CAB9514327.1
Sro647_g180860	CAB9514328.1
Sro647_g180870	CAB9514329.1
Sro647_g180880	CAB9514330.1
Sro647_g180890	CAB9514331.1
Sro647_g180900	CAB9514332.1
Sro647_g180910	CAB9514333.1
Sro647_g180920	CAB9514334.1
Sro647_g180930	CAB9514335.1
Sro647_g180940	CAB9514336.1
Sro647_g180950	CAB9514337.1
Sro647_g180960	CAB9514338.1
Sro647_g180970	CAB9514339.1
Sro647_g180980	CAB9514340.1
Sro647_g180990	CAB9514341.1
Sro647_g181000	CAB9514342.1
Sro647_g181010	CAB9514343.1
Sro648_g181020	CAB9514344.1
Sro648_g181030	CAB9514345.1
Sro648_g181040	CAB9514346.1
Sro648_g181050	CAB9514347.1
Sro648_g181060	CAB9514348.1
Sro648_g181070	CAB9514349.1
Sro648_g181080	CAB9514350.1
Sro648_g181090	CAB9514351.1
Sro648_g181100	CAB9514352.1
Sro648_g181110	CAB9514353.1
Sro648_g181120	CAB9514354.1
Sro648_g181130	CAB9514355.1
Sro649_g181140	CAB9514356.1
Sro649_g181150	CAB9514357.1
Sro649_g181160	CAB9514358.1
Sro649_g181170	CAB9514359.1
Sro649_g181180	CAB9514360.1
Sro649_g181190	CAB9514361.1
Sro649_g181200	CAB9514362.1
Sro649_g181210	CAB9514363.1
Sro649_g181220	CAB9514364.1
Sro649_g181230	CAB9514365.1
Sro649_g181240	CAB9514366.1
Sro649_g181250	CAB9514367.1
Sro649_g181260	CAB9514368.1
Sro649_g181270	CAB9514369.1
Sro649_g181280	CAB9514370.1
Sro649_g181290	CAB9514371.1
Sro64_g036090	CAB9499556.1
Sro64_g036100	CAB9499557.1
Sro64_g036110	CAB9499558.1
Sro64_g036120	CAB9499559.1
Sro64_g036130	CAB9499560.1
Sro64_g036140	CAB9499561.1
Sro64_g036150	CAB9499562.1
Sro64_g036160	CAB9499563.1
Sro64_g036170	CAB9499564.1
Sro64_g036180	CAB9499565.1
Sro64_g036190	CAB9499566.1
Sro64_g036200	CAB9499567.1
Sro64_g036210	CAB9499568.1
Sro64_g036220	CAB9499569.1
Sro64_g036230	CAB9499570.1
Sro64_g036240	CAB9499571.1
Sro64_g036250	CAB9499572.1
Sro64_g036260	CAB9499573.1
Sro64_g036270	CAB9499574.1
Sro64_g036280	CAB9499575.1
Sro64_g036290	CAB9499576.1
Sro64_g036300	CAB9499577.1
Sro64_g036310	CAB9499578.1
Sro64_g036320	CAB9499579.1
Sro64_g036330	CAB9499580.1
Sro64_g036331	CAB9499581.1
Sro64_g036332	CAB9499582.1
Sro64_g036340	CAB9499583.1
Sro64_g036350	CAB9499584.1
Sro64_g036360	CAB9499585.1
Sro64_g036370	CAB9499586.1
Sro64_g036380	CAB9499587.1
Sro64_g036390	CAB9499588.1
Sro64_g036400	CAB9499589.1
Sro64_g036410	CAB9499590.1
Sro64_g036420	CAB9499591.1
Sro64_g036430	CAB9499592.1
Sro64_g036440	CAB9499593.1
Sro64_g036450	CAB9499594.1
Sro64_g036460	CAB9499595.1
Sro64_g036470	CAB9499596.1
Sro64_g036480	CAB9499597.1
Sro64_g036490	CAB9499598.1
Sro64_g036500	CAB9499599.1
Sro64_g036510	CAB9499600.1
Sro64_g036520	CAB9499601.1
Sro64_g036530	CAB9499602.1
Sro64_g036540	CAB9499603.1
Sro650_g037021	CAB9514372.1
Sro650_g181300	CAB9514373.1
Sro650_g181310	CAB9514374.1
Sro650_g181320	CAB9514375.1
Sro650_g181330	CAB9514376.1
Sro650_g181340	CAB9514377.1
Sro650_g181350	CAB9514378.1
Sro650_g181360	CAB9514379.1
Sro650_g181370	CAB9514380.1
Sro650_g181371	CAB9514381.1
Sro650_g181380	CAB9514382.1
Sro650_g181390	CAB9514383.1
Sro650_g181400	CAB9514384.1
Sro650_g181410	CAB9514385.1
Sro650_g181420	CAB9514386.1
Sro650_g181430	CAB9514387.1
Sro650_g181440	CAB9514388.1
Sro650_g181450	CAB9514389.1
Sro650_g181460	CAB9514390.1
Sro650_g181470	CAB9514391.1
Sro650_g181480	CAB9514392.1
Sro651_g181490	CAB9514393.1
Sro651_g181500	CAB9514394.1
Sro651_g181510	CAB9514395.1
Sro651_g181520	CAB9514396.1
Sro651_g181530	CAB9514397.1
Sro651_g181540	CAB9514398.1
Sro651_g181550	CAB9514399.1
Sro651_g181560	CAB9514400.1
Sro651_g181570	CAB9514401.1
Sro651_g181580	CAB9514402.1
Sro651_g181590	CAB9514403.1
Sro651_g181600	CAB9514404.1
Sro651_g181610	CAB9514405.1
Sro651_g181620	CAB9514406.1
Sro651_g181630	CAB9514407.1
Sro652_g181640	CAB9514408.1
Sro652_g181650	CAB9514409.1
Sro652_g181660	CAB9514410.1
Sro652_g181670	CAB9514411.1
Sro652_g181680	CAB9514412.1
Sro652_g181690	CAB9514413.1
Sro652_g181700	CAB9514414.1
Sro652_g181710	CAB9514415.1
Sro652_g181720	CAB9514416.1
Sro652_g181730	CAB9514417.1
Sro652_g181740	CAB9514418.1
Sro652_g181750	CAB9514419.1
Sro652_g181760	CAB9514420.1
Sro652_g181770	CAB9514421.1
Sro652_g181780	CAB9514422.1
Sro652_g181790	CAB9514423.1
Sro652_g181800	CAB9514424.1
Sro652_g181810	CAB9514425.1
Sro652_g181820	CAB9514426.1
Sro652_g181830	CAB9514427.1
Sro652_g181840	CAB9514428.1
Sro652_g181850	CAB9514429.1
Sro652_g181860	CAB9514430.1
Sro652_g181870	CAB9514431.1
Sro652_g181880	CAB9514432.1
Sro652_g181890	CAB9514433.1
Sro652_g181900	CAB9514434.1
Sro653_g181910	CAB9514435.1
Sro653_g181920	CAB9514436.1
Sro653_g181930	CAB9514437.1
Sro653_g181940	CAB9514438.1
Sro653_g181950	CAB9514439.1
Sro653_g181960	CAB9514440.1
Sro653_g181961	CAB9514441.1
Sro653_g181970	CAB9514442.1
Sro654_g181980	CAB9514443.1
Sro654_g181990	CAB9514444.1
Sro654_g182000	CAB9514445.1
Sro654_g182010	CAB9514446.1
Sro654_g182020	CAB9514447.1
Sro654_g182030	CAB9514448.1
Sro654_g182040	CAB9514449.1
Sro654_g182050	CAB9514450.1
Sro654_g182060	CAB9514451.1
Sro654_g182070	CAB9514452.1
Sro654_g182080	CAB9514453.1
Sro654_g182090	CAB9514454.1
Sro654_g182100	CAB9514455.1
Sro654_g182110	CAB9514456.1
Sro654_g182120	CAB9514457.1
Sro654_g182130	CAB9514458.1
Sro654_g182140	CAB9514459.1
Sro654_g182150	CAB9514460.1
Sro654_g182160	CAB9514461.1
Sro655_g182170	CAB9514462.1
Sro655_g182180	CAB9514463.1
Sro655_g182190	CAB9514464.1
Sro655_g182200	CAB9514465.1
Sro655_g182210	CAB9514466.1
Sro655_g182220	CAB9514467.1
Sro655_g182230	CAB9514468.1
Sro655_g182240	CAB9514469.1
Sro655_g182250	CAB9514470.1
Sro655_g182260	CAB9514471.1
Sro655_g182270	CAB9514472.1
Sro655_g182280	CAB9514473.1
Sro655_g182290	CAB9514474.1
Sro655_g182300	CAB9514475.1
Sro655_g182310	CAB9514476.1
Sro655_g182320	CAB9514477.1
Sro655_g182330	CAB9514478.1
Sro655_g182340	CAB9514479.1
Sro655_g182350	CAB9514480.1
Sro656_g182360	CAB9514481.1
Sro656_g182380	CAB9514482.1
Sro656_g182390	CAB9514483.1
Sro656_g182400	CAB9514484.1
Sro656_g182410	CAB9514485.1
Sro656_g182420	CAB9514486.1
Sro656_g182430	CAB9514487.1
Sro656_g182440	CAB9514488.1
Sro656_g182450	CAB9514489.1
Sro656_g182460	CAB9514490.1
Sro656_g182470	CAB9514491.1
Sro656_g182480	CAB9514492.1
Sro656_g182490	CAB9514493.1
Sro656_g182500	CAB9514494.1
Sro656_g182510	CAB9514495.1
Sro656_g182520	CAB9514496.1
Sro656_g182530	CAB9514497.1
Sro657_g182540	CAB9514498.1
Sro657_g182550	CAB9514499.1
Sro657_g182560	CAB9514500.1
Sro657_g182570	CAB9514501.1
Sro657_g182580	CAB9514502.1
Sro657_g182590	CAB9514503.1
Sro657_g182600	CAB9514504.1
Sro657_g182610	CAB9514505.1
Sro657_g182620	CAB9514506.1
Sro658_g182630	CAB9514507.1
Sro658_g182640	CAB9514508.1
Sro658_g182650	CAB9514509.1
Sro658_g182660	CAB9514510.1
Sro658_g182670	CAB9514511.1
Sro658_g182680	CAB9514512.1
Sro658_g182690	CAB9514513.1
Sro658_g182700	CAB9514514.1
Sro658_g182710	CAB9514515.1
Sro658_g182720	CAB9514516.1
Sro658_g182730	CAB9514517.1
Sro658_g182740	CAB9514518.1
Sro658_g182750	CAB9514519.1
Sro658_g182760	CAB9514520.1
Sro658_g182770	CAB9514521.1
Sro658_g182780	CAB9514522.1
Sro658_g182790	CAB9514523.1
Sro658_g182800	CAB9514524.1
Sro658_g182801	CAB9514525.1
Sro658_g182810	CAB9514526.1
Sro659_g182820	CAB9514527.1
Sro659_g182830	CAB9514528.1
Sro659_g182840	CAB9514529.1
Sro659_g182850	CAB9514530.1
Sro659_g182860	CAB9514531.1
Sro659_g182870	CAB9514532.1
Sro659_g182880	CAB9514533.1
Sro659_g182890	CAB9514534.1
Sro659_g182900	CAB9514535.1
Sro659_g182910	CAB9514536.1
Sro65_g036550	CAB9499604.1
Sro65_g036560	CAB9499605.1
Sro65_g036570	CAB9499606.1
Sro65_g036580	CAB9499607.1
Sro65_g036590	CAB9499608.1
Sro65_g036600	CAB9499609.1
Sro65_g036610	CAB9499610.1
Sro65_g036620	CAB9499611.1
Sro65_g036630	CAB9499612.1
Sro65_g036640	CAB9499613.1
Sro65_g036650	CAB9499614.1
Sro65_g036660	CAB9499615.1
Sro65_g036670	CAB9499616.1
Sro65_g036680	CAB9499617.1
Sro65_g036690	CAB9499618.1
Sro65_g036700	CAB9499619.1
Sro65_g036710	CAB9499620.1
Sro65_g036720	CAB9499621.1
Sro65_g036730	CAB9499622.1
Sro65_g036740	CAB9499623.1
Sro65_g036750	CAB9499624.1
Sro65_g036760	CAB9499625.1
Sro65_g036770	CAB9499626.1
Sro65_g036780	CAB9499627.1
Sro65_g036790	CAB9499628.1
Sro65_g036800	CAB9499629.1
Sro65_g036810	CAB9499630.1
Sro65_g036820	CAB9499631.1
Sro65_g036830	CAB9499632.1
Sro65_g036840	CAB9499633.1
Sro65_g036850	CAB9499634.1
Sro65_g036860	CAB9499635.1
Sro65_g036870	CAB9499636.1
Sro65_g036880	CAB9499637.1
Sro65_g036890	CAB9499638.1
Sro65_g036900	CAB9499639.1
Sro65_g036910	CAB9499640.1
Sro65_g036920	CAB9499641.1
Sro65_g036930	CAB9499642.1
Sro65_g036940	CAB9499643.1
Sro65_g036950	CAB9499644.1
Sro65_g036960	CAB9499645.1
Sro65_g036970	CAB9499646.1
Sro65_g036980	CAB9499647.1
Sro65_g036990	CAB9499648.1
Sro65_g037000	CAB9499649.1
Sro65_g037010	CAB9499650.1
Sro65_g037020	CAB9499651.1
Sro660_g182920	CAB9514537.1
Sro660_g182930	CAB9514538.1
Sro660_g182940	CAB9514539.1
Sro660_g182950	CAB9514540.1
Sro660_g182960	CAB9514541.1
Sro660_g182970	CAB9514542.1
Sro660_g182990	CAB9514543.1
Sro660_g183000	CAB9514544.1
Sro660_g183010	CAB9514545.1
Sro660_g183020	CAB9514546.1
Sro660_g183030	CAB9514547.1
Sro660_g183040	CAB9514548.1
Sro660_g183050	CAB9514549.1
Sro660_g183051	CAB9514550.1
Sro660_g183060	CAB9514551.1
Sro660_g183070	CAB9514552.1
Sro660_g183080	CAB9514553.1
Sro661_g183090	CAB9514554.1
Sro661_g183100	CAB9514555.1
Sro661_g183110	CAB9514556.1
Sro661_g183120	CAB9514557.1
Sro661_g183130	CAB9514558.1
Sro661_g183140	CAB9514559.1
Sro661_g183150	CAB9514560.1
Sro661_g183160	CAB9514561.1
Sro661_g183170	CAB9514562.1
Sro661_g183180	CAB9514563.1
Sro661_g183190	CAB9514564.1
Sro661_g183200	CAB9514565.1
Sro661_g183210	CAB9514566.1
Sro661_g183220	CAB9514567.1
Sro661_g183230	CAB9514568.1
Sro661_g183240	CAB9514569.1
Sro661_g183250	CAB9514570.1
Sro661_g183260	CAB9514571.1
Sro661_g183270	CAB9514572.1
Sro661_g183280	CAB9514573.1
Sro662_g183290	CAB9514574.1
Sro662_g183300	CAB9514575.1
Sro662_g183310	CAB9514576.1
Sro662_g183320	CAB9514577.1
Sro662_g183330	CAB9514578.1
Sro662_g183340	CAB9514579.1
Sro662_g183350	CAB9514580.1
Sro662_g183360	CAB9514581.1
Sro662_g183370	CAB9514582.1
Sro662_g183380	CAB9514583.1
Sro662_g183390	CAB9514584.1
Sro662_g183400	CAB9514585.1
Sro662_g183410	CAB9514586.1
Sro662_g183420	CAB9514587.1
Sro662_g183430	CAB9514588.1
Sro663_g183440	CAB9514589.1
Sro663_g183450	CAB9514590.1
Sro663_g183460	CAB9514591.1
Sro663_g183470	CAB9514592.1
Sro663_g183480	CAB9514593.1
Sro663_g183490	CAB9514594.1
Sro663_g183500	CAB9514595.1
Sro663_g183510	CAB9514596.1
Sro663_g183520	CAB9514597.1
Sro663_g183530	CAB9514598.1
Sro663_g183540	CAB9514599.1
Sro663_g183550	CAB9514600.1
Sro663_g183560	CAB9514601.1
Sro663_g183570	CAB9514602.1
Sro663_g183580	CAB9514603.1
Sro663_g183590	CAB9514604.1
Sro663_g183600	CAB9514605.1
Sro664_g183610	CAB9514606.1
Sro664_g183620	CAB9514607.1
Sro664_g183630	CAB9514608.1
Sro664_g183640	CAB9514609.1
Sro664_g183650	CAB9514610.1
Sro664_g183660	CAB9514611.1
Sro664_g183670	CAB9514612.1
Sro664_g183680	CAB9514613.1
Sro664_g183690	CAB9514614.1
Sro664_g183700	CAB9514615.1
Sro664_g183710	CAB9514616.1
Sro664_g183720	CAB9514617.1
Sro664_g183730	CAB9514618.1
Sro664_g183740	CAB9514619.1
Sro664_g183750	CAB9514620.1
Sro665_g183760	CAB9514621.1
Sro665_g183770	CAB9514622.1
Sro665_g183780	CAB9514623.1
Sro665_g183790	CAB9514624.1
Sro665_g183791	CAB9514625.1
Sro665_g183800	CAB9514626.1
Sro665_g183810	CAB9514627.1
Sro665_g183820	CAB9514628.1
Sro665_g183830	CAB9514629.1
Sro665_g183840	CAB9514630.1
Sro665_g183841	CAB9514631.1
Sro665_g183850	CAB9514632.1
Sro665_g183860	CAB9514633.1
Sro665_g183870	CAB9514634.1
Sro665_g183880	CAB9514635.1
Sro665_g183890	CAB9514636.1
Sro665_g183900	CAB9514637.1
Sro666_g183910	CAB9514638.1
Sro666_g183920	CAB9514639.1
Sro666_g183930	CAB9514640.1
Sro666_g183940	CAB9514641.1
Sro666_g183950	CAB9514642.1
Sro666_g183960	CAB9514643.1
Sro666_g183970	CAB9514644.1
Sro666_g183980	CAB9514645.1
Sro666_g183990	CAB9514646.1
Sro666_g184000	CAB9514647.1
Sro666_g184010	CAB9514648.1
Sro666_g184020	CAB9514649.1
Sro666_g184030	CAB9514650.1
Sro666_g184040	CAB9514651.1
Sro666_g184050	CAB9514652.1
Sro666_g184060	CAB9514653.1
Sro666_g184070	CAB9514654.1
Sro666_g184080	CAB9514655.1
Sro666_g184090	CAB9514656.1
Sro667_g184100	CAB9514657.1
Sro667_g184110	CAB9514658.1
Sro667_g184120	CAB9514659.1
Sro667_g184130	CAB9514660.1
Sro667_g184140	CAB9514661.1
Sro667_g184150	CAB9514662.1
Sro667_g184160	CAB9514663.1
Sro667_g184170	CAB9514664.1
Sro667_g184180	CAB9514665.1
Sro667_g184190	CAB9514666.1
Sro667_g184200	CAB9514667.1
Sro667_g184210	CAB9514668.1
Sro667_g184220	CAB9514669.1
Sro667_g184230	CAB9514670.1
Sro667_g184240	CAB9514671.1
Sro667_g184250	CAB9514672.1
Sro668_g184260	CAB9514673.1
Sro668_g184270	CAB9514674.1
Sro668_g184280	CAB9514675.1
Sro668_g184290	CAB9514676.1
Sro668_g184300	CAB9514677.1
Sro668_g184310	CAB9514678.1
Sro668_g184320	CAB9514679.1
Sro668_g184330	CAB9514680.1
Sro668_g184340	CAB9514681.1
Sro668_g184350	CAB9514682.1
Sro668_g184360	CAB9514683.1
Sro668_g184370	CAB9514684.1
Sro668_g184380	CAB9514685.1
Sro668_g184390	CAB9514686.1
Sro668_g184400	CAB9514687.1
Sro668_g184410	CAB9514688.1
Sro668_g184420	CAB9514689.1
Sro668_g184430	CAB9514690.1
Sro668_g184440	CAB9514691.1
Sro669_g184450	CAB9514692.1
Sro669_g184460	CAB9514693.1
Sro669_g184470	CAB9514694.1
Sro669_g184480	CAB9514695.1
Sro669_g184490	CAB9514696.1
Sro669_g184500	CAB9514697.1
Sro669_g184510	CAB9514698.1
Sro669_g184520	CAB9514699.1
Sro669_g184530	CAB9514700.1
Sro669_g184540	CAB9514701.1
Sro669_g184550	CAB9514702.1
Sro669_g184560	CAB9514703.1
Sro669_g184570	CAB9514704.1
Sro669_g184580	CAB9514705.1
Sro669_g184590	CAB9514706.1
Sro669_g184600	CAB9514707.1
Sro66_g037030	CAB9499653.1
Sro66_g037040	CAB9499654.1
Sro66_g037050	CAB9499655.1
Sro66_g037060	CAB9499656.1
Sro66_g037070	CAB9499657.1
Sro66_g037080	CAB9499658.1
Sro66_g037090	CAB9499659.1
Sro66_g037100	CAB9499660.1
Sro66_g037110	CAB9499661.1
Sro66_g037120	CAB9499662.1
Sro66_g037130	CAB9499663.1
Sro66_g037140	CAB9499664.1
Sro66_g037150	CAB9499665.1
Sro66_g037160	CAB9499666.1
Sro66_g037161	CAB9499667.1
Sro66_g037170	CAB9499668.1
Sro66_g037180	CAB9499669.1
Sro66_g037190	CAB9499671.1
Sro66_g037191	CAB9499670.1
Sro66_g037192	CAB9499672.1
Sro66_g037200	CAB9499673.1
Sro66_g037210	CAB9499674.1
Sro66_g037220	CAB9499675.1
Sro66_g037230	CAB9499676.1
Sro66_g037240	CAB9499677.1
Sro66_g037250	CAB9499678.1
Sro66_g037260	CAB9499679.1
Sro66_g037270	CAB9499680.1
Sro66_g037280	CAB9499681.1
Sro66_g037290	CAB9499682.1
Sro66_g037300	CAB9499683.1
Sro66_g037310	CAB9499684.1
Sro66_g037320	CAB9499685.1
Sro66_g037330	CAB9499686.1
Sro66_g037340	CAB9499687.1
Sro66_g037350	CAB9499688.1
Sro66_g037360	CAB9499689.1
Sro66_g037370	CAB9499690.1
Sro66_g037380	CAB9499691.1
Sro66_g182911	CAB9499652.1
Sro670_g184610	CAB9514708.1
Sro670_g184620	CAB9514709.1
Sro670_g184630	CAB9514710.1
Sro670_g184640	CAB9514711.1
Sro670_g184650	CAB9514712.1
Sro670_g184660	CAB9514713.1
Sro670_g184670	CAB9514714.1
Sro670_g184680	CAB9514715.1
Sro670_g184690	CAB9514716.1
Sro670_g184700	CAB9514717.1
Sro670_g184710	CAB9514718.1
Sro670_g184711	CAB9514719.1
Sro670_g184720	CAB9514720.1
Sro670_g184730	CAB9514721.1
Sro670_g184740	CAB9514722.1
Sro670_g184750	CAB9514723.1
Sro670_g184760	CAB9514724.1
Sro671_g184770	CAB9514725.1
Sro671_g184780	CAB9514726.1
Sro671_g184790	CAB9514727.1
Sro671_g184800	CAB9514728.1
Sro671_g184810	CAB9514729.1
Sro671_g184820	CAB9514730.1
Sro671_g184830	CAB9514731.1
Sro671_g184840	CAB9514732.1
Sro671_g184850	CAB9514733.1
Sro671_g184860	CAB9514734.1
Sro671_g184870	CAB9514735.1
Sro671_g184880	CAB9514736.1
Sro671_g184890	CAB9514737.1
Sro671_g184900	CAB9514738.1
Sro671_g184910	CAB9514739.1
Sro671_g184920	CAB9514740.1
Sro671_g184930	CAB9514741.1
Sro671_g184940	CAB9514742.1
Sro671_g184950	CAB9514743.1
Sro671_g184960	CAB9514744.1
Sro671_g184970	CAB9514745.1
Sro671_g184980	CAB9514746.1
Sro672_g184990	CAB9514747.1
Sro672_g185000	CAB9514748.1
Sro672_g185010	CAB9514749.1
Sro672_g185020	CAB9514750.1
Sro672_g185030	CAB9514751.1
Sro672_g185040	CAB9514752.1
Sro672_g185050	CAB9514753.1
Sro672_g185060	CAB9514754.1
Sro672_g185070	CAB9514755.1
Sro672_g185080	CAB9514756.1
Sro672_g185090	CAB9514757.1
Sro672_g185100	CAB9514758.1
Sro672_g185110	CAB9514759.1
Sro672_g185120	CAB9514760.1
Sro672_g185130	CAB9514761.1
Sro672_g185140	CAB9514762.1
Sro672_g185150	CAB9514763.1
Sro673_g185160	CAB9514764.1
Sro673_g185170	CAB9514765.1
Sro673_g185180	CAB9514766.1
Sro673_g185190	CAB9514767.1
Sro673_g185200	CAB9514768.1
Sro673_g185210	CAB9514769.1
Sro673_g185220	CAB9514770.1
Sro673_g185230	CAB9514771.1
Sro673_g185240	CAB9514772.1
Sro673_g185250	CAB9514773.1
Sro673_g185260	CAB9514774.1
Sro673_g185270	CAB9514775.1
Sro673_g185280	CAB9514776.1
Sro673_g185290	CAB9514777.1
Sro673_g185300	CAB9514778.1
Sro673_g185310	CAB9514779.1
Sro673_g185320	CAB9514780.1
Sro673_g185321	CAB9514781.1
Sro674_g185330	CAB9514782.1
Sro674_g185340	CAB9514783.1
Sro674_g185350	CAB9514784.1
Sro674_g185360	CAB9514785.1
Sro674_g185370	CAB9514786.1
Sro674_g185380	CAB9514787.1
Sro674_g185381	CAB9514788.1
Sro674_g185390	CAB9514789.1
Sro674_g185400	CAB9514790.1
Sro674_g185410	CAB9514791.1
Sro674_g185420	CAB9514792.1
Sro675_g185430	CAB9514793.1
Sro675_g185440	CAB9514794.1
Sro675_g185450	CAB9514795.1
Sro675_g185460	CAB9514796.1
Sro675_g185470	CAB9514797.1
Sro675_g185480	CAB9514798.1
Sro675_g185490	CAB9514799.1
Sro675_g185500	CAB9514800.1
Sro675_g185510	CAB9514801.1
Sro675_g185520	CAB9514802.1
Sro675_g185530	CAB9514803.1
Sro675_g185540	CAB9514804.1
Sro675_g185550	CAB9514805.1
Sro675_g185560	CAB9514806.1
Sro675_g185570	CAB9514807.1
Sro675_g185580	CAB9514808.1
Sro675_g185590	CAB9514809.1
Sro676_g185600	CAB9514810.1
Sro676_g185610	CAB9514811.1
Sro676_g185620	CAB9514812.1
Sro676_g185630	CAB9514813.1
Sro676_g185640	CAB9514814.1
Sro676_g185650	CAB9514815.1
Sro676_g185660	CAB9514816.1
Sro676_g185661	CAB9514817.1
Sro676_g185670	CAB9514818.1
Sro676_g185680	CAB9514819.1
Sro676_g185690	CAB9514820.1
Sro676_g185700	CAB9514821.1
Sro676_g185710	CAB9514822.1
Sro676_g185720	CAB9514823.1
Sro676_g185730	CAB9514824.1
Sro676_g185740	CAB9514825.1
Sro676_g185750	CAB9514826.1
Sro677_g185760	CAB9514827.1
Sro677_g185770	CAB9514828.1
Sro677_g185780	CAB9514829.1
Sro677_g185790	CAB9514830.1
Sro677_g185800	CAB9514831.1
Sro677_g185810	CAB9514832.1
Sro677_g185820	CAB9514833.1
Sro677_g185830	CAB9514834.1
Sro677_g185840	CAB9514835.1
Sro677_g185850	CAB9514836.1
Sro677_g185860	CAB9514837.1
Sro677_g185870	CAB9514838.1
Sro677_g185880	CAB9514839.1
Sro678_g185890	CAB9514840.1
Sro678_g185900	CAB9514841.1
Sro678_g185910	CAB9514842.1
Sro678_g185920	CAB9514843.1
Sro678_g185930	CAB9514844.1
Sro678_g185940	CAB9514845.1
Sro678_g185950	CAB9514846.1
Sro678_g185960	CAB9514847.1
Sro678_g185970	CAB9514848.1
Sro678_g185980	CAB9514849.1
Sro678_g185990	CAB9514850.1
Sro678_g186000	CAB9514851.1
Sro678_g186010	CAB9514852.1
Sro678_g186020	CAB9514853.1
Sro678_g186030	CAB9514854.1
Sro679_g186040	CAB9514855.1
Sro679_g186050	CAB9514856.1
Sro679_g186060	CAB9514857.1
Sro679_g186070	CAB9514858.1
Sro679_g186080	CAB9514859.1
Sro679_g186090	CAB9514860.1
Sro679_g186100	CAB9514861.1
Sro679_g186120	CAB9514862.1
Sro679_g186130	CAB9514863.1
Sro679_g186140	CAB9514864.1
Sro679_g186150	CAB9514865.1
Sro679_g186160	CAB9514866.1
Sro67_g037390	CAB9499692.1
Sro67_g037400	CAB9499693.1
Sro67_g037410	CAB9499694.1
Sro67_g037420	CAB9499695.1
Sro67_g037430	CAB9499696.1
Sro67_g037440	CAB9499697.1
Sro67_g037450	CAB9499698.1
Sro67_g037460	CAB9499699.1
Sro67_g037470	CAB9499700.1
Sro67_g037480	CAB9499701.1
Sro67_g037490	CAB9499702.1
Sro67_g037500	CAB9499703.1
Sro67_g037510	CAB9499704.1
Sro67_g037520	CAB9499705.1
Sro67_g037530	CAB9499706.1
Sro67_g037540	CAB9499707.1
Sro67_g037550	CAB9499708.1
Sro67_g037560	CAB9499709.1
Sro67_g037570	CAB9499710.1
Sro67_g037580	CAB9499711.1
Sro67_g037590	CAB9499712.1
Sro67_g037600	CAB9499713.1
Sro67_g037610	CAB9499714.1
Sro67_g037620	CAB9499715.1
Sro67_g037630	CAB9499716.1
Sro67_g037640	CAB9499717.1
Sro67_g037650	CAB9499718.1
Sro67_g037660	CAB9499719.1
Sro67_g037670	CAB9499720.1
Sro67_g037680	CAB9499721.1
Sro67_g037690	CAB9499722.1
Sro67_g037700	CAB9499723.1
Sro67_g037710	CAB9499724.1
Sro67_g037720	CAB9499725.1
Sro67_g037730	CAB9499726.1
Sro67_g037740	CAB9499727.1
Sro67_g037750	CAB9499728.1
Sro67_g037760	CAB9499729.1
Sro67_g037770	CAB9499730.1
Sro67_g037780	CAB9499731.1
Sro67_g037790	CAB9499732.1
Sro67_g037800	CAB9499733.1
Sro67_g037810	CAB9499734.1
Sro67_g037820	CAB9499735.1
Sro680_g186170	CAB9514867.1
Sro680_g186180	CAB9514868.1
Sro680_g186190	CAB9514869.1
Sro680_g186200	CAB9514870.1
Sro680_g186210	CAB9514871.1
Sro680_g186220	CAB9514872.1
Sro680_g186230	CAB9514873.1
Sro680_g186240	CAB9514874.1
Sro680_g186250	CAB9514875.1
Sro680_g186260	CAB9514876.1
Sro680_g186270	CAB9514877.1
Sro680_g186280	CAB9514878.1
Sro680_g186290	CAB9514879.1
Sro680_g186300	CAB9514880.1
Sro680_g186310	CAB9514881.1
Sro680_g186320	CAB9514882.1
Sro680_g186330	CAB9514883.1
Sro681_g186340	CAB9514884.1
Sro681_g186350	CAB9514885.1
Sro681_g186360	CAB9514886.1
Sro681_g186370	CAB9514887.1
Sro681_g186380	CAB9514888.1
Sro681_g186381	CAB9514889.1
Sro681_g186390	CAB9514890.1
Sro681_g186400	CAB9514891.1
Sro681_g186410	CAB9514892.1
Sro681_g186411	CAB9514893.1
Sro681_g186420	CAB9514894.1
Sro682_g186430	CAB9514895.1
Sro682_g186440	CAB9514896.1
Sro682_g186450	CAB9514897.1
Sro682_g186460	CAB9514898.1
Sro682_g186470	CAB9514899.1
Sro682_g186480	CAB9514900.1
Sro682_g186490	CAB9514901.1
Sro682_g186500	CAB9514902.1
Sro682_g186510	CAB9514903.1
Sro682_g186520	CAB9514904.1
Sro682_g186530	CAB9514905.1
Sro682_g186540	CAB9514906.1
Sro682_g186550	CAB9514907.1
Sro682_g186551	CAB9514908.1
Sro682_g186560	CAB9514909.1
Sro682_g186570	CAB9514910.1
Sro683_g186580	CAB9514911.1
Sro683_g186590	CAB9514912.1
Sro683_g186600	CAB9514913.1
Sro683_g186610	CAB9514914.1
Sro683_g186620	CAB9514915.1
Sro683_g186630	CAB9514916.1
Sro683_g186640	CAB9514917.1
Sro683_g186650	CAB9514918.1
Sro683_g186660	CAB9514919.1
Sro683_g186670	CAB9514920.1
Sro684_g186680	CAB9514921.1
Sro684_g186690	CAB9514922.1
Sro684_g186700	CAB9514923.1
Sro684_g186710	CAB9514924.1
Sro684_g186720	CAB9514925.1
Sro684_g186730	CAB9514926.1
Sro684_g186740	CAB9514927.1
Sro684_g186750	CAB9514928.1
Sro684_g186760	CAB9514929.1
Sro684_g186770	CAB9514930.1
Sro684_g186780	CAB9514931.1
Sro684_g186790	CAB9514932.1
Sro684_g186800	CAB9514933.1
Sro684_g186810	CAB9514934.1
Sro684_g186820	CAB9514935.1
Sro684_g186830	CAB9514936.1
Sro684_g186840	CAB9514937.1
Sro685_g186850	CAB9514938.1
Sro685_g186860	CAB9514939.1
Sro685_g186870	CAB9514940.1
Sro685_g186880	CAB9514941.1
Sro685_g186890	CAB9514942.1
Sro685_g186900	CAB9514943.1
Sro685_g186910	CAB9514944.1
Sro685_g186920	CAB9514945.1
Sro685_g186930	CAB9514946.1
Sro685_g186940	CAB9514947.1
Sro685_g186950	CAB9514948.1
Sro685_g186960	CAB9514949.1
Sro685_g186970	CAB9514950.1
Sro685_g186980	CAB9514951.1
Sro686_g186990	CAB9514952.1
Sro686_g187000	CAB9514953.1
Sro686_g187010	CAB9514954.1
Sro686_g187020	CAB9514955.1
Sro686_g187030	CAB9514956.1
Sro686_g187031	CAB9514957.1
Sro686_g187040	CAB9514958.1
Sro686_g187050	CAB9514959.1
Sro686_g187060	CAB9514960.1
Sro686_g187070	CAB9514961.1
Sro686_g187080	CAB9514962.1
Sro686_g187090	CAB9514963.1
Sro686_g187100	CAB9514964.1
Sro686_g187110	CAB9514965.1
Sro686_g187120	CAB9514966.1
Sro686_g187130	CAB9514967.1
Sro686_g187140	CAB9514968.1
Sro686_g187150	CAB9514969.1
Sro686_g187160	CAB9514970.1
Sro687_g187170	CAB9514971.1
Sro687_g187180	CAB9514972.1
Sro687_g187190	CAB9514973.1
Sro687_g187201	CAB9514974.1
Sro687_g187210	CAB9514975.1
Sro687_g187220	CAB9514976.1
Sro687_g187230	CAB9514977.1
Sro687_g187240	CAB9514978.1
Sro687_g187260	CAB9514979.1
Sro687_g187270	CAB9514980.1
Sro687_g187280	CAB9514981.1
Sro687_g187290	CAB9514982.1
Sro687_g187300	CAB9514983.1
Sro687_g187310	CAB9514984.1
Sro687_g187320	CAB9514985.1
Sro688_g187330	CAB9514986.1
Sro688_g187340	CAB9514987.1
Sro688_g187350	CAB9514988.1
Sro688_g187360	CAB9514989.1
Sro688_g187370	CAB9514990.1
Sro688_g187380	CAB9514991.1
Sro688_g187390	CAB9514992.1
Sro688_g187400	CAB9514993.1
Sro688_g187410	CAB9514994.1
Sro688_g187411	CAB9514995.1
Sro688_g187420	CAB9514996.1
Sro688_g187430	CAB9514997.1
Sro688_g187440	CAB9514998.1
Sro688_g187450	CAB9514999.1
Sro688_g187460	CAB9515000.1
Sro688_g187470	CAB9515001.1
Sro688_g187480	CAB9515002.1
Sro689_g187490	CAB9515003.1
Sro689_g187500	CAB9515004.1
Sro689_g187510	CAB9515005.1
Sro689_g187520	CAB9515006.1
Sro689_g187530	CAB9515007.1
Sro689_g187540	CAB9515008.1
Sro689_g187550	CAB9515009.1
Sro68_g037830	CAB9499736.1
Sro68_g037840	CAB9499737.1
Sro68_g037850	CAB9499738.1
Sro68_g037860	CAB9499739.1
Sro68_g037870	CAB9499740.1
Sro68_g037880	CAB9499741.1
Sro68_g037890	CAB9499742.1
Sro68_g037900	CAB9499743.1
Sro68_g037910	CAB9499744.1
Sro68_g037920	CAB9499745.1
Sro68_g037930	CAB9499746.1
Sro68_g037940	CAB9499747.1
Sro68_g037950	CAB9499748.1
Sro68_g037960	CAB9499749.1
Sro68_g037970	CAB9499750.1
Sro68_g037980	CAB9499751.1
Sro68_g037990	CAB9499752.1
Sro68_g038000	CAB9499753.1
Sro68_g038010	CAB9499754.1
Sro68_g038020	CAB9499755.1
Sro68_g038030	CAB9499756.1
Sro68_g038040	CAB9499757.1
Sro68_g038050	CAB9499758.1
Sro68_g038060	CAB9499759.1
Sro68_g038070	CAB9499760.1
Sro68_g038080	CAB9499761.1
Sro68_g038090	CAB9499762.1
Sro68_g038100	CAB9499763.1
Sro68_g038110	CAB9499764.1
Sro68_g038120	CAB9499765.1
Sro68_g038130	CAB9499766.1
Sro68_g038140	CAB9499767.1
Sro68_g038150	CAB9499768.1
Sro68_g038160	CAB9499769.1
Sro68_g038170	CAB9499770.1
Sro68_g038180	CAB9499771.1
Sro68_g038190	CAB9499772.1
Sro68_g038200	CAB9499773.1
Sro68_g038210	CAB9499774.1
Sro68_g038220	CAB9499775.1
Sro68_g038230	CAB9499776.1
Sro68_g038240	CAB9499777.1
Sro68_g038260	CAB9499778.1
Sro68_g038270	CAB9499779.1
Sro68_g038280	CAB9499780.1
Sro68_g038290	CAB9499781.1
Sro68_g038300	CAB9499782.1
Sro68_g038310	CAB9499783.1
Sro68_g038320	CAB9499784.1
Sro68_g038330	CAB9499785.1
Sro68_g038340	CAB9499786.1
Sro68_g038350	CAB9499787.1
Sro68_g038360	CAB9499788.1
Sro690_g187560	CAB9515010.1
Sro690_g187570	CAB9515011.1
Sro690_g187580	CAB9515012.1
Sro690_g187590	CAB9515013.1
Sro690_g187600	CAB9515014.1
Sro690_g187610	CAB9515015.1
Sro690_g187620	CAB9515016.1
Sro690_g187630	CAB9515017.1
Sro690_g187640	CAB9515018.1
Sro690_g187650	CAB9515019.1
Sro690_g187660	CAB9515020.1
Sro690_g187670	CAB9515021.1
Sro690_g187680	CAB9515022.1
Sro690_g187690	CAB9515023.1
Sro690_g187691	CAB9515024.1
Sro690_g187692	CAB9515025.1
Sro691_g187700	CAB9515026.1
Sro691_g187710	CAB9515027.1
Sro691_g187720	CAB9515028.1
Sro691_g187730	CAB9515029.1
Sro691_g187740	CAB9515030.1
Sro691_g187750	CAB9515031.1
Sro691_g187760	CAB9515032.1
Sro691_g187770	CAB9515033.1
Sro691_g187780	CAB9515034.1
Sro691_g187790	CAB9515035.1
Sro691_g187800	CAB9515036.1
Sro691_g187810	CAB9515037.1
Sro691_g187820	CAB9515038.1
Sro691_g187830	CAB9515039.1
Sro691_g187840	CAB9515040.1
Sro691_g187850	CAB9515041.1
Sro691_g187860	CAB9515042.1
Sro691_g187870	CAB9515043.1
Sro691_g187880	CAB9515044.1
Sro691_g187890	CAB9515045.1
Sro691_g187900	CAB9515046.1
Sro691_g187910	CAB9515047.1
Sro691_g187920	CAB9515048.1
Sro691_g187930	CAB9515049.1
Sro691_g187940	CAB9515050.1
Sro691_g187950	CAB9515051.1
Sro691_g187960	CAB9515052.1
Sro692_g187970	CAB9515053.1
Sro692_g187980	CAB9515054.1
Sro692_g187990	CAB9515055.1
Sro692_g188000	CAB9515056.1
Sro692_g188010	CAB9515057.1
Sro692_g188020	CAB9515058.1
Sro692_g188030	CAB9515059.1
Sro692_g188040	CAB9515060.1
Sro692_g188050	CAB9515061.1
Sro692_g188060	CAB9515062.1
Sro692_g188070	CAB9515063.1
Sro692_g188080	CAB9515064.1
Sro692_g188090	CAB9515065.1
Sro692_g188100	CAB9515066.1
Sro692_g188110	CAB9515067.1
Sro692_g188120	CAB9515068.1
Sro692_g188130	CAB9515069.1
Sro692_g188140	CAB9515070.1
Sro692_g188150	CAB9515071.1
Sro692_g188160	CAB9515072.1
Sro692_g188170	CAB9515073.1
Sro692_g188180	CAB9515074.1
Sro692_g188190	CAB9515075.1
Sro693_g188200	CAB9515076.1
Sro693_g188210	CAB9515077.1
Sro693_g188220	CAB9515078.1
Sro693_g188230	CAB9515079.1
Sro693_g188240	CAB9515080.1
Sro693_g188250	CAB9515081.1
Sro693_g188260	CAB9515082.1
Sro693_g188270	CAB9515083.1
Sro693_g188280	CAB9515084.1
Sro693_g188290	CAB9515085.1
Sro693_g188300	CAB9515086.1
Sro693_g188310	CAB9515087.1
Sro693_g188320	CAB9515088.1
Sro693_g188330	CAB9515089.1
Sro693_g188340	CAB9515090.1
Sro693_g188350	CAB9515091.1
Sro693_g188351	CAB9515092.1
Sro693_g188370	CAB9515093.1
Sro693_g188380	CAB9515094.1
Sro693_g188390	CAB9515095.1
Sro693_g188400	CAB9515096.1
Sro694_g188410	CAB9515097.1
Sro694_g188420	CAB9515098.1
Sro694_g188430	CAB9515099.1
Sro694_g188440	CAB9515100.1
Sro694_g188450	CAB9515101.1
Sro694_g188460	CAB9515102.1
Sro694_g188470	CAB9515103.1
Sro694_g188480	CAB9515104.1
Sro694_g188490	CAB9515105.1
Sro694_g188500	CAB9515106.1
Sro694_g188510	CAB9515107.1
Sro694_g188520	CAB9515108.1
Sro694_g188530	CAB9515109.1
Sro694_g188540	CAB9515110.1
Sro694_g188550	CAB9515111.1
Sro694_g188560	CAB9515112.1
Sro694_g188570	CAB9515113.1
Sro695_g188580	CAB9515114.1
Sro695_g188590	CAB9515115.1
Sro695_g188600	CAB9515116.1
Sro695_g188610	CAB9515117.1
Sro695_g188620	CAB9515118.1
Sro695_g188630	CAB9515119.1
Sro695_g188640	CAB9515120.1
Sro695_g188650	CAB9515121.1
Sro695_g188660	CAB9515122.1
Sro695_g188670	CAB9515123.1
Sro695_g188680	CAB9515124.1
Sro695_g188690	CAB9515125.1
Sro695_g188700	CAB9515126.1
Sro695_g188710	CAB9515127.1
Sro695_g188720	CAB9515128.1
Sro695_g188730	CAB9515129.1
Sro695_g188740	CAB9515130.1
Sro695_g188750	CAB9515131.1
Sro695_g188760	CAB9515132.1
Sro695_g188770	CAB9515133.1
Sro695_g188780	CAB9515134.1
Sro695_g188790	CAB9515135.1
Sro695_g188800	CAB9515136.1
Sro695_g188801	CAB9515137.1
Sro696_g188810	CAB9515138.1
Sro696_g188820	CAB9515139.1
Sro696_g188830	CAB9515140.1
Sro696_g188840	CAB9515141.1
Sro696_g188850	CAB9515142.1
Sro696_g188860	CAB9515143.1
Sro696_g188870	CAB9515144.1
Sro696_g188880	CAB9515145.1
Sro696_g188890	CAB9515146.1
Sro696_g188900	CAB9515147.1
Sro696_g188910	CAB9515148.1
Sro696_g188920	CAB9515149.1
Sro696_g188930	CAB9515150.1
Sro696_g188940	CAB9515151.1
Sro696_g188960	CAB9515152.1
Sro696_g188970	CAB9515153.1
Sro696_g188980	CAB9515154.1
Sro696_g188990	CAB9515155.1
Sro697_g189000	CAB9515156.1
Sro697_g189010	CAB9515157.1
Sro697_g189020	CAB9515158.1
Sro697_g189030	CAB9515159.1
Sro697_g189040	CAB9515160.1
Sro697_g189050	CAB9515161.1
Sro697_g189060	CAB9515162.1
Sro697_g189070	CAB9515163.1
Sro697_g189080	CAB9515164.1
Sro697_g189090	CAB9515165.1
Sro697_g189100	CAB9515166.1
Sro697_g189110	CAB9515167.1
Sro697_g189120	CAB9515168.1
Sro697_g189130	CAB9515169.1
Sro697_g189140	CAB9515170.1
Sro698_g189150	CAB9515171.1
Sro698_g189160	CAB9515172.1
Sro698_g189170	CAB9515173.1
Sro698_g189180	CAB9515174.1
Sro698_g189190	CAB9515175.1
Sro698_g189200	CAB9515176.1
Sro698_g189210	CAB9515177.1
Sro698_g189220	CAB9515178.1
Sro698_g189230	CAB9515179.1
Sro698_g189240	CAB9515180.1
Sro698_g189250	CAB9515181.1
Sro698_g189260	CAB9515182.1
Sro698_g189270	CAB9515183.1
Sro698_g189280	CAB9515184.1
Sro698_g189290	CAB9515185.1
Sro698_g189300	CAB9515186.1
Sro698_g189310	CAB9515187.1
Sro698_g189320	CAB9515188.1
Sro698_g189330	CAB9515189.1
Sro698_g189340	CAB9515190.1
Sro698_g189350	CAB9515191.1
Sro699_g189360	CAB9515192.1
Sro699_g189370	CAB9515193.1
Sro699_g189380	CAB9515194.1
Sro699_g189390	CAB9515195.1
Sro699_g189400	CAB9515196.1
Sro699_g189410	CAB9515197.1
Sro699_g189420	CAB9515198.1
Sro699_g189430	CAB9515199.1
Sro699_g189440	CAB9515200.1
Sro699_g189450	CAB9515201.1
Sro699_g189460	CAB9515202.1
Sro699_g189470	CAB9515203.1
Sro699_g189471	CAB9515204.1
Sro699_g189480	CAB9515205.1
Sro699_g189490	CAB9515206.1
Sro699_g189500	CAB9515207.1
Sro699_g189510	CAB9515208.1
Sro699_g189520	CAB9515209.1
Sro699_g189530	CAB9515210.1
Sro699_g189540	CAB9515211.1
Sro699_g189550	CAB9515212.1
Sro69_g038370	CAB9499789.1
Sro69_g038380	CAB9499790.1
Sro69_g038390	CAB9499791.1
Sro69_g038400	CAB9499792.1
Sro69_g038410	CAB9499793.1
Sro69_g038420	CAB9499794.1
Sro69_g038430	CAB9499795.1
Sro69_g038440	CAB9499796.1
Sro69_g038450	CAB9499797.1
Sro69_g038460	CAB9499798.1
Sro69_g038470	CAB9499799.1
Sro69_g038480	CAB9499800.1
Sro69_g038490	CAB9499801.1
Sro69_g038500	CAB9499802.1
Sro69_g038510	CAB9499803.1
Sro69_g038520	CAB9499804.1
Sro69_g038530	CAB9499805.1
Sro69_g038540	CAB9499806.1
Sro69_g038550	CAB9499807.1
Sro69_g038560	CAB9499808.1
Sro69_g038570	CAB9499809.1
Sro69_g038580	CAB9499810.1
Sro69_g038590	CAB9499811.1
Sro69_g038591	CAB9499812.1
Sro69_g038600	CAB9499813.1
Sro69_g038610	CAB9499814.1
Sro69_g038620	CAB9499815.1
Sro69_g038630	CAB9499816.1
Sro69_g038640	CAB9499817.1
Sro69_g038641	CAB9499818.1
Sro69_g038642	CAB9499819.1
Sro69_g038650	CAB9499820.1
Sro69_g038660	CAB9499821.1
Sro69_g038670	CAB9499822.1
Sro69_g038680	CAB9499823.1
Sro69_g038690	CAB9499824.1
Sro69_g038700	CAB9499825.1
Sro69_g038710	CAB9499826.1
Sro69_g038720	CAB9499827.1
Sro69_g038721	CAB9499828.1
Sro69_g038730	CAB9499829.1
Sro6_g004810	CAB9496508.1
Sro6_g004811	CAB9496509.1
Sro6_g004812	CAB9496510.1
Sro6_g004820	CAB9496511.1
Sro6_g004830	CAB9496512.1
Sro6_g004840	CAB9496513.1
Sro6_g004850	CAB9496514.1
Sro6_g004860	CAB9496515.1
Sro6_g004870	CAB9496516.1
Sro6_g004880	CAB9496517.1
Sro6_g004890	CAB9496518.1
Sro6_g004900	CAB9496519.1
Sro6_g004910	CAB9496520.1
Sro6_g004920	CAB9496521.1
Sro6_g004930	CAB9496522.1
Sro6_g004940	CAB9496523.1
Sro6_g004950	CAB9496524.1
Sro6_g004960	CAB9496525.1
Sro6_g004970	CAB9496526.1
Sro6_g004980	CAB9496527.1
Sro6_g004990	CAB9496528.1
Sro6_g005000	CAB9496529.1
Sro6_g005010	CAB9496530.1
Sro6_g005020	CAB9496531.1
Sro6_g005030	CAB9496532.1
Sro6_g005040	CAB9496533.1
Sro6_g005050	CAB9496534.1
Sro6_g005060	CAB9496535.1
Sro6_g005070	CAB9496536.1
Sro6_g005080	CAB9496537.1
Sro6_g005090	CAB9496538.1
Sro6_g005100	CAB9496539.1
Sro6_g005110	CAB9496540.1
Sro6_g005120	CAB9496541.1
Sro6_g005130	CAB9496542.1
Sro6_g005140	CAB9496543.1
Sro6_g005150	CAB9496544.1
Sro6_g005160	CAB9496545.1
Sro6_g005170	CAB9496546.1
Sro6_g005180	CAB9496547.1
Sro6_g005190	CAB9496548.1
Sro6_g005200	CAB9496549.1
Sro6_g005210	CAB9496550.1
Sro6_g005220	CAB9496551.1
Sro6_g005230	CAB9496552.1
Sro6_g005240	CAB9496553.1
Sro6_g005250	CAB9496554.1
Sro6_g005260	CAB9496555.1
Sro6_g005270	CAB9496556.1
Sro6_g005280	CAB9496557.1
Sro6_g005290	CAB9496558.1
Sro6_g005300	CAB9496559.1
Sro6_g005310	CAB9496560.1
Sro6_g005320	CAB9496561.1
Sro6_g005330	CAB9496562.1
Sro6_g005340	CAB9496563.1
Sro6_g005350	CAB9496564.1
Sro6_g005360	CAB9496565.1
Sro6_g005370	CAB9496566.1
Sro6_g005380	CAB9496567.1
Sro6_g005390	CAB9496568.1
Sro6_g005400	CAB9496569.1
Sro6_g005410	CAB9496570.1
Sro6_g005420	CAB9496571.1
Sro6_g005430	CAB9496572.1
Sro6_g005440	CAB9496573.1
Sro6_g005450	CAB9496574.1
Sro6_g005460	CAB9496575.1
Sro6_g005470	CAB9496576.1
Sro6_g005480	CAB9496577.1
Sro6_g005490	CAB9496578.1
Sro6_g005500	CAB9496579.1
Sro6_g005510	CAB9496580.1
Sro6_g005520	CAB9496581.1
Sro6_g005530	CAB9496582.1
Sro6_g005540	CAB9496583.1
Sro6_g005550	CAB9496584.1
Sro6_g005560	CAB9496585.1
Sro6_g005570	CAB9496586.1
Sro6_g005580	CAB9496587.1
Sro6_g005590	CAB9496588.1
Sro6_g005600	CAB9496589.1
Sro6_g005610	CAB9496590.1
Sro6_g005620	CAB9496591.1
Sro6_g005630	CAB9496592.1
Sro6_g005640	CAB9496593.1
Sro6_g005650	CAB9496594.1
Sro6_g005660	CAB9496595.1
Sro6_g005670	CAB9496596.1
Sro700_g189560	CAB9515213.1
Sro700_g189570	CAB9515214.1
Sro700_g189580	CAB9515215.1
Sro700_g189590	CAB9515216.1
Sro700_g189600	CAB9515217.1
Sro700_g189610	CAB9515218.1
Sro700_g189620	CAB9515219.1
Sro700_g189630	CAB9515220.1
Sro700_g189640	CAB9515221.1
Sro700_g189650	CAB9515222.1
Sro700_g189660	CAB9515223.1
Sro700_g189670	CAB9515224.1
Sro700_g189680	CAB9515225.1
Sro700_g189690	CAB9515226.1
Sro700_g189700	CAB9515227.1
Sro701_g189710	CAB9515228.1
Sro701_g189720	CAB9515229.1
Sro701_g189730	CAB9515230.1
Sro701_g189740	CAB9515231.1
Sro701_g189750	CAB9515232.1
Sro701_g189751	CAB9515233.1
Sro701_g189760	CAB9515234.1
Sro701_g189770	CAB9515235.1
Sro701_g189780	CAB9515236.1
Sro701_g189790	CAB9515237.1
Sro701_g189800	CAB9515238.1
Sro701_g189810	CAB9515239.1
Sro701_g189820	CAB9515240.1
Sro701_g189830	CAB9515241.1
Sro701_g189840	CAB9515242.1
Sro701_g189850	CAB9515243.1
Sro701_g189860	CAB9515244.1
Sro702_g189870	CAB9515245.1
Sro702_g189880	CAB9515246.1
Sro702_g189890	CAB9515247.1
Sro702_g189900	CAB9515248.1
Sro702_g189910	CAB9515249.1
Sro702_g189920	CAB9515250.1
Sro702_g189930	CAB9515251.1
Sro702_g189940	CAB9515252.1
Sro702_g189950	CAB9515253.1
Sro702_g189960	CAB9515254.1
Sro702_g189970	CAB9515255.1
Sro702_g189980	CAB9515256.1
Sro702_g189990	CAB9515257.1
Sro702_g190000	CAB9515258.1
Sro702_g190010	CAB9515259.1
Sro702_g190020	CAB9515260.1
Sro702_g190030	CAB9515261.1
Sro702_g190040	CAB9515262.1
Sro703_g190050	CAB9515263.1
Sro703_g190060	CAB9515264.1
Sro703_g190070	CAB9515265.1
Sro703_g190080	CAB9515266.1
Sro703_g190090	CAB9515267.1
Sro703_g190100	CAB9515268.1
Sro703_g190120	CAB9515269.1
Sro703_g190130	CAB9515270.1
Sro703_g190140	CAB9515271.1
Sro703_g190150	CAB9515272.1
Sro703_g190160	CAB9515273.1
Sro703_g190190	CAB9515274.1
Sro704_g190200	CAB9515275.1
Sro704_g190210	CAB9515276.1
Sro704_g190230	CAB9515277.1
Sro704_g190231	CAB9515278.1
Sro704_g190240	CAB9515279.1
Sro704_g190250	CAB9515280.1
Sro705_g190260	CAB9515281.1
Sro705_g190270	CAB9515282.1
Sro705_g190280	CAB9515283.1
Sro705_g190290	CAB9515284.1
Sro705_g190300	CAB9515285.1
Sro705_g190310	CAB9515286.1
Sro705_g190320	CAB9515287.1
Sro705_g190330	CAB9515288.1
Sro705_g190340	CAB9515289.1
Sro705_g190350	CAB9515290.1
Sro705_g190360	CAB9515291.1
Sro705_g190370	CAB9515292.1
Sro705_g190380	CAB9515293.1
Sro705_g190390	CAB9515294.1
Sro705_g190400	CAB9515295.1
Sro706_g190410	CAB9515296.1
Sro706_g190420	CAB9515297.1
Sro706_g190430	CAB9515298.1
Sro706_g190440	CAB9515299.1
Sro706_g190450	CAB9515300.1
Sro706_g190460	CAB9515301.1
Sro706_g190470	CAB9515302.1
Sro706_g190480	CAB9515303.1
Sro706_g190490	CAB9515304.1
Sro706_g190500	CAB9515305.1
Sro706_g190510	CAB9515306.1
Sro707_g190520	CAB9515307.1
Sro707_g190530	CAB9515308.1
Sro707_g190540	CAB9515309.1
Sro707_g190550	CAB9515310.1
Sro707_g190560	CAB9515311.1
Sro707_g190570	CAB9515312.1
Sro707_g190580	CAB9515313.1
Sro707_g190590	CAB9515314.1
Sro707_g190600	CAB9515315.1
Sro707_g190610	CAB9515316.1
Sro707_g190620	CAB9515317.1
Sro707_g190621	CAB9515318.1
Sro707_g190630	CAB9515319.1
Sro707_g190640	CAB9515320.1
Sro708_g190650	CAB9515321.1
Sro708_g190660	CAB9515322.1
Sro708_g190670	CAB9515323.1
Sro708_g190680	CAB9515324.1
Sro708_g190690	CAB9515325.1
Sro708_g190700	CAB9515326.1
Sro708_g190710	CAB9515327.1
Sro708_g190720	CAB9515328.1
Sro708_g190730	CAB9515329.1
Sro708_g190740	CAB9515330.1
Sro708_g190750	CAB9515331.1
Sro708_g190760	CAB9515332.1
Sro708_g190770	CAB9515333.1
Sro708_g190780	CAB9515334.1
Sro708_g190790	CAB9515335.1
Sro709_g190800	CAB9515336.1
Sro709_g190810	CAB9515337.1
Sro709_g190820	CAB9515338.1
Sro709_g190830	CAB9515339.1
Sro709_g190840	CAB9515340.1
Sro709_g190850	CAB9515341.1
Sro709_g190860	CAB9515342.1
Sro709_g190870	CAB9515343.1
Sro709_g190880	CAB9515344.1
Sro709_g190890	CAB9515345.1
Sro709_g190900	CAB9515346.1
Sro709_g190910	CAB9515347.1
Sro709_g190920	CAB9515348.1
Sro709_g190930	CAB9515349.1
Sro709_g190940	CAB9515350.1
Sro709_g190950	CAB9515351.1
Sro709_g190960	CAB9515352.1
Sro709_g190970	CAB9515353.1
Sro70_g038740	CAB9499830.1
Sro70_g038750	CAB9499831.1
Sro70_g038760	CAB9499832.1
Sro70_g038770	CAB9499833.1
Sro70_g038780	CAB9499834.1
Sro70_g038790	CAB9499835.1
Sro70_g038800	CAB9499836.1
Sro70_g038810	CAB9499837.1
Sro70_g038820	CAB9499838.1
Sro70_g038830	CAB9499839.1
Sro70_g038840	CAB9499840.1
Sro70_g038850	CAB9499841.1
Sro70_g038860	CAB9499842.1
Sro70_g038870	CAB9499843.1
Sro70_g038880	CAB9499844.1
Sro70_g038890	CAB9499845.1
Sro70_g038900	CAB9499846.1
Sro70_g038910	CAB9499847.1
Sro70_g038920	CAB9499848.1
Sro70_g038930	CAB9499849.1
Sro70_g038940	CAB9499850.1
Sro70_g038950	CAB9499851.1
Sro70_g038960	CAB9499852.1
Sro70_g038970	CAB9499853.1
Sro70_g038980	CAB9499854.1
Sro70_g038990	CAB9499855.1
Sro70_g039000	CAB9499856.1
Sro70_g039010	CAB9499857.1
Sro70_g039020	CAB9499858.1
Sro70_g039030	CAB9499859.1
Sro70_g039040	CAB9499860.1
Sro70_g039050	CAB9499861.1
Sro70_g039060	CAB9499862.1
Sro70_g039070	CAB9499863.1
Sro70_g039080	CAB9499864.1
Sro70_g039090	CAB9499865.1
Sro70_g039100	CAB9499866.1
Sro70_g039110	CAB9499867.1
Sro70_g039120	CAB9499868.1
Sro70_g039130	CAB9499869.1
Sro70_g039140	CAB9499870.1
Sro70_g039150	CAB9499871.1
Sro70_g039160	CAB9499872.1
Sro70_g039170	CAB9499873.1
Sro70_g039180	CAB9499874.1
Sro70_g039190	CAB9499875.1
Sro70_g039200	CAB9499876.1
Sro710_g190980	CAB9515354.1
Sro710_g190990	CAB9515355.1
Sro710_g191000	CAB9515356.1
Sro710_g191010	CAB9515357.1
Sro710_g191020	CAB9515358.1
Sro710_g191030	CAB9515359.1
Sro710_g191040	CAB9515360.1
Sro710_g191050	CAB9515361.1
Sro710_g191060	CAB9515362.1
Sro710_g191070	CAB9515363.1
Sro710_g191080	CAB9515364.1
Sro710_g191090	CAB9515365.1
Sro710_g191100	CAB9515366.1
Sro710_g191110	CAB9515367.1
Sro710_g191120	CAB9515368.1
Sro710_g191130	CAB9515369.1
Sro710_g191140	CAB9515370.1
Sro710_g191150	CAB9515371.1
Sro710_g191160	CAB9515372.1
Sro710_g191170	CAB9515373.1
Sro710_g191180	CAB9515374.1
Sro711_g191190	CAB9515375.1
Sro711_g191200	CAB9515376.1
Sro711_g191210	CAB9515377.1
Sro711_g191220	CAB9515378.1
Sro711_g191230	CAB9515379.1
Sro711_g191240	CAB9515380.1
Sro711_g191250	CAB9515381.1
Sro711_g191260	CAB9515382.1
Sro711_g191270	CAB9515383.1
Sro712_g191280	CAB9515384.1
Sro712_g191290	CAB9515385.1
Sro712_g191300	CAB9515386.1
Sro712_g191310	CAB9515387.1
Sro712_g191320	CAB9515388.1
Sro712_g191330	CAB9515389.1
Sro712_g191340	CAB9515390.1
Sro712_g191350	CAB9515391.1
Sro712_g191360	CAB9515392.1
Sro712_g191370	CAB9515393.1
Sro712_g191380	CAB9515394.1
Sro712_g191390	CAB9515395.1
Sro712_g191400	CAB9515396.1
Sro712_g191410	CAB9515397.1
Sro712_g191420	CAB9515398.1
Sro712_g191430	CAB9515399.1
Sro712_g191440	CAB9515400.1
Sro712_g191450	CAB9515401.1
Sro712_g191460	CAB9515402.1
Sro713_g191470	CAB9515403.1
Sro713_g191480	CAB9515404.1
Sro713_g191490	CAB9515405.1
Sro713_g191500	CAB9515406.1
Sro713_g191510	CAB9515407.1
Sro713_g191520	CAB9515408.1
Sro713_g191530	CAB9515409.1
Sro713_g191540	CAB9515410.1
Sro713_g191550	CAB9515411.1
Sro713_g191560	CAB9515412.1
Sro713_g191570	CAB9515413.1
Sro713_g191580	CAB9515414.1
Sro713_g191590	CAB9515415.1
Sro713_g191600	CAB9515416.1
Sro713_g191610	CAB9515417.1
Sro713_g191620	CAB9515418.1
Sro713_g191630	CAB9515419.1
Sro714_g191640	CAB9515420.1
Sro714_g191650	CAB9515421.1
Sro714_g191660	CAB9515422.1
Sro714_g191670	CAB9515423.1
Sro714_g191680	CAB9515424.1
Sro714_g191690	CAB9515425.1
Sro714_g191700	CAB9515426.1
Sro714_g191710	CAB9515427.1
Sro714_g191720	CAB9515428.1
Sro714_g191730	CAB9515429.1
Sro715_g191740	CAB9515430.1
Sro715_g191750	CAB9515431.1
Sro715_g191760	CAB9515432.1
Sro715_g191770	CAB9515433.1
Sro715_g191780	CAB9515434.1
Sro715_g191790	CAB9515435.1
Sro715_g191800	CAB9515436.1
Sro715_g191810	CAB9515437.1
Sro715_g191820	CAB9515438.1
Sro716_g191830	CAB9515439.1
Sro716_g191840	CAB9515440.1
Sro716_g191850	CAB9515441.1
Sro716_g191860	CAB9515442.1
Sro716_g191870	CAB9515443.1
Sro716_g191880	CAB9515444.1
Sro716_g191890	CAB9515445.1
Sro716_g191900	CAB9515446.1
Sro716_g191910	CAB9515447.1
Sro716_g191920	CAB9515448.1
Sro716_g191930	CAB9515449.1
Sro716_g191940	CAB9515450.1
Sro716_g191950	CAB9515451.1
Sro717_g191960	CAB9515452.1
Sro717_g191970	CAB9515453.1
Sro717_g191980	CAB9515454.1
Sro717_g191990	CAB9515455.1
Sro717_g192000	CAB9515456.1
Sro717_g192010	CAB9515457.1
Sro717_g192020	CAB9515458.1
Sro717_g192030	CAB9515459.1
Sro717_g192040	CAB9515460.1
Sro717_g192050	CAB9515461.1
Sro717_g192060	CAB9515462.1
Sro717_g192070	CAB9515463.1
Sro717_g192080	CAB9515464.1
Sro717_g192090	CAB9515465.1
Sro717_g192100	CAB9515466.1
Sro717_g192110	CAB9515467.1
Sro718_g192120	CAB9515468.1
Sro718_g192130	CAB9515469.1
Sro718_g192140	CAB9515470.1
Sro718_g192150	CAB9515471.1
Sro718_g192160	CAB9515472.1
Sro718_g192170	CAB9515473.1
Sro718_g192180	CAB9515474.1
Sro718_g192181	CAB9515475.1
Sro718_g192190	CAB9515476.1
Sro718_g192200	CAB9515477.1
Sro718_g192210	CAB9515478.1
Sro718_g192220	CAB9515479.1
Sro718_g192230	CAB9515480.1
Sro718_g192240	CAB9515481.1
Sro719_g192250	CAB9515482.1
Sro719_g192260	CAB9515483.1
Sro719_g192270	CAB9515484.1
Sro719_g192280	CAB9515485.1
Sro719_g192290	CAB9515486.1
Sro719_g192300	CAB9515487.1
Sro719_g192310	CAB9515488.1
Sro719_g192320	CAB9515489.1
Sro719_g192330	CAB9515490.1
Sro719_g192340	CAB9515491.1
Sro719_g192350	CAB9515492.1
Sro719_g192370	CAB9515493.1
Sro719_g192380	CAB9515494.1
Sro719_g192390	CAB9515495.1
Sro719_g192400	CAB9515496.1
Sro719_g192410	CAB9515497.1
Sro719_g192420	CAB9515498.1
Sro719_g192430	CAB9515499.1
Sro719_g192440	CAB9515500.1
Sro719_g192450	CAB9515501.1
Sro71_g039210	CAB9499877.1
Sro71_g039220	CAB9499878.1
Sro71_g039230	CAB9499879.1
Sro71_g039240	CAB9499880.1
Sro71_g039250	CAB9499881.1
Sro71_g039260	CAB9499882.1
Sro71_g039270	CAB9499883.1
Sro71_g039280	CAB9499884.1
Sro71_g039290	CAB9499885.1
Sro71_g039300	CAB9499886.1
Sro71_g039310	CAB9499887.1
Sro71_g039320	CAB9499888.1
Sro71_g039330	CAB9499889.1
Sro71_g039340	CAB9499890.1
Sro71_g039350	CAB9499891.1
Sro71_g039360	CAB9499892.1
Sro71_g039370	CAB9499893.1
Sro71_g039380	CAB9499894.1
Sro71_g039390	CAB9499895.1
Sro71_g039400	CAB9499896.1
Sro71_g039410	CAB9499897.1
Sro71_g039420	CAB9499898.1
Sro71_g039430	CAB9499899.1
Sro71_g039440	CAB9499900.1
Sro71_g039450	CAB9499901.1
Sro71_g039460	CAB9499902.1
Sro71_g039470	CAB9499903.1
Sro71_g039480	CAB9499904.1
Sro71_g039490	CAB9499905.1
Sro71_g039500	CAB9499906.1
Sro71_g039510	CAB9499907.1
Sro71_g039520	CAB9499908.1
Sro71_g039530	CAB9499909.1
Sro71_g039540	CAB9499910.1
Sro71_g039550	CAB9499911.1
Sro71_g039560	CAB9499912.1
Sro71_g039570	CAB9499913.1
Sro71_g039580	CAB9499914.1
Sro71_g039590	CAB9499915.1
Sro71_g039600	CAB9499916.1
Sro71_g039610	CAB9499917.1
Sro720_g192460	CAB9515502.1
Sro720_g192470	CAB9515503.1
Sro720_g192480	CAB9515504.1
Sro720_g192490	CAB9515505.1
Sro720_g192500	CAB9515506.1
Sro720_g192510	CAB9515507.1
Sro720_g192520	CAB9515508.1
Sro720_g192530	CAB9515509.1
Sro720_g192540	CAB9515510.1
Sro720_g192550	CAB9515511.1
Sro720_g192560	CAB9515512.1
Sro720_g192570	CAB9515513.1
Sro720_g192580	CAB9515514.1
Sro720_g192590	CAB9515515.1
Sro720_g192600	CAB9515516.1
Sro720_g192610	CAB9515517.1
Sro720_g192620	CAB9515518.1
Sro720_g192630	CAB9515519.1
Sro720_g192640	CAB9515520.1
Sro720_g192650	CAB9515521.1
Sro720_g192660	CAB9515522.1
Sro720_g192670	CAB9515523.1
Sro720_g192680	CAB9515524.1
Sro720_g192690	CAB9515525.1
Sro721_g192700	CAB9515526.1
Sro721_g192710	CAB9515527.1
Sro721_g192720	CAB9515528.1
Sro721_g192730	CAB9515529.1
Sro721_g192740	CAB9515530.1
Sro721_g192750	CAB9515531.1
Sro721_g192760	CAB9515532.1
Sro721_g192780	CAB9515533.1
Sro721_g192790	CAB9515534.1
Sro722_g192800	CAB9515535.1
Sro722_g192810	CAB9515536.1
Sro722_g192820	CAB9515537.1
Sro722_g192830	CAB9515538.1
Sro722_g192840	CAB9515539.1
Sro722_g192850	CAB9515540.1
Sro722_g192860	CAB9515541.1
Sro722_g192870	CAB9515542.1
Sro722_g192880	CAB9515543.1
Sro722_g192890	CAB9515544.1
Sro722_g192900	CAB9515545.1
Sro722_g192910	CAB9515546.1
Sro722_g192920	CAB9515547.1
Sro722_g192930	CAB9515548.1
Sro722_g192940	CAB9515549.1
Sro722_g192950	CAB9515550.1
Sro722_g192960	CAB9515551.1
Sro723_g192970	CAB9515552.1
Sro723_g192980	CAB9515553.1
Sro723_g192990	CAB9515554.1
Sro723_g193000	CAB9515555.1
Sro723_g193010	CAB9515556.1
Sro723_g193020	CAB9515557.1
Sro723_g193030	CAB9515558.1
Sro723_g193040	CAB9515559.1
Sro723_g193070	CAB9515560.1
Sro724_g193080	CAB9515561.1
Sro724_g193090	CAB9515562.1
Sro724_g193100	CAB9515563.1
Sro724_g193110	CAB9515564.1
Sro724_g193120	CAB9515565.1
Sro724_g193130	CAB9515566.1
Sro724_g193140	CAB9515567.1
Sro724_g193150	CAB9515568.1
Sro724_g193160	CAB9515569.1
Sro724_g193170	CAB9515570.1
Sro724_g193180	CAB9515571.1
Sro724_g193190	CAB9515572.1
Sro724_g193200	CAB9515573.1
Sro724_g193210	CAB9515574.1
Sro724_g193220	CAB9515575.1
Sro725_g193230	CAB9515576.1
Sro725_g193240	CAB9515577.1
Sro725_g193250	CAB9515578.1
Sro725_g193260	CAB9515579.1
Sro725_g193270	CAB9515580.1
Sro725_g193280	CAB9515581.1
Sro725_g193290	CAB9515582.1
Sro725_g193300	CAB9515583.1
Sro725_g193310	CAB9515584.1
Sro725_g193320	CAB9515585.1
Sro725_g193330	CAB9515586.1
Sro725_g193340	CAB9515587.1
Sro725_g193350	CAB9515588.1
Sro725_g193360	CAB9515589.1
Sro725_g193370	CAB9515590.1
Sro725_g193380	CAB9515591.1
Sro725_g193390	CAB9515592.1
Sro725_g193400	CAB9515593.1
Sro725_g193410	CAB9515594.1
Sro726_g193420	CAB9515595.1
Sro726_g193430	CAB9515596.1
Sro726_g193431	CAB9515597.1
Sro726_g193440	CAB9515598.1
Sro726_g193450	CAB9515599.1
Sro726_g193460	CAB9515600.1
Sro726_g193470	CAB9515601.1
Sro726_g193480	CAB9515602.1
Sro726_g193490	CAB9515603.1
Sro726_g193500	CAB9515604.1
Sro726_g193510	CAB9515605.1
Sro726_g193530	CAB9515606.1
Sro726_g193540	CAB9515607.1
Sro727_g193550	CAB9515608.1
Sro727_g193560	CAB9515609.1
Sro727_g193570	CAB9515610.1
Sro727_g193580	CAB9515611.1
Sro727_g193590	CAB9515612.1
Sro727_g193591	CAB9515613.1
Sro727_g193600	CAB9515614.1
Sro727_g193620	CAB9515615.1
Sro727_g193630	CAB9515616.1
Sro727_g193640	CAB9515617.1
Sro727_g193650	CAB9515618.1
Sro727_g193660	CAB9515619.1
Sro727_g193670	CAB9515620.1
Sro728_g193680	CAB9515621.1
Sro728_g193690	CAB9515622.1
Sro728_g193700	CAB9515623.1
Sro728_g193710	CAB9515624.1
Sro728_g193720	CAB9515625.1
Sro728_g193730	CAB9515626.1
Sro728_g193740	CAB9515627.1
Sro728_g193750	CAB9515628.1
Sro729_g193760	CAB9515629.1
Sro729_g193770	CAB9515630.1
Sro729_g193780	CAB9515631.1
Sro729_g193790	CAB9515632.1
Sro729_g193800	CAB9515633.1
Sro729_g193810	CAB9515634.1
Sro729_g193820	CAB9515635.1
Sro729_g193830	CAB9515636.1
Sro729_g193840	CAB9515637.1
Sro729_g193850	CAB9515638.1
Sro729_g193860	CAB9515639.1
Sro729_g193870	CAB9515640.1
Sro729_g193880	CAB9515641.1
Sro729_g193890	CAB9515642.1
Sro729_g193900	CAB9515643.1
Sro729_g193910	CAB9515644.1
Sro729_g193920	CAB9515645.1
Sro729_g193930	CAB9515646.1
Sro72_g039620	CAB9499918.1
Sro72_g039630	CAB9499919.1
Sro72_g039640	CAB9499920.1
Sro72_g039641	CAB9499921.1
Sro72_g039650	CAB9499922.1
Sro72_g039660	CAB9499923.1
Sro72_g039670	CAB9499924.1
Sro72_g039680	CAB9499925.1
Sro72_g039690	CAB9499926.1
Sro72_g039700	CAB9499927.1
Sro72_g039710	CAB9499928.1
Sro72_g039720	CAB9499929.1
Sro72_g039730	CAB9499930.1
Sro72_g039740	CAB9499931.1
Sro72_g039750	CAB9499932.1
Sro72_g039760	CAB9499933.1
Sro72_g039770	CAB9499934.1
Sro72_g039780	CAB9499935.1
Sro72_g039790	CAB9499936.1
Sro72_g039800	CAB9499937.1
Sro72_g039810	CAB9499938.1
Sro72_g039820	CAB9499939.1
Sro72_g039830	CAB9499940.1
Sro72_g039840	CAB9499941.1
Sro72_g039850	CAB9499942.1
Sro72_g039860	CAB9499943.1
Sro72_g039870	CAB9499944.1
Sro72_g039880	CAB9499945.1
Sro72_g039890	CAB9499946.1
Sro72_g039900	CAB9499947.1
Sro72_g039910	CAB9499948.1
Sro72_g039920	CAB9499949.1
Sro72_g039930	CAB9499950.1
Sro72_g039940	CAB9499951.1
Sro72_g039950	CAB9499952.1
Sro72_g039960	CAB9499953.1
Sro72_g039970	CAB9499954.1
Sro72_g039980	CAB9499955.1
Sro72_g039990	CAB9499956.1
Sro72_g040000	CAB9499957.1
Sro72_g040010	CAB9499958.1
Sro72_g040020	CAB9499959.1
Sro72_g040030	CAB9499960.1
Sro72_g040040	CAB9499961.1
Sro72_g040050	CAB9499962.1
Sro72_g040060	CAB9499963.1
Sro72_g040070	CAB9499964.1
Sro72_g040080	CAB9499965.1
Sro72_g040090	CAB9499966.1
Sro72_g040100	CAB9499967.1
Sro72_g040110	CAB9499968.1
Sro72_g040120	CAB9499969.1
Sro72_g040130	CAB9499970.1
Sro72_g040140	CAB9499971.1
Sro72_g040150	CAB9499972.1
Sro730_g193940	CAB9515647.1
Sro730_g193950	CAB9515648.1
Sro730_g193960	CAB9515649.1
Sro730_g193970	CAB9515650.1
Sro730_g193980	CAB9515651.1
Sro730_g193990	CAB9515652.1
Sro730_g194000	CAB9515653.1
Sro730_g194010	CAB9515654.1
Sro730_g194020	CAB9515655.1
Sro730_g194030	CAB9515656.1
Sro730_g194040	CAB9515657.1
Sro730_g194050	CAB9515658.1
Sro730_g194060	CAB9515659.1
Sro730_g194070	CAB9515660.1
Sro730_g194080	CAB9515661.1
Sro730_g194090	CAB9515662.1
Sro730_g194100	CAB9515663.1
Sro730_g194110	CAB9515664.1
Sro730_g194120	CAB9515665.1
Sro730_g194130	CAB9515666.1
Sro730_g194140	CAB9515667.1
Sro731_g194150	CAB9515668.1
Sro731_g194160	CAB9515669.1
Sro731_g194170	CAB9515670.1
Sro731_g194180	CAB9515671.1
Sro731_g194190	CAB9515672.1
Sro731_g194200	CAB9515673.1
Sro731_g194210	CAB9515674.1
Sro731_g194220	CAB9515675.1
Sro731_g194230	CAB9515676.1
Sro731_g194240	CAB9515677.1
Sro731_g194250	CAB9515678.1
Sro731_g194260	CAB9515679.1
Sro731_g194270	CAB9515680.1
Sro731_g194280	CAB9515681.1
Sro731_g194290	CAB9515682.1
Sro731_g194300	CAB9515683.1
Sro731_g194301	CAB9515684.1
Sro731_g194310	CAB9515685.1
Sro731_g194320	CAB9515686.1
Sro731_g194330	CAB9515687.1
Sro731_g194340	CAB9515688.1
Sro731_g194350	CAB9515689.1
Sro731_g194360	CAB9515690.1
Sro732_g194370	CAB9515691.1
Sro732_g194380	CAB9515692.1
Sro732_g194390	CAB9515693.1
Sro732_g194400	CAB9515694.1
Sro732_g194410	CAB9515695.1
Sro732_g194420	CAB9515696.1
Sro732_g194430	CAB9515697.1
Sro732_g194440	CAB9515698.1
Sro732_g194450	CAB9515699.1
Sro732_g194460	CAB9515700.1
Sro732_g194470	CAB9515701.1
Sro732_g194480	CAB9515702.1
Sro732_g194490	CAB9515703.1
Sro733_g194500	CAB9515704.1
Sro733_g194510	CAB9515705.1
Sro733_g194520	CAB9515706.1
Sro733_g194530	CAB9515707.1
Sro733_g194540	CAB9515708.1
Sro733_g194550	CAB9515709.1
Sro733_g194560	CAB9515710.1
Sro733_g194580	CAB9515711.1
Sro733_g194590	CAB9515712.1
Sro734_g194600	CAB9515713.1
Sro734_g194610	CAB9515714.1
Sro734_g194620	CAB9515715.1
Sro734_g194630	CAB9515716.1
Sro734_g194640	CAB9515717.1
Sro734_g194641	CAB9515718.1
Sro734_g194650	CAB9515719.1
Sro734_g194660	CAB9515720.1
Sro734_g194670	CAB9515721.1
Sro734_g194680	CAB9515722.1
Sro734_g194690	CAB9515723.1
Sro734_g194700	CAB9515724.1
Sro734_g194710	CAB9515725.1
Sro734_g194720	CAB9515726.1
Sro734_g194730	CAB9515727.1
Sro734_g194740	CAB9515728.1
Sro734_g194750	CAB9515729.1
Sro734_g194760	CAB9515730.1
Sro734_g194770	CAB9515731.1
Sro734_g194780	CAB9515732.1
Sro734_g194790	CAB9515733.1
Sro735_g194791	CAB9515734.1
Sro735_g194800	CAB9515735.1
Sro735_g194810	CAB9515736.1
Sro735_g194820	CAB9515737.1
Sro735_g194830	CAB9515738.1
Sro735_g194840	CAB9515739.1
Sro735_g194850	CAB9515740.1
Sro735_g194860	CAB9515741.1
Sro735_g194870	CAB9515742.1
Sro735_g194880	CAB9515743.1
Sro735_g194890	CAB9515744.1
Sro735_g194900	CAB9515745.1
Sro735_g194910	CAB9515746.1
Sro735_g194920	CAB9515747.1
Sro735_g194930	CAB9515748.1
Sro735_g194940	CAB9515749.1
Sro735_g194941	CAB9515750.1
Sro735_g194950	CAB9515751.1
Sro735_g194960	CAB9515752.1
Sro736_g194970	CAB9515753.1
Sro736_g194980	CAB9515754.1
Sro736_g194990	CAB9515755.1
Sro736_g195000	CAB9515756.1
Sro736_g195010	CAB9515757.1
Sro736_g195020	CAB9515758.1
Sro736_g195021	CAB9515759.1
Sro736_g195030	CAB9515760.1
Sro736_g195040	CAB9515761.1
Sro736_g195050	CAB9515762.1
Sro736_g195060	CAB9515763.1
Sro737_g195070	CAB9515764.1
Sro737_g195080	CAB9515765.1
Sro737_g195090	CAB9515766.1
Sro737_g195100	CAB9515767.1
Sro737_g195110	CAB9515768.1
Sro737_g195120	CAB9515769.1
Sro737_g195130	CAB9515770.1
Sro737_g195140	CAB9515771.1
Sro737_g195150	CAB9515772.1
Sro737_g195160	CAB9515773.1
Sro737_g195170	CAB9515774.1
Sro737_g195180	CAB9515775.1
Sro737_g195190	CAB9515776.1
Sro737_g195200	CAB9515777.1
Sro738_g195210	CAB9515778.1
Sro738_g195220	CAB9515779.1
Sro738_g195230	CAB9515780.1
Sro738_g195240	CAB9515781.1
Sro738_g195250	CAB9515782.1
Sro738_g195260	CAB9515783.1
Sro738_g195270	CAB9515784.1
Sro738_g195280	CAB9515785.1
Sro738_g195290	CAB9515786.1
Sro738_g195300	CAB9515787.1
Sro738_g195310	CAB9515788.1
Sro738_g195320	CAB9515789.1
Sro738_g195330	CAB9515790.1
Sro738_g195340	CAB9515791.1
Sro739_g195350	CAB9515792.1
Sro739_g195360	CAB9515793.1
Sro739_g195370	CAB9515794.1
Sro739_g195380	CAB9515795.1
Sro739_g195390	CAB9515796.1
Sro739_g195400	CAB9515797.1
Sro739_g195410	CAB9515798.1
Sro739_g195420	CAB9515799.1
Sro739_g195430	CAB9515800.1
Sro739_g195440	CAB9515801.1
Sro739_g195450	CAB9515802.1
Sro73_g040160	CAB9499973.1
Sro73_g040170	CAB9499974.1
Sro73_g040180	CAB9499975.1
Sro73_g040190	CAB9499976.1
Sro73_g040200	CAB9499977.1
Sro73_g040210	CAB9499978.1
Sro73_g040220	CAB9499979.1
Sro73_g040230	CAB9499980.1
Sro73_g040240	CAB9499981.1
Sro73_g040250	CAB9499982.1
Sro73_g040260	CAB9499983.1
Sro73_g040270	CAB9499984.1
Sro73_g040280	CAB9499985.1
Sro73_g040290	CAB9499986.1
Sro73_g040300	CAB9499987.1
Sro73_g040310	CAB9499988.1
Sro73_g040320	CAB9499989.1
Sro73_g040330	CAB9499990.1
Sro73_g040340	CAB9499991.1
Sro73_g040350	CAB9499992.1
Sro73_g040360	CAB9499993.1
Sro73_g040370	CAB9499994.1
Sro73_g040380	CAB9499995.1
Sro73_g040390	CAB9499996.1
Sro73_g040400	CAB9499997.1
Sro73_g040410	CAB9499998.1
Sro73_g040420	CAB9499999.1
Sro73_g040430	CAB9500000.1
Sro73_g040440	CAB9500001.1
Sro73_g040450	CAB9500002.1
Sro73_g040460	CAB9500003.1
Sro73_g040470	CAB9500004.1
Sro73_g040480	CAB9500005.1
Sro73_g040490	CAB9500006.1
Sro73_g040500	CAB9500007.1
Sro73_g040510	CAB9500008.1
Sro73_g040520	CAB9500009.1
Sro73_g040530	CAB9500010.1
Sro73_g040540	CAB9500011.1
Sro73_g040550	CAB9500012.1
Sro73_g040560	CAB9500013.1
Sro73_g040570	CAB9500014.1
Sro73_g040580	CAB9500015.1
Sro740_g195460	CAB9515803.1
Sro740_g195470	CAB9515804.1
Sro740_g195480	CAB9515805.1
Sro740_g195490	CAB9515806.1
Sro740_g195500	CAB9515807.1
Sro740_g195510	CAB9515808.1
Sro740_g195520	CAB9515809.1
Sro740_g195530	CAB9515810.1
Sro740_g195540	CAB9515811.1
Sro740_g195550	CAB9515812.1
Sro740_g195560	CAB9515813.1
Sro740_g195570	CAB9515814.1
Sro740_g195580	CAB9515815.1
Sro740_g195590	CAB9515816.1
Sro740_g195600	CAB9515817.1
Sro740_g195610	CAB9515818.1
Sro740_g195620	CAB9515819.1
Sro740_g195630	CAB9515820.1
Sro740_g195650	CAB9515821.1
Sro740_g195660	CAB9515822.1
Sro741_g195670	CAB9515823.1
Sro741_g195680	CAB9515824.1
Sro741_g195690	CAB9515825.1
Sro741_g195700	CAB9515826.1
Sro741_g195710	CAB9515827.1
Sro741_g195720	CAB9515828.1
Sro741_g195730	CAB9515829.1
Sro741_g195740	CAB9515830.1
Sro741_g195750	CAB9515831.1
Sro741_g195760	CAB9515832.1
Sro741_g195770	CAB9515833.1
Sro741_g195780	CAB9515834.1
Sro741_g195790	CAB9515835.1
Sro741_g195800	CAB9515836.1
Sro741_g195810	CAB9515837.1
Sro742_g195820	CAB9515838.1
Sro742_g195830	CAB9515839.1
Sro742_g195840	CAB9515840.1
Sro742_g195850	CAB9515841.1
Sro742_g195860	CAB9515842.1
Sro742_g195870	CAB9515843.1
Sro742_g195880	CAB9515844.1
Sro742_g195890	CAB9515845.1
Sro742_g195900	CAB9515846.1
Sro742_g195910	CAB9515847.1
Sro742_g195920	CAB9515848.1
Sro742_g195930	CAB9515849.1
Sro742_g195940	CAB9515850.1
Sro742_g195950	CAB9515851.1
Sro742_g195960	CAB9515852.1
Sro742_g195970	CAB9515853.1
Sro742_g195971	CAB9515854.1
Sro742_g195980	CAB9515855.1
Sro742_g195990	CAB9515856.1
Sro743_g196000	CAB9515857.1
Sro743_g196010	CAB9515858.1
Sro743_g196020	CAB9515859.1
Sro743_g196030	CAB9515860.1
Sro743_g196040	CAB9515861.1
Sro743_g196050	CAB9515862.1
Sro743_g196060	CAB9515863.1
Sro743_g196070	CAB9515864.1
Sro743_g196080	CAB9515865.1
Sro743_g196090	CAB9515866.1
Sro743_g196100	CAB9515867.1
Sro743_g196101	CAB9515868.1
Sro743_g196110	CAB9515869.1
Sro743_g196120	CAB9515870.1
Sro743_g196130	CAB9515871.1
Sro744_g196140	CAB9515872.1
Sro744_g196150	CAB9515873.1
Sro744_g196160	CAB9515874.1
Sro744_g196170	CAB9515875.1
Sro744_g196180	CAB9515876.1
Sro744_g196190	CAB9515877.1
Sro744_g196200	CAB9515878.1
Sro744_g196210	CAB9515879.1
Sro744_g196220	CAB9515880.1
Sro744_g196230	CAB9515881.1
Sro744_g196240	CAB9515882.1
Sro744_g196250	CAB9515883.1
Sro744_g196260	CAB9515884.1
Sro744_g196270	CAB9515885.1
Sro744_g196280	CAB9515886.1
Sro744_g196290	CAB9515887.1
Sro745_g196300	CAB9515888.1
Sro745_g196310	CAB9515889.1
Sro745_g196320	CAB9515890.1
Sro745_g196330	CAB9515891.1
Sro745_g196340	CAB9515892.1
Sro746_g196350	CAB9515893.1
Sro746_g196360	CAB9515894.1
Sro746_g196370	CAB9515895.1
Sro746_g196380	CAB9515896.1
Sro746_g196390	CAB9515897.1
Sro746_g196400	CAB9515898.1
Sro746_g196410	CAB9515899.1
Sro746_g196420	CAB9515900.1
Sro746_g196430	CAB9515901.1
Sro746_g196440	CAB9515902.1
Sro746_g196450	CAB9515903.1
Sro747_g196460	CAB9515904.1
Sro747_g196470	CAB9515905.1
Sro747_g196480	CAB9515906.1
Sro747_g196490	CAB9515907.1
Sro747_g196500	CAB9515908.1
Sro747_g196510	CAB9515909.1
Sro747_g196520	CAB9515910.1
Sro747_g196530	CAB9515911.1
Sro747_g196540	CAB9515912.1
Sro747_g196550	CAB9515913.1
Sro747_g196560	CAB9515914.1
Sro747_g196570	CAB9515915.1
Sro747_g196580	CAB9515916.1
Sro747_g196590	CAB9515917.1
Sro747_g196600	CAB9515918.1
Sro748_g196610	CAB9515919.1
Sro748_g196620	CAB9515920.1
Sro748_g196630	CAB9515921.1
Sro748_g196640	CAB9515922.1
Sro748_g196650	CAB9515923.1
Sro748_g196660	CAB9515924.1
Sro748_g196670	CAB9515925.1
Sro748_g196680	CAB9515926.1
Sro748_g196690	CAB9515927.1
Sro748_g196700	CAB9515928.1
Sro748_g196710	CAB9515929.1
Sro748_g196720	CAB9515930.1
Sro748_g196730	CAB9515931.1
Sro749_g196740	CAB9515932.1
Sro749_g196750	CAB9515933.1
Sro749_g196760	CAB9515934.1
Sro749_g196770	CAB9515935.1
Sro749_g196780	CAB9515936.1
Sro749_g196790	CAB9515937.1
Sro749_g196800	CAB9515938.1
Sro749_g196810	CAB9515939.1
Sro749_g196820	CAB9515940.1
Sro749_g196830	CAB9515941.1
Sro749_g196840	CAB9515942.1
Sro749_g196850	CAB9515943.1
Sro749_g196860	CAB9515944.1
Sro749_g196870	CAB9515945.1
Sro74_g040590	CAB9500016.1
Sro74_g040600	CAB9500017.1
Sro74_g040610	CAB9500018.1
Sro74_g040620	CAB9500019.1
Sro74_g040630	CAB9500020.1
Sro74_g040640	CAB9500021.1
Sro74_g040650	CAB9500022.1
Sro74_g040660	CAB9500023.1
Sro74_g040670	CAB9500024.1
Sro74_g040680	CAB9500025.1
Sro74_g040690	CAB9500026.1
Sro74_g040700	CAB9500027.1
Sro74_g040710	CAB9500028.1
Sro74_g040720	CAB9500029.1
Sro74_g040730	CAB9500030.1
Sro74_g040740	CAB9500031.1
Sro74_g040750	CAB9500032.1
Sro74_g040760	CAB9500033.1
Sro74_g040770	CAB9500034.1
Sro74_g040780	CAB9500035.1
Sro74_g040790	CAB9500036.1
Sro74_g040800	CAB9500037.1
Sro74_g040810	CAB9500038.1
Sro74_g040820	CAB9500039.1
Sro74_g040830	CAB9500040.1
Sro74_g040840	CAB9500041.1
Sro74_g040850	CAB9500042.1
Sro74_g040860	CAB9500043.1
Sro74_g040870	CAB9500044.1
Sro74_g040880	CAB9500045.1
Sro74_g040890	CAB9500046.1
Sro74_g040900	CAB9500047.1
Sro74_g040910	CAB9500048.1
Sro74_g040920	CAB9500049.1
Sro74_g040930	CAB9500050.1
Sro74_g040940	CAB9500051.1
Sro74_g040950	CAB9500052.1
Sro74_g040960	CAB9500053.1
Sro74_g040970	CAB9500054.1
Sro750_g196880	CAB9515946.1
Sro750_g196890	CAB9515947.1
Sro750_g196900	CAB9515948.1
Sro750_g196910	CAB9515949.1
Sro750_g196920	CAB9515950.1
Sro750_g196930	CAB9515951.1
Sro750_g196940	CAB9515952.1
Sro750_g196950	CAB9515953.1
Sro750_g196960	CAB9515954.1
Sro750_g196970	CAB9515955.1
Sro750_g196980	CAB9515956.1
Sro750_g196990	CAB9515957.1
Sro750_g197000	CAB9515958.1
Sro750_g197010	CAB9515959.1
Sro750_g197020	CAB9515960.1
Sro750_g197030	CAB9515961.1
Sro751_g197040	CAB9515962.1
Sro751_g197050	CAB9515963.1
Sro751_g197060	CAB9515964.1
Sro751_g197070	CAB9515965.1
Sro751_g197080	CAB9515966.1
Sro751_g197090	CAB9515967.1
Sro751_g197100	CAB9515968.1
Sro751_g197110	CAB9515969.1
Sro752_g197120	CAB9515970.1
Sro752_g197130	CAB9515971.1
Sro752_g197140	CAB9515972.1
Sro752_g197141	CAB9515973.1
Sro752_g197150	CAB9515974.1
Sro752_g197160	CAB9515975.1
Sro752_g197170	CAB9515976.1
Sro752_g197180	CAB9515977.1
Sro752_g197190	CAB9515978.1
Sro752_g197200	CAB9515979.1
Sro752_g197210	CAB9515980.1
Sro752_g197220	CAB9515981.1
Sro752_g197230	CAB9515982.1
Sro752_g197240	CAB9515983.1
Sro752_g197250	CAB9515984.1
Sro753_g197260	CAB9515985.1
Sro753_g197270	CAB9515986.1
Sro753_g197280	CAB9515987.1
Sro753_g197290	CAB9515988.1
Sro753_g197300	CAB9515989.1
Sro753_g197310	CAB9515990.1
Sro753_g197320	CAB9515991.1
Sro753_g197330	CAB9515992.1
Sro753_g197340	CAB9515993.1
Sro753_g197350	CAB9515994.1
Sro753_g197360	CAB9515995.1
Sro753_g197370	CAB9515996.1
Sro753_g197380	CAB9515997.1
Sro753_g197390	CAB9515998.1
Sro753_g197400	CAB9515999.1
Sro753_g197410	CAB9516000.1
Sro753_g197420	CAB9516001.1
Sro753_g197430	CAB9516002.1
Sro753_g197440	CAB9516003.1
Sro753_g197450	CAB9516004.1
Sro753_g197460	CAB9516005.1
Sro753_g197470	CAB9516006.1
Sro754_g197480	CAB9516007.1
Sro754_g197490	CAB9516008.1
Sro754_g197500	CAB9516009.1
Sro754_g197510	CAB9516010.1
Sro754_g197520	CAB9516011.1
Sro754_g197530	CAB9516012.1
Sro754_g197540	CAB9516013.1
Sro755_g197550	CAB9516014.1
Sro755_g197590	CAB9516015.1
Sro755_g197600	CAB9516016.1
Sro755_g197610	CAB9516017.1
Sro755_g197620	CAB9516018.1
Sro755_g197630	CAB9516019.1
Sro755_g197640	CAB9516020.1
Sro755_g197650	CAB9516021.1
Sro755_g197660	CAB9516022.1
Sro755_g197670	CAB9516023.1
Sro756_g197680	CAB9516024.1
Sro756_g197690	CAB9516025.1
Sro756_g197700	CAB9516026.1
Sro756_g197710	CAB9516027.1
Sro756_g197720	CAB9516028.1
Sro756_g197730	CAB9516029.1
Sro756_g197740	CAB9516030.1
Sro756_g197750	CAB9516031.1
Sro756_g197760	CAB9516032.1
Sro756_g197770	CAB9516033.1
Sro756_g197780	CAB9516034.1
Sro756_g197790	CAB9516035.1
Sro756_g197800	CAB9516036.1
Sro756_g197810	CAB9516037.1
Sro756_g197820	CAB9516038.1
Sro756_g197830	CAB9516039.1
Sro756_g197840	CAB9516040.1
Sro756_g197850	CAB9516041.1
Sro757_g197860	CAB9516042.1
Sro757_g197870	CAB9516043.1
Sro757_g197880	CAB9516044.1
Sro757_g197890	CAB9516045.1
Sro757_g197900	CAB9516046.1
Sro757_g197910	CAB9516047.1
Sro757_g197920	CAB9516048.1
Sro757_g197930	CAB9516049.1
Sro757_g197940	CAB9516050.1
Sro757_g197950	CAB9516051.1
Sro757_g197960	CAB9516052.1
Sro757_g197970	CAB9516053.1
Sro757_g197980	CAB9516054.1
Sro757_g197990	CAB9516055.1
Sro758_g198000	CAB9516056.1
Sro758_g198010	CAB9516057.1
Sro758_g198020	CAB9516058.1
Sro758_g198030	CAB9516059.1
Sro758_g198040	CAB9516060.1
Sro758_g198050	CAB9516061.1
Sro758_g198060	CAB9516062.1
Sro758_g198070	CAB9516063.1
Sro758_g198080	CAB9516064.1
Sro758_g198090	CAB9516065.1
Sro758_g198100	CAB9516066.1
Sro758_g198110	CAB9516067.1
Sro758_g198120	CAB9516068.1
Sro759_g198130	CAB9516069.1
Sro759_g198140	CAB9516070.1
Sro759_g198150	CAB9516071.1
Sro759_g198160	CAB9516072.1
Sro759_g198170	CAB9516073.1
Sro759_g198180	CAB9516074.1
Sro759_g198190	CAB9516075.1
Sro759_g198200	CAB9516076.1
Sro759_g198210	CAB9516077.1
Sro759_g198220	CAB9516078.1
Sro759_g198230	CAB9516079.1
Sro759_g198240	CAB9516080.1
Sro759_g198250	CAB9516081.1
Sro759_g198260	CAB9516082.1
Sro759_g198270	CAB9516083.1
Sro759_g198280	CAB9516084.1
Sro759_g198290	CAB9516085.1
Sro75_g040980	CAB9500055.1
Sro75_g040990	CAB9500056.1
Sro75_g041000	CAB9500057.1
Sro75_g041010	CAB9500058.1
Sro75_g041020	CAB9500059.1
Sro75_g041021	CAB9500060.1
Sro75_g041030	CAB9500061.1
Sro75_g041040	CAB9500062.1
Sro75_g041050	CAB9500063.1
Sro75_g041060	CAB9500064.1
Sro75_g041070	CAB9500065.1
Sro75_g041080	CAB9500066.1
Sro75_g041090	CAB9500067.1
Sro75_g041100	CAB9500068.1
Sro75_g041110	CAB9500069.1
Sro75_g041120	CAB9500070.1
Sro75_g041130	CAB9500071.1
Sro75_g041140	CAB9500072.1
Sro75_g041150	CAB9500073.1
Sro75_g041160	CAB9500074.1
Sro75_g041170	CAB9500075.1
Sro75_g041180	CAB9500076.1
Sro75_g041190	CAB9500077.1
Sro75_g041200	CAB9500078.1
Sro75_g041210	CAB9500079.1
Sro75_g041220	CAB9500080.1
Sro75_g041230	CAB9500081.1
Sro75_g041240	CAB9500082.1
Sro75_g041250	CAB9500083.1
Sro75_g041260	CAB9500084.1
Sro75_g041270	CAB9500085.1
Sro75_g041280	CAB9500086.1
Sro75_g041290	CAB9500087.1
Sro75_g041300	CAB9500088.1
Sro75_g041310	CAB9500089.1
Sro75_g041320	CAB9500090.1
Sro75_g041330	CAB9500091.1
Sro75_g041340	CAB9500092.1
Sro75_g041350	CAB9500093.1
Sro75_g041360	CAB9500094.1
Sro75_g041370	CAB9500095.1
Sro75_g041380	CAB9500096.1
Sro75_g041390	CAB9500097.1
Sro75_g041400	CAB9500098.1
Sro75_g041410	CAB9500099.1
Sro75_g041420	CAB9500100.1
Sro75_g041430	CAB9500101.1
Sro75_g041440	CAB9500102.1
Sro760_g198300	CAB9516086.1
Sro760_g198310	CAB9516087.1
Sro760_g198320	CAB9516088.1
Sro760_g198330	CAB9516089.1
Sro760_g198340	CAB9516090.1
Sro760_g198350	CAB9516091.1
Sro760_g198360	CAB9516092.1
Sro760_g198370	CAB9516093.1
Sro760_g198380	CAB9516094.1
Sro760_g198390	CAB9516095.1
Sro760_g198400	CAB9516096.1
Sro760_g198410	CAB9516097.1
Sro760_g198420	CAB9516098.1
Sro760_g198430	CAB9516099.1
Sro760_g198440	CAB9516100.1
Sro761_g198450	CAB9516101.1
Sro761_g198460	CAB9516102.1
Sro761_g198470	CAB9516103.1
Sro761_g198480	CAB9516104.1
Sro761_g198490	CAB9516105.1
Sro761_g198500	CAB9516106.1
Sro761_g198510	CAB9516107.1
Sro761_g198520	CAB9516108.1
Sro761_g198530	CAB9516109.1
Sro761_g198540	CAB9516110.1
Sro761_g198550	CAB9516111.1
Sro761_g198560	CAB9516112.1
Sro761_g198570	CAB9516113.1
Sro761_g198580	CAB9516114.1
Sro761_g198590	CAB9516115.1
Sro761_g198600	CAB9516116.1
Sro762_g198610	CAB9516117.1
Sro762_g198620	CAB9516118.1
Sro762_g198630	CAB9516119.1
Sro762_g198640	CAB9516120.1
Sro762_g198650	CAB9516121.1
Sro762_g198660	CAB9516122.1
Sro762_g198670	CAB9516123.1
Sro762_g198680	CAB9516124.1
Sro762_g198690	CAB9516125.1
Sro762_g198700	CAB9516126.1
Sro762_g198710	CAB9516127.1
Sro762_g198720	CAB9516128.1
Sro762_g198730	CAB9516129.1
Sro762_g198740	CAB9516130.1
Sro762_g198750	CAB9516131.1
Sro762_g198760	CAB9516132.1
Sro762_g198770	CAB9516133.1
Sro762_g198780	CAB9516134.1
Sro762_g198790	CAB9516135.1
Sro763_g198800	CAB9516136.1
Sro763_g198810	CAB9516137.1
Sro763_g198830	CAB9516138.1
Sro763_g198840	CAB9516139.1
Sro763_g198850	CAB9516140.1
Sro763_g198860	CAB9516141.1
Sro763_g198870	CAB9516142.1
Sro763_g198880	CAB9516143.1
Sro763_g198890	CAB9516144.1
Sro763_g198900	CAB9516145.1
Sro763_g198910	CAB9516146.1
Sro763_g198920	CAB9516147.1
Sro763_g198930	CAB9516148.1
Sro763_g198940	CAB9516149.1
Sro763_g198950	CAB9516150.1
Sro763_g198960	CAB9516151.1
Sro763_g198970	CAB9516152.1
Sro763_g198980	CAB9516153.1
Sro764_g198990	CAB9516154.1
Sro764_g199000	CAB9516155.1
Sro764_g199010	CAB9516156.1
Sro764_g199020	CAB9516157.1
Sro764_g199030	CAB9516158.1
Sro764_g199040	CAB9516159.1
Sro764_g199050	CAB9516160.1
Sro764_g199060	CAB9516161.1
Sro764_g199070	CAB9516162.1
Sro764_g199080	CAB9516163.1
Sro764_g199090	CAB9516164.1
Sro764_g199100	CAB9516165.1
Sro764_g199110	CAB9516166.1
Sro764_g199120	CAB9516167.1
Sro765_g199130	CAB9516168.1
Sro765_g199140	CAB9516169.1
Sro765_g199150	CAB9516170.1
Sro765_g199160	CAB9516171.1
Sro765_g199170	CAB9516172.1
Sro765_g199180	CAB9516173.1
Sro765_g199190	CAB9516174.1
Sro765_g199200	CAB9516175.1
Sro765_g199210	CAB9516176.1
Sro765_g199220	CAB9516177.1
Sro765_g199230	CAB9516178.1
Sro765_g199240	CAB9516179.1
Sro765_g199250	CAB9516180.1
Sro765_g199260	CAB9516181.1
Sro765_g199270	CAB9516182.1
Sro766_g199280	CAB9516183.1
Sro766_g199290	CAB9516184.1
Sro766_g199300	CAB9516185.1
Sro766_g199310	CAB9516186.1
Sro766_g199320	CAB9516187.1
Sro766_g199330	CAB9516188.1
Sro766_g199340	CAB9516189.1
Sro766_g199350	CAB9516190.1
Sro766_g199360	CAB9516191.1
Sro766_g199390	CAB9516192.1
Sro767_g199400	CAB9516193.1
Sro767_g199410	CAB9516194.1
Sro767_g199420	CAB9516195.1
Sro767_g199430	CAB9516196.1
Sro767_g199440	CAB9516197.1
Sro767_g199450	CAB9516198.1
Sro767_g199460	CAB9516199.1
Sro767_g199470	CAB9516200.1
Sro767_g199480	CAB9516201.1
Sro767_g199490	CAB9516202.1
Sro767_g199500	CAB9516203.1
Sro767_g199510	CAB9516204.1
Sro767_g199520	CAB9516205.1
Sro767_g199530	CAB9516206.1
Sro767_g199540	CAB9516207.1
Sro767_g199550	CAB9516208.1
Sro767_g199560	CAB9516209.1
Sro768_g199570	CAB9516210.1
Sro768_g199580	CAB9516211.1
Sro768_g199590	CAB9516212.1
Sro768_g199600	CAB9516213.1
Sro768_g199610	CAB9516214.1
Sro768_g199620	CAB9516215.1
Sro768_g199630	CAB9516216.1
Sro768_g199640	CAB9516217.1
Sro768_g199650	CAB9516218.1
Sro768_g199660	CAB9516219.1
Sro768_g199670	CAB9516220.1
Sro768_g199680	CAB9516221.1
Sro768_g199681	CAB9516222.1
Sro768_g199690	CAB9516223.1
Sro768_g199700	CAB9516224.1
Sro768_g199710	CAB9516225.1
Sro768_g199720	CAB9516226.1
Sro769_g199730	CAB9516227.1
Sro769_g199740	CAB9516228.1
Sro769_g199750	CAB9516229.1
Sro769_g199760	CAB9516230.1
Sro769_g199770	CAB9516231.1
Sro769_g199780	CAB9516232.1
Sro769_g199790	CAB9516233.1
Sro769_g199800	CAB9516234.1
Sro769_g199810	CAB9516235.1
Sro769_g199820	CAB9516236.1
Sro769_g199830	CAB9516237.1
Sro769_g199840	CAB9516238.1
Sro769_g199850	CAB9516239.1
Sro769_g199860	CAB9516240.1
Sro769_g199870	CAB9516241.1
Sro769_g199880	CAB9516242.1
Sro769_g199890	CAB9516243.1
Sro76_g041450	CAB9500103.1
Sro76_g041460	CAB9500104.1
Sro76_g041461	CAB9500105.1
Sro76_g041462	CAB9500106.1
Sro76_g041470	CAB9500107.1
Sro76_g041480	CAB9500108.1
Sro76_g041490	CAB9500109.1
Sro76_g041500	CAB9500110.1
Sro76_g041510	CAB9500111.1
Sro76_g041520	CAB9500112.1
Sro76_g041530	CAB9500113.1
Sro76_g041540	CAB9500114.1
Sro76_g041541	CAB9500115.1
Sro76_g041550	CAB9500116.1
Sro76_g041560	CAB9500117.1
Sro76_g041570	CAB9500118.1
Sro76_g041580	CAB9500119.1
Sro76_g041590	CAB9500120.1
Sro76_g041600	CAB9500121.1
Sro76_g041610	CAB9500122.1
Sro76_g041620	CAB9500123.1
Sro76_g041621	CAB9500124.1
Sro76_g041630	CAB9500125.1
Sro76_g041640	CAB9500126.1
Sro76_g041650	CAB9500127.1
Sro76_g041660	CAB9500128.1
Sro76_g041670	CAB9500129.1
Sro76_g041680	CAB9500130.1
Sro76_g041690	CAB9500131.1
Sro76_g041700	CAB9500132.1
Sro76_g041710	CAB9500133.1
Sro76_g041720	CAB9500134.1
Sro76_g041730	CAB9500135.1
Sro76_g041740	CAB9500136.1
Sro76_g041750	CAB9500137.1
Sro76_g041760	CAB9500138.1
Sro76_g041761	CAB9500139.1
Sro76_g041770	CAB9500140.1
Sro76_g041780	CAB9500141.1
Sro76_g041790	CAB9500142.1
Sro76_g041800	CAB9500143.1
Sro76_g041810	CAB9500144.1
Sro76_g041820	CAB9500145.1
Sro76_g041830	CAB9500146.1
Sro76_g041840	CAB9500147.1
Sro770_g199900	CAB9516244.1
Sro770_g199901	CAB9516245.1
Sro770_g199910	CAB9516246.1
Sro770_g199920	CAB9516247.1
Sro770_g199930	CAB9516248.1
Sro770_g199940	CAB9516249.1
Sro770_g199950	CAB9516250.1
Sro770_g199960	CAB9516251.1
Sro770_g199970	CAB9516252.1
Sro770_g199980	CAB9516253.1
Sro770_g199990	CAB9516254.1
Sro770_g200000	CAB9516255.1
Sro770_g200010	CAB9516256.1
Sro770_g200020	CAB9516257.1
Sro770_g200030	CAB9516258.1
Sro770_g200040	CAB9516259.1
Sro770_g200050	CAB9516260.1
Sro770_g200060	CAB9516261.1
Sro770_g200070	CAB9516262.1
Sro770_g200080	CAB9516263.1
Sro771_g200090	CAB9516264.1
Sro771_g200100	CAB9516265.1
Sro771_g200110	CAB9516266.1
Sro771_g200120	CAB9516267.1
Sro771_g200130	CAB9516268.1
Sro771_g200140	CAB9516269.1
Sro771_g200150	CAB9516270.1
Sro771_g200160	CAB9516271.1
Sro771_g200170	CAB9516272.1
Sro772_g200180	CAB9516273.1
Sro772_g200190	CAB9516274.1
Sro772_g200200	CAB9516275.1
Sro772_g200230	CAB9516276.1
Sro772_g200240	CAB9516277.1
Sro772_g200250	CAB9516278.1
Sro772_g200260	CAB9516279.1
Sro772_g200270	CAB9516280.1
Sro772_g200280	CAB9516281.1
Sro772_g200290	CAB9516282.1
Sro772_g200300	CAB9516283.1
Sro772_g200310	CAB9516284.1
Sro772_g200320	CAB9516285.1
Sro772_g200330	CAB9516286.1
Sro772_g200340	CAB9516287.1
Sro772_g200350	CAB9516288.1
Sro773_g200360	CAB9516289.1
Sro773_g200370	CAB9516290.1
Sro773_g200380	CAB9516291.1
Sro773_g200390	CAB9516292.1
Sro773_g200400	CAB9516293.1
Sro773_g200410	CAB9516294.1
Sro773_g200420	CAB9516295.1
Sro773_g200430	CAB9516296.1
Sro773_g200440	CAB9516297.1
Sro773_g200450	CAB9516298.1
Sro773_g200460	CAB9516299.1
Sro773_g200470	CAB9516300.1
Sro773_g200480	CAB9516301.1
Sro773_g200490	CAB9516302.1
Sro773_g200500	CAB9516303.1
Sro773_g200510	CAB9516304.1
Sro773_g200520	CAB9516305.1
Sro773_g200530	CAB9516306.1
Sro773_g200540	CAB9516307.1
Sro773_g200550	CAB9516308.1
Sro773_g200560	CAB9516309.1
Sro774_g200570	CAB9516310.1
Sro774_g200580	CAB9516311.1
Sro774_g200590	CAB9516312.1
Sro774_g200600	CAB9516313.1
Sro774_g200610	CAB9516314.1
Sro774_g200620	CAB9516315.1
Sro774_g200630	CAB9516316.1
Sro774_g200640	CAB9516317.1
Sro774_g200650	CAB9516318.1
Sro774_g200660	CAB9516319.1
Sro774_g200670	CAB9516320.1
Sro774_g200680	CAB9516321.1
Sro774_g200690	CAB9516322.1
Sro774_g200700	CAB9516323.1
Sro774_g200710	CAB9516324.1
Sro774_g200720	CAB9516325.1
Sro774_g200730	CAB9516326.1
Sro775_g200740	CAB9516327.1
Sro775_g200750	CAB9516328.1
Sro775_g200760	CAB9516329.1
Sro775_g200770	CAB9516330.1
Sro775_g200780	CAB9516331.1
Sro775_g200790	CAB9516332.1
Sro775_g200800	CAB9516333.1
Sro775_g200810	CAB9516334.1
Sro775_g200820	CAB9516335.1
Sro775_g200830	CAB9516336.1
Sro775_g200840	CAB9516337.1
Sro775_g200850	CAB9516338.1
Sro776_g200860	CAB9516339.1
Sro776_g200861	CAB9516340.1
Sro776_g200870	CAB9516341.1
Sro776_g200880	CAB9516342.1
Sro776_g200890	CAB9516343.1
Sro776_g200900	CAB9516344.1
Sro776_g200910	CAB9516345.1
Sro776_g200920	CAB9516346.1
Sro776_g200930	CAB9516347.1
Sro776_g200940	CAB9516348.1
Sro776_g200950	CAB9516349.1
Sro776_g200960	CAB9516350.1
Sro777_g200970	CAB9516351.1
Sro777_g200980	CAB9516352.1
Sro777_g200981	CAB9516353.1
Sro777_g200990	CAB9516354.1
Sro777_g201000	CAB9516355.1
Sro777_g201010	CAB9516356.1
Sro777_g201020	CAB9516357.1
Sro777_g201030	CAB9516358.1
Sro777_g201040	CAB9516359.1
Sro777_g201050	CAB9516360.1
Sro777_g201060	CAB9516361.1
Sro777_g201070	CAB9516362.1
Sro778_g201080	CAB9516363.1
Sro778_g201090	CAB9516364.1
Sro778_g201100	CAB9516365.1
Sro778_g201110	CAB9516366.1
Sro778_g201120	CAB9516367.1
Sro778_g201130	CAB9516368.1
Sro778_g201140	CAB9516369.1
Sro778_g201150	CAB9516370.1
Sro778_g201160	CAB9516371.1
Sro778_g201170	CAB9516372.1
Sro778_g201180	CAB9516373.1
Sro778_g201190	CAB9516374.1
Sro778_g201200	CAB9516375.1
Sro778_g201210	CAB9516376.1
Sro779_g201220	CAB9516377.1
Sro779_g201230	CAB9516378.1
Sro779_g201240	CAB9516379.1
Sro779_g201250	CAB9516380.1
Sro779_g201260	CAB9516381.1
Sro779_g201270	CAB9516382.1
Sro779_g201280	CAB9516383.1
Sro779_g201290	CAB9516384.1
Sro779_g201300	CAB9516385.1
Sro779_g201310	CAB9516386.1
Sro779_g201320	CAB9516387.1
Sro779_g201330	CAB9516388.1
Sro779_g201340	CAB9516389.1
Sro779_g201350	CAB9516390.1
Sro779_g201360	CAB9516391.1
Sro779_g201370	CAB9516392.1
Sro779_g201380	CAB9516393.1
Sro779_g201390	CAB9516394.1
Sro779_g201400	CAB9516395.1
Sro77_g041850	CAB9500148.1
Sro77_g041860	CAB9500149.1
Sro77_g041870	CAB9500150.1
Sro77_g041880	CAB9500151.1
Sro77_g041890	CAB9500152.1
Sro77_g041900	CAB9500153.1
Sro77_g041910	CAB9500154.1
Sro77_g041920	CAB9500155.1
Sro77_g041930	CAB9500156.1
Sro77_g041940	CAB9500157.1
Sro77_g041941	CAB9500158.1
Sro77_g041950	CAB9500159.1
Sro77_g041960	CAB9500160.1
Sro77_g041970	CAB9500161.1
Sro77_g041980	CAB9500162.1
Sro77_g041990	CAB9500163.1
Sro77_g042000	CAB9500164.1
Sro77_g042010	CAB9500165.1
Sro77_g042020	CAB9500166.1
Sro77_g042030	CAB9500167.1
Sro77_g042040	CAB9500168.1
Sro77_g042050	CAB9500169.1
Sro77_g042060	CAB9500170.1
Sro77_g042070	CAB9500171.1
Sro77_g042080	CAB9500172.1
Sro77_g042090	CAB9500173.1
Sro77_g042100	CAB9500174.1
Sro77_g042110	CAB9500175.1
Sro77_g042120	CAB9500176.1
Sro77_g042130	CAB9500177.1
Sro77_g042140	CAB9500178.1
Sro77_g042150	CAB9500179.1
Sro77_g042160	CAB9500180.1
Sro77_g042170	CAB9500181.1
Sro77_g042180	CAB9500182.1
Sro77_g042190	CAB9500183.1
Sro77_g042200	CAB9500184.1
Sro77_g042210	CAB9500185.1
Sro77_g042220	CAB9500186.1
Sro77_g042230	CAB9500187.1
Sro77_g042231	CAB9500188.1
Sro77_g042240	CAB9500189.1
Sro77_g042250	CAB9500190.1
Sro77_g042260	CAB9500191.1
Sro77_g042270	CAB9500192.1
Sro77_g042280	CAB9500193.1
Sro780_g201410	CAB9516396.1
Sro780_g201420	CAB9516397.1
Sro780_g201430	CAB9516398.1
Sro780_g201440	CAB9516399.1
Sro780_g201450	CAB9516400.1
Sro780_g201460	CAB9516401.1
Sro780_g201470	CAB9516402.1
Sro780_g201480	CAB9516403.1
Sro780_g201481	CAB9516404.1
Sro780_g201482	CAB9516405.1
Sro780_g201490	CAB9516406.1
Sro781_g201500	CAB9516407.1
Sro781_g201510	CAB9516408.1
Sro781_g201520	CAB9516409.1
Sro781_g201530	CAB9516410.1
Sro781_g201540	CAB9516411.1
Sro781_g201550	CAB9516412.1
Sro781_g201560	CAB9516413.1
Sro781_g201570	CAB9516414.1
Sro781_g201580	CAB9516415.1
Sro781_g201590	CAB9516416.1
Sro781_g201600	CAB9516417.1
Sro781_g201610	CAB9516418.1
Sro781_g201620	CAB9516419.1
Sro781_g201630	CAB9516420.1
Sro781_g201640	CAB9516421.1
Sro781_g201650	CAB9516422.1
Sro781_g201660	CAB9516423.1
Sro781_g201670	CAB9516424.1
Sro781_g201680	CAB9516425.1
Sro782_g201690	CAB9516426.1
Sro782_g201700	CAB9516427.1
Sro782_g201710	CAB9516428.1
Sro782_g201720	CAB9516429.1
Sro782_g201730	CAB9516430.1
Sro782_g201740	CAB9516431.1
Sro782_g201750	CAB9516432.1
Sro782_g201760	CAB9516433.1
Sro782_g201770	CAB9516434.1
Sro782_g201780	CAB9516435.1
Sro782_g201790	CAB9516436.1
Sro782_g201800	CAB9516437.1
Sro782_g201810	CAB9516438.1
Sro782_g201820	CAB9516439.1
Sro782_g201830	CAB9516440.1
Sro783_g201840	CAB9516441.1
Sro783_g201850	CAB9516442.1
Sro783_g201860	CAB9516443.1
Sro783_g201870	CAB9516444.1
Sro783_g201880	CAB9516445.1
Sro783_g201890	CAB9516446.1
Sro783_g201900	CAB9516447.1
Sro783_g201910	CAB9516448.1
Sro783_g201920	CAB9516449.1
Sro783_g201930	CAB9516450.1
Sro783_g201940	CAB9516451.1
Sro783_g201950	CAB9516452.1
Sro784_g201960	CAB9516453.1
Sro784_g201970	CAB9516454.1
Sro784_g201980	CAB9516455.1
Sro784_g201990	CAB9516456.1
Sro784_g202000	CAB9516457.1
Sro784_g202010	CAB9516458.1
Sro784_g202020	CAB9516459.1
Sro784_g202030	CAB9516460.1
Sro784_g202040	CAB9516461.1
Sro784_g202050	CAB9516462.1
Sro784_g202060	CAB9516463.1
Sro784_g202070	CAB9516464.1
Sro785_g202080	CAB9516465.1
Sro785_g202090	CAB9516466.1
Sro785_g202100	CAB9516467.1
Sro785_g202110	CAB9516468.1
Sro785_g202120	CAB9516469.1
Sro785_g202130	CAB9516470.1
Sro785_g202140	CAB9516471.1
Sro785_g202150	CAB9516472.1
Sro785_g202160	CAB9516473.1
Sro785_g202170	CAB9516474.1
Sro785_g202180	CAB9516475.1
Sro786_g202190	CAB9516476.1
Sro786_g202200	CAB9516477.1
Sro786_g202210	CAB9516478.1
Sro786_g202220	CAB9516479.1
Sro786_g202230	CAB9516480.1
Sro786_g202240	CAB9516481.1
Sro786_g202250	CAB9516482.1
Sro786_g202260	CAB9516483.1
Sro786_g202270	CAB9516484.1
Sro786_g202280	CAB9516485.1
Sro786_g202290	CAB9516486.1
Sro787_g202300	CAB9516487.1
Sro787_g202310	CAB9516488.1
Sro787_g202320	CAB9516489.1
Sro787_g202330	CAB9516490.1
Sro787_g202340	CAB9516491.1
Sro787_g202350	CAB9516492.1
Sro787_g202360	CAB9516493.1
Sro787_g202370	CAB9516494.1
Sro787_g202380	CAB9516495.1
Sro787_g202390	CAB9516496.1
Sro787_g202400	CAB9516497.1
Sro787_g202410	CAB9516498.1
Sro78_g042290	CAB9500194.1
Sro78_g042300	CAB9500195.1
Sro78_g042310	CAB9500196.1
Sro78_g042320	CAB9500197.1
Sro78_g042330	CAB9500198.1
Sro78_g042340	CAB9500199.1
Sro78_g042350	CAB9500200.1
Sro78_g042360	CAB9500201.1
Sro78_g042370	CAB9500202.1
Sro78_g042380	CAB9500203.1
Sro78_g042390	CAB9500204.1
Sro78_g042400	CAB9500205.1
Sro78_g042410	CAB9500206.1
Sro78_g042420	CAB9500207.1
Sro78_g042430	CAB9500208.1
Sro78_g042440	CAB9500209.1
Sro78_g042450	CAB9500210.1
Sro78_g042460	CAB9500211.1
Sro78_g042470	CAB9500212.1
Sro78_g042480	CAB9500213.1
Sro78_g042490	CAB9500214.1
Sro78_g042500	CAB9500215.1
Sro78_g042510	CAB9500216.1
Sro78_g042520	CAB9500217.1
Sro78_g042530	CAB9500218.1
Sro78_g042540	CAB9500219.1
Sro78_g042550	CAB9500220.1
Sro78_g042560	CAB9500221.1
Sro78_g042570	CAB9500222.1
Sro78_g042580	CAB9500223.1
Sro78_g042590	CAB9500224.1
Sro79_g042600	CAB9500225.1
Sro79_g042610	CAB9500226.1
Sro79_g042620	CAB9500227.1
Sro79_g042630	CAB9500228.1
Sro79_g042640	CAB9500229.1
Sro79_g042650	CAB9500230.1
Sro79_g042660	CAB9500231.1
Sro79_g042670	CAB9500232.1
Sro79_g042680	CAB9500233.1
Sro79_g042690	CAB9500234.1
Sro79_g042700	CAB9500235.1
Sro79_g042701	CAB9500236.1
Sro79_g042710	CAB9500237.1
Sro79_g042720	CAB9500238.1
Sro79_g042730	CAB9500239.1
Sro79_g042740	CAB9500240.1
Sro79_g042750	CAB9500241.1
Sro79_g042760	CAB9500242.1
Sro79_g042770	CAB9500243.1
Sro79_g042780	CAB9500244.1
Sro79_g042790	CAB9500245.1
Sro79_g042800	CAB9500246.1
Sro79_g042810	CAB9500247.1
Sro79_g042820	CAB9500248.1
Sro79_g042830	CAB9500249.1
Sro79_g042840	CAB9500250.1
Sro79_g042841	CAB9500251.1
Sro79_g042850	CAB9500252.1
Sro79_g042860	CAB9500253.1
Sro79_g042870	CAB9500254.1
Sro79_g042880	CAB9500255.1
Sro79_g042890	CAB9500256.1
Sro79_g042900	CAB9500257.1
Sro7_g005680	CAB9496597.1
Sro7_g005690	CAB9496598.1
Sro7_g005700	CAB9496599.1
Sro7_g005710	CAB9496600.1
Sro7_g005720	CAB9496601.1
Sro7_g005730	CAB9496602.1
Sro7_g005740	CAB9496603.1
Sro7_g005750	CAB9496604.1
Sro7_g005760	CAB9496605.1
Sro7_g005770	CAB9496606.1
Sro7_g005771	CAB9496607.1
Sro7_g005780	CAB9496608.1
Sro7_g005790	CAB9496609.1
Sro7_g005800	CAB9496610.1
Sro7_g005810	CAB9496611.1
Sro7_g005820	CAB9496612.1
Sro7_g005830	CAB9496613.1
Sro7_g005840	CAB9496614.1
Sro7_g005850	CAB9496615.1
Sro7_g005860	CAB9496616.1
Sro7_g005870	CAB9496617.1
Sro7_g005880	CAB9496618.1
Sro7_g005890	CAB9496619.1
Sro7_g005900	CAB9496620.1
Sro7_g005910	CAB9496621.1
Sro7_g005920	CAB9496622.1
Sro7_g005930	CAB9496623.1
Sro7_g005940	CAB9496624.1
Sro7_g005950	CAB9496625.1
Sro7_g005960	CAB9496626.1
Sro7_g005970	CAB9496627.1
Sro7_g005980	CAB9496628.1
Sro7_g005990	CAB9496629.1
Sro7_g006000	CAB9496630.1
Sro7_g006010	CAB9496631.1
Sro7_g006020	CAB9496632.1
Sro7_g006030	CAB9496633.1
Sro7_g006040	CAB9496634.1
Sro7_g006050	CAB9496635.1
Sro7_g006060	CAB9496636.1
Sro7_g006070	CAB9496637.1
Sro7_g006080	CAB9496638.1
Sro7_g006090	CAB9496639.1
Sro7_g006100	CAB9496640.1
Sro7_g006110	CAB9496641.1
Sro7_g006120	CAB9496642.1
Sro7_g006130	CAB9496643.1
Sro7_g006140	CAB9496644.1
Sro7_g006150	CAB9496645.1
Sro7_g006160	CAB9496646.1
Sro7_g006161	CAB9496647.1
Sro7_g006170	CAB9496648.1
Sro7_g006180	CAB9496649.1
Sro7_g006190	CAB9496650.1
Sro7_g006200	CAB9496651.1
Sro7_g006210	CAB9496652.1
Sro7_g006220	CAB9496653.1
Sro7_g006230	CAB9496654.1
Sro7_g006240	CAB9496655.1
Sro7_g006250	CAB9496656.1
Sro7_g006260	CAB9496657.1
Sro7_g006270	CAB9496658.1
Sro7_g006290	CAB9496659.1
Sro7_g006300	CAB9496660.1
Sro7_g006310	CAB9496661.1
Sro7_g006320	CAB9496662.1
Sro7_g006330	CAB9496663.1
Sro7_g006340	CAB9496664.1
Sro7_g006341	CAB9496665.1
Sro7_g006350	CAB9496666.1
Sro7_g006360	CAB9496667.1
Sro7_g006370	CAB9496668.1
Sro7_g006380	CAB9496669.1
Sro7_g006390	CAB9496670.1
Sro7_g006400	CAB9496671.1
Sro7_g006410	CAB9496672.1
Sro7_g006420	CAB9496673.1
Sro80_g042910	CAB9500258.1
Sro80_g042920	CAB9500259.1
Sro80_g042930	CAB9500260.1
Sro80_g042940	CAB9500261.1
Sro80_g042950	CAB9500262.1
Sro80_g042951	CAB9500263.1
Sro80_g042952	CAB9500264.1
Sro80_g042953	CAB9500265.1
Sro80_g042954	CAB9500266.1
Sro80_g042960	CAB9500267.1
Sro80_g042970	CAB9500268.1
Sro80_g042980	CAB9500269.1
Sro80_g042990	CAB9500270.1
Sro80_g043000	CAB9500271.1
Sro80_g043010	CAB9500272.1
Sro80_g043020	CAB9500273.1
Sro80_g043030	CAB9500274.1
Sro80_g043040	CAB9500275.1
Sro80_g043050	CAB9500276.1
Sro80_g043060	CAB9500277.1
Sro80_g043070	CAB9500278.1
Sro80_g043080	CAB9500279.1
Sro80_g043090	CAB9500280.1
Sro80_g043100	CAB9500281.1
Sro80_g043110	CAB9500282.1
Sro80_g043120	CAB9500283.1
Sro80_g043130	CAB9500284.1
Sro80_g043140	CAB9500285.1
Sro80_g043150	CAB9500286.1
Sro80_g043160	CAB9500287.1
Sro80_g043170	CAB9500288.1
Sro80_g043180	CAB9500289.1
Sro80_g043190	CAB9500290.1
Sro80_g043200	CAB9500291.1
Sro80_g043210	CAB9500292.1
Sro80_g043220	CAB9500293.1
Sro80_g043230	CAB9500294.1
Sro80_g043240	CAB9500295.1
Sro80_g043241	CAB9500296.1
Sro80_g043250	CAB9500297.1
Sro80_g043270	CAB9500298.1
Sro80_g043280	CAB9500299.1
Sro80_g043290	CAB9500300.1
Sro80_g043300	CAB9500301.1
Sro80_g043310	CAB9500302.1
Sro81_g043320	CAB9500303.1
Sro81_g043330	CAB9500304.1
Sro81_g043331	CAB9500305.1
Sro81_g043340	CAB9500306.1
Sro81_g043350	CAB9500307.1
Sro81_g043360	CAB9500308.1
Sro81_g043370	CAB9500309.1
Sro81_g043380	CAB9500310.1
Sro81_g043390	CAB9500311.1
Sro81_g043391	CAB9500312.1
Sro81_g043400	CAB9500313.1
Sro81_g043410	CAB9500314.1
Sro81_g043420	CAB9500315.1
Sro81_g043430	CAB9500316.1
Sro81_g043440	CAB9500317.1
Sro81_g043450	CAB9500318.1
Sro81_g043460	CAB9500319.1
Sro81_g043461	CAB9500320.1
Sro81_g043470	CAB9500321.1
Sro81_g043480	CAB9500322.1
Sro81_g043490	CAB9500323.1
Sro81_g043500	CAB9500324.1
Sro81_g043510	CAB9500325.1
Sro81_g043520	CAB9500326.1
Sro81_g043521	CAB9500327.1
Sro81_g043530	CAB9500328.1
Sro81_g043540	CAB9500329.1
Sro81_g043550	CAB9500330.1
Sro81_g043560	CAB9500331.1
Sro81_g043570	CAB9500332.1
Sro81_g043580	CAB9500333.1
Sro81_g043590	CAB9500334.1
Sro81_g043591	CAB9500335.1
Sro81_g043600	CAB9500336.1
Sro81_g043610	CAB9500337.1
Sro81_g043620	CAB9500338.1
Sro81_g043640	CAB9500339.1
Sro81_g043650	CAB9500340.1
Sro82_g043660	CAB9500341.1
Sro82_g043670	CAB9500342.1
Sro82_g043680	CAB9500343.1
Sro82_g043690	CAB9500344.1
Sro82_g043700	CAB9500345.1
Sro82_g043710	CAB9500346.1
Sro82_g043720	CAB9500347.1
Sro82_g043730	CAB9500348.1
Sro82_g043740	CAB9500349.1
Sro82_g043750	CAB9500350.1
Sro82_g043760	CAB9500351.1
Sro82_g043770	CAB9500352.1
Sro82_g043780	CAB9500353.1
Sro82_g043790	CAB9500354.1
Sro82_g043800	CAB9500355.1
Sro82_g043810	CAB9500356.1
Sro82_g043820	CAB9500357.1
Sro82_g043830	CAB9500358.1
Sro82_g043840	CAB9500359.1
Sro82_g043850	CAB9500360.1
Sro82_g043860	CAB9500361.1
Sro82_g043870	CAB9500362.1
Sro82_g043880	CAB9500363.1
Sro82_g043890	CAB9500364.1
Sro82_g043900	CAB9500365.1
Sro82_g043910	CAB9500366.1
Sro82_g043920	CAB9500367.1
Sro82_g043930	CAB9500368.1
Sro82_g043940	CAB9500369.1
Sro82_g043950	CAB9500370.1
Sro82_g043960	CAB9500371.1
Sro82_g043970	CAB9500372.1
Sro82_g043980	CAB9500373.1
Sro82_g043990	CAB9500374.1
Sro82_g044000	CAB9500375.1
Sro82_g044010	CAB9500376.1
Sro82_g044020	CAB9500377.1
Sro82_g044030	CAB9500378.1
Sro82_g044040	CAB9500379.1
Sro82_g044050	CAB9500380.1
Sro82_g044060	CAB9500381.1
Sro82_g044070	CAB9500382.1
Sro82_g044071	CAB9500383.1
Sro82_g044080	CAB9500384.1
Sro82_g044090	CAB9500385.1
Sro82_g044100	CAB9500386.1
Sro82_g044110	CAB9500387.1
Sro82_g044120	CAB9500388.1
Sro82_g044130	CAB9500389.1
Sro82_g044140	CAB9500390.1
Sro82_g044141	CAB9500391.1
Sro83_g044150	CAB9500392.1
Sro83_g044160	CAB9500393.1
Sro83_g044170	CAB9500394.1
Sro83_g044180	CAB9500395.1
Sro83_g044190	CAB9500396.1
Sro83_g044200	CAB9500397.1
Sro83_g044210	CAB9500398.1
Sro83_g044220	CAB9500399.1
Sro83_g044230	CAB9500400.1
Sro83_g044240	CAB9500401.1
Sro83_g044250	CAB9500402.1
Sro83_g044260	CAB9500403.1
Sro83_g044270	CAB9500404.1
Sro83_g044280	CAB9500405.1
Sro83_g044290	CAB9500406.1
Sro83_g044300	CAB9500407.1
Sro83_g044310	CAB9500408.1
Sro83_g044320	CAB9500409.1
Sro83_g044330	CAB9500410.1
Sro83_g044340	CAB9500411.1
Sro83_g044350	CAB9500412.1
Sro83_g044360	CAB9500413.1
Sro83_g044370	CAB9500414.1
Sro83_g044380	CAB9500415.1
Sro83_g044390	CAB9500416.1
Sro83_g044400	CAB9500417.1
Sro83_g044410	CAB9500418.1
Sro83_g044420	CAB9500419.1
Sro83_g044430	CAB9500420.1
Sro83_g044440	CAB9500421.1
Sro83_g044450	CAB9500422.1
Sro83_g044460	CAB9500423.1
Sro83_g044470	CAB9500424.1
Sro83_g044480	CAB9500425.1
Sro83_g044490	CAB9500426.1
Sro83_g044500	CAB9500427.1
Sro83_g044510	CAB9500428.1
Sro83_g044520	CAB9500429.1
Sro83_g044530	CAB9500430.1
Sro83_g044540	CAB9500431.1
Sro83_g044550	CAB9500432.1
Sro83_g044560	CAB9500433.1
Sro83_g044570	CAB9500434.1
Sro83_g044580	CAB9500435.1
Sro83_g044590	CAB9500436.1
Sro83_g044600	CAB9500437.1
Sro84_g044610	CAB9500438.1
Sro84_g044620	CAB9500439.1
Sro84_g044630	CAB9500440.1
Sro84_g044640	CAB9500441.1
Sro84_g044650	CAB9500442.1
Sro84_g044660	CAB9500443.1
Sro84_g044670	CAB9500444.1
Sro84_g044680	CAB9500445.1
Sro84_g044690	CAB9500446.1
Sro84_g044700	CAB9500447.1
Sro84_g044710	CAB9500448.1
Sro84_g044720	CAB9500449.1
Sro84_g044730	CAB9500450.1
Sro84_g044740	CAB9500451.1
Sro84_g044750	CAB9500452.1
Sro84_g044760	CAB9500453.1
Sro84_g044770	CAB9500454.1
Sro84_g044780	CAB9500455.1
Sro84_g044790	CAB9500456.1
Sro84_g044800	CAB9500457.1
Sro84_g044810	CAB9500458.1
Sro84_g044820	CAB9500459.1
Sro84_g044830	CAB9500460.1
Sro84_g044840	CAB9500461.1
Sro84_g044850	CAB9500462.1
Sro84_g044860	CAB9500463.1
Sro84_g044870	CAB9500464.1
Sro84_g044880	CAB9500465.1
Sro84_g044890	CAB9500466.1
Sro84_g044900	CAB9500467.1
Sro84_g044910	CAB9500468.1
Sro84_g044920	CAB9500469.1
Sro84_g044930	CAB9500470.1
Sro84_g044940	CAB9500471.1
Sro84_g044950	CAB9500472.1
Sro84_g044960	CAB9500473.1
Sro84_g044970	CAB9500474.1
Sro84_g044980	CAB9500475.1
Sro84_g044990	CAB9500476.1
Sro84_g045000	CAB9500477.1
Sro84_g045010	CAB9500478.1
Sro84_g045020	CAB9500479.1
Sro84_g045030	CAB9500480.1
Sro84_g045040	CAB9500481.1
Sro84_g045050	CAB9500482.1
Sro84_g045060	CAB9500483.1
Sro84_g045070	CAB9500484.1
Sro84_g045080	CAB9500485.1
Sro84_g045090	CAB9500486.1
Sro85_g045100	CAB9500487.1
Sro85_g045110	CAB9500488.1
Sro85_g045111	CAB9500489.1
Sro85_g045120	CAB9500490.1
Sro85_g045130	CAB9500491.1
Sro85_g045140	CAB9500492.1
Sro85_g045150	CAB9500493.1
Sro85_g045160	CAB9500494.1
Sro85_g045170	CAB9500495.1
Sro85_g045180	CAB9500496.1
Sro85_g045190	CAB9500497.1
Sro85_g045200	CAB9500498.1
Sro85_g045210	CAB9500499.1
Sro85_g045220	CAB9500500.1
Sro85_g045230	CAB9500501.1
Sro85_g045240	CAB9500502.1
Sro85_g045250	CAB9500503.1
Sro85_g045260	CAB9500504.1
Sro85_g045270	CAB9500505.1
Sro85_g045280	CAB9500506.1
Sro85_g045290	CAB9500507.1
Sro85_g045291	CAB9500508.1
Sro85_g045300	CAB9500509.1
Sro85_g045310	CAB9500510.1
Sro85_g045320	CAB9500511.1
Sro85_g045330	CAB9500512.1
Sro85_g045340	CAB9500513.1
Sro85_g045350	CAB9500514.1
Sro85_g045360	CAB9500515.1
Sro85_g045370	CAB9500516.1
Sro85_g045380	CAB9500517.1
Sro85_g045390	CAB9500518.1
Sro85_g045400	CAB9500519.1
Sro85_g045410	CAB9500520.1
Sro85_g045420	CAB9500521.1
Sro85_g045430	CAB9500522.1
Sro85_g045440	CAB9500523.1
Sro85_g045450	CAB9500524.1
Sro85_g045460	CAB9500525.1
Sro85_g045470	CAB9500526.1
Sro85_g045471	CAB9500527.1
Sro85_g045480	CAB9500528.1
Sro85_g045490	CAB9500529.1
Sro85_g045500	CAB9500530.1
Sro85_g045510	CAB9500531.1
Sro85_g045520	CAB9500532.1
Sro85_g045530	CAB9500533.1
Sro85_g045540	CAB9500534.1
Sro85_g045550	CAB9500535.1
Sro86_g045560	CAB9500536.1
Sro86_g045570	CAB9500537.1
Sro86_g045580	CAB9500538.1
Sro86_g045590	CAB9500539.1
Sro86_g045600	CAB9500540.1
Sro86_g045610	CAB9500541.1
Sro86_g045620	CAB9500542.1
Sro86_g045630	CAB9500543.1
Sro86_g045640	CAB9500544.1
Sro86_g045650	CAB9500545.1
Sro86_g045660	CAB9500546.1
Sro86_g045670	CAB9500547.1
Sro86_g045680	CAB9500548.1
Sro86_g045690	CAB9500549.1
Sro86_g045700	CAB9500550.1
Sro86_g045710	CAB9500551.1
Sro86_g045720	CAB9500552.1
Sro86_g045730	CAB9500553.1
Sro86_g045740	CAB9500554.1
Sro86_g045750	CAB9500555.1
Sro86_g045760	CAB9500556.1
Sro86_g045770	CAB9500557.1
Sro86_g045780	CAB9500558.1
Sro86_g045790	CAB9500559.1
Sro86_g045800	CAB9500560.1
Sro86_g045810	CAB9500561.1
Sro86_g045820	CAB9500562.1
Sro86_g045830	CAB9500563.1
Sro86_g045840	CAB9500564.1
Sro86_g045850	CAB9500565.1
Sro86_g045860	CAB9500566.1
Sro86_g045870	CAB9500567.1
Sro86_g045880	CAB9500568.1
Sro86_g045890	CAB9500569.1
Sro87_g045900	CAB9500570.1
Sro87_g045910	CAB9500571.1
Sro87_g045920	CAB9500572.1
Sro87_g045930	CAB9500573.1
Sro87_g045940	CAB9500574.1
Sro87_g045950	CAB9500575.1
Sro87_g045960	CAB9500576.1
Sro87_g045970	CAB9500577.1
Sro87_g045980	CAB9500578.1
Sro87_g045990	CAB9500579.1
Sro87_g046000	CAB9500580.1
Sro87_g046010	CAB9500581.1
Sro87_g046011	CAB9500582.1
Sro87_g046020	CAB9500583.1
Sro87_g046030	CAB9500584.1
Sro87_g046040	CAB9500585.1
Sro87_g046050	CAB9500586.1
Sro87_g046060	CAB9500587.1
Sro87_g046070	CAB9500588.1
Sro87_g046080	CAB9500589.1
Sro87_g046090	CAB9500590.1
Sro87_g046100	CAB9500591.1
Sro87_g046110	CAB9500592.1
Sro87_g046120	CAB9500593.1
Sro87_g046130	CAB9500594.1
Sro87_g046140	CAB9500595.1
Sro87_g046150	CAB9500596.1
Sro87_g046160	CAB9500597.1
Sro87_g046170	CAB9500598.1
Sro87_g046180	CAB9500599.1
Sro87_g046190	CAB9500600.1
Sro87_g046200	CAB9500601.1
Sro87_g046210	CAB9500602.1
Sro87_g046220	CAB9500603.1
Sro87_g046240	CAB9500604.1
Sro87_g046250	CAB9500605.1
Sro87_g046260	CAB9500606.1
Sro87_g046270	CAB9500607.1
Sro87_g046280	CAB9500608.1
Sro88_g046290	CAB9500609.1
Sro88_g046300	CAB9500610.1
Sro88_g046310	CAB9500611.1
Sro88_g046320	CAB9500612.1
Sro88_g046330	CAB9500613.1
Sro88_g046340	CAB9500614.1
Sro88_g046350	CAB9500615.1
Sro88_g046360	CAB9500616.1
Sro88_g046370	CAB9500617.1
Sro88_g046380	CAB9500618.1
Sro88_g046390	CAB9500619.1
Sro88_g046400	CAB9500620.1
Sro88_g046410	CAB9500621.1
Sro88_g046420	CAB9500622.1
Sro88_g046430	CAB9500623.1
Sro88_g046440	CAB9500624.1
Sro88_g046450	CAB9500625.1
Sro88_g046460	CAB9500626.1
Sro88_g046470	CAB9500627.1
Sro88_g046480	CAB9500628.1
Sro88_g046490	CAB9500629.1
Sro88_g046500	CAB9500630.1
Sro88_g046510	CAB9500631.1
Sro88_g046520	CAB9500632.1
Sro88_g046530	CAB9500633.1
Sro88_g046540	CAB9500634.1
Sro88_g046550	CAB9500635.1
Sro88_g046560	CAB9500636.1
Sro88_g046570	CAB9500637.1
Sro88_g046580	CAB9500638.1
Sro88_g046590	CAB9500639.1
Sro88_g046600	CAB9500640.1
Sro88_g046610	CAB9500641.1
Sro88_g046620	CAB9500642.1
Sro88_g046630	CAB9500643.1
Sro88_g046640	CAB9500644.1
Sro88_g046650	CAB9500645.1
Sro88_g046660	CAB9500646.1
Sro88_g046670	CAB9500647.1
Sro88_g046680	CAB9500648.1
Sro88_g046690	CAB9500649.1
Sro88_g046700	CAB9500650.1
Sro88_g046710	CAB9500651.1
Sro88_g046720	CAB9500652.1
Sro88_g046730	CAB9500653.1
Sro88_g046740	CAB9500654.1
Sro89_g046750	CAB9500655.1
Sro89_g046760	CAB9500656.1
Sro89_g046770	CAB9500657.1
Sro89_g046780	CAB9500658.1
Sro89_g046790	CAB9500659.1
Sro89_g046800	CAB9500660.1
Sro89_g046810	CAB9500661.1
Sro89_g046820	CAB9500662.1
Sro89_g046830	CAB9500663.1
Sro89_g046840	CAB9500664.1
Sro89_g046850	CAB9500665.1
Sro89_g046870	CAB9500666.1
Sro89_g046880	CAB9500667.1
Sro89_g046890	CAB9500668.1
Sro89_g046900	CAB9500669.1
Sro89_g046910	CAB9500670.1
Sro89_g046911	CAB9500671.1
Sro89_g046920	CAB9500672.1
Sro89_g046930	CAB9500673.1
Sro89_g046940	CAB9500674.1
Sro89_g046950	CAB9500675.1
Sro89_g046960	CAB9500676.1
Sro89_g046970	CAB9500677.1
Sro89_g046980	CAB9500678.1
Sro89_g046990	CAB9500679.1
Sro89_g047000	CAB9500680.1
Sro89_g047010	CAB9500681.1
Sro89_g047020	CAB9500682.1
Sro89_g047030	CAB9500683.1
Sro89_g047040	CAB9500684.1
Sro89_g047050	CAB9500685.1
Sro89_g047060	CAB9500686.1
Sro89_g047070	CAB9500687.1
Sro89_g047080	CAB9500688.1
Sro89_g047090	CAB9500689.1
Sro89_g047100	CAB9500690.1
Sro89_g047110	CAB9500691.1
Sro89_g047120	CAB9500692.1
Sro89_g047130	CAB9500693.1
Sro89_g047140	CAB9500694.1
Sro89_g047150	CAB9500695.1
Sro89_g047160	CAB9500696.1
Sro89_g047170	CAB9500697.1
Sro89_g047180	CAB9500698.1
Sro8_g006430	CAB9496674.1
Sro8_g006440	CAB9496675.1
Sro8_g006450	CAB9496676.1
Sro8_g006460	CAB9496677.1
Sro8_g006470	CAB9496678.1
Sro8_g006480	CAB9496679.1
Sro8_g006490	CAB9496680.1
Sro8_g006500	CAB9496681.1
Sro8_g006501	CAB9496682.1
Sro8_g006510	CAB9496683.1
Sro8_g006520	CAB9496684.1
Sro8_g006530	CAB9496685.1
Sro8_g006540	CAB9496686.1
Sro8_g006541	CAB9496687.1
Sro8_g006550	CAB9496688.1
Sro8_g006560	CAB9496689.1
Sro8_g006570	CAB9496690.1
Sro8_g006580	CAB9496691.1
Sro8_g006590	CAB9496692.1
Sro8_g006600	CAB9496693.1
Sro8_g006610	CAB9496694.1
Sro8_g006620	CAB9496695.1
Sro8_g006630	CAB9496696.1
Sro8_g006640	CAB9496697.1
Sro8_g006650	CAB9496698.1
Sro8_g006660	CAB9496699.1
Sro8_g006670	CAB9496700.1
Sro8_g006680	CAB9496701.1
Sro8_g006690	CAB9496702.1
Sro8_g006691	CAB9496704.1
Sro8_g006700	CAB9496703.1
Sro8_g006710	CAB9496705.1
Sro8_g006720	CAB9496706.1
Sro8_g006730	CAB9496707.1
Sro8_g006740	CAB9496708.1
Sro8_g006750	CAB9496709.1
Sro8_g006760	CAB9496710.1
Sro8_g006770	CAB9496711.1
Sro8_g006780	CAB9496712.1
Sro8_g006790	CAB9496713.1
Sro8_g006800	CAB9496714.1
Sro8_g006810	CAB9496715.1
Sro8_g006820	CAB9496716.1
Sro8_g006830	CAB9496717.1
Sro8_g006840	CAB9496718.1
Sro8_g006850	CAB9496719.1
Sro8_g006860	CAB9496720.1
Sro8_g006870	CAB9496721.1
Sro8_g006880	CAB9496722.1
Sro8_g006890	CAB9496723.1
Sro8_g006900	CAB9496724.1
Sro8_g006910	CAB9496725.1
Sro8_g006920	CAB9496726.1
Sro8_g006930	CAB9496727.1
Sro8_g006940	CAB9496728.1
Sro8_g006950	CAB9496729.1
Sro90_g047190	CAB9500699.1
Sro90_g047200	CAB9500700.1
Sro90_g047210	CAB9500701.1
Sro90_g047220	CAB9500702.1
Sro90_g047230	CAB9500703.1
Sro90_g047240	CAB9500704.1
Sro90_g047250	CAB9500705.1
Sro90_g047260	CAB9500706.1
Sro90_g047270	CAB9500707.1
Sro90_g047280	CAB9500708.1
Sro90_g047281	CAB9500709.1
Sro90_g047290	CAB9500710.1
Sro90_g047300	CAB9500711.1
Sro90_g047310	CAB9500712.1
Sro90_g047320	CAB9500713.1
Sro90_g047330	CAB9500714.1
Sro90_g047331	CAB9500715.1
Sro90_g047340	CAB9500716.1
Sro90_g047350	CAB9500717.1
Sro90_g047360	CAB9500718.1
Sro90_g047370	CAB9500719.1
Sro90_g047380	CAB9500720.1
Sro90_g047390	CAB9500721.1
Sro90_g047400	CAB9500722.1
Sro90_g047401	CAB9500723.1
Sro90_g047410	CAB9500724.1
Sro90_g047420	CAB9500725.1
Sro90_g047430	CAB9500726.1
Sro90_g047440	CAB9500727.1
Sro90_g047441	CAB9500728.1
Sro90_g047450	CAB9500729.1
Sro90_g047460	CAB9500730.1
Sro90_g047470	CAB9500731.1
Sro90_g047480	CAB9500732.1
Sro90_g047490	CAB9500733.1
Sro90_g047500	CAB9500734.1
Sro90_g047510	CAB9500735.1
Sro90_g047520	CAB9500736.1
Sro91_g047530	CAB9500737.1
Sro91_g047540	CAB9500738.1
Sro91_g047550	CAB9500739.1
Sro91_g047560	CAB9500740.1
Sro91_g047570	CAB9500741.1
Sro91_g047580	CAB9500742.1
Sro91_g047590	CAB9500743.1
Sro91_g047600	CAB9500744.1
Sro91_g047610	CAB9500745.1
Sro91_g047620	CAB9500746.1
Sro91_g047630	CAB9500747.1
Sro91_g047640	CAB9500748.1
Sro91_g047650	CAB9500749.1
Sro91_g047660	CAB9500750.1
Sro91_g047670	CAB9500751.1
Sro91_g047680	CAB9500752.1
Sro91_g047690	CAB9500753.1
Sro91_g047700	CAB9500754.1
Sro91_g047710	CAB9500755.1
Sro91_g047720	CAB9500756.1
Sro91_g047721	CAB9500757.1
Sro91_g047730	CAB9500758.1
Sro91_g047740	CAB9500759.1
Sro91_g047750	CAB9500760.1
Sro91_g047760	CAB9500761.1
Sro91_g047770	CAB9500762.1
Sro91_g047780	CAB9500763.1
Sro91_g047790	CAB9500764.1
Sro91_g047800	CAB9500765.1
Sro91_g047810	CAB9500766.1
Sro91_g047820	CAB9500767.1
Sro91_g047830	CAB9500768.1
Sro91_g047840	CAB9500769.1
Sro91_g047850	CAB9500770.1
Sro91_g047860	CAB9500771.1
Sro91_g047870	CAB9500772.1
Sro91_g047880	CAB9500773.1
Sro91_g047890	CAB9500774.1
Sro91_g047900	CAB9500775.1
Sro91_g047910	CAB9500776.1
Sro91_g047920	CAB9500777.1
Sro91_g047921	CAB9500778.1
Sro92_g047930	CAB9500779.1
Sro92_g047940	CAB9500780.1
Sro92_g047950	CAB9500781.1
Sro92_g047960	CAB9500782.1
Sro92_g047970	CAB9500783.1
Sro92_g047980	CAB9500784.1
Sro92_g047990	CAB9500785.1
Sro92_g048000	CAB9500786.1
Sro92_g048010	CAB9500787.1
Sro92_g048020	CAB9500788.1
Sro92_g048030	CAB9500789.1
Sro92_g048040	CAB9500790.1
Sro92_g048050	CAB9500791.1
Sro92_g048060	CAB9500792.1
Sro92_g048070	CAB9500793.1
Sro92_g048080	CAB9500794.1
Sro92_g048090	CAB9500795.1
Sro92_g048100	CAB9500796.1
Sro92_g048110	CAB9500797.1
Sro92_g048120	CAB9500798.1
Sro92_g048130	CAB9500799.1
Sro92_g048140	CAB9500800.1
Sro92_g048150	CAB9500801.1
Sro92_g048160	CAB9500802.1
Sro92_g048170	CAB9500803.1
Sro92_g048180	CAB9500804.1
Sro92_g048190	CAB9500805.1
Sro92_g048200	CAB9500806.1
Sro92_g048201	CAB9500807.1
Sro92_g048210	CAB9500808.1
Sro92_g048220	CAB9500809.1
Sro93_g048230	CAB9500810.1
Sro93_g048240	CAB9500811.1
Sro93_g048250	CAB9500812.1
Sro93_g048260	CAB9500813.1
Sro93_g048270	CAB9500814.1
Sro93_g048280	CAB9500815.1
Sro93_g048290	CAB9500816.1
Sro93_g048300	CAB9500817.1
Sro93_g048310	CAB9500818.1
Sro93_g048320	CAB9500819.1
Sro93_g048330	CAB9500820.1
Sro93_g048340	CAB9500821.1
Sro93_g048350	CAB9500822.1
Sro93_g048360	CAB9500823.1
Sro93_g048361	CAB9500824.1
Sro93_g048370	CAB9500825.1
Sro93_g048380	CAB9500826.1
Sro93_g048390	CAB9500827.1
Sro93_g048400	CAB9500828.1
Sro93_g048410	CAB9500829.1
Sro93_g048420	CAB9500830.1
Sro93_g048430	CAB9500831.1
Sro93_g048440	CAB9500832.1
Sro93_g048450	CAB9500833.1
Sro93_g048460	CAB9500834.1
Sro93_g048470	CAB9500835.1
Sro93_g048480	CAB9500836.1
Sro93_g048490	CAB9500837.1
Sro93_g048500	CAB9500838.1
Sro93_g048510	CAB9500839.1
Sro93_g048520	CAB9500840.1
Sro93_g048530	CAB9500841.1
Sro93_g048540	CAB9500842.1
Sro93_g048550	CAB9500843.1
Sro93_g048560	CAB9500844.1
Sro93_g048570	CAB9500845.1
Sro93_g048580	CAB9500846.1
Sro93_g048590	CAB9500847.1
Sro93_g048600	CAB9500848.1
Sro93_g048610	CAB9500849.1
Sro93_g048620	CAB9500850.1
Sro93_g048630	CAB9500851.1
Sro93_g048640	CAB9500852.1
Sro93_g048650	CAB9500853.1
Sro93_g048660	CAB9500854.1
Sro93_g048670	CAB9500855.1
Sro93_g048680	CAB9500856.1
Sro93_g048690	CAB9500857.1
Sro93_g048700	CAB9500858.1
Sro93_g048710	CAB9500859.1
Sro93_g048720	CAB9500860.1
Sro93_g048730	CAB9500861.1
Sro93_g048740	CAB9500862.1
Sro93_g048750	CAB9500863.1
Sro93_g048760	CAB9500864.1
Sro94_g048770	CAB9500865.1
Sro94_g048780	CAB9500866.1
Sro94_g048790	CAB9500867.1
Sro94_g048800	CAB9500868.1
Sro94_g048810	CAB9500869.1
Sro94_g048820	CAB9500870.1
Sro94_g048830	CAB9500871.1
Sro94_g048840	CAB9500872.1
Sro94_g048850	CAB9500873.1
Sro94_g048860	CAB9500874.1
Sro94_g048870	CAB9500875.1
Sro94_g048880	CAB9500876.1
Sro94_g048890	CAB9500877.1
Sro94_g048900	CAB9500878.1
Sro94_g048910	CAB9500879.1
Sro94_g048920	CAB9500880.1
Sro94_g048930	CAB9500881.1
Sro94_g048940	CAB9500882.1
Sro94_g048950	CAB9500883.1
Sro94_g048960	CAB9500884.1
Sro94_g048970	CAB9500885.1
Sro94_g048980	CAB9500886.1
Sro94_g048990	CAB9500887.1
Sro94_g049000	CAB9500888.1
Sro94_g049010	CAB9500889.1
Sro94_g049020	CAB9500890.1
Sro94_g049030	CAB9500891.1
Sro94_g049040	CAB9500892.1
Sro94_g049050	CAB9500893.1
Sro94_g049060	CAB9500894.1
Sro94_g049070	CAB9500895.1
Sro94_g049080	CAB9500896.1
Sro94_g049090	CAB9500897.1
Sro94_g049091	CAB9500898.1
Sro94_g049100	CAB9500899.1
Sro94_g049110	CAB9500900.1
Sro94_g049120	CAB9500901.1
Sro94_g049130	CAB9500902.1
Sro94_g049140	CAB9500903.1
Sro94_g049150	CAB9500904.1
Sro95_g049160	CAB9500905.1
Sro95_g049170	CAB9500906.1
Sro95_g049180	CAB9500907.1
Sro95_g049190	CAB9500908.1
Sro95_g049200	CAB9500909.1
Sro95_g049210	CAB9500910.1
Sro95_g049220	CAB9500911.1
Sro95_g049221	CAB9500912.1
Sro95_g049230	CAB9500913.1
Sro95_g049240	CAB9500914.1
Sro95_g049250	CAB9500915.1
Sro95_g049260	CAB9500916.1
Sro95_g049270	CAB9500917.1
Sro95_g049280	CAB9500918.1
Sro95_g049281	CAB9500919.1
Sro95_g049290	CAB9500920.1
Sro95_g049300	CAB9500921.1
Sro95_g049310	CAB9500922.1
Sro95_g049320	CAB9500923.1
Sro95_g049330	CAB9500924.1
Sro95_g049340	CAB9500925.1
Sro95_g049350	CAB9500926.1
Sro95_g049360	CAB9500927.1
Sro95_g049370	CAB9500928.1
Sro95_g049380	CAB9500929.1
Sro95_g049390	CAB9500930.1
Sro95_g049400	CAB9500931.1
Sro95_g049401	CAB9500932.1
Sro95_g049410	CAB9500933.1
Sro95_g049420	CAB9500934.1
Sro96_g049430	CAB9500935.1
Sro96_g049440	CAB9500936.1
Sro96_g049450	CAB9500937.1
Sro96_g049460	CAB9500938.1
Sro96_g049470	CAB9500939.1
Sro96_g049480	CAB9500940.1
Sro96_g049490	CAB9500941.1
Sro96_g049500	CAB9500942.1
Sro96_g049510	CAB9500943.1
Sro96_g049520	CAB9500944.1
Sro96_g049530	CAB9500945.1
Sro96_g049540	CAB9500946.1
Sro96_g049550	CAB9500947.1
Sro96_g049560	CAB9500948.1
Sro96_g049570	CAB9500949.1
Sro96_g049580	CAB9500950.1
Sro96_g049590	CAB9500951.1
Sro96_g049600	CAB9500952.1
Sro96_g049610	CAB9500953.1
Sro96_g049620	CAB9500954.1
Sro96_g049630	CAB9500955.1
Sro96_g049640	CAB9500956.1
Sro96_g049660	CAB9500957.1
Sro96_g049670	CAB9500958.1
Sro96_g049680	CAB9500959.1
Sro96_g049690	CAB9500960.1
Sro96_g049700	CAB9500961.1
Sro96_g049710	CAB9500962.1
Sro96_g049720	CAB9500963.1
Sro96_g049730	CAB9500964.1
Sro96_g049740	CAB9500965.1
Sro96_g049750	CAB9500966.1
Sro96_g049760	CAB9500967.1
Sro96_g049770	CAB9500968.1
Sro96_g049780	CAB9500969.1
Sro97_g049790	CAB9500970.1
Sro97_g049800	CAB9500971.1
Sro97_g049810	CAB9500972.1
Sro97_g049820	CAB9500973.1
Sro97_g049830	CAB9500974.1
Sro97_g049840	CAB9500975.1
Sro97_g049850	CAB9500976.1
Sro97_g049860	CAB9500977.1
Sro97_g049870	CAB9500978.1
Sro97_g049880	CAB9500979.1
Sro97_g049890	CAB9500980.1
Sro97_g049900	CAB9500981.1
Sro97_g049910	CAB9500982.1
Sro97_g049920	CAB9500983.1
Sro97_g049930	CAB9500984.1
Sro97_g049940	CAB9500985.1
Sro97_g049950	CAB9500986.1
Sro97_g049960	CAB9500987.1
Sro97_g049970	CAB9500988.1
Sro97_g049980	CAB9500989.1
Sro97_g049990	CAB9500990.1
Sro97_g050000	CAB9500991.1
Sro97_g050010	CAB9500992.1
Sro97_g050020	CAB9500993.1
Sro97_g050030	CAB9500994.1
Sro97_g050040	CAB9500995.1
Sro97_g050050	CAB9500996.1
Sro97_g050060	CAB9500997.1
Sro97_g050070	CAB9500998.1
Sro97_g050080	CAB9500999.1
Sro97_g050090	CAB9501000.1
Sro97_g050100	CAB9501001.1
Sro97_g050110	CAB9501002.1
Sro97_g050120	CAB9501003.1
Sro97_g050130	CAB9501004.1
Sro97_g050140	CAB9501005.1
Sro97_g050150	CAB9501006.1
Sro97_g050160	CAB9501007.1
Sro97_g050170	CAB9501008.1
Sro97_g050180	CAB9501009.1
Sro97_g050190	CAB9501010.1
Sro97_g050200	CAB9501011.1
Sro97_g050210	CAB9501012.1
Sro97_g050220	CAB9501013.1
Sro98_g050230	CAB9501014.1
Sro98_g050240	CAB9501015.1
Sro98_g050250	CAB9501016.1
Sro98_g050260	CAB9501017.1
Sro98_g050270	CAB9501018.1
Sro98_g050280	CAB9501019.1
Sro98_g050290	CAB9501020.1
Sro98_g050300	CAB9501021.1
Sro98_g050310	CAB9501022.1
Sro98_g050320	CAB9501023.1
Sro98_g050330	CAB9501024.1
Sro98_g050340	CAB9501025.1
Sro98_g050350	CAB9501026.1
Sro98_g050360	CAB9501027.1
Sro98_g050370	CAB9501028.1
Sro98_g050380	CAB9501029.1
Sro98_g050390	CAB9501030.1
Sro98_g050400	CAB9501031.1
Sro98_g050410	CAB9501032.1
Sro98_g050420	CAB9501033.1
Sro98_g050430	CAB9501034.1
Sro98_g050440	CAB9501035.1
Sro98_g050450	CAB9501036.1
Sro98_g050460	CAB9501037.1
Sro98_g050470	CAB9501038.1
Sro98_g050480	CAB9501039.1
Sro98_g050490	CAB9501040.1
Sro98_g050500	CAB9501041.1
Sro98_g050510	CAB9501042.1
Sro98_g050520	CAB9501043.1
Sro98_g050530	CAB9501044.1
Sro98_g050540	CAB9501045.1
Sro98_g050550	CAB9501046.1
Sro98_g050560	CAB9501047.1
Sro98_g050570	CAB9501048.1
Sro98_g050580	CAB9501049.1
Sro98_g050590	CAB9501050.1
Sro98_g050600	CAB9501051.1
Sro98_g050610	CAB9501052.1
Sro98_g050620	CAB9501053.1
Sro98_g050630	CAB9501054.1
Sro98_g050640	CAB9501055.1
Sro98_g050650	CAB9501056.1
Sro98_g050660	CAB9501057.1
Sro98_g050670	CAB9501058.1
Sro99_g050680	CAB9501059.1
Sro99_g050690	CAB9501060.1
Sro99_g050700	CAB9501061.1
Sro99_g050710	CAB9501062.1
Sro99_g050720	CAB9501063.1
Sro99_g050730	CAB9501064.1
Sro99_g050740	CAB9501065.1
Sro99_g050750	CAB9501066.1
Sro99_g050760	CAB9501067.1
Sro99_g050770	CAB9501068.1
Sro99_g050780	CAB9501069.1
Sro99_g050790	CAB9501070.1
Sro99_g050791	CAB9501071.1
Sro99_g050800	CAB9501072.1
Sro99_g050810	CAB9501073.1
Sro99_g050820	CAB9501074.1
Sro99_g050830	CAB9501075.1
Sro99_g050840	CAB9501076.1
Sro99_g050850	CAB9501077.1
Sro99_g050860	CAB9501078.1
Sro99_g050870	CAB9501079.1
Sro99_g050880	CAB9501080.1
Sro99_g050890	CAB9501081.1
Sro99_g050900	CAB9501082.1
Sro99_g050910	CAB9501083.1
Sro99_g050911	CAB9501084.1
Sro99_g050920	CAB9501085.1
Sro99_g050930	CAB9501086.1
Sro99_g050940	CAB9501087.1
Sro99_g050950	CAB9501088.1
Sro99_g050960	CAB9501089.1
Sro99_g050970	CAB9501090.1
Sro99_g050980	CAB9501091.1
Sro99_g050990	CAB9501092.1
Sro99_g051000	CAB9501093.1
Sro99_g051010	CAB9501094.1
Sro99_g051020	CAB9501095.1
Sro99_g051021	CAB9501096.1
Sro99_g051030	CAB9501097.1
Sro99_g051040	CAB9501098.1
Sro99_g051050	CAB9501099.1
Sro99_g051060	CAB9501100.1
Sro9_g006960	CAB9496730.1
Sro9_g006970	CAB9496731.1
Sro9_g006980	CAB9496732.1
Sro9_g006990	CAB9496733.1
Sro9_g007000	CAB9496734.1
Sro9_g007010	CAB9496735.1
Sro9_g007020	CAB9496736.1
Sro9_g007030	CAB9496737.1
Sro9_g007040	CAB9496738.1
Sro9_g007050	CAB9496739.1
Sro9_g007060	CAB9496740.1
Sro9_g007070	CAB9496741.1
Sro9_g007080	CAB9496742.1
Sro9_g007090	CAB9496743.1
Sro9_g007100	CAB9496744.1
Sro9_g007110	CAB9496745.1
Sro9_g007120	CAB9496746.1
Sro9_g007130	CAB9496747.1
Sro9_g007140	CAB9496748.1
Sro9_g007150	CAB9496749.1
Sro9_g007160	CAB9496750.1
Sro9_g007170	CAB9496751.1
Sro9_g007180	CAB9496752.1
Sro9_g007190	CAB9496753.1
Sro9_g007200	CAB9496754.1
Sro9_g007210	CAB9496755.1
Sro9_g007220	CAB9496756.1
Sro9_g007230	CAB9496757.1
Sro9_g007240	CAB9496758.1
Sro9_g007250	CAB9496759.1
Sro9_g007260	CAB9496760.1
Sro9_g007270	CAB9496761.1
Sro9_g007280	CAB9496762.1
Sro9_g007290	CAB9496763.1
Sro9_g007300	CAB9496764.1
Sro9_g007310	CAB9496765.1
Sro9_g007320	CAB9496766.1
Sro9_g007330	CAB9496767.1
Sro9_g007340	CAB9496768.1
Sro9_g007350	CAB9496769.1
Sro9_g007360	CAB9496770.1
Sro9_g007370	CAB9496771.1
Sro9_g007380	CAB9496772.1
Sro9_g007390	CAB9496773.1
Sro9_g007400	CAB9496774.1
Sro9_g007410	CAB9496775.1
Sro9_g007420	CAB9496776.1
Sro9_g007430	CAB9496777.1
Sro9_g007440	CAB9496778.1
Sro9_g007450	CAB9496779.1
Sro9_g007460	CAB9496780.1
Sro9_g007470	CAB9496781.1
Sro9_g007480	CAB9496782.1
Sro9_g007490	CAB9496783.1
Sro9_g007500	CAB9496784.1
Sro9_g007510	CAB9496785.1
Sro9_g007520	CAB9496786.1
Sro9_g007530	CAB9496787.1
Sro9_g007540	CAB9496788.1
Sro9_g007550	CAB9496789.1
Sro9_g007560	CAB9496790.1
Sro9_g007570	CAB9496791.1
Sro9_g007580	CAB9496792.1
Sro9_g007590	CAB9496793.1
Sro9_g007600	CAB9496794.1
Sro9_g007610	CAB9496795.1
Sro9_g007620	CAB9496796.1
Sro9_g007630	CAB9496797.1
Sro9_g007640	CAB9496798.1
Sro9_g007650	CAB9496799.1
Sro9_g007660	CAB9496800.1
Sro9_g007670	CAB9496801.1
Sro9_g007680	CAB9496802.1
Sro9_g007690	CAB9496803.1
Sro9_g007700	CAB9496804.1
Sro9_g007710	CAB9496805.1
Sro9_g007720	CAB9496806.1
Sro9_g007730	CAB9496807.1
Sro9_g007740	CAB9496808.1
Sro9_g007750	CAB9496809.1
Sro9_g007760	CAB9496810.1
