Locus Tag	Description	dN/dS	dN	dS	%min5Xcov	%min1Xcov	avg read depth	dN/dS vs CC9902	dN/dS 70_70	dN/dS PAML
Syncc9902_0001	DNA polymerase III subunit beta (EC:2.7.7.7 )	0.053	0.01	0.191	51.47	100.0	5.614	0.052	0.05	0.0401961209827395
Syncc9902_0002	hypothetical protein	0.099	0.019	0.196	86.27	100.0	7.291	0.101	0.099	0.0878251408262997
Syncc9902_0003	phosphoribosylformylglycinamidine synthase subunit II (EC:6.3.5.3 )	0.099	0.017	0.173	92.35	100.0	10.371	0.1	0.099	0.107302853517849
Syncc9902_0004	amidophosphoribosyltransferase	0.052	0.012	0.226	100.0	100.0	17.382	0.054	0.052	0.061368984144877
Syncc9902_0005	DNA gyrase/topoisomerase IV, subunit A	0.08	0.019	0.235	100.0	100.0	21.147	0.082	0.103	0.156202982489304
Syncc9902_0006	TPR repeat	0.121	0.024	0.202	100.0	100.0	21.252	0.125	0.121	0.230677865768813
Syncc9902_0007	4Fe-4S cluster binding	0.134	0.027	0.199	100.0	100.0	16.283	0.134	0.134	0.379697874862986
Syncc9902_0008	hypothetical protein	0.174	0.036	0.209	100.0	100.0	14.285	0.188	0.174	0.230351785018832
Syncc9902_0009	hypothetical protein	0.037	0.007	0.199	100.0	100.0	13.488	0.034	0.037	0.035669881493628
Syncc9902_0010	transcription antitermination protein NusB	0.156	0.022	0.142	91.98	100.0	7.645	0.166	0.156	0.232038504681554
Syncc9902_0011	Cell division transporter substrate-binding protein FtsY	0.184	0.032	0.172	94.14	100.0	9.667	0.188	0.211	0.181682271169148
Syncc9902_0012	serine phosphatase	0.074	0.015	0.197	100.0	100.0	16.191	0.073	0.075	0.0815592619536408
Syncc9902_0013	argininosuccinate lyase	0.08	0.016	0.198	100.0	100.0	21.231	0.08	0.085	0.0700238761761472
Syncc9902_0014	RNA-binding region RNP-1	0.117	0.02	0.167	77.16	100.0	10.898	0.121	0.127	0.192114184659218
Syncc9902_0015	hypothetical protein	0.126	0.028	0.222	100.0	100.0	19.168	0.126	0.126	0.170870687563921
Syncc9902_0016	Methionine sulfoxide reductase B (EC:1.8.4.6 )	0.178	0.032	0.178	100.0	100.0	19.998	0.163	0.178	0.159359011043676
Syncc9902_0017	hypothetical protein	0.124	0.03	0.241	97.45	100.0	15.826	0.123	0.127	0.141212810913758
Syncc9902_0018	general secretion pathway protein E	0.222	0.014	0.062	39.29	95.24	3.452	0.222	0.344	NaN
Syncc9902_0019	putative heat shock protein GrpE	0.103	0.015	0.148	48.89	100.0	4.099	0.095	0.103	0.228803854675552
Syncc9902_0020	Heat shock protein DnaJ	0.024	0.003	0.135	12.64	99.82	2.95	0.024	0.019	0.0291417532397484
Syncc9902_0021	hypothetical protein	NaN	0.0	0.0	1.73	100.0	3.545	NaN	NaN	0.0
Syncc9902_0022	GTPase EngC	0.165	0.024	0.148	93.02	100.0	6.963	0.178	0.165	0.211062484200337
Syncc9902_0023	hypothetical protein	0.058	0.007	0.13	89.47	100.0	8.509	0.058	0.058	0.518301140608146
Syncc9902_0024	UDP-N-acetylenolpyruvoylglucosamine reductase (EC:1.1.1.158 )	0.183	0.027	0.148	70.46	100.0	5.968	0.175	0.183	0.277790088664819
Syncc9902_0025	UDP-N-acetylmuramate--alanine ligase	0.09	0.014	0.154	74.2	100.0	6.805	0.099	0.09	0.224199981398976
Syncc9902_0026	Glyceraldehyde-3-phosphate dehydrogenase, type I (EC:1.2.1.12 )	0.041	0.008	0.196	87.52	100.0	7.113	0.045	0.041	0.0303797332227788
Syncc9902_0027	Thiamine-monophosphate kinase (EC:2.7.4.16 )	0.267	0.036	0.136	40.66	100.0	4.257	0.241	0.267	0.17202776983842
Syncc9902_0028	putative cyclophilin-type peptidyl-prolyl cis-trans isomerase	0.097	0.012	0.125	55.68	100.0	5.174	0.104	0.097	0.230976001353925
Syncc9902_0029	elongation factor P	0.01	0.001	0.087	92.69	100.0	7.123	0.01	0.01	0.00535314797059764
Syncc9902_0030	Acetyl-CoA biotin carboxyl carrier	0.0	0.0	0.142	32.28	95.57	3.249	0.0	0.0	0.0
Syncc9902_0031	4-hydroxythreonine-4-phosphate dehydrogenase (EC:1.1.1.262 )	0.168	0.02	0.12	65.88	96.76	6.29	0.161	0.174	0.122535144052808
Syncc9902_0032	hypothetical protein	0.2	0.036	0.18	100.0	100.0	13.56	0.197	0.2	0.221972604899598
Syncc9902_0033	HNH nuclease	0.077	0.02	0.264	100.0	100.0	13.17	0.076	0.077	0.0628904174144661
Syncc9902_0034	DEAD/DEAH box helicase-like	0.075	0.016	0.211	95.24	100.0	9.617	0.086	0.075	0.086417001500705
Syncc9902_0035	hypothetical protein	0.096	0.028	0.288	94.35	100.0	14.61	0.114	0.107	0.414988611843176
Syncc9902_0036	hypothetical protein	0.117	0.024	0.209	100.0	100.0	15.127	0.116	0.117	0.0850226885408266
Syncc9902_0037	hypothetical protein	0.173	0.04	0.233	100.0	100.0	22.111	0.154	0.173	0.0742665655007656
Syncc9902_0038	hypothetical protein	0.116	0.027	0.234	97.19	100.0	9.153	0.111	0.116	0.501801595396024
Syncc9902_0039	hypothetical protein	0.066	0.026	0.394	100.0	100.0	14.419	0.066	0.066	0.0717886137646338
Syncc9902_0040	soluble hydrogenase small subunit	0.055	0.011	0.199	100.0	100.0	13.263	0.055	0.056	0.0787979074290827
Syncc9902_0041	cobalt-precorrin-6A synthase	0.151	0.034	0.227	97.52	100.0	12.599	0.143	0.151	0.23358346400964
Syncc9902_0042	bifunctional GMP synthase/glutamine amidotransferase protein	0.035	0.007	0.2	93.82	99.87	7.817	0.037	0.034	0.0186546994826065
Syncc9902_0043	Methylase involved in ubiquinone/menaquinone biosynthesis-like	NaN	0.0	0.0	0.0	36.11	0.361	NaN	NaN	NaN
Syncc9902_0044	hypothetical protein	0.114	0.031	0.274	85.67	100.0	10.253	0.113	0.114	0.1475144495353
Syncc9902_0045	hypothetical protein	0.057	0.011	0.199	99.84	100.0	13.436	0.057	0.076	0.0643187057075492
Syncc9902_0046	hypothetical protein	0.129	0.041	0.315	100.0	100.0	13.965	0.136	0.126	0.204921873262668
Syncc9902_0047	Peptidoglycan glycosyltransferase (EC:2.4.1.129 )	0.141	0.032	0.228	92.15	100.0	11.298	0.14	0.146	0.116448996358593
Syncc9902_0048	SqdX	0.081	0.018	0.227	100.0	100.0	12.958	0.082	0.081	0.206195060403841
Syncc9902_0049	sulfolipid (UDP-sulfoquinovose) biosynthesis protein	0.04	0.012	0.304	100.0	100.0	15.377	0.042	0.04	0.0162731403690748
Syncc9902_0050	high light-inducible protein-like	0.047	0.005	0.11	100.0	100.0	10.328	0.047	0.047	0.597208908984254
Syncc9902_0051	thiazole synthase	0.082	0.02	0.241	100.0	100.0	14.903	0.086	0.082	0.0423978161613766
Syncc9902_0052	hypothetical protein	0.112	0.032	0.285	100.0	100.0	12.918	0.112	0.121	0.0600049516211969
Syncc9902_0053	TPR repeat	0.071	0.017	0.246	97.87	100.0	12.079	0.08	0.081	0.0670990590967154
Syncc9902_0054	50S ribosomal protein L20	0.063	0.011	0.181	69.54	100.0	6.739	0.077	0.063	0.0433077882730351
Syncc9902_0055	50S ribosomal protein L35	0.14	0.007	0.05	100.0	100.0	9.46	0.074	0.14	0.480487804878049
Syncc9902_0056	possible amidase enhancer	0.169	0.033	0.195	98.9	100.0	11.946	0.19	0.169	0.16652136045028
Syncc9902_0057	putative glycosyltransferase	0.09	0.024	0.27	90.09	100.0	8.505	0.094	0.087	0.0999601117874
Syncc9902_0058	DNA-directed DNA polymerase (EC:2.7.7.7 )	0.142	0.038	0.268	100.0	100.0	17.058	0.143	0.151	0.153139782285892
Syncc9902_0059	hypothetical protein	0.157	0.053	0.336	100.0	100.0	20.042	0.161	0.155	0.187543461865404
Syncc9902_0060	Peptidase, metallopeptidase	0.251	0.05	0.198	49.53	100.0	4.581	0.263	0.26	0.313549417145338
Syncc9902_0061	ATP-dependent protease ATP-binding subunit	0.039	0.013	0.328	100.0	100.0	19.044	0.039	0.04	0.071766880405658
Syncc9902_0062	Peptidase S14, ClpP (EC:3.4.21.92 )	0.018	0.004	0.21	100.0	100.0	16.337	0.021	0.018	0.0451609992892077
Syncc9902_0063	trigger factor	0.091	0.023	0.255	100.0	100.0	16.836	0.093	0.091	0.086180621317777
Syncc9902_0064	Aspartate-semialdehyde dehydrogenase, USG-1 related (EC:1.2.1.11 )	0.086	0.022	0.255	100.0	100.0	17.061	0.1	0.086	0.0620364585930516
Syncc9902_0065	dihydrodipicolinate synthase	0.096	0.024	0.254	100.0	100.0	13.81	0.104	0.096	0.0791055987076907
Syncc9902_0066	hypothetical protein	0.024	0.006	0.232	84.71	100.0	10.389	0.029	0.026	0.0295826364516083
Syncc9902_0067	hypothetical protein	0.28	0.094	0.337	31.43	94.83	4.601	0.275	0.294	0.787314250115814
Syncc9902_0068	aspartate kinase (EC:2.7.2.4 )	0.059	0.016	0.261	97.18	100.0	14.527	0.062	0.065	0.0571835630698823
Syncc9902_0069	hypothetical protein	NaN	0.0	0.0	0.0	0.0	0.0	NaN	NaN	NaN
Syncc9902_0070	hypothetical protein	NaN	0.0	0.0	0.0	0.0	0.0	NaN	NaN	NaN
Syncc9902_0071	aspartate kinase	NaN	0.0	0.0	0.0	45.64	1.015	NaN	NaN	3.03842603851605
Syncc9902_0072	hypothetical protein	0.11	0.035	0.32	95.34	100.0	11.529	0.105	0.109	0.354541671581786
Syncc9902_0073	putative precorrin-8X methylmutase CobH	0.298	0.095	0.317	32.87	83.02	4.262	0.269	0.302	0.146121964109932
Syncc9902_0074	possible MesJ-like	0.621	0.079	0.128	7.5	76.73	1.974	0.758	0.6	0.179553699288775
Syncc9902_0075	hypothetical protein	0.104	0.025	0.244	97.23	100.0	8.207	0.098	0.109	0.0974105681905978
Syncc9902_0076	hypothetical protein	0.123	0.024	0.198	91.97	100.0	13.852	0.146	0.125	0.132402776986029
Syncc9902_0077	excinuclease ABC subunit B	0.047	0.015	0.328	93.58	100.0	12.598	0.048	0.048	0.037661024786836
Syncc9902_0078	hypothetical protein	NaN	0.0	0.0	0.0	37.34	0.373	NaN	NaN	NaN
Syncc9902_0079	hypothetical protein	NaN	0.0	0.0	0.0	81.14	1.077	NaN	NaN	NaN
Syncc9902_0080	hypothetical protein	NaN	0.0	0.0	0.0	60.24	1.311	NaN	NaN	1.00082740151827
Syncc9902_0081	DNA mismatch repair protein	0.123	0.045	0.369	89.0	100.0	10.07	0.129	0.125	0.125488989364843
Syncc9902_0082	photosystem II reaction center protein PsbZ	NaN	0.0	0.0	0.0	27.51	0.55	NaN	NaN	NaN
Syncc9902_0083	glycosyltransferase	NaN	0.0	0.0	0.0	0.0	0.0	NaN	NaN	NaN
Syncc9902_0084	N-acylneuraminate-9-phosphate synthase (EC:2.5.1.57 )	NaN	0.0	0.0	0.0	0.0	0.0	NaN	NaN	NaN
Syncc9902_0085	dTDP-4-dehydrorhamnose reductase-like	NaN	0.0	0.0	0.0	0.0	0.0	NaN	NaN	NaN
Syncc9902_0086	hypothetical protein	NaN	0.0	0.0	0.0	0.0	0.0	NaN	NaN	NaN
Syncc9902_0087	hypothetical protein	NaN	0.0	0.0	0.0	0.0	0.0	NaN	NaN	NaN
Syncc9902_0088	hypothetical protein	NaN	0.0	0.0	0.0	0.0	0.0	NaN	NaN	NaN
Syncc9902_0089	hypothetical protein	NaN	0.0	0.0	0.0	0.0	0.0	NaN	NaN	NaN
Syncc9902_0090	hypothetical protein	NaN	0.0	0.0	0.0	0.0	0.0	NaN	NaN	NaN
Syncc9902_0091	hypothetical protein	NaN	0.0	0.0	0.0	0.0	0.0	NaN	NaN	NaN
Syncc9902_0092	Glutamate-1-semialdehyde aminotransferase-like	NaN	0.0	0.0	0.0	0.0	0.0	NaN	NaN	NaN
Syncc9902_0093	hypothetical protein	NaN	0.0	0.0	0.0	0.0	0.0	NaN	NaN	NaN
Syncc9902_0094	hypothetical protein	NaN	0.0	0.0	0.0	0.0	0.0	NaN	NaN	NaN
Syncc9902_0095	dehydrogenase and related proteins-like	NaN	0.0	0.0	0.0	0.0	0.0	NaN	NaN	NaN
Syncc9902_0096	spore coat polysaccharide biosynthesis protein spsC	NaN	0.0	0.0	0.0	0.0	0.0	NaN	NaN	NaN
Syncc9902_0097	hypothetical protein	NaN	0.0	0.0	0.0	0.0	0.0	NaN	NaN	NaN
Syncc9902_0098	hypothetical protein	NaN	0.0	0.0	0.0	0.0	0.0	NaN	NaN	NaN
Syncc9902_0099	Capsular polysaccharide biosynthesis protein-like	NaN	0.0	0.0	0.0	0.0	0.0	NaN	NaN	NaN
Syncc9902_0100	HAD-superfamily hydrolase subfamily IA	NaN	0.0	0.0	0.0	0.0	0.0	NaN	NaN	NaN
Syncc9902_0101	capsular polysaccharide biosynthesis protein	NaN	0.0	0.0	0.0	0.0	0.0	NaN	NaN	NaN
Syncc9902_0102	hypothetical protein	NaN	0.0	0.0	0.0	0.0	0.0	NaN	NaN	NaN
Syncc9902_0103	riboflavin synthase subunit beta (EC:2.5.1.9 )	NaN	0.0	0.0	0.0	0.0	0.0	NaN	NaN	NaN
Syncc9902_0104	TPR repeat	NaN	0.0	0.0	0.0	0.0	0.0	NaN	NaN	NaN
Syncc9902_0105	Glycosyltransferase-like	NaN	0.0	0.0	0.0	0.0	0.0	NaN	NaN	NaN
Syncc9902_0106	hypothetical protein	NaN	0.0	0.0	0.0	0.0	0.0	NaN	NaN	NaN
Syncc9902_0107	hypothetical protein	NaN	0.0	0.0	0.0	0.0	0.0	NaN	NaN	NaN
Syncc9902_0108	hypothetical protein	NaN	0.0	0.0	0.0	0.0	0.0	NaN	NaN	NaN
Syncc9902_0109	probable glycosyltransferase	NaN	0.0	0.0	0.0	0.0	0.0	NaN	NaN	NaN
Syncc9902_0110	hypothetical protein	NaN	0.0	0.0	0.0	0.0	0.0	NaN	NaN	NaN
Syncc9902_0111	probable glycosyltransferase	NaN	0.0	0.0	0.0	0.0	0.0	NaN	NaN	NaN
Syncc9902_0112	hypothetical protein	NaN	0.0	0.0	0.0	0.0	0.0	NaN	NaN	NaN
Syncc9902_0113	O-linked N-acetylglucosamine transferase SPINDLY family-like	NaN	0.0	0.0	0.0	0.0	0.0	NaN	NaN	NaN
Syncc9902_0114	TPR repeat	NaN	0.0	0.0	0.0	0.0	0.0	NaN	NaN	NaN
Syncc9902_0115	TPR repeat	NaN	0.0	0.0	0.0	0.0	0.0	NaN	NaN	NaN
Syncc9902_0116	hypothetical protein	NaN	0.0	0.0	0.0	0.0	0.0	NaN	NaN	NaN
Syncc9902_0117	cyclic nucleotide-binding domain (cNMP-BD) protein	NaN	0.0	0.0	0.0	2.68	0.027	NaN	NaN	NaN
Syncc9902_0118	hemolysin secretion protein-like	NaN	0.0	0.0	0.0	0.0	0.0	NaN	NaN	NaN
Syncc9902_0119	Glycosyltransferase-like	NaN	0.0	0.0	0.0	0.0	0.0	NaN	NaN	NaN
Syncc9902_0120	TPR repeat	NaN	0.0	0.0	0.0	0.0	0.0	NaN	NaN	NaN
Syncc9902_0121	hypothetical protein	NaN	0.0	0.0	0.0	0.0	0.0	NaN	NaN	NaN
Syncc9902_0122	Glycosyltransferase-like	NaN	0.0	0.0	0.0	0.0	0.0	NaN	NaN	NaN
Syncc9902_0123	translocase	0.056	0.033	0.581	81.38	92.22	10.635	0.061	0.069	0.02641598311116
Syncc9902_0124	hypothetical protein	NaN	0.0	0.0	0.0	77.78	1.109	NaN	1.042	0.146092728320829
Syncc9902_0125	hypothetical protein	0.166	0.043	0.258	22.99	71.72	2.441	0.173	0.166	0.298454230940878
Syncc9902_0126	hypothetical protein	NaN	0.0	0.0	0.0	66.04	1.021	NaN	NaN	NaN
Syncc9902_0127	hypothetical protein	NaN	0.0	0.0	0.0	67.7	0.739	NaN	NaN	NaN
Syncc9902_0128	hypothetical protein	NaN	0.0	0.0	0.0	0.0	0.0	NaN	NaN	NaN
Syncc9902_0129	Serine O-acetyltransferase (EC:2.3.1.30 )	0.047	0.014	0.294	58.33	97.85	6.665	0.046	0.054	0.36177149564435
Syncc9902_0130	transcriptional regulator, GntR family	0.012	0.003	0.267	100.0	100.0	13.377	0.017	0.012	0.238180717531767
Syncc9902_0131	translation initiation factor IF-3	0.042	0.015	0.349	100.0	100.0	14.832	0.048	0.042	0.024322101634575
Syncc9902_0132	tRNA isopentenyltransferase (EC:2.5.1.8 )	0.173	0.036	0.209	100.0	100.0	11.574	0.174	0.173	0.249120954769009
Syncc9902_0133	DNA topoisomerase IV subunit B (EC:5.99.1.3 )	0.041	0.015	0.381	100.0	100.0	15.071	0.043	0.042	0.0334116603726496
Syncc9902_0134	hypothetical protein	0.121	0.043	0.357	100.0	100.0	13.068	0.131	0.121	0.136367148502584
Syncc9902_0135	integral membrane protein possibly involved in chromosome condensation	0.24	0.085	0.354	100.0	100.0	13.307	0.243	0.24	0.159101750622381
Syncc9902_0136	putative integral membrane protein	0.366	0.113	0.31	100.0	100.0	15.988	0.419	0.37	0.225542533539699
Syncc9902_0137	glutathione peroxidase	0.127	0.048	0.376	100.0	100.0	15.947	0.124	0.127	0.267606572085557
Syncc9902_0138	Divalent cation transporter	0.053	0.017	0.319	100.0	100.0	19.381	0.058	0.053	0.0251804815320685
Syncc9902_0139	type II alternative RNA polymerase sigma factor, sigma-70 family	0.025	0.012	0.456	100.0	100.0	18.225	0.028	0.03	0.0189216170882739
Syncc9902_0140	hypothetical protein	0.129	0.047	0.362	97.28	100.0	8.466	0.133	0.158	0.256115639167875
Syncc9902_0141	fatty acid desaturase	0.073	0.034	0.47	80.14	100.0	9.321	0.068	0.073	0.0699338533288825
Syncc9902_0142	hypothetical protein	0.6	0.12	0.2	5.95	100.0	3.024	0.66	0.6	NaN
Syncc9902_0143	Mutator MutT	0.217	0.061	0.281	100.0	100.0	11.305	0.209	0.212	0.197566450121018
Syncc9902_0144	putative fructokinase	0.191	0.053	0.276	100.0	100.0	10.97	0.204	0.193	0.20955059260633
Syncc9902_0145	hypothetical protein	0.224	0.054	0.241	100.0	100.0	10.299	0.227	0.224	0.157355571851378
Syncc9902_0146	S-adenosyl-L-homocysteine hydrolase (EC:3.3.1.1 )	0.041	0.011	0.277	100.0	100.0	15.639	0.041	0.06	0.0537136942672366
Syncc9902_0147	putative alkaline phosphatase-like protein	0.08	0.019	0.234	100.0	100.0	10.42	0.074	0.08	0.109185894859399
Syncc9902_0148	single-strand DNA-binding protein	0.028	0.006	0.213	100.0	100.0	8.659	0.016	0.028	0.0634717352262037
Syncc9902_0149	Cell shape determining protein MreB/Mrl	0.02	0.005	0.239	83.29	100.0	7.146	0.019	0.02	0.0129157776323486
Syncc9902_0150	putative rod shape-determining protein	0.069	0.012	0.176	90.5	100.0	6.423	0.069	0.069	0.103219647642048
Syncc9902_0151	hypothetical protein	0.147	0.024	0.165	67.97	100.0	5.78	0.166	0.147	0.288720215737008
Syncc9902_0152	putative sugar-binding protein	0.131	0.028	0.215	90.08	100.0	9.037	0.13	0.131	0.142573270561307
Syncc9902_0153	two component transcriptional regulator, winged helix family	0.028	0.009	0.311	98.29	100.0	7.647	0.025	0.028	0.0700393031330952
Syncc9902_0154	lysyl-tRNA synthetase	0.04	0.008	0.195	66.07	100.0	5.597	0.039	0.04	0.0603657780626007
Syncc9902_0155	hypothetical protein	0.015	0.002	0.147	81.06	100.0	5.485	0.014	0.015	0.0109368376430691
Syncc9902_0156	hypothetical protein	0.157	0.03	0.194	95.78	100.0	6.549	0.146	0.154	0.282520041177926
Syncc9902_0157	hypothetical protein	0.035	0.007	0.192	72.43	100.0	5.177	0.041	0.035	0.0
Syncc9902_0158	hypothetical protein	0.166	0.033	0.2	17.71	79.35	2.197	0.123	0.16	0.577552189089808
Syncc9902_0159	hypothetical protein	0.162	0.036	0.221	72.66	100.0	5.365	0.163	0.162	0.329176138326483
Syncc9902_0160	serine/threonine protein kinase	0.176	0.056	0.32	93.78	100.0	9.91	0.176	0.176	0.135367124533976
Syncc9902_0161	SsrA-binding protein	0.04	0.01	0.244	84.33	100.0	7.669	0.042	0.04	0.247492077507371
Syncc9902_0162	Holliday junction DNA helicase RuvB	0.057	0.015	0.271	100.0	100.0	10.045	0.063	0.057	0.0559101803085278
Syncc9902_0163	TPR repeat	0.074	0.017	0.234	97.54	100.0	8.446	0.083	0.074	0.0884876087049934
Syncc9902_0164	Peptidase M20D, amidohydrolase (EC:3.5.1.32 )	0.093	0.022	0.241	86.51	100.0	10.606	0.097	0.101	0.124344513689257
Syncc9902_0165	hypothetical protein	0.265	0.068	0.257	100.0	100.0	17.022	0.268	0.265	0.327157359280615
Syncc9902_0166	hypothetical protein	0.171	0.055	0.324	100.0	100.0	23.294	0.185	0.171	0.159221821897891
Syncc9902_0167	thiamine biosynthesis protein ThiC	0.034	0.016	0.462	97.64	100.0	15.447	0.035	0.037	0.0338775306038112
Syncc9902_0168	transketolase	0.033	0.01	0.291	92.69	98.46	9.723	0.035	0.033	0.0933483945436588
Syncc9902_0169	3-oxoacyl-(acyl-carrier-protein) synthase II	0.069	0.014	0.21	100.0	100.0	10.77	0.069	0.069	0.116428616028608
Syncc9902_0170	acyl carrier protein	0.0	0.0	0.137	100.0	100.0	9.811	0.0	0.0	0.0
Syncc9902_0171	photosystem I subunit VII	0.09	0.028	0.307	100.0	100.0	10.883	0.093	0.113	0.0370766654689566
Syncc9902_0172	D-fructose-6-phosphate amidotransferase	0.094	0.026	0.276	90.26	100.0	10.473	0.092	0.092	0.079741765003242
Syncc9902_0173	NAD dependent epimerase/dehydratase	NaN	0.0	0.0	0.0	65.84	0.763	NaN	NaN	1.22312652355115
Syncc9902_0174	GDP-mannose 4,6-dehydratase	NaN	0.0	0.0	0.0	87.79	1.375	NaN	NaN	0.073627844712182
Syncc9902_0175	Mannose-1-phosphate guanylyltransferase/mannose-6-phosphate isomerase (EC:2.7.7.22 )	0.047	0.011	0.23	97.05	100.0	9.208	0.046	0.053	0.238842185103326
Syncc9902_0176	16S rRNA-processing protein	0.171	0.028	0.162	64.27	100.0	5.317	0.176	0.171	0.557375204067008
Syncc9902_0177	hypothetical protein	NaN	0.0	0.0	1.61	100.0	3.253	NaN	NaN	NaN
Syncc9902_0178	possible potassium channel, VIC family	0.109	0.028	0.257	74.44	100.0	6.83	0.107	0.133	0.0680630491932203
Syncc9902_0179	Ribonuclease III (EC:3.1.26.3 )	0.26	0.058	0.222	95.6	100.0	8.091	0.301	0.267	0.235276021619599
Syncc9902_0180	hypothetical protein	0.086	0.015	0.18	100.0	100.0	9.621	0.083	0.086	0.0750372034000511
Syncc9902_0181	hypothetical protein	0.119	0.031	0.263	70.75	100.0	6.441	0.119	0.138	0.12757039260439
Syncc9902_0182	Glycogen/starch/alpha-glucan phosphorylase (EC:2.4.1.1 )	0.06	0.013	0.221	69.88	100.0	6.444	0.058	0.06	0.0488202741340798
Syncc9902_0183	putative Na+/H+ antiporter, CPA2 family	0.052	0.012	0.232	67.03	100.0	5.402	0.065	0.054	0.0544544320262563
Syncc9902_0184	hypothetical protein	0.105	0.022	0.213	100.0	100.0	8.142	0.107	0.105	0.0440771349862259
Syncc9902_0185	hypothetical protein	0.081	0.017	0.209	67.76	100.0	5.655	0.096	0.081	0.145944957526801
Syncc9902_0186	hypothetical protein	0.07	0.012	0.17	85.75	100.0	6.708	0.065	0.07	0.0602343651672798
Syncc9902_0187	putative glycolate oxidase subunit GlcE	0.194	0.025	0.129	20.5	62.58	2.777	0.192	0.146	0.882578083612928
Syncc9902_0188	hypothetical protein	0.21	0.037	0.177	94.06	100.0	8.789	0.212	0.21	0.209720869889039
Syncc9902_0189	putative glycolate oxidase subunit (Fe-S) protein	0.103	0.02	0.19	56.98	100.0	6.25	0.1	0.106	0.0802923426733306
Syncc9902_0190	hypothetical protein	0.284	0.03	0.107	26.76	97.83	3.135	0.27	0.284	0.390937332082224
Syncc9902_0191	isocitrate dehydrogenase	0.064	0.016	0.255	96.49	100.0	9.68	0.066	0.064	0.0682202717526376
Syncc9902_0192	putative glycosyl transferase family protein	0.082	0.023	0.277	98.71	100.0	12.66	0.087	0.088	0.0813689066509412
Syncc9902_0193	hypothetical protein	0.204	0.044	0.218	90.64	100.0	8.494	0.21	0.217	0.215716050262927
Syncc9902_0194	Methylthioadenosine nucleosidase (EC:3.2.2.16 )	0.23	0.063	0.273	100.0	100.0	15.961	0.236	0.239	0.319553509782854
Syncc9902_0195	hypothetical protein	0.204	0.066	0.326	100.0	100.0	19.806	0.213	0.204	0.159977290698705
Syncc9902_0196	Heme oxygenase (decyclizing) (EC:1.14.99.3 )	0.043	0.014	0.331	99.04	100.0	16.316	0.043	0.043	0.079808467019898
Syncc9902_0197	hypothetical protein	0.191	0.039	0.206	83.85	100.0	7.978	0.194	0.181	0.155956330913672
Syncc9902_0198	ATPase	0.074	0.014	0.185	50.92	100.0	4.934	0.073	0.074	0.0558347046711366
Syncc9902_0199	hypothetical protein	0.382	0.021	0.056	14.66	69.18	2.203	0.426	0.382	0.137228118402392
Syncc9902_0200	putative glycosyl transferase, group 1	0.0	0.0	0.014	16.2	70.99	2.124	0.0	0.0	0.0886075949367088
Syncc9902_0201	glycosyl transferase, group 1	0.0	0.0	0.043	10.03	57.64	1.842	0.0	0.0	0.106044646487046
Syncc9902_0202	glycosyl transferase, group 1	0.0	0.0	0.033	4.1	86.3	1.639	0.0	0.0	0.342245989304813
Syncc9902_0203	hypothetical protein	0.088	0.007	0.085	29.01	99.18	3.947	0.089	0.088	0.133895507872313
Syncc9902_0204	hypothetical protein	0.166	0.008	0.051	14.73	95.16	2.564	0.166	0.166	0.361597200538702
Syncc9902_0205	hypothetical protein	0.18	0.041	0.227	58.57	100.0	5.316	0.17	0.18	0.145273637180171
Syncc9902_0206	2-dehydro-3-deoxyphosphooctonate aldolase	0.084	0.033	0.39	86.45	100.0	9.857	0.084	0.093	0.150114242975691
Syncc9902_0207	ATP-dependent DNA helicase PcrA	0.045	0.017	0.381	100.0	100.0	13.868	0.044	0.044	0.0388897538626755
Syncc9902_0208	hypothetical protein	0.081	0.032	0.39	100.0	100.0	17.903	0.088	0.081	0.0598447368601786
Syncc9902_0209	3-deoxy-manno-octulosonate cytidylyltransferase (EC:2.7.7.38 )	0.106	0.029	0.277	99.74	100.0	11.294	0.104	0.106	0.0600738569198396
Syncc9902_0210	Phosphatase kdsC	0.198	0.054	0.27	100.0	100.0	14.553	0.181	0.198	0.227525291817996
Syncc9902_0211	KpsF/GutQ (EC:5.3.1.13 )	0.1	0.027	0.272	100.0	100.0	14.843	0.094	0.105	0.159020798869362
Syncc9902_0212	possible polyA polymerase	0.242	0.058	0.242	100.0	100.0	12.942	0.252	0.242	0.258069710172998
Syncc9902_0213	hypothetical protein	0.254	0.046	0.182	80.35	100.0	8.613	0.275	0.254	0.27518502162022
Syncc9902_0214	Selenide,water dikinase (EC:2.7.9.3 )	0.227	0.062	0.272	100.0	100.0	13.326	0.246	0.228	0.358729611125898
Syncc9902_0215	UDP-glucose 4-epimerase	0.125	0.041	0.326	99.61	100.0	13.32	0.132	0.125	0.219183042273272
Syncc9902_0216	hypothetical protein	0.273	0.018	0.064	19.28	100.0	3.489	0.311	0.501	0.235946534533665
Syncc9902_0217	Type I secretion system ATPase, HlyB	0.061	0.019	0.309	47.36	95.37	4.551	0.065	0.08	0.101047294957558
Syncc9902_0218	possible similar to leukotoxin secretion protein	0.131	0.025	0.191	95.63	100.0	9.463	0.143	0.129	0.149018812772279
Syncc9902_0219	putative glycosyltransferase	0.148	0.049	0.333	7.37	91.35	1.91	0.165	0.205	0.218173415735356
Syncc9902_0220	Histidyl-tRNA synthetase, class IIa (EC:6.1.1.21 )	0.129	0.034	0.26	79.58	100.0	7.647	0.13	0.134	0.118628567655619
Syncc9902_0221	NAD dependent epimerase/dehydratase family	0.026	0.004	0.169	76.98	100.0	6.524	0.029	0.026	0.031688808494773
Syncc9902_0222	UDP-glucose 6-dehydrogenase (EC:1.1.1.22 )	0.139	0.021	0.149	26.64	93.44	4.54	0.15	0.188	0.121506549202523
Syncc9902_0223	putative nucleotide sugar epimerase	0.136	0.063	0.463	100.0	100.0	27.665	0.137	0.14	0.0709540848703048
Syncc9902_0224	photosystem II reaction center protein PsbJ	0.047	0.019	0.4	100.0	100.0	18.667	0.047	0.047	0.0
Syncc9902_0225	photosystem II reaction center L	0.068	0.023	0.338	100.0	100.0	25.558	0.068	0.068	2.38441292586635
Syncc9902_0226	cytochrome b559 subunit beta	0.039	0.014	0.346	100.0	100.0	43.072	0.049	0.039	1.3913449696352
Syncc9902_0227	cytochrome b559 subunit alpha	0.037	0.011	0.302	100.0	100.0	40.819	0.041	0.037	0.193498087341471
Syncc9902_0228	photosystem II stability/assembly factor-like	0.079	0.032	0.404	100.0	100.0	25.458	0.086	0.079	0.144666117581704
Syncc9902_0229	probable rubredoxin	0.133	0.029	0.218	80.98	95.71	12.043	0.124	0.153	0.154735081665806
Syncc9902_0230	NADH dehydrogenase alpha subunit	0.024	0.008	0.328	100.0	100.0	22.672	0.023	0.024	0.00787990805238
Syncc9902_0231	NADH dehydrogenase beta subunit (EC:1.6.5.3 )	0.029	0.01	0.35	99.18	100.0	11.642	0.028	0.029	0.0173054393096847
Syncc9902_0232	NADH dehydrogenase subunit J	0.1	0.024	0.236	86.08	100.0	9.134	0.094	0.1	0.0735123670069355
Syncc9902_0233	hypothetical protein	0.069	0.02	0.285	98.16	100.0	12.049	0.072	0.07	0.0918375477219084
Syncc9902_0234	ATPase	0.083	0.028	0.335	100.0	100.0	11.91	0.081	0.087	0.0281504111609121
Syncc9902_0235	possible ABC transporter	0.178	0.058	0.329	100.0	100.0	19.797	0.175	0.192	0.245884793261502
Syncc9902_0236	Magnesium chelatase ATPase subunit D (EC:6.6.1.1 )	0.078	0.018	0.225	94.13	100.0	11.035	0.08	0.079	0.123910683179148
Syncc9902_0237	7, 8-Dihydro-6-hydroxymethylpterin-pyrophosphokinase, HPPK	0.309	0.051	0.166	99.19	100.0	6.953	0.286	0.313	0.468117805746745
Syncc9902_0238	NUDIX hydrolase	0.087	0.018	0.21	86.27	100.0	7.189	0.086	0.087	0.129118326646175
Syncc9902_0239	Deoxyribodipyrimidine photolyase (EC:4.1.99.3 )	0.077	0.017	0.215	85.43	100.0	8.845	0.087	0.084	0.0674600104116114
Syncc9902_0240	hypothetical protein	1.38	0.013	0.009	32.39	100.0	3.464	1.38	1.38	0.155548902683416
Syncc9902_0241	putative pleiotropic regulatory protein	0.094	0.016	0.172	91.77	100.0	8.243	0.099	0.095	0.246028324958251
Syncc9902_0242	hypothetical protein	0.158	0.023	0.143	78.48	94.77	7.365	0.156	0.16	0.0851423275748803
Syncc9902_0243	hypothetical protein	0.175	0.04	0.229	100.0	100.0	12.387	0.171	0.175	0.291315413449648
Syncc9902_0244	hypothetical protein	0.1	0.023	0.234	97.28	100.0	8.868	0.113	0.1	0.271218009105306
Syncc9902_0245	probable deoxyribodipyrimidine photolyase	0.151	0.037	0.245	100.0	100.0	13.904	0.152	0.151	0.155718792714721
Syncc9902_0246	enoyl-(acyl carrier protein) reductase	0.047	0.01	0.208	97.22	100.0	10.727	0.043	0.047	0.0541773994891224
Syncc9902_0247	imidazoleglycerol-phosphate dehydratase (EC:4.2.1.19 )	0.042	0.012	0.283	100.0	100.0	13.134	0.047	0.042	0.0550524112867404
Syncc9902_0248	lignostilbene-alpha,beta-dioxygenase and related enzyme-like	0.081	0.022	0.274	93.47	100.0	11.098	0.084	0.123	0.114949918425147
Syncc9902_0249	hypothetical protein	0.237	0.046	0.195	89.87	100.0	9.849	0.227	0.239	0.314390439902106
Syncc9902_0250	hypothetical protein	0.172	0.05	0.289	99.61	100.0	13.129	0.18	0.177	0.130997038760681
Syncc9902_0251	putative glycine betaine transporter, BCCT family	0.037	0.011	0.3	100.0	100.0	14.443	0.038	0.039	0.0375156243738479
Syncc9902_0252	putative sarcosine oxidase	0.07	0.013	0.192	89.03	100.0	8.807	0.063	0.07	0.0362786876312911
Syncc9902_0253	Glutamate dehydrogenase/leucine dehydrogenase-like	0.047	0.009	0.19	80.3	100.0	7.387	0.046	0.042	0.0224559668322477
Syncc9902_0256	Ham1-like protein	0.168	0.02	0.119	80.2	100.0	6.328	0.186	0.168	0.651750602918034
Syncc9902_0257	phosphoglucomutase/phosphomannomutase family protein	0.065	0.004	0.068	7.31	97.88	2.173	0.065	0.065	0.973185952657375
Syncc9902_0258	hypothetical protein	0.13	0.019	0.15	51.69	96.16	4.515	0.126	0.13	0.143021090195315
Syncc9902_0259	hypothetical protein	0.198	0.038	0.194	48.5	100.0	5.486	0.187	0.198	0.386890225819775
Syncc9902_0260	Orotate phosphoribosyl transferase (EC:2.4.2.10 )	0.173	0.028	0.16	70.09	100.0	5.501	0.174	0.173	0.271099491951729
Syncc9902_0261	hypothetical protein	0.132	0.021	0.16	31.04	100.0	4.397	0.132	0.132	0.215746119031156
Syncc9902_0262	hypothetical protein	0.066	0.011	0.174	81.46	100.0	8.13	0.063	0.063	0.071225441172679
Syncc9902_0263	probable oxidoreductase	0.012	0.002	0.166	87.1	100.0	8.664	0.012	0.012	0.0135926294133577
Syncc9902_0264	putative phosphorylase kinase	0.119	0.019	0.159	62.14	100.0	5.415	0.122	0.122	0.202549289422867
Syncc9902_0265	Glycosyl transferase WecB/TagA/CpsF	0.108	0.017	0.159	70.48	100.0	7.405	0.113	0.108	0.245147518754259
Syncc9902_0266	photosystem II reaction center protein PsbK precursor	0.082	0.009	0.115	55.19	100.0	6.208	0.074	0.082	0.665605852410706
Syncc9902_0267	Queuine tRNA-ribosyltransferase (EC:2.4.2.29 )	0.047	0.008	0.16	75.42	100.0	6.535	0.045	0.047	0.187872126922697
Syncc9902_0268	Cobalamin-5-phosphate synthase CobS	0.154	0.026	0.166	61.64	100.0	5.377	0.136	0.149	0.123472989115341
Syncc9902_0269	histidine kinase	0.124	0.021	0.165	82.49	100.0	6.676	0.128	0.124	0.175589140949443
Syncc9902_0270	hypothetical protein	0.019	0.005	0.258	98.92	100.0	10.463	0.019	0.019	0.00172997039797297
Syncc9902_0271	probable esterase	0.244	0.04	0.164	96.67	100.0	7.781	0.233	0.244	0.426232823416749
Syncc9902_0272	AICAR transformylase/IMP cyclohydrolase PurH (EC:2.1.2.3 )	0.065	0.01	0.159	100.0	100.0	9.926	0.065	0.065	0.0924350695119443
Syncc9902_0273	hypothetical protein	0.019	0.003	0.137	75.6	100.0	7.002	0.019	0.019	0.0279453451455653
Syncc9902_0274	hypothetical protein	0.169	0.021	0.124	97.51	100.0	9.43	0.173	0.169	0.279100904268404
Syncc9902_0275	4-hydroxy-3-methylbut-2-enyl diphosphate reductase (EC:1.17.1.2 )	0.041	0.008	0.194	100.0	100.0	11.312	0.041	0.067	0.150384926283462
Syncc9902_0276	Ammonium transporter	0.101	0.024	0.24	96.33	100.0	11.665	0.1	0.099	0.0401360981322657
Syncc9902_0277	Sugar fermentation stimulation protein	0.179	0.03	0.168	100.0	100.0	10.064	0.181	0.179	0.587653690213166
Syncc9902_0278	Virulence factor MVIN-like	0.12	0.023	0.19	95.15	100.0	9.39	0.112	0.12	0.110807450224825
Syncc9902_0279	citrate synthase (EC:2.3.3.1 )	0.047	0.01	0.221	100.0	100.0	14.202	0.047	0.047	0.0403345854660285
Syncc9902_0280	NADH dehydrogenase subunit H	0.022	0.005	0.243	100.0	100.0	18.791	0.025	0.024	0.0241910491566811
Syncc9902_0281	NADH dehydrogenase subunit I	0.038	0.009	0.245	100.0	100.0	19.864	0.039	0.038	0.0116950657875098
Syncc9902_0282	NADH dehydrogenase subunit J	0.039	0.008	0.2	100.0	100.0	18.265	0.039	0.039	0.0255091353407801
Syncc9902_0283	NADH dehydrogenase kappa subunit	0.037	0.006	0.151	100.0	100.0	15.012	0.037	0.037	0.149192835742548
Syncc9902_0284	inorganic polyphosphate/ATP-NAD kinase (EC:2.7.1.23 )	0.062	0.014	0.22	100.0	100.0	14.947	0.06	0.062	0.0814656493909305
Syncc9902_0285	hypothetical protein	0.181	0.051	0.281	100.0	100.0	17.716	0.186	0.181	0.208522754465352
Syncc9902_0286	hypothetical protein	0.298	0.066	0.221	100.0	100.0	20.016	0.331	0.306	0.422726673484539
Syncc9902_0287	transcriptional regulator, LuxR family	0.038	0.006	0.172	100.0	100.0	20.634	0.038	0.038	0.760516334564067
Syncc9902_0288	hypothetical protein	0.09	0.026	0.285	100.0	100.0	15.864	0.088	0.09	0.0847734553541253
Syncc9902_0289	putative sugar-phosphate nucleotidyl transferase	0.019	0.006	0.322	100.0	100.0	13.786	0.021	0.019	0.027837884950909
Syncc9902_0290	putative segregation and condensation protein A	0.076	0.015	0.191	96.75	100.0	10.103	0.071	0.088	0.150257769356584
Syncc9902_0291	hypothetical protein	0.103	0.02	0.194	95.05	100.0	8.977	0.103	0.103	0.399831167291922
Syncc9902_0292	NAD(P)H-quinone oxidoreductase subunit 4 (EC:1.6.99.5 )	0.035	0.006	0.172	90.77	100.0	11.637	0.036	0.034	0.145864272278186
Syncc9902_0293	NADH dehydrogenase subunit L (EC:1.6.99.5 )	0.041	0.01	0.233	91.09	100.0	9.818	0.041	0.046	0.0678608881817041
Syncc9902_0294	hypothetical protein	0.11	0.021	0.194	93.85	100.0	8.378	0.107	0.11	0.328049868497847
Syncc9902_0295	putative Rubisco transcriptional regulator	0.04	0.008	0.212	100.0	100.0	10.722	0.04	0.04	0.028629106752358
Syncc9902_0296	hypothetical protein	0.068	0.013	0.191	99.19	100.0	8.095	0.068	0.068	0.0378248936913892
Syncc9902_0297	NADH dehydrogenase I subunit M	0.089	0.019	0.211	100.0	100.0	9.46	0.109	0.089	0.041250222805882
Syncc9902_0298	Carotene 7,8-desaturase (EC:1.14.99.30 )	0.031	0.008	0.258	98.73	100.0	9.995	0.03	0.031	0.012047411226361
Syncc9902_0299	phytoene synthase	0.032	0.009	0.285	87.87	100.0	8.412	0.036	0.032	0.029194254739131
Syncc9902_0300	RNA-binding region RNP-1	0.021	0.005	0.242	84.47	100.0	10.046	0.021	0.021	0.00581854043392505
Syncc9902_0301	poly A polymerase family	0.223	0.043	0.192	77.28	100.0	7.331	0.237	0.223	0.248456253718607
Syncc9902_0301a	hypothetical protein	0.176	0.023	0.132	87.3	100.0	9.571	0.184	0.176	0.210075445484848
Syncc9902_0302	hypothetical protein	0.228	0.049	0.213	100.0	100.0	10.635	0.241	0.228	0.194165358974593
Syncc9902_0303	hypothetical protein	0.118	0.018	0.153	80.73	100.0	6.894	0.141	0.118	0.0748427866522738
Syncc9902_0304	1-acyl-sn-glycerol-3-phosphate acyltransferase	0.104	0.02	0.191	91.36	100.0	9.291	0.109	0.104	0.0890583667264848
Syncc9902_0305	Malonyl CoA-acyl carrier protein transacylase	0.148	0.03	0.201	100.0	100.0	12.856	0.14	0.148	0.262392478311238
Syncc9902_0306	3-oxoacyl-(acyl carrier protein) synthase (EC:2.3.1.41 )	0.118	0.02	0.173	73.62	100.0	7.673	0.115	0.118	0.0780795030685038
Syncc9902_0307	fatty acid/phospholipid synthesis protein	0.075	0.011	0.15	95.03	100.0	8.62	0.08	0.073	0.0756960213515626
Syncc9902_0308	two component transcriptional regulator, winged helix family	0.015	0.002	0.115	70.01	100.0	6.195	0.015	0.015	0.0
Syncc9902_0309	DNA repair protein RadA	0.039	0.008	0.208	70.1	100.0	5.997	0.039	0.039	0.0432140961534563
Syncc9902_0310	photosystem I assembly protein Ycf3	0.018	0.003	0.174	100.0	100.0	13.908	0.018	0.018	0.179136330684756
Syncc9902_0311	Copper-translocating P-type ATPase	0.102	0.021	0.201	99.65	100.0	11.998	0.101	0.105	0.107162658142489
Syncc9902_0312	Thymidylate kinase (EC:2.7.4.9 )	0.143	0.034	0.238	100.0	100.0	15.695	0.151	0.143	0.0683946305876951
Syncc9902_0313	DNA polymerase III subunit delta	0.132	0.039	0.294	96.87	100.0	19.213	0.134	0.134	0.104812572071745
Syncc9902_0314	two component transcriptional regulator, winged helix family	0.008	0.003	0.358	100.0	100.0	22.885	0.012	0.008	0.104658341598564
Syncc9902_0315	ATPase	0.195	0.059	0.305	100.0	100.0	26.314	0.201	0.194	0.242754731092838
Syncc9902_0317	Photosystem II reaction centre protein PsbD/D2	0.01	0.002	0.167	100.0	100.0	17.864	0.01	0.015	0.00168340831521063
Syncc9902_0318	hypothetical protein	0.203	0.056	0.276	100.0	100.0	16.87	0.198	0.203	0.320263180324449
Syncc9902_0319	hypothetical protein	0.227	0.065	0.288	100.0	100.0	16.571	0.226	0.234	0.214887659229325
Syncc9902_0320	hypothetical protein	0.215	0.054	0.252	100.0	100.0	20.726	0.22	0.218	0.223008143982528
Syncc9902_0321	hypothetical protein	0.261	0.059	0.225	100.0	100.0	16.242	0.271	0.264	0.34819928666842
Syncc9902_0322	hypothetical protein	0.179	0.035	0.197	100.0	100.0	13.812	0.183	0.188	0.167425709459236
Syncc9902_0323	possible porin	0.174	0.035	0.202	51.04	99.81	11.27	0.186	0.199	0.077943378177188
Syncc9902_0324	possible porin	0.246	0.052	0.21	47.03	94.91	8.284	0.241	0.271	0.101179332587375
Syncc9902_0325	Cysteine synthase K/M/A	0.059	0.011	0.188	47.68	100.0	4.131	0.069	0.059	0.0422059213932873
Syncc9902_0326	Heat shock protein DnaJ-like	0.115	0.017	0.147	36.92	100.0	4.254	0.107	0.114	0.098596154458964
Syncc9902_0327	hypothetical protein	0.182	0.028	0.152	72.04	100.0	6.435	0.18	0.182	0.23871602423336
Syncc9902_0328	hypothetical protein	0.136	0.015	0.108	63.53	100.0	4.929	0.117	0.151	NaN
Syncc9902_0329	putative Na+/H+ antiporter, CPA1 family	NaN	0.0	0.0	0.0	87.65	1.653	NaN	0.774	0.117028903945422
Syncc9902_0330	hypothetical protein	0.216	0.04	0.186	48.71	100.0	4.653	0.196	0.216	0.306163817233521
Syncc9902_0331	hypothetical protein	0.164	0.031	0.189	65.93	100.0	6.857	0.169	0.164	1.62042730853339
Syncc9902_0332	hypothetical protein	0.217	0.03	0.139	77.5	100.0	7.183	0.213	0.215	0.316974706581968
Syncc9902_0333	hypothetical protein	0.0	0.0	0.111	7.38	100.0	3.124	0.0	0.0	0.203301467993118
Syncc9902_0334	HesB/YadR/YfhF	0.112	0.016	0.147	84.95	100.0	5.495	0.108	0.112	0.397175945587286
Syncc9902_0335	Carotene 7,8-desaturase (EC:1.14.99.30 )	0.03	0.006	0.207	70.62	100.0	6.936	0.033	0.03	0.0536740205382918
Syncc9902_0336	hypothetical protein	0.056	0.007	0.125	60.09	100.0	6.413	0.074	0.056	0.0099056603773585
Syncc9902_0337	hypothetical protein	0.387	0.079	0.204	42.32	100.0	4.206	0.373	0.387	0.439610111926934
Syncc9902_0338	Uroporphyrinogen-III synthase (EC:4.2.1.75 )	0.108	0.016	0.145	89.38	100.0	6.607	0.097	0.108	0.0999026220811996
Syncc9902_0339	TPR repeat	0.159	0.023	0.143	72.73	100.0	5.313	0.163	0.169	0.158499274875427
Syncc9902_0340	putative beta-glucosidase	0.162	0.032	0.197	68.27	99.94	6.626	0.166	0.18	0.285845919485049
Syncc9902_0341	Ribosome-binding factor A	0.008	0.001	0.171	87.65	100.0	6.143	0.008	0.008	0.332725315430445
Syncc9902_0342	hypothetical protein	0.064	0.008	0.132	79.71	100.0	6.251	0.063	0.064	NaN
Syncc9902_0343	putative glutathione S-transferase	0.087	0.017	0.202	73.42	100.0	5.787	0.089	0.084	0.0605610675510459
Syncc9902_0344	hypothetical protein	0.194	0.026	0.135	82.67	100.0	7.652	0.196	0.194	0.128458596918565
Syncc9902_0345	hypothetical protein	0.026	0.004	0.145	93.63	100.0	6.21	0.039	0.024	0.0
Syncc9902_0346	shikimate kinase (EC:2.7.1.71 )	0.198	0.027	0.138	74.65	98.09	6.293	0.195	0.202	0.140663704479127
Syncc9902_0347	6-pyruvoyltetrahydropterin synthase (EC:4.2.3.12 )	0.074	0.012	0.167	74.16	100.0	7.502	0.073	0.074	0.0466295608076009
Syncc9902_0348	putative riboflavin-specific deaminase	0.302	0.004	0.014	15.59	100.0	3.31	0.302	0.302	0.392602040816326
Syncc9902_0349	hypothetical protein	0.277	0.027	0.098	57.62	100.0	4.155	0.281	0.277	0.472857351794072
Syncc9902_0350	hypothetical protein	0.09	0.026	0.286	89.12	99.49	13.125	0.105	0.092	0.103632318874645
Syncc9902_0351	hypothetical protein	0.167	0.035	0.209	100.0	100.0	13.807	0.173	0.167	0.222334235787738
Syncc9902_0351a	cytochrome b6f complex subunit PetL	0.138	0.022	0.156	100.0	100.0	14.935	0.131	0.138	0.387046710734185
Syncc9902_0352	putative multidrug efflux MFS transporter	0.108	0.031	0.281	100.0	100.0	17.3	0.114	0.108	0.184187774641017
Syncc9902_0353	hypothetical protein	0.078	0.019	0.243	100.0	100.0	17.305	0.077	0.084	0.0813315569482832
Syncc9902_0354	Thioredoxin domain 2	0.105	0.024	0.225	97.2	100.0	10.382	0.097	0.102	0.118911008691874
Syncc9902_0355	L-aspartate oxidase (EC:1.4.3.16 )	0.073	0.013	0.175	100.0	100.0	12.869	0.073	0.073	0.0671455535390394
Syncc9902_0356	photosystem II complex extrinsic protein precursor PsuB	0.062	0.011	0.184	100.0	100.0	17.216	0.055	0.062	0.0488556612056886
Syncc9902_0357	hypothetical protein	0.117	0.038	0.321	100.0	100.0	13.06	0.124	0.117	0.407181346566561
Syncc9902_0358	undecaprenyl pyrophosphate phosphatase (EC:2.7.1.66 )	0.107	0.034	0.318	100.0	100.0	14.736	0.108	0.109	0.127805484365698
Syncc9902_0359	possible Fe-S oxidoreductase	0.106	0.028	0.261	89.41	100.0	10.037	0.107	0.106	0.0902254219451868
Syncc9902_0360	putative RND family outer membrane efflux protein	0.148	0.044	0.294	76.52	100.0	6.537	0.147	0.151	0.153860000241439
Syncc9902_0363	serum resistance locus BrkB-like	0.177	0.068	0.387	100.0	100.0	18.836	0.177	0.18	0.0940784297925122
Syncc9902_0364	hypothetical protein	0.226	0.069	0.307	100.0	100.0	13.046	0.226	0.201	2.26969763956977
Syncc9902_0365	hypothetical protein	0.106	0.041	0.388	100.0	100.0	12.33	0.117	0.104	0.361364286342835
Syncc9902_0366	exodeoxyribonuclease VII small subunit	0.153	0.049	0.321	100.0	100.0	12.545	0.151	0.153	0.0151851898925451
Syncc9902_0367	Exonuclease VII, large subunit (EC:3.1.11.6 )	0.122	0.033	0.269	94.93	100.0	13.004	0.134	0.122	0.206024814690548
Syncc9902_0368	possible high light inducible protein	0.079	0.023	0.291	100.0	100.0	20.901	0.082	0.079	1.7451705285082
Syncc9902_0369	ATP-dependent helicase HrpB	0.152	0.032	0.213	95.93	100.0	11.661	0.157	0.152	0.160841803852707
Syncc9902_0370	hypothetical protein	0.023	0.005	0.211	100.0	100.0	12.237	0.023	0.024	0.248966158648316
Syncc9902_0371	hypothetical protein	0.224	0.021	0.095	100.0	100.0	9.415	0.218	0.224	1.46131778206274
Syncc9902_0372	PDZ/DHR/GLGF	0.122	0.021	0.172	86.07	100.0	6.689	0.121	0.122	0.193220938857433
Syncc9902_0373	ATPase	0.082	0.014	0.17	71.8	100.0	6.525	0.084	0.084	0.283328260078831
Syncc9902_0374	hypothetical protein	0.179	0.005	0.027	43.38	100.0	3.438	0.171	0.179	0.152184535156336
Syncc9902_0375	hypothetical protein	NaN	0.0	0.0	0.0	96.97	2.628	NaN	0.035	NaN
Syncc9902_0376	hypothetical protein	0.066	0.026	0.391	27.99	100.0	3.868	0.063	0.066	0.1146801775871
Syncc9902_0377	hypothetical protein	0.044	0.006	0.129	28.57	79.25	2.585	0.044	0.044	0.0649651972157773
Syncc9902_0378	conserved hypothetical protein, transport associated	0.164	0.018	0.108	44.88	88.54	4.227	0.152	0.164	0.604656120853307
Syncc9902_0379	putative potassium channel, VIC family	0.07	0.011	0.153	71.21	100.0	5.996	0.064	0.07	0.0518348641900842
Syncc9902_0380	possible sodium transporter, trk family	0.033	0.006	0.166	41.88	98.09	5.048	0.036	0.033	0.0310051381915626
Syncc9902_0381	putative sodium/sulfate transporter, DASS family	0.031	0.005	0.154	27.91	95.63	3.504	0.036	0.031	0.0535832627945165
Syncc9902_0382	putative GTP-binding protein, transporter associated	0.052	0.008	0.162	56.53	98.86	4.922	0.051	0.052	0.230982857600866
Syncc9902_0383	putative NADH dehydrogenase, transport associated	0.132	0.022	0.166	79.2	100.0	5.819	0.132	0.131	0.636067804620084
Syncc9902_0384	phosphoadenosine phosphosulfate reductase (EC:1.8.4.8 )	0.125	0.024	0.193	77.4	100.0	9.634	0.126	0.145	0.216535658951749
Syncc9902_0385	putative transcriptional acitvator, Baf	0.251	0.043	0.171	85.11	100.0	6.527	0.245	0.27	0.676455332948073
Syncc9902_0386	putative bacterioferritin comigratory (BCP) protein	0.056	0.014	0.258	100.0	100.0	10.669	0.059	0.055	0.224854907950961
Syncc9902_0387	possible protein phosphatase 2C	0.185	0.038	0.206	98.63	100.0	13.852	0.183	0.179	0.292063248979388
Syncc9902_0388	ATPase	0.112	0.025	0.226	87.28	96.55	12.466	0.11	0.112	0.142723896765058
Syncc9902_0389	Secretion protein HlyD	0.078	0.018	0.231	99.39	100.0	9.737	0.076	0.081	0.137641015082615
Syncc9902_0390	Hydrophobe/amphiphile efflux-1 HAE1	0.039	0.012	0.3	100.0	100.0	14.779	0.038	0.049	0.0402249631324229
Syncc9902_0391	hypothetical protein	0.283	0.081	0.286	100.0	100.0	19.155	0.283	0.285	0.272853077374368
Syncc9902_0392	phosphoglucomutase	0.113	0.032	0.28	100.0	100.0	18.5	0.115	0.145	0.126740338582364
Syncc9902_0393	hypothetical protein	0.17	0.047	0.28	100.0	100.0	18.545	0.174	0.17	0.121472767678839
Syncc9902_0394	hypothetical protein	0.314	0.109	0.347	100.0	100.0	18.501	0.326	0.311	0.425587951336191
Syncc9902_0395	hypothetical protein	NaN	0.0	0.0	0.0	0.14	0.001	NaN	NaN	NaN
Syncc9902_0396	Phospholipase D/Transphosphatidylase	0.222	0.058	0.264	98.38	100.0	11.658	0.238	0.224	0.206168827175545
Syncc9902_0397	hypothetical protein	0.125	0.029	0.233	100.0	100.0	11.076	0.108	0.125	2.03333616297474
Syncc9902_0398	hypothetical protein	0.089	0.028	0.314	100.0	100.0	17.434	0.093	0.091	0.100472559864654
Syncc9902_0399	phycobilisome rod-core linker polypeptide cpcG	0.066	0.015	0.23	100.0	100.0	16.601	0.068	0.066	0.208203188663688
Syncc9902_0400	hypothetical protein	0.1	0.027	0.267	100.0	100.0	9.859	0.103	0.1	0.149035673607526
Syncc9902_0401	hypothetical protein	0.142	0.037	0.259	81.85	100.0	7.83	0.14	0.142	0.867208908989497
Syncc9902_0402	putative transcriptional regulator	0.107	0.022	0.208	97.52	100.0	11.594	0.112	0.107	0.429479465693007
Syncc9902_0403	ferredoxin thioredoxin reductase, catalytic beta chain	0.066	0.017	0.253	100.0	100.0	8.555	0.063	0.066	0.0542579078164661
Syncc9902_0404	FeS assembly protein SufB	0.033	0.01	0.302	96.25	100.0	9.894	0.036	0.033	0.0360722721177329
Syncc9902_0405	FeS assembly ATPase SufC	0.033	0.006	0.19	64.89	100.0	6.203	0.034	0.033	0.0349659233031197
Syncc9902_0406	ABC transporter, membrane component	0.117	0.018	0.157	63.82	100.0	5.067	0.12	0.106	0.129669651572214
Syncc9902_0407	Cysteine desulphurases, SufS	0.101	0.019	0.187	51.75	100.0	4.665	0.108	0.1	0.162239675800251
Syncc9902_0408	putative peptidase	0.209	0.033	0.16	49.95	99.9	5.06	0.211	0.193	0.333856484163321
Syncc9902_0409	peptide deformylase (EC:3.5.1.88 )	0.082	0.012	0.145	38.28	100.0	3.751	0.08	0.082	0.111374005842208
Syncc9902_0410	hypothetical protein	0.04	0.007	0.179	100.0	100.0	7.131	0.048	0.04	0.0621510463282615
Syncc9902_0411	hypothetical protein	0.124	0.029	0.234	60.74	97.97	6.393	0.125	0.124	0.161843190635952
Syncc9902_0412	Mg chelatase-related protein	0.198	0.038	0.193	76.72	100.0	6.575	0.204	0.198	0.296682268835806
Syncc9902_0413	HIT (histidine triad) family protein	0.106	0.012	0.114	90.35	100.0	7.632	0.098	0.106	0.219817681503829
Syncc9902_0414	ATPase	0.061	0.016	0.258	92.58	100.0	9.824	0.064	0.062	0.0426804827819254
Syncc9902_0415	possible high light inducible protein	0.065	0.012	0.182	39.52	100.0	4.233	0.063	0.065	0.273469387755102
Syncc9902_0416	hypothetical protein	0.13	0.024	0.183	87.07	100.0	7.739	0.151	0.13	0.101348655210578
Syncc9902_0417	hypothetical protein	0.166	0.033	0.198	100.0	100.0	10.155	0.166	0.163	0.0902918861932581
Syncc9902_0418	hypothetical protein	0.153	0.038	0.245	99.61	100.0	9.462	0.16	0.192	0.203927505060175
Syncc9902_0419	photosystem II PsbX protein	0.0	0.0	0.075	100.0	100.0	7.041	0.0	0.0	NaN
Syncc9902_0420	YGGT family, conserved hypothetical integral membrane protein	0.096	0.02	0.211	100.0	100.0	15.559	0.093	0.096	0.180682747617335
Syncc9902_0421	acetyl-CoA carboxylase	0.045	0.008	0.182	99.78	100.0	11.104	0.046	0.044	0.110016137467473
Syncc9902_0422	hypothetical protein	0.085	0.017	0.203	99.29	100.0	8.93	0.083	0.085	0.093856563268684
Syncc9902_0423	Methionine sulfoxide reductase B (EC:1.8.4.6 )	0.058	0.015	0.255	91.54	100.0	8.585	0.057	0.058	0.0883015044358965
Syncc9902_0424	hypothetical protein	0.119	0.023	0.193	85.13	100.0	9.046	0.113	0.119	0.0992177552069648
Syncc9902_0425	Chromosome segregation protein SMC	0.056	0.01	0.182	84.62	100.0	7.378	0.056	0.055	0.0952868945106558
Syncc9902_0426	hypothetical protein	0.249	0.042	0.17	75.0	100.0	5.825	0.256	0.249	1.24892064116531
Syncc9902_0427	hypothetical protein	0.066	0.009	0.133	74.23	100.0	9.331	0.063	0.066	0.0326830736823458
Syncc9902_0428	hypothetical protein	0.042	0.009	0.222	64.86	100.0	6.91	0.034	0.066	0.316476457596487
Syncc9902_0429	putative RNA methylase	0.11	0.026	0.236	95.28	100.0	9.385	0.103	0.109	0.263310388406623
Syncc9902_0430	Site-specific recombinase XerD-like	NaN	0.0	0.0	0.0	98.74	1.43	NaN	NaN	0.149509803921569
Syncc9902_0431	hypothetical protein	0.181	0.067	0.371	100.0	100.0	13.738	0.186	0.194	0.149462581889182
Syncc9902_0432	hypothetical protein	NaN	0.0	0.0	1.43	85.24	1.881	NaN	NaN	0.178571428571429
Syncc9902_0433	hypothetical protein	NaN	0.0	0.0	0.0	36.26	0.363	NaN	NaN	NaN
Syncc9902_0436	Band 7 protein	0.048	0.02	0.43	100.0	100.0	15.967	0.047	0.048	0.0490631995091578
Syncc9902_0437	hypothetical protein	0.396	0.058	0.145	100.0	100.0	11.516	0.373	0.396	0.279236276849642
Syncc9902_0438	hypothetical protein	0.164	0.043	0.266	100.0	100.0	16.488	0.172	0.175	0.0617696408398442
Syncc9902_0439	plastoquinol terminal oxidase	0.149	0.033	0.222	100.0	100.0	17.984	0.147	0.156	0.117686074404911
Syncc9902_0440	hypothetical protein	0.29	0.09	0.311	100.0	100.0	46.82	0.302	0.31	0.435993336045806
Syncc9902_0441	hypothetical protein	0.556	0.062	0.111	100.0	100.0	27.068	0.59	0.587	0.344318372523116
Syncc9902_0442	hypothetical protein	0.25	0.114	0.457	100.0	100.0	28.759	0.252	0.257	0.209252004865477
Syncc9902_0443	hypothetical protein	0.29	0.051	0.176	100.0	100.0	15.685	0.294	0.29	0.268157655253025
Syncc9902_0444	hypothetical protein	0.15	0.041	0.273	100.0	100.0	25.427	0.148	0.15	0.104974702172006
Syncc9902_0445	hypothetical protein	0.341	0.065	0.191	100.0	100.0	13.793	0.341	0.325	0.34740071785456
Syncc9902_0446	hypothetical protein	0.925	0.084	0.09	100.0	100.0	16.886	0.902	0.932	1.0028901734104
Syncc9902_0447	nuclease (SNase-like)	0.211	0.05	0.239	100.0	100.0	24.859	0.219	0.211	0.148095349536245
Syncc9902_0448	DEAD/DEAH box helicase-like	0.141	0.057	0.401	100.0	100.0	58.261	0.14	0.15	0.120436504233775
Syncc9902_0449	hypothetical protein	0.227	0.091	0.4	100.0	100.0	44.048	0.235	0.235	0.302202461262956
Syncc9902_0450	hypothetical protein	1.099	0.218	0.198	100.0	100.0	60.187	1.063	1.104	5.08450912832988
Syncc9902_0451	hypothetical protein	0.259	0.124	0.48	100.0	100.0	66.673	0.246	0.256	0.14801451806235
Syncc9902_0452	hypothetical protein	0.136	0.069	0.505	100.0	100.0	41.653	0.136	0.14	0.442604762311172
Syncc9902_0453	hypothetical protein	0.205	0.09	0.44	100.0	100.0	21.229	0.205	0.205	0.442654563764079
Syncc9902_0454	hypothetical protein	0.159	0.067	0.42	97.94	100.0	12.931	0.173	0.226	0.319364632352179
Syncc9902_0455	putative sulfotransferase protein	0.244	0.095	0.389	100.0	100.0	46.789	0.253	0.256	0.221428570935357
Syncc9902_0456	hypothetical protein	0.129	0.073	0.566	100.0	100.0	52.839	0.138	0.138	0.0369748468552668
Syncc9902_0457	hypothetical protein	0.252	0.064	0.253	100.0	100.0	11.216	0.249	0.255	0.195741389113566
Syncc9902_0458	N-acylneuraminate-9-phosphate synthase (EC:2.5.1.57 )	0.104	0.044	0.426	100.0	100.0	20.392	0.099	0.108	0.0964469202994442
Syncc9902_0459	hypothetical protein	0.178	0.055	0.311	100.0	100.0	15.725	0.176	0.178	0.211658213418125
Syncc9902_0460	hypothetical protein	0.295	0.085	0.286	98.92	100.0	14.694	0.304	0.298	0.409994675660571
Syncc9902_0461	hypothetical protein	0.146	0.042	0.289	100.0	100.0	13.607	0.146	0.158	0.206009091228975
Syncc9902_0462	putative acylneuraminate cytidylyltransferase	0.183	0.041	0.226	100.0	100.0	10.44	0.189	0.183	0.287022710751754
Syncc9902_0463	possible polysaccharide export protein	0.173	0.046	0.269	99.55	100.0	11.793	0.179	0.172	0.179038373732729
Syncc9902_0464	capsule polysaccharide protein KpsS-like	0.115	0.027	0.238	81.62	99.7	10.084	0.117	0.125	0.095970995581949
Syncc9902_0465	putative 3-oxoacyl-(acyl-carrier-protein) synthase I	0.136	0.038	0.277	97.09	100.0	8.664	0.138	0.136	0.0996047884503818
Syncc9902_0466	possible acyl carrier protein	0.064	0.015	0.233	100.0	100.0	9.152	0.077	0.064	0.237850851451196
Syncc9902_0467	hypothetical protein	0.095	0.031	0.331	70.17	100.0	7.565	0.107	0.095	0.0955508158237972
Syncc9902_0468	polysaccharide export outer membrane protein	0.242	0.062	0.256	83.42	100.0	7.58	0.26	0.242	0.180342710683048
Syncc9902_0469	adenylosuccinate lyase	0.067	0.016	0.242	99.0	100.0	9.009	0.063	0.067	0.127021110936184
Syncc9902_0470	nitrogen regulatory protein P-II	0.019	0.005	0.289	100.0	100.0	11.702	0.019	0.019	0.980966158154477
Syncc9902_0471	hypothetical protein	0.075	0.024	0.313	100.0	100.0	6.771	0.07	0.075	0.133736656905277
Syncc9902_0472	putative C-type cytochrome biogenesis protein Ccs1	0.087	0.025	0.29	75.02	100.0	6.069	0.09	0.087	0.184799861807561
Syncc9902_0473	putative c-type cytochrome biogenesis protein CcdA	0.032	0.007	0.22	39.43	100.0	4.373	0.03	0.045	0.0380521624933563
Syncc9902_0474	cell division protein FtsW	0.025	0.004	0.179	61.49	100.0	4.92	0.024	0.053	0.25870414993209
Syncc9902_0475	hypothetical protein	0.111	0.015	0.136	77.61	100.0	5.502	0.112	0.111	NaN
Syncc9902_0476	Hemolysin A	0.111	0.014	0.128	59.1	100.0	4.681	0.117	0.173	0.0786914765547849
Syncc9902_0477	linker polypeptide, allophycocyanin-associated	0.0	0.0	0.076	100.0	100.0	10.995	0.0	0.0	0.0
Syncc9902_0478	Allophycocyanin, beta subunit	0.015	0.002	0.129	100.0	100.0	9.162	0.014	0.014	0.00365384615384615
Syncc9902_0479	allophycocyanin alpha chain	0.011	0.001	0.091	91.15	100.0	12.208	0.011	0.011	0.510370419006189
Syncc9902_0480	anchor polypeptide LCM	0.068	0.016	0.235	84.52	100.0	8.287	0.07	0.071	0.162072189105099
Syncc9902_0481	hypothetical protein	0.125	0.03	0.238	84.13	100.0	7.898	0.127	0.125	0.16420810035194
Syncc9902_0482	possible ATP synthase protein 1	0.212	0.014	0.067	100.0	100.0	11.127	0.176	0.212	0.224323064642874
Syncc9902_0483	ATP synthase subunit A	0.034	0.004	0.131	99.86	100.0	9.171	0.034	0.034	0.0290188299827676
Syncc9902_0484	ATP synthase subunit C	0.0	0.0	0.08	73.17	100.0	4.931	0.0	0.0	0.0
Syncc9902_0485	ATP synthase subunit B	0.138	0.02	0.144	45.16	100.0	3.708	0.137	0.138	0.122671298359959
Syncc9902_0486	ATP synthase subunit B	0.034	0.008	0.245	40.37	94.0	5.602	0.039	0.034	0.0448824724513963
Syncc9902_0487	H+-transporting two-sector ATPase, delta (OSCP) subunit	0.015	0.003	0.169	65.39	100.0	6.328	0.015	0.015	0.0282600801745864
Syncc9902_0488	ATP synthase subunit A (EC:3.6.3.15 )	0.022	0.003	0.151	63.58	100.0	5.345	0.018	0.022	0.0228480793234627
Syncc9902_0489	ATP synthase subunit C (EC:3.6.3.15 )	0.0	0.0	0.264	16.56	96.54	2.913	0.0	0.0	0.0645204509677416
Syncc9902_0490	hypothetical protein	NaN	0.0	0.0	0.0	84.05	1.983	NaN	0.127	0.150108299133607
Syncc9902_0491	Ferredoxin (2Fe-2S)	0.143	0.029	0.2	5.26	100.0	2.596	0.143	0.143	0.320261437908497
Syncc9902_0492	hypothetical protein	0.144	0.012	0.082	63.54	100.0	4.562	0.142	0.144	0.2008788307607
Syncc9902_0493	hypothetical protein	0.049	0.007	0.138	39.39	100.0	3.976	0.055	0.049	0.0742967459083088
Syncc9902_0494	hypothetical protein	0.321	0.089	0.276	50.11	78.81	3.437	0.3	0.321	0.238259087597564
Syncc9902_0495	NAD+ synthase (EC:6.3.5.1 )	0.196	0.027	0.137	76.33	100.0	6.086	0.185	0.203	0.177145159805731
Syncc9902_0496	nicotinic acid mononucleotide adenyltransferase	0.15	0.033	0.216	85.91	100.0	8.163	0.149	0.15	0.73664869101166
Syncc9902_0497	possible GTPase	0.106	0.02	0.189	91.77	100.0	7.542	0.108	0.106	0.678217718266593
Syncc9902_0498	hypothetical protein	0.285	0.072	0.253	52.19	100.0	4.487	0.257	0.285	0.0501650165016502
Syncc9902_0499	hypothetical protein	0.051	0.01	0.191	88.45	100.0	6.913	0.055	0.053	0.259326890245144
Syncc9902_0500	putative aminopeptidase P	0.079	0.015	0.185	62.44	100.0	4.778	0.08	0.079	0.0813218679780307
Syncc9902_0501	HAD-superfamily subfamily IA	0.195	0.037	0.188	77.53	100.0	6.815	0.225	0.195	0.263637491194659
Syncc9902_0502	hypothetical protein	0.145	0.009	0.059	59.1	100.0	4.609	0.13	0.145	0.102948580594989
Syncc9902_0503	ATP synthase subunit epsilon	0.037	0.006	0.154	77.37	100.0	10.859	0.037	0.117	0.01157483832126
Syncc9902_0504	ATP synthase subunit B (EC:3.6.3.15 )	0.03	0.008	0.27	100.0	100.0	11.595	0.031	0.03	0.0604604430465614
Syncc9902_0505	co-chaperonin GroES	0.031	0.007	0.237	100.0	100.0	12.442	0.031	0.03	0.0296082711289841
Syncc9902_0506	chaperonin GroEL	0.026	0.008	0.307	100.0	100.0	15.035	0.026	0.026	0.04391977564467
Syncc9902_0507	hypothetical protein	0.207	0.055	0.266	62.85	100.0	6.39	0.213	0.207	0.275169951030893
Syncc9902_0508	hypothetical protein	0.189	0.043	0.226	95.96	100.0	8.342	0.192	0.21	0.125265492796879
Syncc9902_0509	hypothetical protein	0.216	0.075	0.349	100.0	100.0	21.854	0.215	0.216	0.122094639804377
Syncc9902_0510	hypothetical protein	0.197	0.083	0.421	94.86	100.0	14.58	0.199	0.209	0.128261481618657
Syncc9902_0511	hypothetical protein	0.194	0.056	0.291	85.57	100.0	14.184	0.198	0.228	0.11801293940146
Syncc9902_0512	protein-export membrane protein	0.059	0.02	0.335	100.0	100.0	24.761	0.065	0.052	1.18784868689618
Syncc9902_0513	phosphoglyceromutase (EC:5.4.2.1 )	0.098	0.027	0.277	100.0	100.0	23.586	0.096	0.1	0.135374408461315
Syncc9902_0514	pyrimidine regulatory protein PyrR	0.057	0.019	0.328	100.0	100.0	16.813	0.056	0.055	0.0637994939136554
Syncc9902_0515	putative ferredoxin-thioredoxin reductase, variable chain	0.16	0.046	0.286	100.0	100.0	22.914	0.198	0.16	0.74345896653593
Syncc9902_0516	hypothetical protein	0.214	0.041	0.192	96.8	100.0	12.45	0.212	0.214	0.626189255664275
Syncc9902_0517	putative DnaK-type molecular chaperone (HSP70 family)	0.148	0.031	0.21	95.81	97.52	12.244	0.144	0.151	0.23960841620593
Syncc9902_0518	hypothetical protein	0.107	0.026	0.243	19.3	100.0	4.067	0.143	0.161	0.0482758620689655
Syncc9902_0519	DNA-directed RNA polymerase omega subunit	0.081	0.019	0.229	90.36	100.0	8.992	0.08	0.093	0.113479620660435
Syncc9902_0520	hypothetical protein	0.209	0.049	0.233	100.0	100.0	9.128	0.22	0.209	0.533070316953883
Syncc9902_0521	hypothetical protein	0.056	0.013	0.231	100.0	100.0	14.088	0.063	0.063	0.105817665987213
Syncc9902_0522	hypothetical protein	0.272	0.063	0.233	92.63	100.0	9.752	0.275	0.289	0.534399573669218
Syncc9902_0523	hypothetical protein	0.146	0.026	0.179	90.02	100.0	11.614	0.148	0.149	0.140660536174162
Syncc9902_0524	UDP-N-acetylmuramoyl-L-alanyl-D-glutamate synthetase	0.225	0.05	0.223	100.0	100.0	10.77	0.229	0.225	0.230797017438194
Syncc9902_0525	RNA-binding S4	0.138	0.033	0.239	83.97	100.0	8.006	0.136	0.138	0.158043610796069
Syncc9902_0526	hypothetical protein	0.095	0.017	0.18	95.81	100.0	8.846	0.096	0.095	0.685294026736062
Syncc9902_0527	D-3-phosphoglycerate dehydrogenase	0.025	0.005	0.206	82.23	100.0	7.683	0.028	0.025	0.052120170337362
Syncc9902_0528	Ribosomal protein L11 methyltransferase	0.098	0.025	0.251	100.0	100.0	10.815	0.105	0.098	0.088935914276135
Syncc9902_0529	Ferredoxin (2Fe-2S)	0.021	0.003	0.154	92.0	100.0	7.637	0.02	0.021	0.0099029082776804
Syncc9902_0530	hypothetical protein	0.083	0.025	0.299	83.85	100.0	8.972	0.097	0.083	0.0324737432619556
Syncc9902_0531	cytochrome c-550	0.033	0.006	0.182	88.11	100.0	12.212	0.037	0.033	0.365532817631233
Syncc9902_0532	Ribonuclease Z (EC:3.1.26.11 )	0.061	0.011	0.182	100.0	100.0	9.998	0.061	0.061	0.143581056777129
Syncc9902_0533	stage II sporulation protein D-like	0.204	0.038	0.185	100.0	100.0	12.657	0.204	0.204	0.220132009156179
Syncc9902_0534	putative N-acetylglucosamine-6-phosphate isomerase	0.215	0.044	0.207	100.0	100.0	12.65	0.209	0.215	0.187175046412228
Syncc9902_0535	hypothetical protein	0.247	0.051	0.207	100.0	100.0	19.799	0.231	0.247	0.340743464878247
Syncc9902_0536	hypothetical protein	0.04	0.008	0.194	100.0	100.0	15.172	0.04	0.04	0.0297257693112832
Syncc9902_0537	hypothetical protein	0.04	0.016	0.392	100.0	100.0	15.356	0.04	0.039	0.0
Syncc9902_0538	hypothetical protein	0.02	0.007	0.352	100.0	100.0	14.101	0.02	0.02	0.661282860147213
Syncc9902_0539	hypothetical protein	0.098	0.026	0.265	100.0	100.0	15.387	0.101	0.147	0.0812171147876745
Syncc9902_0540	hypothetical protein	0.405	0.087	0.216	93.13	100.0	6.285	0.4	0.415	0.548264398383505
Syncc9902_0541	hypothetical protein	0.0	0.0	0.15	13.49	75.79	2.738	0.0	0.0	0.388982064888864
Syncc9902_0542	Protein of unknown function DUF28	0.11	0.026	0.24	100.0	100.0	14.469	0.116	0.115	0.382439212974965
Syncc9902_0543	tRNA pseudouridine synthase B (EC:4.2.1.70 )	0.182	0.039	0.213	99.56	100.0	11.935	0.179	0.182	0.521817869573233
Syncc9902_0544	hypothetical protein	0.111	0.024	0.217	100.0	100.0	10.648	0.105	0.111	0.122999939716682
Syncc9902_0545	50S ribosomal protein L27	0.009	0.002	0.202	100.0	100.0	10.449	0.009	0.009	0.00548167214833881
Syncc9902_0546	Ribosomal protein L21	0.049	0.01	0.201	100.0	100.0	15.532	0.048	0.049	0.0265646572727763
Syncc9902_0547	possible circadian clock protein KaiA	0.102	0.027	0.263	100.0	100.0	14.555	0.102	0.102	0.0590417709753255
Syncc9902_0548	circadian clock protein KaiB	0.144	0.033	0.231	100.0	100.0	8.507	0.142	0.142	0.0429704439514307
Syncc9902_0549	circadian clock protein KaiC	0.012	0.003	0.261	99.68	100.0	10.583	0.013	0.012	0.010730662483834
Syncc9902_0550	multi-sensor signal transduction histidine kinase	0.04	0.009	0.23	50.74	97.94	6.039	0.037	0.04	0.0775691746543986
Syncc9902_0551	Phosphoribosylglycinamide synthetase (EC:6.3.4.13 )	0.095	0.016	0.17	46.33	100.0	4.793	0.091	0.095	0.19013164783844
Syncc9902_0552	hypothetical protein	0.206	0.032	0.156	69.02	100.0	6.406	0.219	0.206	0.296661123042914
Syncc9902_0553	phosphoribosylaminoimidazole-succinocarboxamide synthase (EC:6.3.2.6 )	0.136	0.023	0.171	87.12	100.0	6.884	0.146	0.136	0.196302525800277
Syncc9902_0554	chloroplast outer envelope membrane protein-like	0.093	0.024	0.26	90.14	100.0	7.437	0.093	0.105	0.205385574294377
Syncc9902_0555	UDP-3-0-acyl N-acetylglucosamine deacetylase	0.173	0.026	0.151	59.06	100.0	4.609	0.165	0.21	0.258580504363596
Syncc9902_0556	(3R)-hydroxymyristoyl ACP dehydratase	0.063	0.01	0.165	97.81	100.0	6.882	0.07	0.063	0.0624304790536644
Syncc9902_0557	UDP-N-acetylglucosamine acyltransferase (EC:2.3.1.129 )	0.102	0.019	0.186	90.58	100.0	8.03	0.098	0.1	0.0898591485680119
Syncc9902_0558	lipid-A-disaccharide synthase (EC:2.4.1.182 )	0.13	0.02	0.155	80.8	100.0	7.354	0.13	0.13	0.111080439493182
Syncc9902_0559	Methionine sulfoxide reductase A (EC:1.8.4.6 )	0.139	0.028	0.199	80.44	100.0	9.027	0.14	0.139	0.367231010803138
Syncc9902_0560	hypothetical protein	0.022	0.004	0.188	73.42	100.0	6.025	0.042	0.022	0.0
Syncc9902_0561	leucyl aminopeptidase (EC:3.4.11.1 )	0.081	0.018	0.218	85.0	91.24	7.31	0.082	0.081	0.0411187550763309
Syncc9902_0562	hypothetical protein	0.129	0.027	0.211	63.1	100.0	5.672	0.12	0.134	0.463984416171
Syncc9902_0563	hypothetical protein	0.022	0.007	0.306	11.68	100.0	3.208	0.022	0.022	0.111454424592002
Syncc9902_0564	hypothetical protein	0.276	0.039	0.142	53.04	100.0	4.426	0.363	0.276	0.513975155279503
Syncc9902_0565	transcriptional regulator, LuxR family	0.136	0.026	0.194	45.69	100.0	4.449	0.145	0.136	0.0678365840119932
Syncc9902_0566	hypothetical protein	0.032	0.008	0.249	100.0	100.0	10.288	0.031	0.032	0.0209146546557073
Syncc9902_0567	tyrosyl-tRNA synthetase (EC:6.1.1.1 )	0.065	0.013	0.199	90.87	100.0	9.412	0.066	0.068	0.036070733527186
Syncc9902_0568	regucalcin family protein	0.149	0.02	0.135	10.84	94.06	2.102	0.152	0.149	0.152272976052549
Syncc9902_0569	hypothetical protein	NaN	0.0	0.0	0.0	71.01	1.009	NaN	NaN	NaN
Syncc9902_0570	Orotidine 5'-phosphate decarboxylase (EC:4.1.1.23 )	0.119	0.044	0.368	78.31	100.0	9.294	0.125	0.124	0.0894695141402034
Syncc9902_0571	Outer membrane autotransporter barrel	0.173	0.026	0.152	50.55	84.11	4.776	0.189	0.199	0.182790062080207
Syncc9902_0572	Protein of unknown function DUF205	0.125	0.028	0.223	83.42	100.0	7.174	0.123	0.118	0.241277639607257
Syncc9902_0573	hypothetical protein	0.107	0.021	0.199	75.61	100.0	6.605	0.109	0.107	0.316227975373363
Syncc9902_0574	hypothetical protein	0.133	0.03	0.229	61.56	100.0	7.56	0.127	0.137	0.495456807534393
Syncc9902_0575	Protein of unknown function DUF140	0.077	0.015	0.199	69.47	100.0	6.737	0.075	0.077	0.0853406568510054
Syncc9902_0576	putative GPH family sugar transporter	0.106	0.02	0.192	82.02	99.78	9.166	0.115	0.111	0.0372669989036723
Syncc9902_0577	Alpha amylase, catalytic subdomain	0.092	0.023	0.255	98.99	100.0	10.287	0.094	0.091	0.107900805451799
Syncc9902_0578	hypothetical protein	0.186	0.031	0.164	96.82	100.0	10.989	0.158	0.186	0.176391023006155
Syncc9902_0579	Histone-like DNA-binding protein	0.038	0.004	0.097	90.22	100.0	6.866	0.038	0.038	0.018096906012843
Syncc9902_0580	glutamyl-tRNA synthetase-like	0.232	0.057	0.247	77.44	100.0	7.84	0.248	0.252	0.167398892172571
Syncc9902_0581	hypothetical protein	0.153	0.03	0.197	61.75	100.0	4.642	0.157	0.161	0.502443368762608
Syncc9902_0582	hypothetical protein	0.213	0.064	0.303	100.0	100.0	9.637	0.203	0.219	1.05786818714453
Syncc9902_0583	hypothetical protein	0.112	0.025	0.222	22.16	100.0	3.569	0.111	0.191	0.193764721479487
Syncc9902_0584	succinate dehydrogenase	0.1	0.026	0.264	97.52	100.0	12.588	0.1	0.1	0.257047816827332
Syncc9902_0585	succinate dehydrogenase (EC:1.3.99.1 )	0.09	0.027	0.296	100.0	100.0	21.835	0.087	0.09	0.110601916778145
Syncc9902_0586	succinate dehydrogenase cytochrome b-556 subunit	0.2	0.045	0.227	100.0	100.0	18.917	0.238	0.204	0.188409330997279
Syncc9902_0587	hypothetical protein	0.179	0.052	0.293	100.0	100.0	31.259	0.167	0.181	0.22187723609462
Syncc9902_0588	hypothetical protein	0.204	0.062	0.305	100.0	100.0	26.613	0.2	0.207	0.259665081582183
Syncc9902_0589	hypothetical protein	0.079	0.026	0.331	100.0	100.0	28.99	0.08	0.08	0.0490347803915119
Syncc9902_0590	hypothetical protein	0.344	0.099	0.287	100.0	100.0	21.776	0.319	0.339	0.787726295389692
Syncc9902_0591	hypothetical protein	0.465	0.091	0.196	89.33	100.0	12.432	0.466	0.508	0.909014792932569
Syncc9902_0592	translation initiation factor IF-2	0.072	0.015	0.205	91.99	100.0	12.912	0.071	0.087	0.0945259271375605
Syncc9902_0593	hypothetical protein	0.117	0.008	0.072	100.0	100.0	10.491	0.117	0.117	0.280776932310289
Syncc9902_0594	transcription elongation factor NusA	0.044	0.012	0.266	95.54	100.0	9.588	0.049	0.043	0.0663288362374449
Syncc9902_0595	hypothetical protein	0.154	0.029	0.19	100.0	100.0	15.016	0.158	0.154	0.517798562156249
Syncc9902_0596	hypothetical protein	0.161	0.055	0.343	76.26	100.0	7.515	0.149	0.147	1.32852000327252
Syncc9902_0597	putative arylsulfatase regulatory protein	0.099	0.023	0.23	55.89	100.0	5.75	0.111	0.095	0.139112970061455
Syncc9902_0598	hypothetical protein	0.046	0.008	0.168	91.28	100.0	5.628	0.051	0.046	0.0267803727644148
Syncc9902_0599	extracellular solute-binding protein, family 3	0.101	0.023	0.224	89.74	100.0	11.291	0.098	0.101	0.396760025433841
Syncc9902_0600	PDZ/DHR/GLGF	0.053	0.011	0.211	68.46	100.0	6.666	0.053	0.053	0.0387915532383491
Syncc9902_0601	Ribose 5-phosphate isomerase (EC:5.3.1.6 )	0.071	0.019	0.262	100.0	100.0	9.974	0.067	0.071	0.12233580963977
Syncc9902_0602	Histidinol dehydrogenase (EC:1.1.1.23 )	0.119	0.022	0.188	99.25	100.0	11.97	0.124	0.125	0.315837078887462
Syncc9902_0603	30S ribosomal protein S20	0.075	0.017	0.225	100.0	100.0	11.401	0.074	0.075	0.0829461058204841
Syncc9902_0604	TatD-related deoxyribonuclease	0.134	0.033	0.244	100.0	100.0	11.891	0.134	0.134	0.146375245897745
Syncc9902_0605	DNA-directed RNA polymerase beta subunit (EC:2.7.7.6 )	0.016	0.004	0.238	96.48	100.0	13.604	0.019	0.016	0.0159404490124137
Syncc9902_0606	DNA-directed RNA polymerase gamma chain (EC:2.7.7.6 )	0.03	0.007	0.231	100.0	100.0	11.518	0.029	0.039	0.0201319170951555
Syncc9902_0607	DNA-directed RNA polymerase beta' subunit (EC:2.7.7.6 )	0.034	0.01	0.289	100.0	100.0	20.537	0.034	0.041	0.0270268517877343
Syncc9902_0608	putative high light inducible protein	0.033	0.009	0.272	100.0	100.0	18.987	0.043	0.033	0.0031324857195504
Syncc9902_0609	hypothetical protein	0.086	0.027	0.318	100.0	100.0	16.259	0.084	0.087	0.106957417634774
Syncc9902_0610	sodium:solute symporter family, possibly glucose transporter	0.059	0.017	0.286	100.0	100.0	19.937	0.06	0.063	0.0548074847046233
Syncc9902_0611	hypothetical protein	0.174	0.028	0.161	100.0	100.0	12.973	0.173	0.174	0.0918638083420654
Syncc9902_0612	PBS lyase HEAT-like repeat	0.088	0.03	0.336	100.0	100.0	18.587	0.094	0.091	0.111697067612238
Syncc9902_0613	hypothetical protein	0.217	0.026	0.118	100.0	100.0	10.544	0.213	0.217	0.137507530309858
Syncc9902_0614	hypothetical protein	0.062	0.021	0.345	100.0	100.0	12.725	0.061	0.062	0.0177623696587691
Syncc9902_0615	possible 3Fe-4S ferredoxin	0.072	0.022	0.298	100.0	100.0	9.971	0.075	0.072	0.0837420735663107
Syncc9902_0616	hypothetical protein	0.113	0.022	0.193	87.7	100.0	9.834	0.112	0.113	0.118468542992672
Syncc9902_0617	Glucose inhibited division protein	0.167	0.026	0.154	74.86	100.0	6.557	0.163	0.167	0.389249876954045
Syncc9902_0618	Heat shock protein DnaJ-like	0.244	0.024	0.1	99.08	100.0	8.203	0.219	0.244	0.294344201193564
Syncc9902_0619	hypothetical protein	0.169	0.065	0.381	14.14	100.0	3.763	0.169	0.169	0.0868199095701589
Syncc9902_0620	putative diaminopelargonic acid synthase	0.065	0.008	0.124	71.14	98.9	6.086	0.064	0.065	0.0280662419489721
Syncc9902_0621	Dethiobiotin synthase (EC:6.3.3.3 )	0.16	0.019	0.119	68.94	100.0	6.48	0.178	0.16	0.263648514649691
Syncc9902_0622	biotin biosynthesis protein BioC	0.433	0.051	0.118	31.5	100.0	4.097	0.511	0.433	0.42223532547412
Syncc9902_0623	hypothetical protein	0.204	0.031	0.154	35.36	100.0	4.316	0.213	0.226	0.856628060177855
Syncc9902_0624	8-amino-7-oxononanoate synthase (EC:2.3.1.47 )	0.186	0.026	0.137	71.64	100.0	5.551	0.188	0.186	0.145914845316212
Syncc9902_0625	sodium/bile acid cotransporter family	0.126	0.019	0.15	80.13	100.0	6.467	0.137	0.126	0.113595127113066
Syncc9902_0626	hypothetical protein	0.092	0.02	0.22	100.0	100.0	12.409	0.108	0.092	0.837133499167479
Syncc9902_0627	DEAD/DEAH box helicase-like	0.064	0.012	0.186	100.0	100.0	12.741	0.065	0.064	0.070978340822838
Syncc9902_0628	fumarate hydratase	0.134	0.038	0.287	100.0	100.0	23.927	0.132	0.135	0.240916792531979
Syncc9902_0629	hypothetical protein	0.245	0.08	0.326	100.0	100.0	16.477	0.244	0.268	0.213281820372396
Syncc9902_0630	hypothetical protein	0.201	0.053	0.265	80.15	100.0	8.423	0.202	0.222	0.165305175217436
Syncc9902_0631	possible ABC transporter involved in polysaccharide efflux	0.101	0.051	0.503	100.0	100.0	22.278	0.104	0.129	0.0368173545078626
Syncc9902_0632	possible ABC transporter involved in polysaccharide efflux	0.167	0.059	0.355	100.0	100.0	11.802	0.175	0.186	0.11827473674808
Syncc9902_0633	Lipopolysaccharide biosynthesis protein-like	0.186	0.1	0.536	94.52	100.0	26.26	0.192	0.193	0.138232778469074
Syncc9902_0634	dTDP-glucose 4,6-dehydratase	0.133	0.062	0.464	100.0	100.0	27.191	0.136	0.132	0.159586537828663
Syncc9902_0635	dTDP-4-dehydrorhamnose reductase (EC:1.1.1.133 )	0.161	0.065	0.403	100.0	100.0	25.081	0.168	0.162	0.245032129047189
Syncc9902_0636	dTDP-4-dehydrorhamnose 3,5-epimerase related (EC:5.1.3.13 )	0.207	0.093	0.448	100.0	100.0	32.255	0.211	0.199	0.315326141852843
Syncc9902_0637	Glucose-1-phosphate thymidylyltransferase, long form	0.126	0.046	0.363	100.0	100.0	27.497	0.123	0.138	0.189782938183722
Syncc9902_0638	possible glycosyltransferase	0.231	0.066	0.284	98.22	100.0	14.279	0.226	0.234	0.274032633438422
Syncc9902_0639	hypothetical protein	0.309	0.045	0.144	38.47	100.0	5.378	0.335	0.288	0.371174139934936
Syncc9902_0640	Lipopolysaccharide biosynthesis protein-like	0.278	0.047	0.17	90.26	100.0	10.821	0.294	0.281	0.34344944712845
Syncc9902_0641	hypothetical protein	0.214	0.034	0.16	69.88	100.0	6.249	0.214	0.232	0.189853100954508
Syncc9902_0642	Dihydrouridine synthase TIM-barrel protein nifR3	0.152	0.048	0.313	99.81	100.0	17.202	0.149	0.171	0.225990521510102
Syncc9902_0643	hypothetical protein	0.125	0.035	0.284	100.0	100.0	16.077	0.113	0.136	0.072873691337408
Syncc9902_0644	GTP-binding protein EngA	0.021	0.006	0.286	100.0	100.0	19.335	0.02	0.021	0.0366900860810477
Syncc9902_0645	possible cobalt transport protein	0.122	0.034	0.277	100.0	100.0	20.847	0.121	0.122	0.147569341216542
Syncc9902_0646	hypothetical protein	0.027	0.007	0.255	100.0	100.0	24.213	0.033	0.034	0.00347335561753915
Syncc9902_0647	hypothetical protein	0.143	0.034	0.234	100.0	100.0	12.205	0.127	0.143	0.115114593277218
Syncc9902_0648	hypothetical protein	0.062	0.015	0.247	100.0	100.0	13.675	0.055	0.064	0.110196495529325
Syncc9902_0649	Delta 1-pyrroline-5-carboxylate reductase (EC:1.5.1.2 )	0.151	0.03	0.198	100.0	100.0	10.795	0.149	0.157	0.175674141186792
Syncc9902_0650	Precorrin-2 C20-methyltransferase	0.152	0.027	0.18	95.47	100.0	10.562	0.172	0.152	0.373141450726119
Syncc9902_0651	methionine salvage pathway enzyme E-2/E-2' -like	0.123	0.022	0.177	98.75	100.0	7.41	0.137	0.123	0.146264209712904
Syncc9902_0652	hypothetical protein	0.366	0.078	0.212	89.37	100.0	8.831	0.393	0.366	0.357997175549763
Syncc9902_0653	hypothetical protein	0.223	0.038	0.172	80.49	100.0	7.407	0.234	0.223	0.17595506481662
Syncc9902_0654	probable glycosyltransferase	0.104	0.02	0.198	100.0	100.0	11.623	0.097	0.104	0.150731092305453
Syncc9902_0655	putative multidrug efflux transporter, MFS family	0.091	0.019	0.205	98.55	100.0	10.325	0.088	0.091	0.0547781007923697
Syncc9902_0656	Recombination protein O, RecO	0.054	0.01	0.183	100.0	100.0	8.222	0.06	0.054	0.053187574735184
Syncc9902_0657	Deoxyribose-phosphate aldolase (EC:4.1.2.4 )	0.099	0.014	0.141	93.98	100.0	8.872	0.094	0.098	0.0749882144728413
Syncc9902_0658	putative sigma 54 modulation protein/ribosomal protein S30EA	0.081	0.011	0.132	86.56	100.0	5.837	0.093	0.081	0.48540019758159
Syncc9902_0659	Lipoate-protein ligase B	0.225	0.033	0.147	100.0	100.0	9.07	0.224	0.25	0.236228767589142
Syncc9902_0660	putative long-chain-fatty-acid--CoA ligase	0.103	0.016	0.157	83.38	100.0	9.253	0.107	0.12	0.162752997073872
Syncc9902_0661	hypothetical protein	0.09	0.013	0.15	100.0	100.0	9.802	0.089	0.085	0.0485283771869422
Syncc9902_0662	dihydrolipoamide acetyltransferase	0.06	0.009	0.15	87.38	100.0	7.961	0.059	0.063	0.144685266672975
Syncc9902_0663	queuosine biosynthesis protein	0.159	0.032	0.201	87.4	100.0	8.032	0.161	0.159	0.176216514923939
Syncc9902_0664	Cysteine synthase K/M/A	0.036	0.007	0.195	99.19	100.0	8.468	0.037	0.036	0.140713545625298
Syncc9902_0665	possible cystathionine gamma-synthase	0.208	0.032	0.154	83.47	96.27	7.019	0.203	0.208	0.201838975496599
Syncc9902_0666	Cystathionine gamma-synthase (EC:2.5.1.48 )	0.103	0.019	0.184	22.9	93.72	3.432	0.108	0.168	0.0987832134226464
Syncc9902_0667	Photosynthetic II protein PsbC	0.031	0.005	0.163	98.92	100.0	9.93	0.033	0.031	0.00693287844075607
Syncc9902_0668	Photosystem II reaction centre protein PsbD/D2	0.026	0.002	0.078	98.74	100.0	12.385	0.027	0.017	0.00719290313763647
Syncc9902_0669	photosystem I assembly protein Ycf4	0.039	0.01	0.258	96.46	100.0	9.976	0.034	0.039	0.252664735822256
Syncc9902_0670	probable peptidyl-prolyl cis-trans isomerase, cyclophilin type	0.096	0.023	0.236	54.04	100.0	4.897	0.104	0.096	0.153744441113961
Syncc9902_0671	acetolactate synthase III small subunit	0.043	0.009	0.215	93.79	100.0	8.529	0.038	0.046	0.249028191713451
Syncc9902_0672	alpha/beta hydrolase superfamily protein	0.185	0.029	0.157	62.51	100.0	5.488	0.207	0.185	0.758110300809994
Syncc9902_0673	tRNA (guanine-N(2)-)-methyltransferase (EC:2.1.1.32 )	0.228	0.029	0.128	52.59	93.81	4.787	0.224	0.228	0.268809403262899
Syncc9902_0674	hypothetical protein	0.219	0.026	0.121	100.0	100.0	6.714	0.207	0.219	0.809742855844805
Syncc9902_0675	putative chaperon-like protein for quinone binding in photosystem II	0.029	0.006	0.199	98.34	100.0	8.742	0.041	0.029	0.0258631086037433
Syncc9902_0676	hypothetical protein	0.145	0.043	0.3	5.09	100.0	3.486	0.0	0.145	0.0257894736842105
Syncc9902_0677	methyltransferase-like	0.117	0.025	0.212	48.69	100.0	5.489	0.118	0.099	0.0681718708559234
Syncc9902_0678	Pseudouridine synthase, Rsu	0.247	0.055	0.225	94.39	100.0	9.76	0.244	0.29	6.8089678303009
Syncc9902_0679	Translation initiation factor IF-1	0.009	0.002	0.193	100.0	100.0	9.004	0.009	0.009	0.00559345995451472
Syncc9902_0680	Thioredoxin reductase	0.058	0.014	0.247	88.14	100.0	8.844	0.061	0.058	0.0535689082052654
Syncc9902_0681	hypothetical protein	0.34	0.049	0.145	42.59	100.0	4.235	0.336	0.34	0.121632024634334
Syncc9902_0682	hypothetical protein	0.101	0.019	0.192	77.9	100.0	7.921	0.105	0.101	0.09314860979113
Syncc9902_0683	hypothetical protein	0.09	0.013	0.143	88.95	100.0	5.532	0.089	0.086	0.0576795808848022
Syncc9902_0684	putative nicotinamide nucleotide transhydrogenase, subunit alpha 1 (A1)	0.065	0.01	0.162	74.41	100.0	6.617	0.067	0.065	0.0903192334368534
Syncc9902_0685	putative nicotinamide nucleotide transhydrogenase, subunit alpha 2 (A2)	0.016	0.003	0.223	87.91	100.0	7.085	0.024	0.016	0.00483352020807746
Syncc9902_0686	putative nicotinamide nucleotide transhydrogenase, subunit beta	0.017	0.003	0.182	51.59	100.0	5.413	0.021	0.037	0.0281254934049166
Syncc9902_0687	hypothetical protein	0.139	0.019	0.14	99.61	100.0	8.719	0.139	0.139	0.115288112367177
Syncc9902_0688	putative ferredoxin like protein	0.122	0.02	0.163	95.0	100.0	7.15	0.138	0.122	0.337542056630509
Syncc9902_0689	1-deoxy-D-xylulose 5-phosphate reductoisomerase (EC:1.1.1.267 )	0.061	0.01	0.16	92.98	100.0	8.208	0.068	0.074	0.0888918961229829
Syncc9902_0690	putative sodium-dependent transporter, NSS family	0.066	0.01	0.148	81.03	100.0	7.578	0.061	0.069	0.0633958875803868
Syncc9902_0691	hypothetical protein	0.241	0.033	0.137	87.18	100.0	5.748	0.241	0.241	0.0
Syncc9902_0692	Cysteinyl-tRNA synthetase, class Ia (EC:6.1.1.16 )	0.108	0.025	0.236	95.8	100.0	10.161	0.108	0.114	0.127138659691208
Syncc9902_0693	DNA polymerase I (EC:2.7.7.7 )	0.095	0.021	0.217	96.2	100.0	9.691	0.095	0.098	0.144027840902964
Syncc9902_0694	Secretion protein HlyD	0.159	0.035	0.219	100.0	100.0	13.562	0.163	0.156	0.223994650401134
Syncc9902_0695	hypothetical protein	0.047	0.01	0.209	100.0	100.0	16.592	0.051	0.044	0.0164532234140899
Syncc9902_0696	hypothetical protein	0.19	0.046	0.242	93.58	100.0	9.073	0.196	0.221	0.264292580442972
Syncc9902_0697	hypothetical protein	0.215	0.053	0.245	100.0	100.0	12.793	0.228	0.215	0.258820369525095
Syncc9902_0698	hypothetical protein	0.227	0.046	0.205	100.0	100.0	10.037	0.212	0.227	0.191126650563922
Syncc9902_0699	possible multidrug efflux transporter, MFS family	0.104	0.028	0.27	100.0	100.0	12.863	0.096	0.107	0.441057024897594
Syncc9902_0700	hypothetical protein	0.238	0.041	0.172	100.0	100.0	9.247	0.245	0.238	0.277194929513826
Syncc9902_0701	putative ABC transporter, oligopeptides	0.051	0.01	0.207	100.0	100.0	10.675	0.053	0.051	0.0733235008971656
Syncc9902_0702	ABC transporter, substrate binding protein, possibly oligopeptides	0.152	0.027	0.175	99.03	100.0	10.141	0.149	0.156	0.204704724130509
Syncc9902_0703	hypothetical protein	0.157	0.025	0.158	100.0	100.0	13.658	0.137	0.157	0.57932308620729
Syncc9902_0704	Homoserine dehydrogenase (EC:1.1.1.3 )	0.084	0.017	0.196	95.34	100.0	12.476	0.091	0.102	0.086277524123266
Syncc9902_0705	possible SufE protein	0.135	0.034	0.253	100.0	100.0	16.552	0.136	0.135	0.124145554188965
Syncc9902_0706	hypothetical protein	0.216	0.044	0.205	87.25	100.0	7.819	0.212	0.216	0.123046457501032
Syncc9902_0707	hypothetical protein	0.309	0.04	0.13	93.3	97.55	8.613	0.31	0.309	0.299020216068632
Syncc9902_0708	hypothetical protein	0.017	0.003	0.15	94.62	100.0	14.472	0.016	0.016	0.421097523078238
Syncc9902_0709	hypothetical protein	0.572	0.098	0.171	17.01	100.0	3.697	0.594	0.572	NaN
Syncc9902_0710	hypothetical protein	0.0	0.0	0.143	3.92	100.0	3.696	0.0	0.0	0.00104581998823453
Syncc9902_0711	hypothetical protein	0.231	0.022	0.095	46.15	100.0	4.491	0.231	0.231	0.0943455364833588
Syncc9902_0712	Holliday junction resolvase RuvC	0.019	0.003	0.157	67.53	100.0	5.29	0.018	0.052	0.0201675959095426
Syncc9902_0713	Magnesium chelatase ATPase subunit I (EC:6.6.1.1 )	0.062	0.007	0.112	24.61	100.0	3.528	0.063	0.055	0.610817336406028
Syncc9902_0714	hypothetical protein	0.1	0.013	0.132	28.07	97.69	3.382	0.106	0.1	0.141395224007174
Syncc9902_0715	possible beta-lactamase family protein	0.069	0.01	0.14	28.96	97.86	3.735	0.069	0.069	0.142370007519788
Syncc9902_0716	probable tRNA/rRNA methyltransferase	NaN	0.0	0.0	6.96	95.28	2.455	NaN	NaN	0.611466169430802
Syncc9902_0717	cytochrome cM	0.135	0.015	0.111	95.13	100.0	7.0	0.118	0.135	0.0789209272867792
Syncc9902_0717a	cytochrome b6f complex subunit PetG	0.0	0.0	0.119	84.62	100.0	5.103	0.0	0.0	NaN
Syncc9902_0718	hypothetical protein	0.891	0.041	0.046	27.2	100.0	3.462	0.947	0.891	0.247634704249757
Syncc9902_0719	Imidazole glycerol phosphate synthase, glutamine amidotransferase subunit	0.241	0.032	0.135	43.77	100.0	5.484	0.277	0.241	0.26266344851321
Syncc9902_0720	Thioredoxin	0.0	0.0	0.132	37.96	100.0	3.96	0.0	0.0	0.0
Syncc9902_0721	inositol-5-monophosphate dehydrogenase	0.0	0.0	0.126	19.24	90.21	2.894	0.0	0.0	0.0477191634469032
Syncc9902_0722	hypothetical protein	NaN	0.0	0.0	0.0	100.0	2.058	NaN	NaN	0.506402793946449
Syncc9902_0723	DNA gyrase subunit A	0.061	0.009	0.144	26.57	93.09	3.389	0.066	0.125	0.0353079610036989
Syncc9902_0724	Lycopene cyclase, beta and epsilon	0.144	0.042	0.294	87.75	100.0	9.688	0.145	0.15	0.139912567802877
Syncc9902_0725	Outer membrane autotransporter barrel	0.234	0.036	0.155	25.2	84.22	3.059	0.245	0.23	0.195932889342232
Syncc9902_0726	hypothetical protein	0.103	0.023	0.221	100.0	100.0	9.641	0.104	0.108	0.156183797384185
Syncc9902_0727	2-isopropylmalate synthase	0.061	0.015	0.24	74.55	100.0	7.125	0.059	0.061	0.033815047977618
Syncc9902_0728	putative permease protein of sugar ABC transporter	0.055	0.01	0.185	84.47	100.0	7.039	0.076	0.055	0.0583559418160471
Syncc9902_0729	hypothetical protein	0.198	0.034	0.172	85.77	100.0	7.037	0.222	0.198	0.181531554507697
Syncc9902_0730	hypothetical protein	0.093	0.018	0.192	85.71	100.0	6.529	0.098	0.093	NaN
Syncc9902_0731	hypothetical protein	0.2	0.021	0.107	40.74	100.0	4.651	0.202	0.323	0.562417070749547
Syncc9902_0732	hypothetical protein	0.212	0.03	0.143	100.0	100.0	7.261	0.206	0.239	0.232483139184632
Syncc9902_0733	Protein of unknown function DUF77	0.099	0.017	0.167	19.47	100.0	3.782	0.098	0.099	0.0537979890474266
Syncc9902_0734	hypothetical protein	0.289	0.026	0.089	38.37	100.0	4.556	0.287	0.289	0.223448726673099
Syncc9902_0735	putative pseudouridylate synthase	0.223	0.025	0.112	57.21	100.0	5.491	0.259	0.301	0.18407762921519
Syncc9902_0736	metal dependent phosphohydrolase	0.078	0.011	0.14	53.12	99.81	5.322	0.081	0.078	0.319020562504632
Syncc9902_0737	Methylenetetrahydrofolate dehydrogenase (NADP+) (EC:1.5.1.5 )	0.056	0.006	0.114	47.85	100.0	4.78	0.071	0.056	0.0573849616026431
Syncc9902_0738	hypothetical protein	NaN	0.0	0.0	0.0	100.0	3.001	NaN	NaN	0.104258683295717
Syncc9902_0739	geranylgeranyl pyrophosphate synthase	0.018	0.002	0.088	65.32	100.0	4.782	0.016	0.018	0.0434368508548239
Syncc9902_0740	hypothetical protein	0.156	0.023	0.147	66.1	100.0	5.577	0.142	0.156	0.141512988478666
Syncc9902_0741	exodeoxyribonuclease V	0.053	0.006	0.115	67.01	100.0	5.485	0.055	0.052	0.0656797908190845
Syncc9902_0742	possible cytochrome c biogenesis protein trans	0.167	0.021	0.126	46.0	100.0	4.253	0.146	0.167	0.0976775573143293
Syncc9902_0743	putative phosphoglycerate mutase family protein	0.202	0.029	0.144	55.77	99.84	5.06	0.189	0.202	0.233110499763802
Syncc9902_0744	hypothetical protein	0.212	0.028	0.134	90.08	100.0	7.645	0.219	0.254	0.321661535687972
Syncc9902_0745	possible acylphosphatase	0.06	0.009	0.155	69.77	100.0	4.746	0.045	0.06	1.16555232700158
Syncc9902_0746	Cobyrinic acid a,c-diamide synthase CbiA	0.097	0.008	0.08	35.74	98.33	3.774	0.121	0.097	0.115030041313837
Syncc9902_0747	possible glucose 6-phosphate dehydrogenase effector OpcA	0.095	0.009	0.1	15.15	98.52	2.77	0.096	0.106	0.104807490869285
Syncc9902_0748	Glucose-6-phosphate dehydrogenase (EC:1.1.1.49 )	0.038	0.007	0.184	64.44	100.0	5.677	0.039	0.038	0.370848002137771
Syncc9902_0749	ferredoxin--NADP reductase (FNR)	0.118	0.023	0.192	96.07	100.0	10.924	0.127	0.118	0.129517528385874
Syncc9902_0750	hypothetical protein	0.085	0.019	0.223	93.14	100.0	9.284	0.086	0.088	0.119812710394715
Syncc9902_0751	adaptive-response sensory kinase	0.047	0.009	0.189	100.0	100.0	10.423	0.044	0.047	0.27757748181591
Syncc9902_0752	hypothetical protein	0.07	0.016	0.223	99.48	100.0	9.046	0.072	0.072	0.102220191333954
Syncc9902_0753	hypothetical protein	0.05	0.011	0.214	59.72	98.41	6.575	0.056	0.049	0.109928537071742
Syncc9902_0754	Peptidase M, neutral zinc metallopeptidase, zinc-binding site	0.117	0.028	0.238	100.0	100.0	15.375	0.12	0.118	0.108071406160364
Syncc9902_0755	hypothetical protein	0.289	0.051	0.177	100.0	100.0	12.816	0.269	0.29	1.2315407733166
Syncc9902_0756	hypothetical protein	0.641	0.054	0.084	54.17	70.42	3.367	0.562	0.641	0.468634686346863
Syncc9902_0757	hypothetical protein	0.211	0.03	0.141	63.16	100.0	5.135	0.211	0.211	0.0663326175137199
Syncc9902_0758	hypothetical protein	NaN	0.0	0.0	0.0	100.0	2.948	NaN	NaN	0.253378378378378
Syncc9902_0759	hypothetical protein	0.198	0.041	0.206	94.44	100.0	10.854	0.184	0.198	0.414329571579225
Syncc9902_0760	hypothetical protein	0.245	0.052	0.213	100.0	100.0	13.068	0.247	0.245	0.496166527786906
Syncc9902_0761	hypothetical protein	0.098	0.02	0.202	95.56	100.0	9.163	0.094	0.098	0.104938100473401
Syncc9902_0762	hypothetical protein	0.068	0.015	0.226	100.0	100.0	15.71	0.066	0.068	0.00452744765138653
Syncc9902_0763	hypothetical protein	0.276	0.047	0.168	100.0	100.0	13.574	0.342	0.26	0.304620216922339
Syncc9902_0764	hypothetical protein	0.1	0.018	0.184	96.52	100.0	9.978	0.093	0.094	0.236718053958438
Syncc9902_0765	hypothetical protein	0.048	0.011	0.228	90.3	100.0	6.869	0.047	0.048	0.0680309415653873
Syncc9902_0766	Ionotropic glutamate receptor	0.171	0.038	0.224	89.48	100.0	11.73	0.172	0.171	0.352132267636902
Syncc9902_0767	hypothetical protein	0.184	0.023	0.124	100.0	100.0	8.098	0.199	0.184	0.131535084486517
Syncc9902_0768	hypothetical protein	0.177	0.031	0.176	96.43	100.0	8.412	0.173	0.177	0.130988519332507
Syncc9902_0769	Phosphopantetheinyl transferase-like	0.206	0.045	0.219	98.46	100.0	12.232	0.207	0.206	0.291229533585653
Syncc9902_0770	hypothetical protein	0.063	0.012	0.193	100.0	100.0	17.373	0.076	0.063	0.0538447418753851
Syncc9902_0771	hypothetical protein	0.244	0.061	0.248	40.29	80.59	3.575	0.318	0.244	0.109197651663405
Syncc9902_0772	hypothetical protein	0.092	0.029	0.313	99.8	100.0	8.862	0.089	0.092	0.316519602586936
Syncc9902_0773	hypothetical protein	0.129	0.03	0.232	90.72	100.0	7.869	0.129	0.137	0.179552082597794
Syncc9902_0774	CBS	0.053	0.009	0.162	89.87	100.0	7.308	0.059	0.063	0.0428310656281398
Syncc9902_0775	CDP-diacylglycerol-glycerol-3-phosphate 3-phosphatidyltransferase	0.144	0.023	0.161	100.0	100.0	9.604	0.148	0.144	0.172842153210119
Syncc9902_0776	possible nucleotide sugar epimerase	0.108	0.027	0.246	65.69	100.0	8.059	0.107	0.108	0.0829816932119966
Syncc9902_0777	Phosphoribosylformimino-5-aminoimidazole carboxamide ribotide isomerase	0.075	0.012	0.16	86.49	100.0	8.221	0.078	0.075	0.0833757331108178
Syncc9902_0778	putative ferric uptake regulator, FUR family	0.047	0.007	0.158	92.81	100.0	8.577	0.064	0.047	0.0538909571972895
Syncc9902_0779	hypothetical protein	0.188	0.032	0.172	52.13	100.0	4.715	0.196	0.216	0.169959497522349
Syncc9902_0780	hypothetical protein	0.087	0.018	0.206	60.3	100.0	4.978	0.088	0.132	0.12695479232457
Syncc9902_0781	hypothetical protein	0.143	0.015	0.105	81.76	100.0	5.896	0.138	0.143	0.132898966534182
Syncc9902_0782	hypothetical protein	0.114	0.019	0.163	49.18	100.0	4.639	0.107	0.114	0.121633539009777
Syncc9902_0783	Holliday junction resolvase YqgF	0.097	0.016	0.165	47.07	94.55	3.598	0.099	0.097	0.102184744362552
Syncc9902_0784	hypothetical protein	0.022	0.003	0.145	78.02	99.46	5.105	0.022	0.022	0.143723375729864
Syncc9902_0785	HAD-superfamily phosphatase subfamily IIIA	0.167	0.036	0.214	91.19	100.0	8.268	0.148	0.167	0.236772563870834
Syncc9902_0786	gamma-glutamyl kinase (EC:2.7.2.11 )	0.081	0.012	0.149	61.92	100.0	5.304	0.083	0.081	0.0798933272372253
Syncc9902_0787	UDP-3-O-(3-hydroxymyristoyl) glucosamine N-acyltransferase, LpxD	0.062	0.008	0.136	68.97	100.0	7.413	0.062	0.062	0.107027491130708
Syncc9902_0788	3-isopropylmalate dehydrogenase (EC:1.1.1.85 )	0.084	0.014	0.166	91.9	100.0	9.009	0.092	0.115	0.0381908690010067
Syncc9902_0789	Phosphoribulokinase (EC:2.7.1.19 )	0.026	0.005	0.192	100.0	100.0	9.966	0.026	0.026	0.0284216106253635
Syncc9902_0790	hypothetical protein	0.275	0.046	0.166	96.88	100.0	7.441	0.3	0.275	0.271156254027446
Syncc9902_0793	acetyl-CoA carboxylase beta subunit	0.036	0.007	0.202	100.0	100.0	10.167	0.042	0.036	0.0283908224893959
Syncc9902_0794	hypothetical protein	0.093	0.019	0.207	100.0	100.0	9.325	0.09	0.093	0.13419458800275
Syncc9902_0795	putative oxidoreductase	0.136	0.027	0.197	98.22	100.0	9.831	0.135	0.136	0.155829864518524
Syncc9902_0796	Fructose-bisphosphate aldolase (EC:4.1.2.13 )	0.114	0.022	0.19	100.0	100.0	17.741	0.11	0.113	0.126660816149627
Syncc9902_0797	fructose-bisphosphate aldolase (EC:4.1.2.13 )	0.017	0.003	0.195	99.26	100.0	13.148	0.017	0.017	0.013358805312281
Syncc9902_0798	Gamma-glutamyltransferase (EC:2.3.2.2 )	0.214	0.044	0.205	91.13	100.0	10.296	0.224	0.22	0.215435147744972
Syncc9902_0799	hypothetical protein	0.226	0.041	0.181	98.76	100.0	10.131	0.219	0.226	0.348834998325346
Syncc9902_0800	Phosphoribosylformylglycinamidine synthase I	0.101	0.024	0.233	100.0	100.0	12.216	0.092	0.101	0.274646441480159
Syncc9902_0801	Phosphoribosylformylglycinamidine synthetase PurS	0.129	0.023	0.179	100.0	100.0	12.014	0.145	0.129	1.7849653466453
Syncc9902_0802	hypothetical protein	0.306	0.055	0.18	100.0	100.0	9.039	0.355	0.306	0.42777627283877
Syncc9902_0803	small mechanosensitive ion channel, MscS family	0.108	0.031	0.282	100.0	100.0	10.324	0.103	0.108	0.100635612058316
Syncc9902_0804	hypothetical protein	0.269	0.081	0.301	100.0	100.0	22.148	0.265	0.273	0.386147936415214
Syncc9902_0805	nuclease (SNase-like)	0.228	0.075	0.329	100.0	100.0	14.944	0.249	0.232	0.179099715657741
Syncc9902_0806	hypothetical protein	0.055	0.019	0.344	100.0	100.0	34.982	0.056	0.055	0.0112253078937299
Syncc9902_0807	hypothetical protein	0.255	0.087	0.342	100.0	100.0	50.113	0.278	0.266	0.155191025328585
Syncc9902_0808	hypothetical protein	0.059	0.022	0.376	100.0	100.0	51.645	0.061	0.058	0.532904019159622
Syncc9902_0809	hypothetical protein	0.814	0.101	0.124	100.0	100.0	11.446	0.934	0.787	0.389610904589495
Syncc9902_0810	hypothetical protein	0.363	0.072	0.199	100.0	100.0	23.417	0.326	0.33	0.440382329326572
Syncc9902_0811	hypothetical protein	0.31	0.068	0.219	100.0	100.0	19.149	0.308	0.297	0.93113390206365
Syncc9902_0812	hypothetical protein	0.304	0.084	0.275	100.0	100.0	13.366	0.306	0.327	0.053315649867374
Syncc9902_0813	hypothetical protein	0.265	0.092	0.349	100.0	100.0	31.849	0.261	0.263	0.947214469678674
Syncc9902_0814	hypothetical protein	0.162	0.068	0.42	100.0	100.0	44.52	0.164	0.171	0.102482036454952
Syncc9902_0815	two-component sensor histidine kinase	0.0	0.0	0.167	12.96	100.0	3.704	0.0	0.0	NaN
Syncc9902_0816	hypothetical protein	0.13	0.035	0.274	82.66	100.0	12.64	0.121	0.111	0.449054362713521
Syncc9902_0817	hypothetical protein	0.095	0.019	0.2	100.0	100.0	22.736	0.097	0.114	1.21463522441577
Syncc9902_0818	hypothetical protein	0.103	0.032	0.31	100.0	100.0	20.349	0.114	0.103	0.298589654798796
Syncc9902_0819	hypothetical protein	0.106	0.027	0.259	100.0	100.0	19.49	0.107	0.103	0.0670821313445254
Syncc9902_0820	ADP-heptose:LPS heptosyltransferase-like	NaN	0.0	0.0	0.0	69.67	1.743	NaN	NaN	0.102308828708845
Syncc9902_0821	adenine phosphoribosyltransferase (EC:2.4.2.7 )	0.165	0.046	0.278	96.02	100.0	14.727	0.165	0.177	0.0738399294672886
Syncc9902_0822	hypothetical protein	0.063	0.018	0.282	100.0	100.0	13.709	0.063	0.063	0.822377334695625
Syncc9902_0823	possible 2-octaprenyl-6-methoxyphenol 4-monoxygenase; UbiH	0.175	0.046	0.26	100.0	100.0	13.375	0.168	0.175	0.184333883255338
Syncc9902_0824	possible high light inducible protein	0.096	0.028	0.29	100.0	100.0	16.718	0.084	0.096	0.369208029886142
Syncc9902_0825	hypothetical protein	0.142	0.028	0.194	100.0	100.0	10.758	0.14	0.142	0.201801825975972
Syncc9902_0826	dihydrodipicolinate reductase (EC:1.3.1.26 )	0.086	0.025	0.29	100.0	100.0	17.464	0.083	0.096	0.143781984560125
Syncc9902_0827	cobaltochelatase (EC:6.6.1.2 )	0.054	0.016	0.293	99.68	100.0	17.155	0.053	0.054	0.0353940097225776
Syncc9902_0828	hypothetical protein	0.244	0.02	0.081	31.14	85.76	3.479	0.244	0.244	2.67878564288801
Syncc9902_0829	Dihydropteroate synthase (EC:2.5.1.15 )	0.128	0.048	0.376	100.0	100.0	29.135	0.132	0.125	0.355089135133624
Syncc9902_0830	triosephosphate isomerase (EC:5.3.1.1 )	0.056	0.015	0.268	100.0	100.0	29.329	0.054	0.056	0.0648956381755083
Syncc9902_0831	hypothetical protein	0.238	0.041	0.173	100.0	100.0	20.312	0.233	0.238	1.39486014875703
Syncc9902_0832	ATPase	0.095	0.026	0.278	100.0	100.0	26.185	0.102	0.096	0.0717733826955945
Syncc9902_0833	hypothetical protein	0.082	0.032	0.392	100.0	100.0	22.474	0.082	0.082	0.0396407159769614
Syncc9902_0834	Sodium:alanine symporter	0.085	0.021	0.248	100.0	100.0	10.691	0.09	0.085	0.147572046389405
Syncc9902_0835	hypothetical protein	0.091	0.021	0.227	100.0	100.0	9.807	0.095	0.091	0.107976231291517
Syncc9902_0836	Carbamoyl-phosphate synthase, large subunit, glutamine-dependent	0.077	0.015	0.198	96.15	100.0	11.818	0.077	0.091	0.0886024733384651
Syncc9902_0837	hypothetical protein	0.004	0.001	0.232	70.6	100.0	5.684	0.004	0.004	0.00864445001252819
Syncc9902_0838	Iojap-related protein	0.198	0.036	0.184	85.79	100.0	6.066	0.234	0.195	0.0826599781621868
Syncc9902_0839	hypothetical protein	0.101	0.025	0.244	100.0	100.0	10.406	0.096	0.101	0.0815099888733056
Syncc9902_0840	hypothetical protein	0.04	0.009	0.218	98.77	100.0	12.243	0.042	0.04	0.0891617558139608
Syncc9902_0841	probable oxidoreductase	0.122	0.028	0.23	100.0	100.0	13.409	0.131	0.122	0.160520439976494
Syncc9902_0842	hypothetical protein	0.226	0.045	0.2	100.0	100.0	16.492	0.186	0.226	1.2424825088281
Syncc9902_0843	hypothetical protein	0.086	0.019	0.227	90.42	100.0	12.313	0.088	0.095	0.052182578042682
Syncc9902_0844	hypothetical protein	0.267	0.054	0.201	100.0	100.0	13.32	0.272	0.267	0.314328405333998
Syncc9902_0845	putative sulfate transporter	0.067	0.015	0.219	100.0	100.0	14.139	0.075	0.073	0.0614643261539663
Syncc9902_0846	hypothetical protein	0.303	0.063	0.209	84.57	100.0	5.87	0.297	0.269	0.735155646124657
Syncc9902_0847	extracellular solute-binding protein, family 3	0.099	0.023	0.234	100.0	100.0	13.613	0.102	0.102	0.059992735958952
Syncc9902_0848	Amino acid ABC transporter, permease protein, 3-TM region, His/Glu/Gln/Arg/opine	0.09	0.024	0.267	100.0	100.0	18.401	0.097	0.091	0.129337211855241
Syncc9902_0849	Amino acid ABC transporter, permease protein, 3-TM region, His/Glu/Gln/Arg/opine	0.092	0.02	0.211	100.0	100.0	18.047	0.099	0.092	0.0712292797536613
Syncc9902_0850	ATPase	0.082	0.025	0.3	100.0	100.0	19.525	0.082	0.082	0.0377419385064932
Syncc9902_0851	hypothetical protein	0.207	0.051	0.247	100.0	100.0	13.556	0.172	0.207	0.246472813680441
Syncc9902_0852	possible AEC transporter family	0.213	0.041	0.191	100.0	100.0	12.621	0.211	0.213	0.242935562029186
Syncc9902_0853	possible alkylated DNA repair protein	0.238	0.054	0.228	100.0	100.0	17.711	0.24	0.238	0.273840058499527
Syncc9902_0854	hypothetical protein	0.309	0.062	0.202	100.0	100.0	13.648	0.307	0.309	0.161871007263162
Syncc9902_0855	Homoserine O-succinyltransferase (EC:2.3.1.46 )	0.045	0.01	0.216	100.0	100.0	12.372	0.049	0.044	0.0572403074324015
Syncc9902_0856	O-acetylhomoserine/O-acetylserine sulfhydrylase (EC:2.5.1.49 )	0.037	0.008	0.209	96.0	100.0	16.66	0.036	0.037	0.0336714285879134
Syncc9902_0857	hypothetical protein	0.076	0.015	0.201	100.0	100.0	15.223	0.079	0.076	0.305908811956202
Syncc9902_0858	hypothetical protein	0.263	0.037	0.141	96.18	100.0	11.452	0.26	0.263	0.326204960574635
Syncc9902_0859	hypothetical protein	0.135	0.027	0.202	100.0	100.0	11.446	0.134	0.135	0.114942807444942
Syncc9902_0860	hypothetical protein	0.185	0.041	0.223	97.23	100.0	10.7	0.189	0.185	0.247364847369453
Syncc9902_0861	hypothetical protein	0.081	0.016	0.202	72.67	100.0	6.19	0.081	0.077	0.218478797595075
Syncc9902_0862	putative glutathione S-transferase	0.089	0.016	0.183	78.29	100.0	6.53	0.093	0.089	0.092796776837922
Syncc9902_0863	hypothetical protein	0.123	0.022	0.179	74.32	100.0	6.896	0.132	0.123	0.0841536253541973
Syncc9902_0864	cell death suppressor protein Lls1-like	0.083	0.016	0.191	75.63	99.62	8.345	0.083	0.083	0.118642843443957
Syncc9902_0865	Glucosylglycerol 3-phosphatase (EC:3.1.3.69 )	0.138	0.027	0.196	97.46	100.0	10.683	0.142	0.138	0.11998688491099
Syncc9902_0866	possible L-asparaginase II	0.145	0.025	0.173	100.0	100.0	11.106	0.147	0.145	0.154754152387909
Syncc9902_0867	hypothetical protein	0.327	0.049	0.148	96.3	100.0	10.325	0.353	0.321	0.834647643221054
Syncc9902_0868	hypothetical protein	0.084	0.015	0.18	100.0	100.0	15.26	0.089	0.084	0.0829820894179603
Syncc9902_0869	putative ferric uptake regulator, FUR family	0.163	0.037	0.23	91.67	100.0	9.719	0.176	0.17	0.136292001504678
Syncc9902_0870	hypothetical protein	0.131	0.03	0.231	100.0	100.0	22.551	0.119	0.131	0.150997023006512
Syncc9902_0871	hypothetical protein	0.356	0.073	0.205	100.0	100.0	14.569	0.35	0.395	0.185346526564899
Syncc9902_0872	hypothetical protein	0.281	0.061	0.217	100.0	100.0	10.718	0.302	0.281	0.102181948582147
Syncc9902_0873	hypothetical protein	0.16	0.023	0.146	94.76	100.0	8.834	0.163	0.165	0.163567462195755
Syncc9902_0874	hypothetical protein	0.24	0.054	0.223	100.0	100.0	10.221	0.228	0.24	0.174850839808214
Syncc9902_0875	hypothetical protein	0.057	0.013	0.231	100.0	100.0	9.028	0.071	0.064	0.00842307428493038
Syncc9902_0876	hypothetical protein	0.069	0.019	0.271	100.0	100.0	23.048	0.052	0.069	0.306479282750972
Syncc9902_0877	YjgF-like protein	0.091	0.019	0.212	100.0	100.0	17.321	0.106	0.083	0.771621591624451
Syncc9902_0878	ATPase	0.101	0.022	0.215	100.0	100.0	12.779	0.104	0.104	0.125831887566474
Syncc9902_0879	Hydroxyacylglutathione hydrolase (EC:3.1.2.6 )	0.184	0.039	0.211	100.0	100.0	13.511	0.173	0.184	0.542490254474569
Syncc9902_0880	ATP phosphoribosyltransferase (EC:2.4.2.17 )	0.089	0.018	0.199	98.46	100.0	7.819	0.096	0.089	0.0349371129998007
Syncc9902_0881	ATPase	0.05	0.012	0.234	98.65	100.0	12.865	0.052	0.05	0.0566811953897364
Syncc9902_0882	possible acetyltransferase	0.07	0.01	0.144	100.0	100.0	10.621	0.084	0.07	0.0501890145180667
Syncc9902_0883	hypothetical protein	0.275	0.044	0.161	100.0	100.0	9.268	0.284	0.278	0.683790442329397
Syncc9902_0884	hypothetical protein	0.251	0.041	0.165	89.41	100.0	6.735	0.249	0.236	0.389747120943441
Syncc9902_0885	PDZ/DHR/GLGF	0.053	0.01	0.181	100.0	100.0	11.291	0.05	0.053	0.0901205552139927
Syncc9902_0886	chromosomal replication initiation protein	0.037	0.006	0.172	77.97	100.0	8.619	0.038	0.037	0.023426202620768
Syncc9902_0887	hypothetical protein	0.151	0.017	0.114	65.32	100.0	5.405	0.169	0.151	0.162410538223154
Syncc9902_0888	hypothetical protein	0.159	0.03	0.189	86.78	100.0	7.027	0.154	0.184	0.239389653013679
Syncc9902_0889	probable glutathione reductase (NADPH)	0.133	0.027	0.202	98.45	100.0	8.537	0.137	0.133	0.165245779445263
Syncc9902_0890	K+-dependent Na+/Ca+ exchanger related-protein	0.052	0.014	0.267	100.0	100.0	11.719	0.051	0.054	0.159744256536751
Syncc9902_0891	putative sulfate transporter	0.038	0.009	0.235	88.22	100.0	9.296	0.039	0.038	0.0374780037507224
Syncc9902_0892	dihydroorotase (EC:3.5.2.3 )	0.113	0.023	0.205	99.22	100.0	10.02	0.123	0.132	0.128676165729197
Syncc9902_0893	hypothetical protein	0.025	0.004	0.176	100.0	100.0	8.02	0.017	0.025	0.0296690756941803
Syncc9902_0894	possible inorganic carbon transport protein	0.071	0.011	0.16	100.0	100.0	14.143	0.083	0.071	0.0527676634898452
Syncc9902_0895	hypothetical protein	0.069	0.012	0.18	100.0	100.0	8.603	0.068	0.069	0.0838965192002333
Syncc9902_0896	tryptophan synthase subunit alpha (EC:4.2.1.20 )	0.079	0.02	0.26	77.04	100.0	9.74	0.077	0.081	0.0723264324266749
Syncc9902_0897	hypothetical protein	0.157	0.042	0.271	100.0	100.0	9.22	0.161	0.158	0.0822670360560232
Syncc9902_0898	hypothetical protein	0.237	0.031	0.131	100.0	100.0	15.419	0.227	0.237	0.486186738895505
Syncc9902_0899	cytochrome c6 (soluble cytochrome f) (cytochrome c553)	0.16	0.035	0.215	96.17	100.0	8.879	0.191	0.16	0.0997536303580677
Syncc9902_0900	hypothetical protein	0.206	0.037	0.179	84.59	100.0	8.699	0.258	0.206	0.520669644931999
Syncc9902_0901	hypothetical protein	0.129	0.031	0.24	100.0	100.0	23.131	0.129	0.131	0.431203029649491
Syncc9902_0902	hypothetical protein	0.384	0.078	0.202	100.0	100.0	13.96	0.361	0.384	2.2534059083736
Syncc9902_0903	hypothetical protein	0.157	0.047	0.297	100.0	100.0	17.941	0.153	0.157	0.153341303898388
Syncc9902_0904	hypothetical protein	0.194	0.051	0.263	100.0	100.0	12.907	0.207	0.194	0.252653298456187
Syncc9902_0905	possible type II alternative RNA polymerase sigma factor	0.051	0.009	0.184	96.34	100.0	9.628	0.052	0.053	0.219266809886832
Syncc9902_0906	hypothetical protein	0.046	0.011	0.245	100.0	100.0	12.157	0.035	0.046	0.00909438092550797
Syncc9902_0907	Peptidase, metallopeptidase	0.255	0.05	0.195	95.17	100.0	11.632	0.249	0.255	0.17811851919237
Syncc9902_0908	hypothetical protein	0.222	0.048	0.217	92.61	99.25	13.673	0.2	0.246	0.15447758184391
Syncc9902_0909	histidine biosynthesis bifunctional protein HisIE	0.118	0.029	0.246	100.0	100.0	12.574	0.117	0.121	0.0951789724718605
Syncc9902_0910	hypothetical protein	0.109	0.023	0.214	99.14	100.0	7.641	0.125	0.109	0.0848090051999571
Syncc9902_0911	ATPase	0.048	0.011	0.221	88.37	100.0	9.608	0.05	0.048	0.0701885162626626
Syncc9902_0912	hypothetical protein	0.132	0.037	0.283	100.0	100.0	8.781	0.131	0.132	0.252992275412913
Syncc9902_0913	hypothetical protein	0.114	0.027	0.241	68.18	100.0	5.775	0.119	0.114	0.445686553272413
Syncc9902_0914	hypothetical protein	0.154	0.047	0.304	100.0	100.0	9.982	0.17	0.154	1.67453858837296
Syncc9902_0915	possible cytochrome c6	0.155	0.039	0.253	100.0	100.0	9.157	0.148	0.155	0.145310449020288
Syncc9902_0916	plastocyanin precursor	0.009	0.001	0.143	95.0	100.0	6.722	0.038	0.009	0.0
Syncc9902_0917	hypothetical protein	0.159	0.03	0.187	88.73	100.0	7.047	0.153	0.162	0.118055397974893
Syncc9902_0918	uroporphyrinogen decarboxylase (EC:4.1.1.37 )	0.048	0.008	0.169	58.92	100.0	6.217	0.042	0.046	0.0318173868248426
Syncc9902_0919	glycogen branching enzyme	0.082	0.011	0.13	34.86	99.3	4.142	0.086	0.082	0.165686574128747
Syncc9902_0920	hypothetical protein	0.096	0.014	0.149	88.19	100.0	6.214	0.087	0.096	0.142183496201982
Syncc9902_0921	acyl esterase	0.206	0.032	0.153	30.58	96.99	3.377	0.199	0.206	0.215746759945848
Syncc9902_0922	hypothetical protein	NaN	0.0	0.0	0.0	100.0	2.363	NaN	NaN	0.126790008594596
Syncc9902_0923	hypothetical protein	Inf	0.006	0.0	20.25	100.0	3.388	Inf	Inf	0.084104939317116
Syncc9902_0924	hypothetical protein	0.11	0.017	0.153	93.16	100.0	7.159	0.122	0.11	1.68683378313315
Syncc9902_0925	hypothetical protein	0.198	0.034	0.172	37.17	94.81	3.959	0.204	0.199	0.274923269008016
Syncc9902_0926	ROK family sugar kinase	0.118	0.019	0.159	70.02	100.0	5.461	0.116	0.118	0.0740126283044541
Syncc9902_0927	gamma-glutamyl phosphate reductase (EC:1.2.1.41 )	0.104	0.02	0.19	97.51	100.0	11.06	0.102	0.107	0.183164506969748
Syncc9902_0928	Dihydroneopterin aldolase family	0.155	0.029	0.185	94.4	100.0	10.157	0.149	0.145	0.102640105875868
Syncc9902_0929	lipase family protein	0.255	0.049	0.191	100.0	100.0	13.151	0.245	0.255	0.241237695148069
Syncc9902_0930	Oligopeptidase A (EC:3.4.24.70 )	0.127	0.029	0.228	100.0	100.0	17.741	0.122	0.127	0.134449615979924
Syncc9902_0931	NAD(P)H-quinone oxidoreductase subunit 4 (EC:1.6.99.5 )	0.035	0.011	0.315	100.0	100.0	22.969	0.036	0.035	0.127104732600219
Syncc9902_0932	Homoserine kinase (EC:2.7.1.39 )	0.039	0.01	0.251	100.0	100.0	20.849	0.039	0.039	0.0645447174233389
Syncc9902_0933	Glucokinase (EC:2.7.1.2 )	0.226	0.046	0.203	100.0	100.0	14.63	0.237	0.236	0.382366690968155
Syncc9902_0934	hypothetical protein	0.242	0.063	0.261	100.0	100.0	14.634	0.241	0.249	0.704326339567782
Syncc9902_0935	Threonyl-tRNA synthetase, class IIa	0.125	0.02	0.16	56.21	100.0	6.413	0.121	0.127	0.11081079119961
Syncc9902_0936	hypothetical protein	0.107	0.015	0.142	92.19	100.0	6.754	0.107	0.166	0.168985709558062
Syncc9902_0937	possible muramidase, COG4678	0.16	0.055	0.347	100.0	100.0	15.474	0.171	0.165	0.304382498177164
Syncc9902_0938	tryptophanyl-tRNA synthetase (EC:6.1.1.2 )	0.081	0.023	0.287	100.0	100.0	19.252	0.082	0.08	0.096417410098888
Syncc9902_0939	hypothetical protein	0.203	0.055	0.271	99.82	100.0	18.138	0.199	0.21	0.66020276702896
Syncc9902_0940	hypothetical protein	0.159	0.041	0.26	100.0	100.0	22.617	0.179	0.159	0.594306899365105
Syncc9902_0941	Cation efflux protein	0.115	0.031	0.272	100.0	100.0	16.078	0.109	0.115	0.0750455309175187
Syncc9902_0942	hypothetical protein	0.158	0.032	0.203	100.0	100.0	18.661	0.158	0.177	0.133620723159542
Syncc9902_0943	Photosystem II reaction centre protein PsbA/D1	0.096	0.025	0.258	100.0	100.0	21.686	0.098	0.107	0.0436636945219947
Syncc9902_0944	hypothetical protein	0.071	0.026	0.364	100.0	100.0	26.527	0.077	0.071	0.074626468679979
Syncc9902_0945	hypothetical protein	0.215	0.056	0.262	100.0	100.0	26.38	0.213	0.219	0.239063262371787
Syncc9902_0946	putative redox protein	0.115	0.029	0.253	100.0	100.0	25.556	0.125	0.115	0.386238151795478
Syncc9902_0947	hypothetical protein	0.232	0.044	0.188	100.0	100.0	14.425	0.23	0.24	0.818484610365695
Syncc9902_0948	hypothetical protein	0.177	0.047	0.266	100.0	100.0	21.706	0.205	0.171	0.0249020062960645
Syncc9902_0949	possible transcriptional regulator	0.161	0.057	0.354	100.0	100.0	28.286	0.161	0.158	0.112397834876328
Syncc9902_0950	hypothetical protein	0.211	0.066	0.313	100.0	100.0	22.119	0.221	0.219	0.300229398888292
Syncc9902_0951	hypothetical protein	0.058	0.02	0.343	100.0	100.0	41.777	0.059	0.089	0.171639485773931
Syncc9902_0952	hypothetical protein	0.216	0.033	0.154	100.0	100.0	26.444	0.218	0.216	0.264932281109901
Syncc9902_0953	hypothetical protein	0.161	0.048	0.295	100.0	100.0	37.94	0.168	0.161	0.339455354977007
Syncc9902_0954	hypothetical protein	0.12	0.04	0.337	100.0	100.0	33.821	0.132	0.134	0.86787162753481
Syncc9902_0955	hypothetical protein	0.239	0.041	0.173	100.0	100.0	18.475	0.232	0.239	0.78643721014034
Syncc9902_0956	hypothetical protein	0.154	0.035	0.227	100.0	100.0	15.754	0.15	0.172	0.0988512164178302
Syncc9902_0957	membrane protein	0.084	0.027	0.316	100.0	100.0	13.197	0.086	0.097	0.0294367922010472
Syncc9902_0958	esterase/lipase/thioesterase family active site	0.247	0.026	0.104	100.0	100.0	10.353	0.248	0.247	0.269283428760296
Syncc9902_0959	hypothetical protein	0.052	0.009	0.173	100.0	100.0	14.468	0.05	0.05	0.0
Syncc9902_0960	hypothetical protein	0.384	0.065	0.168	100.0	100.0	21.0	0.357	0.376	0.348240135140005
Syncc9902_0961	cytochrome P450 enzyme	0.137	0.04	0.291	100.0	100.0	19.783	0.137	0.137	0.0920096902146073
Syncc9902_0962	hypothetical protein	0.16	0.035	0.218	100.0	100.0	17.688	0.167	0.161	0.151322638932575
Syncc9902_0963	Ribosomal protein S21	0.01	0.003	0.258	100.0	100.0	26.22	0.01	0.021	0.121508379888268
Syncc9902_0964	hypothetical protein	0.224	0.072	0.322	100.0	100.0	29.484	0.205	0.244	0.677438346229646
Syncc9902_0965	hypothetical protein	0.144	0.052	0.365	100.0	100.0	21.418	0.138	0.154	0.299487703543432
Syncc9902_0966	hypothetical protein	0.088	0.032	0.36	100.0	100.0	24.36	0.087	0.101	0.0714932784090383
Syncc9902_0967	hypothetical protein	0.267	0.074	0.277	100.0	100.0	14.439	0.281	0.269	0.51955273672138
Syncc9902_0968	hypothetical protein	0.308	0.089	0.288	100.0	100.0	25.475	0.339	0.311	0.182465101939029
Syncc9902_0969	hypothetical protein	0.105	0.034	0.322	100.0	100.0	28.994	0.107	0.138	0.060075329566855
Syncc9902_0970	hypothetical protein	0.161	0.055	0.344	100.0	100.0	24.09	0.172	0.163	0.129858999917051
Syncc9902_0971	hypothetical protein	0.129	0.049	0.384	100.0	100.0	40.517	0.118	0.129	0.355079468756821
Syncc9902_0972	possible beta-carotene ketolase	0.225	0.083	0.369	100.0	100.0	29.749	0.224	0.238	0.246858857976436
Syncc9902_0973	carotenoid binding protein	0.032	0.017	0.517	100.0	100.0	50.047	0.032	0.032	0.0335123609677791
Syncc9902_0974	hypothetical protein	0.179	0.026	0.147	100.0	100.0	17.637	0.18	0.156	0.128163289212019
Syncc9902_0975	short-chain dehydrogenase/reductase (SDR) superfamily	0.183	0.064	0.348	100.0	100.0	37.024	0.18	0.186	0.115056863943945
Syncc9902_0976	Heat shock protein DnaJ-like	0.226	0.039	0.173	100.0	100.0	22.249	0.226	0.238	0.213082091199142
Syncc9902_0977	hypothetical protein	0.208	0.073	0.353	100.0	100.0	41.085	0.203	0.215	0.142944268656875
Syncc9902_0978	hypothetical protein	0.113	0.043	0.377	100.0	100.0	72.593	0.111	0.102	0.861690426226313
Syncc9902_0979	transcriptional regulator, LuxR family	0.108	0.043	0.399	100.0	100.0	41.623	0.107	0.118	0.122109100175919
Syncc9902_0980	RNA-binding region RNP-1	0.051	0.015	0.287	100.0	100.0	54.122	0.06	0.058	0.105579183915553
Syncc9902_0981	hypothetical protein	0.175	0.069	0.396	100.0	100.0	29.5	0.169	0.177	0.132126169322179
Syncc9902_0982	putative superoxide dismutase	0.225	0.086	0.382	100.0	100.0	32.949	0.221	0.225	0.324998109011643
Syncc9902_0983	hypothetical protein	0.035	0.014	0.388	100.0	100.0	42.422	0.04	0.028	0.075161500531289
Syncc9902_0984	hypothetical protein	0.237	0.047	0.199	100.0	100.0	16.204	0.236	0.278	0.370887662289504
Syncc9902_0985	hypothetical protein	0.129	0.037	0.288	100.0	100.0	25.413	0.128	0.137	0.128748466952032
Syncc9902_0986	hypothetical protein	0.215	0.061	0.282	100.0	100.0	20.264	0.215	0.215	0.113581534345385
Syncc9902_0987	hypothetical protein	0.097	0.025	0.254	100.0	100.0	20.406	0.097	0.097	0.991530890400982
Syncc9902_0988	hypothetical protein	0.224	0.06	0.267	100.0	100.0	30.357	0.237	0.224	0.654962191121361
Syncc9902_0989	hypothetical protein	0.195	0.053	0.274	100.0	100.0	26.511	0.201	0.195	0.38851479868264
Syncc9902_0990	hypothetical protein	0.328	0.081	0.248	100.0	100.0	33.096	0.373	0.309	0.316726754270186
Syncc9902_0991	putative glycosyltransferase family 2	0.189	0.051	0.27	100.0	100.0	30.21	0.193	0.192	0.154273410913773
Syncc9902_0992	hypothetical protein	0.218	0.038	0.175	100.0	100.0	9.913	0.216	0.218	0.112592219536084
Syncc9902_0993	hypothetical protein	0.717	0.061	0.085	35.47	100.0	3.899	0.717	0.35	0.840210301922798
Syncc9902_0994	hypothetical protein	0.257	0.024	0.094	40.98	100.0	4.339	0.204	0.257	0.237180759481563
Syncc9902_0995	putative hydrolase transmembrane protein	0.279	0.073	0.261	100.0	100.0	21.014	0.287	0.304	0.298974401143948
Syncc9902_0996	hypothetical protein	0.261	0.054	0.207	100.0	100.0	25.789	0.256	0.254	0.49949062338158
Syncc9902_0997	hypothetical protein	0.158	0.068	0.429	100.0	100.0	30.396	0.158	0.158	0.127150974506857
Syncc9902_0998	hypothetical protein	0.285	0.047	0.164	100.0	100.0	18.541	0.278	0.292	0.199349295998234
Syncc9902_0999	Ferredoxin (2Fe-2S)	0.046	0.009	0.201	100.0	100.0	27.673	0.046	0.046	0.0168123614553142
Syncc9902_1000	possible high light inducible protein	0.056	0.02	0.355	100.0	100.0	18.572	0.056	0.056	NaN
Syncc9902_1003	possible phycobilisome rod-core linker polypeptide	0.2	0.077	0.383	100.0	100.0	47.75	0.206	0.202	0.112135677453733
Syncc9902_1004	hypothetical protein	0.183	0.08	0.439	100.0	100.0	69.37	0.187	0.179	0.0875419084109666
Syncc9902_1005	chlorophyll a/b binding light harvesting protein PcbD	0.081	0.023	0.287	100.0	100.0	68.187	0.082	0.081	0.0753272853570884
Syncc9902_1006	hypothetical protein	0.658	0.089	0.136	100.0	100.0	11.35	0.657	0.612	0.703858738831953
Syncc9902_1007	possible phosphoribulokinase/uridine kinase family protein	0.307	0.067	0.218	100.0	100.0	24.052	0.314	0.342	0.170486857872912
Syncc9902_1008	Ferredoxin (2Fe-2S)	0.175	0.046	0.261	100.0	100.0	16.698	0.168	0.17	0.28500311833194
Syncc9902_1009	Endonuclease III/Nth	0.136	0.038	0.281	100.0	100.0	18.625	0.127	0.135	0.110724844106166
Syncc9902_1010	ABC transporter, substrate binding protein, possibly Mn	0.186	0.049	0.265	100.0	100.0	23.977	0.19	0.19	0.114438415804562
Syncc9902_1011	ATPase	0.054	0.02	0.367	100.0	100.0	34.745	0.054	0.06	0.0237179525868064
Syncc9902_1012	Phospholipid/glycerol acyltransferase	0.116	0.026	0.224	100.0	100.0	22.995	0.116	0.116	0.199200777644947
Syncc9902_1013	ABC transporter component, possibly Mn transport	0.066	0.015	0.221	100.0	100.0	21.676	0.064	0.066	0.032477386989602
Syncc9902_1014	hypothetical protein	0.109	0.038	0.35	100.0	100.0	22.307	0.11	0.109	0.02302898806867
Syncc9902_1015	hypothetical protein	0.095	0.031	0.327	100.0	100.0	11.952	0.111	0.094	0.84554708283068
Syncc9902_1016	ATPase	0.187	0.057	0.307	100.0	100.0	19.9	0.192	0.189	0.22137976152317
Syncc9902_1017	NUDIX family protein	0.145	0.039	0.268	100.0	100.0	16.367	0.147	0.145	0.999497932188857
Syncc9902_1018	hypothetical protein	0.354	0.083	0.234	96.48	100.0	14.337	0.364	0.348	0.546824939209135
Syncc9902_1019	hypothetical protein	0.273	0.068	0.25	100.0	100.0	28.954	0.282	0.273	0.342819772477194
Syncc9902_1020	hypothetical protein	0.028	0.007	0.263	100.0	100.0	34.909	0.028	0.028	0.49623153911876
Syncc9902_1021	hypothetical protein	0.161	0.044	0.273	100.0	100.0	16.683	0.167	0.167	0.168952887616385
Syncc9902_1022	hypothetical protein	0.172	0.065	0.377	100.0	100.0	24.049	0.174	0.235	0.0525878189910667
Syncc9902_1023	hypothetical protein	0.153	0.048	0.311	100.0	100.0	15.767	0.155	0.201	0.125285958311723
Syncc9902_1024	hypothetical protein	0.244	0.081	0.331	100.0	100.0	31.515	0.241	0.259	0.160773950721907
Syncc9902_1025	hypothetical protein	0.12	0.044	0.371	100.0	100.0	24.924	0.12	0.12	2.44950465853716
Syncc9902_1026	hypothetical protein	3.136	0.052	0.017	100.0	100.0	12.552	2.387	2.596	1.45186529291398
Syncc9902_1027	hypothetical protein	0.339	0.056	0.166	100.0	100.0	28.413	0.36	0.313	0.521648322680242
Syncc9902_1028	hypothetical protein	0.25	0.087	0.35	100.0	100.0	30.11	0.259	0.256	0.481902852379733
Syncc9902_1029	hypothetical protein	0.254	0.075	0.295	100.0	100.0	17.147	0.254	0.255	0.21094545265993
Syncc9902_1030	possible high light inducible protein	0.114	0.043	0.38	100.0	100.0	40.154	0.108	0.114	0.0638943820765291
Syncc9902_1031	hypothetical protein	0.099	0.05	0.505	100.0	100.0	39.448	0.1	0.099	0.0502427945966361
Syncc9902_1032	hypothetical protein	0.408	0.082	0.201	100.0	100.0	26.609	0.411	0.408	0.364022362459341
Syncc9902_1033	hypothetical protein	0.129	0.056	0.435	100.0	100.0	52.187	0.131	0.134	0.063213748676037
Syncc9902_1034	hypothetical protein	0.227	0.075	0.329	100.0	100.0	21.05	0.224	0.233	0.887041982567924
Syncc9902_1035	hypothetical protein	0.42	0.105	0.25	100.0	100.0	28.971	0.412	0.43	0.0793539283907584
Syncc9902_1036	hypothetical protein	0.239	0.091	0.383	100.0	100.0	35.065	0.246	0.246	0.246811402333355
Syncc9902_1037	hypothetical protein	0.167	0.035	0.212	100.0	100.0	13.74	0.202	0.174	0.0654619433438343
Syncc9902_1038	hypothetical protein	0.229	0.066	0.288	100.0	100.0	18.683	0.227	0.234	0.268062891401554
Syncc9902_1039	DEAD/DEAH box helicase-like	0.122	0.048	0.394	100.0	100.0	26.722	0.125	0.125	0.098094594462599
Syncc9902_1040	DNA ligase	0.171	0.058	0.339	100.0	100.0	17.77	0.17	0.174	0.20921606850918
Syncc9902_1041	hypothetical protein	0.182	0.03	0.163	100.0	100.0	14.15	0.199	0.193	0.319964233019142
Syncc9902_1042	exonuclease	0.087	0.029	0.339	100.0	100.0	15.067	0.085	0.088	0.121243492831403
Syncc9902_1043	hypothetical protein	0.13	0.044	0.336	86.75	100.0	6.893	0.131	0.153	0.0696606786427146
Syncc9902_1044	quinolinate synthetase	0.101	0.038	0.372	100.0	100.0	21.146	0.097	0.104	0.154988972155839
Syncc9902_1045	putative transcripton factor	0.129	0.034	0.263	100.0	100.0	15.18	0.124	0.129	0.0993052138539088
Syncc9902_1046	hypothetical protein	0.205	0.054	0.262	100.0	100.0	14.447	0.207	0.199	0.207440402431415
Syncc9902_1047	possible muramidase, COG4678	0.08	0.029	0.367	100.0	100.0	16.364	0.086	0.086	0.0857003195413796
Syncc9902_1048	hypothetical protein	0.036	0.009	0.243	100.0	100.0	18.64	0.04	0.046	0.126114384237852
Syncc9902_1049	hypothetical protein	0.239	0.049	0.203	100.0	100.0	13.675	0.221	0.239	0.300323407494479
Syncc9902_1050	3-dehydroquinate synthase	0.159	0.036	0.227	100.0	100.0	12.543	0.151	0.159	0.176951336340561
Syncc9902_1051	lactose transport system permease protein	0.108	0.021	0.196	100.0	100.0	13.911	0.103	0.108	0.126245354769045
Syncc9902_1052	Phosphoribosylaminoimidazole carboxylase, ATPase subunit (EC:4.1.1.21 )	0.109	0.024	0.224	100.0	100.0	16.039	0.114	0.109	0.0917077905687021
Syncc9902_1053	hypothetical protein	0.108	0.04	0.373	100.0	100.0	13.993	0.11	0.108	0.77507315161309
Syncc9902_1054	hypothetical protein	0.212	0.058	0.274	100.0	100.0	16.181	0.199	0.212	0.184881651639106
Syncc9902_1055	ATP-dependent Clp protease adaptor protein ClpS	0.103	0.022	0.212	100.0	100.0	14.859	0.094	0.103	1.09322480745272
Syncc9902_1056	cytochrome b6-f complex subunit VIII	0.196	0.024	0.125	100.0	100.0	17.937	0.195	0.196	0.0
Syncc9902_1057	hypothetical protein	0.387	0.075	0.195	84.36	99.93	8.474	0.411	0.398	0.430032716018344
Syncc9902_1058	hypothetical protein	0.128	0.033	0.259	90.59	100.0	14.23	0.12	0.129	0.381142067349939
Syncc9902_1059	ATP-dependent Clp protease proteolytic subunit (EC:3.4.21.92 )	0.04	0.012	0.306	92.59	100.0	16.737	0.043	0.04	0.0124179653582514
Syncc9902_1060	hypothetical protein	0.208	0.037	0.18	93.33	100.0	8.145	0.208	0.208	0.96055607753071
Syncc9902_1061	Peptidase M41, FtsH (EC:3.6.4.6 )	0.03	0.01	0.336	95.65	100.0	15.288	0.032	0.032	0.0362251430076409
Syncc9902_1062	possible ABC transporter	0.027	0.006	0.226	93.74	100.0	13.57	0.028	0.027	0.0432949848147347
Syncc9902_1063	pyruvate kinase (EC:2.7.1.40 )	0.064	0.013	0.198	92.36	100.0	10.095	0.068	0.064	0.178340979161964
Syncc9902_1064	hypothetical protein	0.113	0.014	0.125	100.0	100.0	9.724	0.113	0.113	0.0536135419021462
Syncc9902_1065	hypothetical protein	0.11	0.027	0.244	85.77	100.0	9.728	0.106	0.11	0.117790897905867
Syncc9902_1066	hypothetical protein	0.041	0.013	0.304	100.0	100.0	14.418	0.029	0.041	0.154174631559475
Syncc9902_1067	putative transcriptional regulator	0.091	0.019	0.211	100.0	100.0	9.992	0.088	0.091	0.0878318127012327
Syncc9902_1068	threonine dehydratase	0.077	0.012	0.156	71.7	100.0	5.658	0.073	0.083	0.220146569339585
Syncc9902_1069	1-deoxy-D-xylulose-5-phosphate synthase	0.065	0.013	0.207	81.63	100.0	7.464	0.059	0.068	0.0695249108147573
Syncc9902_1070	hypothetical protein	0.184	0.037	0.203	54.21	98.8	4.357	0.194	0.186	0.204441718182659
Syncc9902_1071	possible photosystem I reaction center subunit X	0.0	0.0	0.213	28.15	100.0	3.726	0.032	0.0	0.096061479346782
Syncc9902_1072	hypothetical protein	0.063	0.014	0.227	100.0	100.0	9.552	0.064	0.063	0.0411524978089395
Syncc9902_1073	hypothetical protein	0.014	0.002	0.151	78.26	100.0	5.493	0.014	0.014	0.995978199922875
Syncc9902_1074	hypothetical protein	0.224	0.04	0.181	91.29	100.0	7.651	0.231	0.224	0.34863459325719
Syncc9902_1075	ATPase	0.16	0.031	0.196	95.08	100.0	10.614	0.169	0.16	0.193776008854629
Syncc9902_1076	ABC transporter, likely for trehalose/maltose, membrane component	0.098	0.018	0.185	100.0	100.0	9.885	0.089	0.098	0.199213906551889
Syncc9902_1077	ABC transporter possibly for trehalose/maltose, membrane component	0.095	0.024	0.252	100.0	100.0	14.797	0.103	0.095	0.167851215866286
Syncc9902_1078	ABC transporter, likely sugar solute binding protein	0.179	0.041	0.23	100.0	100.0	18.455	0.179	0.179	0.183243237644699
Syncc9902_1079	Glucosylglycerol-phosphate synthase (EC:2.4.1.213 )	0.058	0.019	0.326	100.0	100.0	18.121	0.058	0.063	0.040121867985653
Syncc9902_1080	alkyl hydroperoxide reductase/thiol specific antioxidant/Mal allergens family protein	0.092	0.028	0.308	100.0	100.0	20.888	0.113	0.092	0.0434379055585781
Syncc9902_1081	50S ribosomal protein L28	0.008	0.002	0.235	100.0	100.0	19.747	0.008	0.022	1.29650429333008
Syncc9902_1082	heat shock protein 90	0.043	0.013	0.291	100.0	100.0	16.443	0.042	0.043	0.0948020120292344
Syncc9902_1083	hypothetical protein	0.216	0.07	0.322	100.0	100.0	15.033	0.227	0.222	0.254775719353489
Syncc9902_1084	ferredoxin	0.083	0.02	0.243	100.0	100.0	14.658	0.084	0.083	1.16026843011848
Syncc9902_1085	Histidine--tRNA ligase (EC:6.1.1.21 )	0.132	0.031	0.233	100.0	100.0	8.534	0.129	0.132	0.557927281210327
Syncc9902_1086	Inositol-1(or 4)-monophosphatase (EC:3.1.3.25 )	0.108	0.026	0.245	92.45	100.0	12.935	0.107	0.108	0.194922918300402
Syncc9902_1087	ferredoxin	0.049	0.014	0.291	100.0	100.0	10.749	0.06	0.049	0.35796283772599
Syncc9902_1088	hypothetical protein	0.095	0.036	0.381	100.0	100.0	19.472	0.098	0.095	0.137587189773415
Syncc9902_1089	Phosphate transport system permease protein 1	0.064	0.023	0.36	91.09	100.0	10.523	0.065	0.112	0.0339568609373257
Syncc9902_1090	Phosphate transport system permease protein 2	0.095	0.032	0.333	97.27	100.0	10.09	0.097	0.124	0.114065262300341
Syncc9902_1091	Phosphate ABC transporter, permease protein PstC	0.112	0.036	0.317	100.0	100.0	13.561	0.107	0.12	0.104990023688827
Syncc9902_1092	molecular chaperone DnaK, heat shock protein HSP70	0.033	0.008	0.237	74.65	100.0	7.7	0.036	0.033	0.0266293086275258
Syncc9902_1093	Heat shock protein DnaJ-like	0.092	0.021	0.231	100.0	100.0	10.73	0.096	0.092	0.184596947919553
Syncc9902_1094	hypothetical protein	0.13	0.031	0.237	100.0	100.0	10.201	0.146	0.13	0.0877139730883444
Syncc9902_1095	hypothetical protein	0.097	0.015	0.155	67.09	100.0	5.717	0.097	0.097	0.114248642782793
Syncc9902_1096	Methylthioadenosine phosphorylase (EC:2.4.2.28 )	0.107	0.025	0.23	83.0	100.0	9.245	0.115	0.107	0.633527612935739
Syncc9902_1097	Peptidylprolyl isomerase (EC:5.2.1.8 )	0.025	0.004	0.164	100.0	100.0	10.941	0.024	0.025	0.0261251691656576
Syncc9902_1098	bifunctional 3,4-dihydroxy-2-butanone 4-phosphate synthase/GTP cyclohydrolase II protein (EC:3.5.4.25 )	0.092	0.022	0.242	87.4	100.0	7.406	0.09	0.09	0.12328461465471
Syncc9902_1099	N-acetyl-gamma-glutamyl-phosphate reductase (EC:1.2.1.38 )	0.067	0.016	0.235	90.42	100.0	7.613	0.078	0.067	0.10636878127732
Syncc9902_1100	phosphoribosylglycinamide formyltransferase	0.148	0.026	0.174	93.65	100.0	8.267	0.151	0.149	0.62266936542768
Syncc9902_1101	hypothetical protein	0.172	0.03	0.175	66.95	98.88	7.062	0.173	0.172	0.164269726219443
Syncc9902_1102	PDZ/DHR/GLGF	0.146	0.024	0.165	67.55	100.0	5.203	0.139	0.146	0.105627204433437
Syncc9902_1103	N-acetylmuramoyl-L-alanine amidase, family 2	0.142	0.025	0.179	43.69	100.0	4.655	0.117	0.142	0.200458951469478
Syncc9902_1104	possible DnaB-like helicase	0.115	0.02	0.172	88.63	100.0	8.401	0.114	0.115	0.61336773715974
Syncc9902_1105	glucose-6-phosphate isomerase (EC:5.3.1.9 )	0.054	0.013	0.25	84.87	100.0	8.253	0.056	0.054	0.0706868689663718
Syncc9902_1106	Leucyl-tRNA synthetase class Ia	0.125	0.025	0.201	91.79	100.0	8.637	0.128	0.125	0.124281963647341
Syncc9902_1107	Diaminopimelate epimerase (EC:5.1.1.7 )	0.101	0.023	0.224	79.49	100.0	7.076	0.104	0.114	0.174481535677121
Syncc9902_1108	possible cysteine desulfurase (class-V aminotransferase family)	0.229	0.042	0.181	91.01	100.0	6.898	0.233	0.229	0.288267166958399
Syncc9902_1109	hypothetical protein	0.093	0.021	0.223	69.32	100.0	6.717	0.113	0.093	0.118786472577612
Syncc9902_1110	hypothetical protein	0.207	0.042	0.204	91.18	100.0	11.543	0.194	0.207	0.323328202733819
Syncc9902_1111	Peptidase S13, D-Ala-D-Ala carboxypeptidase C	0.15	0.035	0.232	90.35	100.0	13.718	0.153	0.15	0.139616250928687
Syncc9902_1112	hypothetical protein	0.059	0.014	0.235	96.89	100.0	11.008	0.058	0.059	0.449777251128409
Syncc9902_1113	Coenzyme A biosynthesis protein (EC:2.7.7.3 )	0.076	0.014	0.183	100.0	100.0	8.23	0.073	0.076	0.668411215049156
Syncc9902_1114	hypothetical protein	0.038	0.01	0.251	100.0	100.0	11.708	0.038	0.049	0.043446025829494
Syncc9902_1115	excinuclease ABC subunit C	0.05	0.012	0.248	97.35	100.0	11.41	0.054	0.051	0.0724764088618057
Syncc9902_1116	hypothetical protein	0.123	0.027	0.216	98.96	100.0	8.306	0.13	0.123	0.553476958871818
Syncc9902_1117	photolyase protein family	0.129	0.031	0.239	91.3	100.0	9.696	0.129	0.127	0.100218783084402
Syncc9902_1118	hypothetical protein	0.066	0.015	0.232	100.0	100.0	11.717	0.069	0.066	0.0420809786279062
Syncc9902_1119	Phosphoesterase PHP-like	0.149	0.038	0.253	97.22	100.0	10.86	0.142	0.15	0.117879325829094
Syncc9902_1120	hypothetical protein	0.15	0.031	0.208	100.0	100.0	14.854	0.121	0.15	0.18450166674245
Syncc9902_1121	Cobaltochelatase, CobN subunit (EC:6.6.1.2 )	0.153	0.037	0.241	79.85	100.0	9.228	0.144	0.156	0.140011471204115
Syncc9902_1122	branched-chain amino acid aminotransferase	0.034	0.007	0.215	82.95	100.0	6.591	0.033	0.034	0.0176660268449805
Syncc9902_1123	5-methyltetrahydrofolate--homocysteine methyltransferase	0.056	0.017	0.308	100.0	100.0	13.925	0.057	0.056	0.0587432983657006
Syncc9902_1124	hypothetical protein	0.149	0.042	0.28	100.0	100.0	15.088	0.167	0.149	0.0892282710172694
Syncc9902_1125	hypothetical protein	0.128	0.021	0.164	100.0	100.0	19.1	0.128	0.127	0.201026783078843
Syncc9902_1126	hypothetical protein	0.114	0.025	0.215	100.0	100.0	24.202	0.112	0.124	0.159676787886053
Syncc9902_1127	possible CsgA C-factor signaling protein	0.141	0.041	0.289	100.0	100.0	18.521	0.137	0.149	0.330395064501479
Syncc9902_1128	hypothetical protein	0.219	0.058	0.266	100.0	100.0	17.766	0.215	0.219	0.15784580304967
Syncc9902_1129	possible ATP adenylyltransferase	0.182	0.059	0.325	100.0	100.0	13.986	0.198	0.195	0.137211324632608
Syncc9902_1130	possible type 3 alternative RNA polymerase sigma factor	0.231	0.056	0.243	63.45	100.0	7.097	0.234	0.297	0.300107145482416
Syncc9902_1131	hypothetical protein	0.161	0.043	0.266	96.3	100.0	11.918	0.158	0.16	0.219598848643337
Syncc9902_1132	possible DnaJ domain	0.126	0.037	0.289	95.71	100.0	14.718	0.124	0.133	0.135384584781297
Syncc9902_1133	allophycocyanin alpha-B chain	0.02	0.006	0.282	100.0	100.0	16.513	0.026	0.02	0.325199382653657
Syncc9902_1134	23S rRNA methyltransferase/RumA	0.152	0.04	0.264	99.29	100.0	13.472	0.149	0.149	0.219121114513645
Syncc9902_1135	phenylalanyl-tRNA synthetase, beta subunit	0.128	0.029	0.226	99.96	100.0	11.729	0.137	0.13	0.161719562233842
Syncc9902_1136	50S ribosomal protein L33	0.0	0.0	0.059	100.0	100.0	11.527	0.0	0.0	0.0
Syncc9902_1137	30S ribosomal protein S18	0.009	0.002	0.224	100.0	100.0	15.081	0.0	0.009	0.0
Syncc9902_1138	Exoribonuclease II (EC:3.1.13.1 )	0.182	0.035	0.194	93.19	100.0	9.916	0.184	0.2	0.251856776569606
Syncc9902_1139	hypothetical protein	0.198	0.046	0.231	84.23	94.52	9.298	0.19	0.201	0.2242805653795
Syncc9902_1140	methionine--tRNA ligase	0.093	0.03	0.319	100.0	100.0	14.788	0.092	0.095	0.0630269227188907
Syncc9902_1141	hypothetical protein	0.249	0.081	0.324	100.0	100.0	14.573	0.253	0.251	0.226846546073856
Syncc9902_1142	hypothetical protein	0.189	0.047	0.247	100.0	100.0	19.632	0.188	0.207	0.253809464846983
Syncc9902_1143	hypothetical protein	0.13	0.043	0.331	100.0	100.0	22.042	0.127	0.13	0.168844223861413
Syncc9902_1144	hypothetical protein	0.101	0.037	0.364	100.0	100.0	30.041	0.102	0.103	0.130738798198034
Syncc9902_1145	proton extrusion protein PcxA	0.086	0.035	0.404	100.0	100.0	19.609	0.082	0.086	0.075655484837023
Syncc9902_1146	putative cobinamide kinase	0.302	0.092	0.306	96.26	100.0	17.198	0.3	0.3	0.241373452894503
Syncc9902_1147	putative tRNA/rRNA methyltransferase (SpoU family)	0.109	0.039	0.356	100.0	100.0	24.537	0.108	0.109	0.109402545577751
Syncc9902_1148	Peptidoglycan-binding LysM	0.143	0.047	0.328	99.91	100.0	17.225	0.14	0.142	0.111212131383246
Syncc9902_1149	hypothetical protein	0.116	0.04	0.341	100.0	100.0	15.912	0.131	0.116	1.12125638227178
Syncc9902_1150	thioredoxin peroxidase	0.016	0.005	0.315	100.0	100.0	29.399	0.016	0.016	0.0233289818180042
Syncc9902_1151	hypothetical protein	0.119	0.036	0.305	100.0	100.0	16.517	0.118	0.119	0.215253859513078
Syncc9902_1152	Peptidase M41, FtsH (EC:3.6.4.6 )	0.069	0.019	0.275	100.0	100.0	13.914	0.065	0.075	0.0595610324083982
Syncc9902_1153	50S ribosomal protein L32	0.056	0.012	0.222	86.44	100.0	6.514	0.056	0.056	0.0122222222222222
Syncc9902_1154	hypothetical protein	0.348	0.05	0.143	67.09	100.0	5.208	0.365	0.393	0.617460726848614
Syncc9902_1155	hypothetical protein	0.163	0.03	0.187	100.0	100.0	6.926	0.173	0.176	1.26916911173044
Syncc9902_1156	HAD-superfamily hydrolase subfamily IA, variant 3	0.238	0.044	0.185	96.16	100.0	8.208	0.237	0.238	0.188243583156009
Syncc9902_1157	RecJ exonuclease	0.11	0.024	0.215	77.3	100.0	7.796	0.116	0.11	0.119072725215255
Syncc9902_1158	hypothetical protein	0.236	0.046	0.195	89.33	100.0	9.216	0.249	0.236	0.366700588670229
Syncc9902_1159	hypothetical protein	0.085	0.016	0.184	100.0	100.0	11.499	0.087	0.085	0.0677759723403493
Syncc9902_1160	hypothetical protein	0.087	0.015	0.175	100.0	100.0	8.708	0.082	0.087	0.00739444569880334
Syncc9902_1161	RNA binding S1	0.147	0.044	0.3	98.22	100.0	11.989	0.15	0.152	0.148784927045835
Syncc9902_1162	3-octaprenyl-4-hydroxybenzoate carboxy-lyase	0.051	0.016	0.319	100.0	100.0	11.944	0.06	0.053	0.0498606593901712
Syncc9902_1163	hypothetical protein	0.284	0.036	0.126	84.18	100.0	6.341	0.306	0.343	0.404501852801693
Syncc9902_1164	hypothetical protein	0.06	0.018	0.299	100.0	100.0	10.252	0.064	0.06	0.0554946365090171
Syncc9902_1165	Magnesium-protoporphyrin IX monomethyl ester aerobic oxidative cyclase	0.04	0.017	0.41	99.72	100.0	14.54	0.042	0.04	0.0303100885489666
Syncc9902_1166	putative modulator of DNA gyrase; TldD	0.054	0.02	0.375	100.0	100.0	17.656	0.054	0.054	0.0332856847214742
Syncc9902_1167	possible modulator of DNA gyrase	0.061	0.022	0.361	100.0	100.0	21.975	0.061	0.063	0.0669694568695805
Syncc9902_1168	Methionyl-tRNA formyltransferase	0.198	0.047	0.237	100.0	100.0	19.273	0.198	0.221	0.154380447566947
Syncc9902_1169	hypothetical protein	0.165	0.033	0.202	100.0	100.0	17.329	0.165	0.168	0.085162956348161
Syncc9902_1170	hypothetical protein	0.15	0.033	0.217	100.0	100.0	17.791	0.161	0.157	0.251434340710533
Syncc9902_1171	TerC family protein	0.127	0.039	0.307	100.0	100.0	19.978	0.131	0.127	0.268229657649699
Syncc9902_1172	hypothetical protein	0.204	0.06	0.293	100.0	100.0	16.883	0.202	0.204	0.244664741423662
Syncc9902_1173	hypothetical protein	0.184	0.026	0.14	100.0	100.0	14.493	0.184	0.184	0.283210673184536
Syncc9902_1174	hypothetical protein	2.933	0.2	0.068	100.0	100.0	22.313	2.933	2.76	6.11668393778932
Syncc9902_1175	hypothetical protein	0.17	0.018	0.104	100.0	100.0	10.062	0.2	0.17	0.603441245430594
Syncc9902_1176	Transcription-repair coupling factor	0.05	0.017	0.329	97.6	100.0	17.851	0.052	0.053	0.0401806270206543
Syncc9902_1177	hypothetical protein	0.053	0.025	0.464	100.0	100.0	18.494	0.053	0.053	0.0846510044581132
Syncc9902_1178	Peptidase S41A, C-terminal protease (EC:3.4.21.102 )	0.122	0.041	0.338	100.0	100.0	19.635	0.115	0.131	0.14020343673971
Syncc9902_1179	4-hydroxy-3-methylbut-2-en-1-yl diphosphate synthase (EC:1.17.4.3 )	0.046	0.015	0.322	99.92	100.0	13.769	0.047	0.046	0.0699588443214069
Syncc9902_1180	Phage SPO1 DNA polymerase-related protein	0.196	0.032	0.161	60.11	99.11	6.188	0.211	0.196	0.390902129314125
Syncc9902_1181	hypothetical protein	0.249	0.052	0.208	85.32	100.0	9.174	0.222	0.249	1.457728523073
Syncc9902_1182	aminotransferase class-I	0.107	0.025	0.233	94.59	100.0	9.938	0.114	0.109	0.112702072074375
Syncc9902_1183	Phosphonate-binding periplasmic protein	0.136	0.032	0.238	100.0	100.0	15.693	0.136	0.161	0.189640437216087
Syncc9902_1184	ATPase	0.15	0.031	0.21	100.0	100.0	12.227	0.161	0.15	0.125740822913757
Syncc9902_1185	putative phosphonate ABC transporter	0.114	0.023	0.2	86.34	100.0	8.099	0.12	0.114	0.141199224935319
Syncc9902_1186	hypothetical protein	0.12	0.038	0.318	90.77	100.0	19.095	0.118	0.117	0.249758013238317
Syncc9902_1187	hypothetical protein	0.018	0.003	0.15	100.0	100.0	11.577	0.018	0.018	0.110854503464203
Syncc9902_1188	hypothetical protein	0.428	0.051	0.118	93.46	100.0	8.912	0.441	0.428	NaN
Syncc9902_1189	putative type III sigma factor	0.309	0.071	0.231	100.0	100.0	14.48	0.322	0.301	0.506503983161547
Syncc9902_1190	hypothetical protein	0.217	0.048	0.222	99.74	100.0	14.924	0.212	0.215	0.17284639514922
Syncc9902_1191	hypothetical protein	0.274	0.055	0.2	100.0	100.0	14.917	0.253	0.274	0.32022056367805
Syncc9902_1192	hypothetical protein	0.297	0.073	0.248	100.0	100.0	15.06	0.294	0.294	0.360610907844225
Syncc9902_1193	hypothetical protein	0.103	0.02	0.192	100.0	100.0	9.438	0.1	0.103	0.487371051357754
Syncc9902_1194	ATPase	0.168	0.041	0.242	100.0	100.0	11.534	0.168	0.168	0.141535273496039
Syncc9902_1195	possible 33kD chaperonin, heat shock protein HSP33	0.093	0.026	0.281	87.04	100.0	14.322	0.087	0.112	0.0860388603983687
Syncc9902_1196	hypothetical protein	0.114	0.034	0.299	100.0	100.0	13.932	0.111	0.118	0.363187828314137
Syncc9902_1197	hypothetical protein	0.224	0.065	0.288	100.0	100.0	13.597	0.236	0.228	0.0315238903025163
Syncc9902_1198	peptide chain release factor 3	0.042	0.012	0.292	100.0	100.0	13.417	0.041	0.042	0.0473032062526589
Syncc9902_1199	hypothetical protein	0.212	0.049	0.229	100.0	100.0	12.307	0.204	0.212	0.413787792624438
Syncc9902_1200	ribonucleotide reductase (class II)	0.06	0.018	0.305	97.49	100.0	13.383	0.065	0.06	0.0657972158229148
Syncc9902_1201	hypothetical protein	NaN	0.0	0.0	0.0	100.0	1.922	NaN	NaN	NaN
Syncc9902_1202	hypothetical protein	0.075	0.01	0.135	48.19	100.0	5.112	0.077	0.12	0.0
Syncc9902_1203	hypothetical protein	0.201	0.065	0.322	100.0	100.0	16.315	0.204	0.191	0.0964143460246099
Syncc9902_1204	hypothetical protein	0.13	0.016	0.122	100.0	100.0	11.732	0.13	0.13	0.00148118029739777
Syncc9902_1205	hypothetical protein	0.278	0.042	0.152	100.0	100.0	13.534	0.258	0.278	0.20465826157607
Syncc9902_1206	hypothetical protein	0.384	0.09	0.233	100.0	100.0	27.908	0.385	0.41	0.368022950054417
Syncc9902_1207	hypothetical protein	0.272	0.055	0.2	100.0	100.0	20.998	0.268	0.277	0.581409127852079
Syncc9902_1208	hypothetical protein	0.177	0.034	0.192	100.0	100.0	15.497	0.177	0.177	0.148058360235396
Syncc9902_1209	hypothetical protein	0.043	0.012	0.277	100.0	100.0	47.481	0.043	0.042	0.00519419952575485
Syncc9902_1210	hypothetical protein	0.333	0.095	0.285	100.0	100.0	29.486	0.326	0.327	0.355615823585787
Syncc9902_1211	hypothetical protein	0.198	0.04	0.203	100.0	100.0	18.895	0.188	0.198	0.248019655837263
Syncc9902_1212	hypothetical protein	0.263	0.074	0.28	100.0	100.0	31.324	0.275	0.256	0.567291468528581
Syncc9902_1213	putative short-chain dehydrogenase family protein	0.152	0.051	0.335	100.0	100.0	31.239	0.151	0.15	0.114822639072913
Syncc9902_1214	hypothetical protein	0.239	0.055	0.228	100.0	100.0	22.342	0.24	0.232	0.457428028845341
Syncc9902_1215	conserved hypothetical inner membrane protein	0.364	0.068	0.186	100.0	100.0	12.719	0.368	0.364	0.420733912153495
Syncc9902_1216	possible light-dependent protochlorophyllide oxido-reductase	0.229	0.056	0.246	100.0	100.0	15.926	0.235	0.229	0.187004197028693
Syncc9902_1217	hypothetical protein	0.144	0.033	0.227	100.0	100.0	15.846	0.145	0.144	0.168802137657465
Syncc9902_1218	putative cobalamin synthesis protein	0.112	0.026	0.235	99.19	100.0	11.72	0.113	0.116	0.098225064944921
Syncc9902_1219	hypothetical protein	0.068	0.015	0.226	100.0	100.0	12.437	0.069	0.068	0.34075247796268
Syncc9902_1220	putative uracil phosphoribosyltransferase	0.156	0.034	0.219	100.0	100.0	13.914	0.151	0.156	0.223641706228618
Syncc9902_1221	hypothetical protein	0.141	0.028	0.201	100.0	100.0	14.541	0.156	0.141	0.0841452611051525
Syncc9902_1222	dihydroxy-acid dehydratase (EC:4.2.1.9 )	0.06	0.015	0.25	100.0	100.0	15.237	0.06	0.06	0.0448015936063893
Syncc9902_1223	hypothetical protein	0.071	0.019	0.268	100.0	100.0	10.899	0.071	0.096	0.772028786369441
Syncc9902_1224	hypothetical protein	0.078	0.024	0.311	100.0	100.0	21.75	0.08	0.078	0.14867943904861
Syncc9902_1225	6-phosphogluconolactonase	0.124	0.03	0.239	100.0	100.0	16.691	0.125	0.124	0.201586313793928
Syncc9902_1226	6-phosphogluconate dehydrogenase	0.051	0.015	0.3	100.0	100.0	20.371	0.051	0.051	0.0500740095680317
Syncc9902_1227	glucose-1-phosphate adenylyltransferase (EC:2.7.7.27 )	0.03	0.011	0.358	100.0	100.0	17.366	0.034	0.03	0.0567525202464817
Syncc9902_1228	glutamyl-tRNA reductase	0.05	0.016	0.323	100.0	100.0	19.749	0.05	0.05	0.0411395419811278
Syncc9902_1229	GlpX	0.042	0.013	0.324	100.0	100.0	26.907	0.042	0.042	0.0942651654596364
Syncc9902_1230	ribulose-phosphate 3-epimerase (EC:5.1.3.1 )	0.047	0.023	0.492	100.0	100.0	19.716	0.046	0.05	0.0117992860725815
Syncc9902_1231	possible heme transporter	0.061	0.03	0.488	100.0	100.0	38.157	0.058	0.064	0.0668810777461437
Syncc9902_1232	possible permease	0.09	0.043	0.477	100.0	100.0	40.485	0.088	0.103	0.10000952350444
Syncc9902_1233	ATPase	0.085	0.034	0.399	100.0	100.0	27.697	0.087	0.085	0.0791409706697325
Syncc9902_1234	hypothetical protein	0.164	0.065	0.395	100.0	100.0	33.141	0.168	0.163	0.142147068568333
Syncc9902_1235	hypothetical protein	0.163	0.062	0.38	100.0	100.0	27.934	0.177	0.171	0.119673914212419
Syncc9902_1236	GTP-binding protein TypA	0.029	0.007	0.234	99.89	100.0	13.074	0.03	0.028	0.0221273195677674
Syncc9902_1237	putative peptidase U32 family protein	0.199	0.026	0.131	59.74	100.0	5.847	0.197	0.199	0.156246874925033
Syncc9902_1238	putative carboxypeptidase	0.111	0.021	0.192	100.0	100.0	12.353	0.121	0.111	0.213253371107846
Syncc9902_1239	Geranylgeranyl reductase	0.033	0.008	0.258	100.0	100.0	13.272	0.033	0.032	0.02332792273622
Syncc9902_1240	hypothetical protein	0.277	0.028	0.102	100.0	100.0	6.57	0.319	0.236	2.14819831228898
Syncc9902_1241	Glycyl-tRNA synthetase, beta subunit (EC:6.1.1.14 )	0.137	0.026	0.191	70.87	100.0	6.722	0.146	0.147	0.269009815906369
Syncc9902_1242	Sulfite reductase, ferredoxin dependent	0.052	0.011	0.218	84.17	100.0	8.026	0.058	0.064	0.0604670110663342
Syncc9902_1243	D-ala-D-ala dipeptidase	0.236	0.051	0.215	95.08	100.0	8.759	0.247	0.236	0.563042965962605
Syncc9902_1244	ATP-dependent DNA helicase RecG	0.1	0.017	0.173	85.94	98.94	9.664	0.107	0.102	0.251803649241484
Syncc9902_1245	hypothetical protein	0.23	0.045	0.195	93.75	100.0	12.943	0.231	0.253	0.523621170968326
Syncc9902_1246	elongation factor Ts	0.038	0.01	0.25	99.85	100.0	11.233	0.034	0.038	0.0936223332736907
Syncc9902_1247	30S ribosomal protein S2	0.014	0.003	0.227	100.0	100.0	13.771	0.014	0.014	0.226568822850636
Syncc9902_1248	possible glycosyltransferase	0.074	0.017	0.228	100.0	100.0	11.3	0.069	0.073	0.0482201695189236
Syncc9902_1249	hypothetical protein	0.0	0.0	0.369	100.0	100.0	11.91	0.0	0.0	1.12611221095997
Syncc9902_1250	ATPase	0.116	0.03	0.259	100.0	100.0	13.14	0.117	0.116	0.135780158897507
Syncc9902_1251	DevC protein	0.046	0.007	0.162	82.65	100.0	7.097	0.056	0.046	0.163195124250673
Syncc9902_1252	possible ABC transporter component	0.154	0.025	0.159	74.32	100.0	6.358	0.153	0.154	0.262320937260289
Syncc9902_1253	phycocyanobilin:ferredoxin oxidoreductase	0.241	0.039	0.163	24.29	100.0	3.543	0.23	0.198	0.398127933555393
Syncc9902_1254	possible Zn-dependent peptidase	0.067	0.012	0.183	41.73	92.74	3.861	0.074	0.063	0.0386156802628487
Syncc9902_1255	possible Zn-dependent peptidase	0.176	0.026	0.148	39.79	100.0	4.274	0.161	0.176	0.198602916432542
Syncc9902_1256	hypothetical protein	0.067	0.004	0.063	38.25	100.0	3.432	0.067	0.067	NaN
Syncc9902_1257	BioY protein	0.125	0.022	0.177	72.63	100.0	6.479	0.108	0.14	0.184065191262529
Syncc9902_1258	Peptidase A8, signal peptidase II	0.272	0.028	0.102	71.07	100.0	5.763	0.194	0.252	0.500086464312774
Syncc9902_1259	Peptidoglycan glycosyltransferase (EC:2.4.1.129 )	0.175	0.02	0.115	15.35	98.96	2.885	0.189	0.175	0.127750137883042
Syncc9902_1260	hypothetical protein	0.144	0.025	0.172	66.29	99.25	6.05	0.152	0.144	0.196215957958631
Syncc9902_1261	pyridoxal-dependent decarboxylase family protein	0.167	0.026	0.157	57.37	100.0	5.007	0.18	0.167	0.183385144498343
Syncc9902_1262	cytidine/deoxycytidylate deaminase family protein	0.094	0.019	0.201	91.44	100.0	6.514	0.077	0.094	0.0570033127534006
Syncc9902_1263	serine:pyruvate/alanine:glyoxylate aminotransferase	0.054	0.011	0.197	77.55	100.0	6.198	0.065	0.062	0.0164536527278251
Syncc9902_1264	phycobilisome core component-allophycocyanin beta-18 subunit	0.058	0.012	0.202	77.33	100.0	10.124	0.052	0.058	0.157155524521705
Syncc9902_1265	Glutamine synthetase type I (EC:6.3.1.2 )	0.014	0.003	0.198	79.54	100.0	7.733	0.014	0.014	0.0210422627576241
Syncc9902_1266	generic methyl-transferase	0.069	0.016	0.231	80.73	100.0	7.454	0.07	0.075	0.109655217563672
Syncc9902_1267	hypothetical protein	0.081	0.017	0.215	57.41	100.0	5.318	0.082	0.081	0.0851199099160133
Syncc9902_1268	hypothetical protein	0.513	0.068	0.133	48.57	100.0	4.375	0.343	0.513	0.290736318786817
Syncc9902_1269	hypothetical protein	0.07	0.012	0.171	77.65	100.0	5.914	0.064	0.07	0.102755284941928
Syncc9902_1270	putative anti-sigma regulatory factor (serine/threonine protein kinase)	0.11	0.016	0.148	100.0	100.0	6.498	0.097	0.11	0.173615739712163
Syncc9902_1271	hypothetical protein	0.069	0.013	0.186	55.42	94.17	4.667	0.084	0.069	0.155249810486555
Syncc9902_1272	Rhodanese-like	0.122	0.024	0.195	99.62	100.0	10.174	0.135	0.122	0.105701679364914
Syncc9902_1273	putative photosystem II reaction center Psb28 protein	0.069	0.012	0.176	94.95	100.0	8.601	0.069	0.069	0.0117308335146751
Syncc9902_1274	hypothetical protein	0.102	0.021	0.201	89.63	100.0	8.583	0.109	0.102	0.173020469745933
Syncc9902_1275	hypothetical protein	0.043	0.01	0.246	99.29	100.0	12.42	0.047	0.042	0.0823713987067984
Syncc9902_1276	hypothetical protein	0.193	0.053	0.273	100.0	100.0	21.518	0.2	0.193	0.188028871305953
Syncc9902_1277	hypothetical protein	0.238	0.066	0.277	100.0	100.0	29.018	0.236	0.238	1.47584885382292
Syncc9902_1278	SecF protein	0.097	0.025	0.262	100.0	100.0	23.512	0.095	0.097	0.130266835661238
Syncc9902_1279	SecD export membrane protein	0.068	0.018	0.263	100.0	100.0	21.18	0.066	0.069	0.0915126250806667
Syncc9902_1280	pyruvate dehydrogenase E1 beta subunit	0.03	0.006	0.185	100.0	100.0	13.06	0.033	0.029	0.169350888362492
Syncc9902_1281	hypothetical protein	0.16	0.026	0.164	100.0	100.0	11.863	0.161	0.16	0.277081776612293
Syncc9902_1282	4-diphosphocytidyl-2C-methyl-D-erythritol kinase (EC:2.7.1.148 )	0.203	0.042	0.207	100.0	100.0	18.618	0.208	0.203	0.271299936830024
Syncc9902_1283	16S rRNA dimethylase	0.144	0.031	0.212	100.0	100.0	21.716	0.154	0.142	0.299933085176071
Syncc9902_1284	hypothetical protein	0.296	0.051	0.173	100.0	100.0	15.279	0.316	0.296	0.199917233199608
Syncc9902_1285	hypothetical protein	0.093	0.019	0.203	100.0	100.0	18.337	0.093	0.095	0.0985384551203062
Syncc9902_1286	hypothetical protein	0.13	0.027	0.21	93.43	100.0	13.148	0.148	0.174	0.159666564472552
Syncc9902_1287	hypothetical protein	0.099	0.016	0.165	100.0	100.0	17.034	0.099	0.105	0.091847910717821
Syncc9902_1288	hypothetical protein	0.188	0.06	0.321	14.92	44.52	1.838	0.199	0.263	0.16039499385768
Syncc9902_1289	hypothetical protein	0.192	0.043	0.226	50.0	100.0	4.348	0.193	0.24	0.0748292685010171
Syncc9902_1290	hypothetical protein	0.317	0.066	0.208	100.0	100.0	17.089	0.322	0.351	0.305124566212337
Syncc9902_1291	putative SOS mutagenesis protein UmuD	0.095	0.023	0.236	73.87	100.0	5.698	0.093	0.095	0.0726854974762614
Syncc9902_1292	DNA-directed DNA polymerase (EC:2.7.7.7 )	0.083	0.012	0.148	100.0	100.0	12.935	0.08	0.083	0.067255393388637
Syncc9902_1293	hypothetical protein	0.129	0.03	0.232	100.0	100.0	15.734	0.127	0.133	0.0843051085535418
Syncc9902_1294	hypothetical protein	0.103	0.025	0.244	100.0	100.0	12.083	0.094	0.097	1.38696199665189
Syncc9902_1295	DNA primase	0.039	0.006	0.159	94.37	100.0	10.93	0.043	0.038	0.0558030035574579
Syncc9902_1296	hypothetical protein	0.146	0.027	0.182	91.75	100.0	6.161	0.159	0.148	0.172676150026517
Syncc9902_1297	hypothetical protein	0.121	0.028	0.233	90.1	100.0	8.905	0.122	0.121	0.478972539093215
Syncc9902_1298	DNA recombination protein, RuvA	0.064	0.011	0.17	100.0	100.0	10.676	0.064	0.064	0.0290401915870692
Syncc9902_1299	Ribosomal protein S15	0.06	0.014	0.226	100.0	100.0	9.196	0.083	0.06	0.00840196752475221
Syncc9902_1300	hypothetical protein	0.146	0.031	0.211	100.0	100.0	8.121	0.14	0.146	0.120276751642335
Syncc9902_1301	DNA polymerase III subunit alpha (EC:2.7.7.7 )	0.056	0.012	0.208	86.87	100.0	8.417	0.056	0.056	0.070611474410113
Syncc9902_1302	Glutamyl-tRNA(Gln) amidotransferase A subunit (EC:3.5.1.4 )	0.046	0.007	0.146	52.3	100.0	5.028	0.056	0.063	0.0487031680736137
Syncc9902_1303	hypothetical protein	0.146	0.023	0.16	44.81	100.0	4.533	0.147	0.146	NaN
Syncc9902_1304	RNA methyltransferase TrmH, group 3	0.04	0.004	0.113	16.03	92.5	3.271	0.037	0.169	0.314430434844112
Syncc9902_1305	hypothetical protein	0.123	0.012	0.096	47.22	100.0	4.356	0.123	0.123	0.0954912351992792
Syncc9902_1306	anti-anti-sigma regulatory factor, SpoIIAA	0.087	0.017	0.198	80.36	100.0	5.724	0.084	0.105	0.0537868654182038
Syncc9902_1307	carbamoyl-phosphate synthase small subunit	0.2	0.026	0.132	36.26	100.0	4.261	0.192	0.144	0.14813163776356
Syncc9902_1308	Anthranilate phosphoribosyl transferase (EC:2.4.2.18 )	0.049	0.005	0.102	27.65	100.0	3.513	0.045	0.049	0.227251351142976
Syncc9902_1309	ATPase	0.077	0.011	0.149	88.26	100.0	7.037	0.071	0.077	0.0860402169353703
Syncc9902_1310	putative regulator	0.053	0.004	0.068	100.0	100.0	6.898	0.053	0.053	0.0
Syncc9902_1311	Methionine sulfoxide reductase A (EC:1.8.4.6 )	0.108	0.024	0.217	95.24	100.0	11.924	0.105	0.108	0.0880344745251677
Syncc9902_1312	hypothetical protein	0.161	0.017	0.104	84.66	100.0	7.324	0.158	0.161	0.0776723758873204
Syncc9902_1313	Periplasmic phosphate binding protein	0.129	0.021	0.164	66.77	100.0	5.911	0.134	0.127	0.128203789038077
Syncc9902_1314	hypothetical protein	0.266	0.03	0.113	100.0	100.0	11.343	0.266	0.336	0.0630279285738673
Syncc9902_1315	Exonuclease	0.128	0.015	0.119	90.58	100.0	6.105	0.133	0.128	0.156981042898335
Syncc9902_1316	putative bacterioferritin comigratory protein	0.221	0.031	0.142	38.82	92.32	4.272	0.238	0.221	0.278176347762572
Syncc9902_1317	hypothetical protein	0.086	0.01	0.122	43.25	100.0	4.182	0.107	0.086	0.196541317983402
Syncc9902_1318	Acetate--CoA ligase	0.019	0.002	0.125	18.6	96.74	2.647	0.019	0.019	0.284311331241499
Syncc9902_1319	HAD-superfamily hydrolase subfamily IA, variant 3	0.189	0.023	0.123	27.12	88.33	3.441	0.197	0.189	0.321177930641035
Syncc9902_1320	Trans-hexaprenyltranstransferase (EC:2.5.1.30 )	0.079	0.021	0.264	25.1	100.0	3.682	0.086	0.079	0.266867242888514
Syncc9902_1321	Glutamate racemase (EC:5.1.1.3 )	0.202	0.022	0.107	22.43	95.44	2.929	0.131	0.202	0.414729675838888
Syncc9902_1322	N-acetylmuramoyl-L-alanine amidase (EC:3.5.1.28 )	0.0	0.0	0.064	13.79	84.29	2.22	0.055	0.0	0.0113484646194927
Syncc9902_1323	possible nitrilase	0.026	0.004	0.173	25.79	98.05	3.182	0.025	0.026	0.00414423808104163
Syncc9902_1324	2-phosphosulfolactate phosphatas (EC:3.1.3.71 )	NaN	0.0	0.0	0.0	60.93	1.105	NaN	NaN	1.92284739939245
Syncc9902_1325	Carboxylyase-related protein	0.076	0.022	0.283	17.72	92.19	2.396	0.075	0.076	0.0502352074478673
Syncc9902_1326	3-phosphoshikimate 1-carboxyvinyltransferase	0.109	0.018	0.161	22.22	91.63	3.613	0.103	0.109	0.077063950065326
Syncc9902_1327	hypothetical protein	NaN	0.0	0.0	0.2	100.0	2.4	NaN	NaN	0.339185635840323
Syncc9902_1328	UDP-N-acetylglucosamine pyrophosphorylase (EC:2.7.7.23 )	0.082	0.012	0.148	25.13	100.0	3.354	0.078	0.082	0.052785488498484
Syncc9902_1329	UDP-N-acetylmuramoylalanyl-D-glutamyl-2, 6-diaminopimelate-D-alanyl-D-alanyl ligase	0.174	0.028	0.161	13.56	97.85	2.561	0.19	0.174	0.22216852159699
Syncc9902_1330	hypothetical protein	0.1	0.031	0.312	4.12	99.87	2.793	0.178	0.1	0.52486050078999
Syncc9902_1331	glycogen synthase	0.047	0.008	0.173	39.82	100.0	4.767	0.046	0.047	0.0399766847401508
Syncc9902_1332	hypothetical protein	0.067	0.011	0.172	7.33	69.78	1.888	0.058	0.067	0.420490232916301
Syncc9902_1333	Naphthoate synthase	0.049	0.004	0.092	11.95	98.16	2.661	0.049	0.049	0.0318704177795751
Syncc9902_1334	Menaquinone biosynthesis protein (EC:2.5.1.64 )	0.111	0.017	0.155	33.74	78.03	3.607	0.11	0.111	0.242445922489752
Syncc9902_1335	Peptidase S26A, signal peptidase I (EC:3.4.21.89 )	0.11	0.021	0.19	54.28	90.83	4.254	0.111	0.11	0.0769086254808075
Syncc9902_1336	hypothetical protein	0.052	0.011	0.202	100.0	100.0	8.228	0.043	0.052	0.0570225394774616
Syncc9902_1337	hypothetical protein	0.25	0.049	0.197	97.67	100.0	7.996	0.252	0.252	0.574049144338854
Syncc9902_1338	hypothetical protein	0.172	0.032	0.183	91.52	100.0	10.493	0.167	0.171	0.231457761937875
Syncc9902_1339	Naringenin-chalcone synthase (EC:2.3.1.74 )	0.23	0.052	0.224	92.4	100.0	10.308	0.233	0.231	0.336466752433975
Syncc9902_1340	hypothetical protein	0.181	0.04	0.219	100.0	100.0	12.12	0.176	0.174	0.245395604523355
Syncc9902_1341	hypothetical protein	0.154	0.03	0.196	100.0	100.0	11.086	0.16	0.154	0.43994262833911
Syncc9902_1342	hypothetical protein	0.214	0.028	0.131	84.8	100.0	7.452	0.216	0.269	0.373348285825401
Syncc9902_1343	hypothetical protein	0.092	0.037	0.402	100.0	100.0	15.755	0.094	0.099	0.0796414858358774
Syncc9902_1344	hypothetical protein	0.234	0.057	0.243	92.16	100.0	12.762	0.263	0.23	0.168480755081186
Syncc9902_1345	hypothetical protein	0.073	0.023	0.308	100.0	100.0	16.023	0.076	0.074	0.102468121048446
Syncc9902_1346	zeta-carotene desaturase-like	0.157	0.036	0.23	100.0	100.0	15.117	0.153	0.158	0.254409204856335
Syncc9902_1347	hypothetical protein	0.408	0.073	0.179	87.27	100.0	11.188	0.394	0.55	1.14540191625281
Syncc9902_1348	hypothetical protein	0.144	0.04	0.278	100.0	100.0	24.243	0.136	0.141	0.154219993445601
Syncc9902_1349	hypothetical protein	0.206	0.062	0.299	100.0	100.0	19.923	0.227	0.206	0.179267550456455
Syncc9902_1350	hypothetical protein	0.235	0.03	0.128	100.0	100.0	10.554	0.234	0.217	2.2525129454767
Syncc9902_1351	Rare lipoprotein A	0.387	0.084	0.218	100.0	100.0	22.121	0.394	0.399	0.318269284778387
Syncc9902_1352	oxidoreductase	0.097	0.028	0.283	100.0	100.0	28.434	0.095	0.101	0.359607596282323
Syncc9902_1353	metal-binding protein-like	0.35	0.095	0.272	100.0	100.0	26.191	0.365	0.412	0.520890204203894
Syncc9902_1354	hypothetical protein	0.142	0.034	0.242	100.0	100.0	18.226	0.142	0.138	0.0696517412935323
Syncc9902_1355	hypothetical protein	0.146	0.03	0.208	100.0	100.0	22.222	0.154	0.146	0.192638200737623
Syncc9902_1356	pterin-4-alpha-carbinolamine dehydratase	0.114	0.024	0.208	100.0	100.0	17.815	0.119	0.121	0.0980435506577044
Syncc9902_1357	hypothetical protein	0.419	0.021	0.049	100.0	100.0	13.349	0.42	0.447	0.946372827660588
Syncc9902_1358	5-oxoprolinase (ATP-hydrolyzing) (EC:3.5.2.9 )	0.203	0.046	0.225	94.89	100.0	12.705	0.199	0.218	0.308444093859925
Syncc9902_1359	possible permease	0.097	0.029	0.295	93.72	100.0	14.852	0.101	0.105	0.165653112211684
Syncc9902_1360	hypothetical protein	0.13	0.033	0.25	73.7	91.74	8.281	0.145	0.13	0.177982536798478
Syncc9902_1361	hypothetical protein	0.195	0.029	0.15	87.8	100.0	7.424	0.208	0.195	0.258892237707826
Syncc9902_1362	hypothetical protein	0.326	0.028	0.086	28.76	100.0	4.143	0.313	0.277	0.270502012201664
Syncc9902_1363	hypothetical protein	0.11	0.044	0.398	91.48	100.0	11.169	0.114	0.124	0.271295627715915
Syncc9902_1364	ABC transporter, substrate binding protein, possibly Mn	0.136	0.048	0.354	100.0	100.0	20.51	0.133	0.136	0.216487248154149
Syncc9902_1365	ATPase	0.141	0.057	0.406	100.0	100.0	22.852	0.129	0.141	0.0941374606855254
Syncc9902_1366	ABC transporter component, possibly Mn transport	0.091	0.032	0.349	98.97	100.0	16.758	0.096	0.097	0.0732000414229013
Syncc9902_1367	Glycosyltransferase-like	0.228	0.065	0.285	83.57	98.92	11.729	0.225	0.249	0.23005887555748
Syncc9902_1368	hypothetical protein	0.182	0.066	0.363	87.83	100.0	11.069	0.191	0.194	0.182616918146049
Syncc9902_1369	hypothetical protein	0.169	0.079	0.469	100.0	100.0	15.848	0.168	0.168	0.723452061784715
Syncc9902_1370	hypothetical protein	0.189	0.057	0.302	100.0	100.0	24.106	0.186	0.189	0.102894440503205
Syncc9902_1371	ribose-phosphate pyrophosphokinase (EC:2.7.6.1 )	0.022	0.006	0.282	100.0	100.0	16.736	0.027	0.022	0.360508081522858
Syncc9902_1372	hypothetical protein	0.221	0.05	0.226	100.0	100.0	18.775	0.23	0.221	0.196123757535729
Syncc9902_1373	Cell envelope-related transcriptional attenuator	0.255	0.052	0.203	100.0	100.0	11.322	0.255	0.267	0.428705080656722
Syncc9902_1374	hypothetical protein	0.094	0.025	0.263	100.0	100.0	20.68	0.099	0.094	0.0940217003497873
Syncc9902_1375	Glycoside hydrolase, family 77 (EC:2.4.1.25 )	0.145	0.036	0.251	100.0	100.0	16.773	0.158	0.149	0.175810174071343
Syncc9902_1376	hypothetical protein	0.28	0.087	0.309	100.0	100.0	20.302	0.275	0.284	0.33324125606506
Syncc9902_1377	Pseudouridine synthase, Rsu	0.246	0.063	0.257	100.0	100.0	19.759	0.223	0.249	0.193455898239389
Syncc9902_1378	hypothetical protein	0.029	0.009	0.306	99.76	100.0	12.412	0.029	0.028	0.314451313904631
Syncc9902_1379	possible kinase	0.05	0.019	0.381	100.0	100.0	20.144	0.052	0.05	0.0761260693450494
Syncc9902_1380	Arginine decarboxylase (EC:4.1.1.19 )	0.187	0.025	0.134	87.85	100.0	6.276	0.18	0.203	0.313998877662024
Syncc9902_1381	hypothetical protein	0.101	0.016	0.163	80.29	100.0	6.492	0.1	0.096	0.0733962475910163
Syncc9902_1382	hypothetical protein	0.183	0.02	0.111	47.3	100.0	4.878	0.186	0.183	0.172506154492899
Syncc9902_1383	Arabinose efflux permease-like	0.12	0.019	0.16	20.33	73.85	2.196	0.158	0.12	0.142225503789098
Syncc9902_1384	Putative multicopper oxidase-like	0.311	0.004	0.012	20.09	88.79	2.847	0.311	0.311	0.103389627014653
Syncc9902_1385	putative phosphatidate cytidylyltransferase	0.074	0.019	0.255	94.92	100.0	13.976	0.087	0.1	0.106410348695295
Syncc9902_1386	hypothetical protein	0.201	0.046	0.231	92.15	100.0	12.942	0.206	0.201	0.55144760391073
Syncc9902_1387	putative 2-hydroxy-6-oxohepta-2,4-dienoate hydrolase	0.152	0.039	0.257	100.0	100.0	14.048	0.15	0.152	0.140160800884868
Syncc9902_1388	putative glycerol dehydrogenase	0.13	0.038	0.296	86.1	100.0	11.078	0.14	0.13	0.102042318158228
Syncc9902_1389	ATPase	0.037	0.012	0.318	96.56	100.0	11.094	0.037	0.037	0.0205710803725173
Syncc9902_1390	putative ribosomal-protein-alanine acetyltransferase	0.181	0.033	0.18	67.34	100.0	6.73	0.172	0.181	1.18516043228939
Syncc9902_1391	Diaminopimelate decarboxylase	0.101	0.016	0.157	85.8	100.0	9.185	0.104	0.101	0.130017561248569
Syncc9902_1392	Protein of unknown function DUF147	0.011	0.003	0.221	23.23	100.0	3.741	0.043	0.011	0.00176454370002757
Syncc9902_1393	Di-trans-poly-cis-decaprenylcistransferase (EC:2.5.1.31 )	0.073	0.011	0.153	37.29	100.0	3.951	0.093	0.073	0.135462917617212
Syncc9902_1394	Biotin synthase (EC:2.8.1.6 )	0.047	0.01	0.207	91.92	100.0	8.102	0.056	0.047	0.069679471853945
Syncc9902_1395	Rhodanese-like	0.192	0.047	0.244	100.0	100.0	12.069	0.181	0.192	0.18526615149697
Syncc9902_1396	glutathione S-transferase domain protein	0.185	0.042	0.228	100.0	100.0	12.325	0.189	0.193	0.180413446370691
Syncc9902_1397	hypothetical protein	0.127	0.029	0.224	96.18	100.0	12.566	0.129	0.127	0.236524430196727
Syncc9902_1398	lipoyl synthase	0.08	0.02	0.252	99.22	100.0	13.253	0.083	0.08	0.220021276873066
Syncc9902_1399	RecR protein	0.05	0.014	0.289	100.0	100.0	16.767	0.06	0.05	0.0767030075947662
Syncc9902_1400	putative photosystem II oxygen-evolving complex 23K protein PsbP	0.078	0.021	0.27	100.0	100.0	15.831	0.07	0.073	0.077675662073055
Syncc9902_1401	possible Na+/H+ antiporter, CPA2 family	0.066	0.018	0.274	100.0	100.0	19.389	0.062	0.066	0.178418294191583
Syncc9902_1402	ATPase	0.115	0.026	0.226	100.0	100.0	16.267	0.121	0.115	0.134345683070563
Syncc9902_1403	hypothetical protein	0.61	0.116	0.189	100.0	100.0	24.508	0.593	0.61	0.733871716141578
Syncc9902_1404	RNA-binding region RNP-1	0.017	0.005	0.277	100.0	100.0	25.017	0.041	0.017	0.605706148834677
Syncc9902_1405	hypothetical protein	0.178	0.047	0.266	99.54	100.0	11.945	0.177	0.178	0.315979112705148
Syncc9902_1406	hypothetical protein	0.141	0.048	0.339	100.0	100.0	12.996	0.142	0.141	0.634002971253245
Syncc9902_1407	DEAD/DEAH box helicase-like	0.103	0.023	0.224	100.0	100.0	15.049	0.098	0.106	0.108043538384145
Syncc9902_1408	mannose-6-phosphate isomerase WbpW-like	0.143	0.02	0.143	100.0	100.0	12.857	0.134	0.143	0.408443462039838
Syncc9902_1409	Exodeoxyribonuclease V (EC:3.1.11.5 )	0.172	0.029	0.168	93.16	100.0	8.551	0.177	0.172	0.255904137601312
Syncc9902_1410	probable exodeoxyribonuclease V, beta subunit RecB	0.132	0.024	0.181	92.42	100.0	9.372	0.134	0.136	0.202281747762135
Syncc9902_1411	Exodeoxyribonuclease V, RecC subunit	0.135	0.023	0.172	79.1	100.0	7.938	0.133	0.133	0.233613338378027
Syncc9902_1412	hypothetical protein	0.018	0.005	0.268	39.84	100.0	4.301	0.036	0.018	NaN
Syncc9902_1413	hypothetical protein	0.0	0.0	0.25	4.98	100.0	3.283	0.0	0.0	0.368421052631579
Syncc9902_1414	pyridoxal phosphate biosynthetic protein	0.097	0.014	0.149	96.27	100.0	7.995	0.103	0.097	0.297016600816996
Syncc9902_1415	Phospholipid/glycerol acyltransferase	0.112	0.017	0.156	100.0	100.0	9.066	0.124	0.112	0.111306656010604
Syncc9902_1416	hypothetical protein	0.123	0.036	0.29	83.52	100.0	6.242	0.114	0.119	0.265152178362809
Syncc9902_1417	BolA family protein	0.039	0.008	0.203	100.0	100.0	7.872	0.029	0.064	0.0250260452384958
Syncc9902_1418	Glutaredoxin-related protein	0.037	0.009	0.241	95.06	100.0	9.605	0.053	0.037	0.0340593365657544
Syncc9902_1419	hypothetical protein	0.03	0.01	0.335	100.0	100.0	14.619	0.036	0.03	NaN
Syncc9902_1420	two component transcriptional regulator, winged helix family	0.009	0.003	0.302	100.0	100.0	11.102	0.011	0.009	0.0105329246326713
Syncc9902_1421	hypothetical protein	0.157	0.045	0.284	100.0	100.0	9.604	0.15	0.156	0.14716505053452
Syncc9902_1422	hypothetical protein	0.084	0.023	0.268	100.0	100.0	11.442	0.101	0.082	0.0515218188485515
Syncc9902_1423	carotenoid isomerase	0.067	0.016	0.24	100.0	100.0	14.881	0.064	0.068	0.089151515219669
Syncc9902_1424	putative cation efflux transporter (CDF family)	0.478	0.1	0.21	63.24	100.0	6.083	0.478	0.596	0.16010498687664
Syncc9902_1425	glucose-inhibited division protein A	0.045	0.009	0.198	92.19	100.0	10.696	0.042	0.053	0.0460743671205874
Syncc9902_1426	hypothetical protein	0.031	0.005	0.148	100.0	100.0	9.131	0.063	0.031	1.13305617750393
Syncc9902_1427	possible carbonic anhydrase	0.131	0.028	0.215	98.91	100.0	9.195	0.134	0.131	0.0688146133434711
Syncc9902_1428	hypothetical protein	0.184	0.045	0.243	96.51	100.0	8.141	0.182	0.184	0.252202572739702
Syncc9902_1429	hypothetical protein	0.563	0.114	0.203	16.3	89.13	2.728	0.607	0.563	0.399297423887588
Syncc9902_1430	hypothetical protein	0.481	0.128	0.267	86.08	100.0	8.628	0.482	0.479	0.47957394822712
Syncc9902_1431	P-loop ATPase and inactivated derivatives-like	0.116	0.017	0.149	28.84	98.17	3.514	0.128	0.116	0.117428834105031
Syncc9902_1432	hypothetical protein	NaN	0.0	0.0	0.0	28.75	0.708	NaN	NaN	NaN
Syncc9902_1433	hypothetical protein	NaN	0.0	0.0	0.0	79.63	1.735	NaN	NaN	0.19792977696027
Syncc9902_1434	possible carbamoyl-phosphate synthase L chain	0.273	0.149	0.546	88.73	91.02	33.17	0.267	0.301	0.151745003712356
Syncc9902_1435	hypothetical protein	NaN	0.0	0.0	0.0	90.48	2.736	NaN	NaN	0.191590293258874
Syncc9902_1436	HNH nuclease	NaN	0.0	0.0	0.0	16.77	0.168	NaN	NaN	NaN
Syncc9902_1437	hypothetical protein	0.32	0.053	0.166	100.0	100.0	17.882	0.333	0.354	0.271661257721541
Syncc9902_1438	hypothetical protein	0.213	0.049	0.229	88.39	100.0	9.734	0.211	0.223	NaN
Syncc9902_1439	hypothetical protein	0.237	0.039	0.164	67.83	85.8	4.458	0.23	0.249	0.165612234524882
Syncc9902_1440	hypothetical protein	0.068	0.006	0.091	63.59	100.0	5.034	0.067	0.068	0.140108166754483
Syncc9902_1441	photosystem I reaction center subunit IV	0.074	0.019	0.254	100.0	100.0	15.914	0.074	0.074	0.646918866113294
Syncc9902_1442	metalloprotease	0.172	0.012	0.068	14.79	100.0	2.883	0.172	0.267	0.126317738077309
Syncc9902_1443	possible phage integrase family	0.236	0.067	0.286	91.78	100.0	9.804	0.233	0.249	0.215146571870138
Syncc9902_1444	hypothetical protein	0.063	0.019	0.295	100.0	100.0	20.794	0.058	0.072	0.0190352296387126
Syncc9902_1445	hypothetical protein	0.501	0.037	0.075	73.45	100.0	6.147	0.547	0.501	0.13912794033276
Syncc9902_1446	hypothetical protein	0.702	0.107	0.152	100.0	100.0	11.894	0.706	0.702	0.752669642492715
Syncc9902_1447	hypothetical protein	0.246	0.056	0.226	100.0	100.0	16.875	0.253	0.246	0.368171763550464
Syncc9902_1448	hypothetical protein	0.275	0.082	0.297	100.0	100.0	18.648	0.269	0.289	0.142135748099155
Syncc9902_1449	hypothetical protein	0.772	0.07	0.091	100.0	100.0	12.655	0.783	0.772	0.320460782630071
Syncc9902_1450	hypothetical protein	0.354	0.081	0.228	100.0	100.0	17.041	0.349	0.404	1.05330602658633
Syncc9902_1451	hypothetical protein	0.297	0.059	0.197	100.0	100.0	16.641	0.316	0.333	0.135451536643026
Syncc9902_1452	hypothetical protein	0.782	0.112	0.143	100.0	100.0	14.05	0.734	0.91	NaN
Syncc9902_1453	hypothetical protein	0.326	0.089	0.274	100.0	100.0	18.288	0.32	0.326	0.208018535008493
Syncc9902_1454	hypothetical protein	0.743	0.112	0.151	100.0	100.0	18.975	0.813	0.743	0.675644270636062
Syncc9902_1455	conserved hypotheical protein	0.205	0.072	0.349	100.0	100.0	27.698	0.206	0.216	0.130078292487702
Syncc9902_1456	hypothetical protein	0.244	0.052	0.215	100.0	100.0	12.925	0.265	0.249	0.314952879768939
Syncc9902_1457	hypothetical protein	0.344	0.08	0.233	100.0	100.0	17.347	0.34	0.348	0.392923297671812
Syncc9902_1458	hypothetical protein	0.232	0.062	0.269	100.0	100.0	21.102	0.219	0.236	0.46711863995471
Syncc9902_1459	putative histone deacetylase/AcuC/AphA family protein	0.093	0.025	0.267	100.0	100.0	18.491	0.092	0.093	0.271986105123676
Syncc9902_1460	hypothetical protein	0.285	0.06	0.212	100.0	100.0	9.761	0.288	0.273	0.192066041434227
Syncc9902_1463	hypothetical protein	0.016	0.004	0.244	100.0	100.0	34.913	0.016	0.016	0.719038066609669
Syncc9902_1464	membrane protein-like	0.149	0.046	0.307	100.0	100.0	21.414	0.158	0.149	0.121000548602953
Syncc9902_1465	hypothetical protein	0.092	0.03	0.329	100.0	100.0	22.198	0.092	0.108	0.13019110867828
Syncc9902_1466	hypothetical protein	0.263	0.046	0.173	100.0	100.0	10.343	0.242	0.281	0.487224332831619
Syncc9902_1467	hypothetical protein	0.271	0.08	0.294	100.0	100.0	21.06	0.261	0.28	0.265352086779026
Syncc9902_1468	hypothetical protein	0.125	0.043	0.344	100.0	100.0	36.807	0.125	0.126	0.411975808291654
Syncc9902_1469	hypothetical protein	0.634	0.066	0.104	54.04	86.87	4.308	0.664	0.634	NaN
Syncc9902_1470	possible ATLS1-like light-inducible protein	0.29	0.067	0.229	70.5	100.0	6.434	0.247	0.29	0.119608020539799
Syncc9902_1471	hypothetical protein	0.479	0.043	0.09	85.77	100.0	7.622	0.466	0.479	1.19413675637971
Syncc9902_1472	hypothetical protein	NaN	0.0	0.0	0.0	54.44	0.544	NaN	NaN	NaN
Syncc9902_1473	hypothetical protein	NaN	0.0	0.0	0.0	88.7	1.692	NaN	NaN	0.359024642969771
Syncc9902_1474	hypothetical protein	NaN	0.0	0.0	0.0	100.0	1.887	NaN	NaN	0.419191919191919
Syncc9902_1475	hypothetical protein	NaN	0.0	0.0	0.0	0.0	0.0	NaN	NaN	NaN
Syncc9902_1476	hypothetical protein	NaN	0.0	0.0	0.0	70.45	1.252	NaN	NaN	NaN
Syncc9902_1481	Peptidase S24, LexA repressor (EC:3.4.21.88 )	0.046	0.013	0.277	100.0	100.0	18.178	0.05	0.046	0.0338164309820876
Syncc9902_1482	Ornithine carbamoyltransferase (EC:2.1.3.3 )	0.07	0.018	0.251	100.0	100.0	17.268	0.068	0.07	0.0919017070204992
Syncc9902_1483	Peptidase M41, FtsH	0.022	0.008	0.353	99.58	100.0	11.023	0.022	0.022	0.0228535973951149
Syncc9902_1484	hypothetical protein	0.171	0.037	0.218	96.3	100.0	10.623	0.164	0.171	0.0994413691383068
Syncc9902_1485	hypothetical protein	0.171	0.028	0.163	100.0	100.0	10.695	0.172	0.187	0.127326536177186
Syncc9902_1486	Riboflavin biosynthesis protein RibD (EC:3.5.4.26,EC:1.1.1.193 )	0.192	0.04	0.208	99.62	100.0	9.068	0.19	0.192	0.225006232365238
Syncc9902_1487	hypothetical protein	0.094	0.023	0.245	89.98	100.0	9.151	0.09	0.094	0.085257885789447
Syncc9902_1488	transcriptional regulator, AraC family	0.245	0.051	0.207	56.89	97.91	5.071	0.237	0.247	0.330965925834972
Syncc9902_1489	hypothetical protein	0.061	0.012	0.19	77.1	100.0	6.845	0.064	0.07	0.13443851112615
Syncc9902_1490	hypothetical protein	0.067	0.012	0.179	77.52	100.0	5.864	0.125	0.067	1.40684706847068
Syncc9902_1491	hypothetical protein	0.23	0.049	0.215	59.74	100.0	5.962	0.223	0.23	0.514394787554426
Syncc9902_1492	putative precorrin-6y methylase	0.218	0.04	0.185	85.15	100.0	8.226	0.21	0.218	0.193428585546427
Syncc9902_1493	hypothetical protein	0.203	0.041	0.203	90.1	100.0	6.983	0.22	0.186	0.213798821977475
Syncc9902_1494	response regulator receiver domain protein (CheY-like)	0.141	0.024	0.169	78.36	100.0	6.966	0.161	0.145	0.188159047331816
Syncc9902_1495	inorganic polyphosphate/ATP-NAD kinase (EC:2.7.1.23 )	0.019	0.004	0.195	85.04	100.0	8.56	0.018	0.019	0.164471392807425
Syncc9902_1496	NHL repeat	0.141	0.038	0.271	86.3	100.0	12.37	0.135	0.141	0.169902972236068
Syncc9902_1497	hypothetical protein	0.0	0.0	0.027	16.02	82.36	2.354	0.0	0.0	0.0
Syncc9902_1498	Phenylalanyl-tRNA synthetase, alpha subunit (EC:6.1.1.20 )	0.034	0.007	0.2	94.84	100.0	13.711	0.034	0.038	0.100873039536192
Syncc9902_1499	Survival protein SurE (EC:3.1.3.2 )	0.046	0.009	0.195	94.81	100.0	12.393	0.045	0.04	0.0688370358389219
Syncc9902_1500	hypothetical protein	0.057	0.009	0.152	67.2	100.0	5.542	0.062	0.055	0.0818204228168746
Syncc9902_1501	Riboflavin kinase / FAD synthetase	0.135	0.021	0.154	96.37	100.0	7.925	0.139	0.135	0.1193250352537
Syncc9902_1502	thiamine-phosphate pyrophosphorylase (EC:2.5.1.3 )	0.189	0.034	0.18	89.82	100.0	9.401	0.202	0.189	0.198438610077132
Syncc9902_1503	ThiS, thiamine-biosynthesis	0.178	0.028	0.159	100.0	100.0	8.84	0.191	0.178	0.227029415745325
Syncc9902_1504	hypothetical protein	0.086	0.021	0.242	100.0	100.0	11.124	0.091	0.085	0.0971603558156314
Syncc9902_1505	hypothetical protein	0.09	0.028	0.309	100.0	100.0	8.729	0.086	0.078	0.100189866634789
Syncc9902_1506	circadian phase modifier CpmA-like	0.156	0.037	0.234	100.0	100.0	10.761	0.15	0.144	0.130107253349356
Syncc9902_1507	hypothetical protein	0.199	0.024	0.123	59.95	100.0	5.545	0.206	0.199	1.04090585020317
Syncc9902_1508	tRNA (guanine-N1-)-methyltransferase (EC:2.1.1.31,EC:4.6.1.12 )	0.108	0.018	0.167	98.09	100.0	9.231	0.102	0.115	0.097279920522826
Syncc9902_1509	hypothetical protein	0.163	0.029	0.175	100.0	100.0	8.009	0.155	0.162	0.533404756375459
Syncc9902_1510	hypothetical protein	0.064	0.011	0.172	44.44	100.0	4.986	0.089	0.064	0.113464108361465
Syncc9902_1511	GTP-binding protein Era	0.088	0.014	0.154	82.29	100.0	8.519	0.084	0.103	0.0373256471455394
Syncc9902_1512	Alpha-acetolactate decarboxylase (EC:4.1.1.5 )	0.312	0.014	0.045	8.97	100.0	3.339	0.312	0.318	0.71360452606478
Syncc9902_1513	hypothetical protein	0.039	0.006	0.155	29.31	100.0	4.343	0.038	0.036	0.0434256225446019
Syncc9902_1514	hypothetical protein	0.033	0.01	0.284	100.0	100.0	11.421	0.037	0.033	0.0398087665210576
Syncc9902_1515	PhoH-like phosphate starvation-inducible protein	0.065	0.014	0.21	86.47	100.0	7.182	0.07	0.072	0.160674278100169
Syncc9902_1516	30S ribosomal protein S16	0.023	0.005	0.211	100.0	100.0	10.445	0.022	0.023	0.472075581168669
Syncc9902_1517	Signal recognition particle protein	0.062	0.011	0.184	95.2	100.0	9.222	0.065	0.062	0.0224410634469746
Syncc9902_1518	hypothetical protein	0.195	0.032	0.166	74.93	100.0	6.452	0.182	0.234	0.228100896154491
Syncc9902_1519	Pyruvate dehydrogenase (lipoamide) (EC:1.2.4.1 )	0.029	0.007	0.231	88.66	100.0	7.383	0.029	0.034	0.0724255298943943
Syncc9902_1520	type II alternative RNA polymerase sigma factor, sigma-70 family	0.028	0.007	0.232	96.82	100.0	9.791	0.035	0.028	0.0919872756252692
Syncc9902_1521	tRNA (5-methylaminomethyl-2-thiouridylate)-methyltransferase (EC:2.1.1.61 )	0.109	0.023	0.213	81.2	100.0	8.348	0.12	0.109	0.146149420076651
Syncc9902_1522	possible apolipoprotein n-acyltransferase	0.218	0.043	0.198	91.07	100.0	10.419	0.222	0.218	0.465746903152959
Syncc9902_1523	hypothetical protein	0.041	0.009	0.214	100.0	100.0	10.113	0.046	0.041	0.0577077496805311
Syncc9902_1524	Peptidylprolyl isomerase (EC:5.2.1.8 )	0.076	0.018	0.237	100.0	100.0	18.697	0.08	0.076	0.0665705554771886
Syncc9902_1525	putative nickel-containing superoxide dismutase precursor (NISOD)	0.067	0.014	0.215	100.0	100.0	19.726	0.068	0.067	0.125821331762746
Syncc9902_1526	possible peptidase S26 family protein	0.344	0.084	0.245	95.57	100.0	18.07	0.367	0.352	0.453143912404387
Syncc9902_1527	Calcium/proton exchanger	0.128	0.008	0.066	64.15	100.0	6.256	0.128	0.128	0.103907872655633
Syncc9902_1528	hypothetical protein	0.07	0.018	0.258	100.0	100.0	16.49	0.071	0.07	0.352139219282799
Syncc9902_1529	indole-3-glycerol-phosphate synthase (EC:4.1.1.48 )	0.106	0.024	0.227	100.0	100.0	16.016	0.107	0.13	0.183444701643733
Syncc9902_1530	dihydrolipoamide dehydrogenase (EC:1.8.1.4 )	0.027	0.006	0.221	94.46	100.0	10.67	0.029	0.027	0.0880614080774622
Syncc9902_1531	tRNA/rRNA methyltransferase (SpoU)	0.203	0.039	0.195	92.02	100.0	7.132	0.191	0.203	0.33684474746136
Syncc9902_1532	hypothetical protein	0.08	0.019	0.233	100.0	100.0	10.41	0.07	0.083	NaN
Syncc9902_1533	UDP-N-acetylglucosamine 1-carboxyvinyltransferase	0.11	0.022	0.2	93.92	100.0	8.652	0.107	0.11	0.131503814347781
Syncc9902_1534	acetylornithine aminotransferase	0.097	0.015	0.157	77.22	100.0	7.404	0.098	0.097	0.132607751625693
Syncc9902_1535	Folylpolyglutamate synthetase (EC:6.3.2.17 )	0.257	0.029	0.114	77.64	100.0	5.804	0.247	0.257	0.22703142586991
Syncc9902_1536	hypothetical protein	0.259	0.027	0.105	67.94	100.0	6.095	0.249	0.259	0.241414735975385
Syncc9902_1537	hypothetical protein	0.138	0.025	0.183	48.12	99.19	4.76	0.136	0.138	0.121069426882356
Syncc9902_1538	possible cytosine deaminase	0.337	0.031	0.092	22.91	99.92	3.124	0.346	0.337	0.29420918549248
Syncc9902_1539	hypothetical protein	0.36	0.031	0.087	38.89	100.0	3.245	0.333	0.36	0.0
Syncc9902_1540	hypothetical protein	0.113	0.018	0.158	38.2	100.0	4.152	0.118	0.113	0.0949975491726617
Syncc9902_1541	D-alanine--D-alanine ligase (EC:6.3.2.4 )	0.16	0.027	0.166	45.3	100.0	4.513	0.162	0.16	0.255953613111467
Syncc9902_1542	hypothetical protein	0.075	0.013	0.18	100.0	100.0	9.465	0.06	0.075	0.137081298035488
Syncc9902_1543	cell division protein FtsQ	0.257	0.035	0.136	45.68	93.76	5.716	0.239	0.291	0.268258919139497
Syncc9902_1544	cell division protein FtsZ	0.074	0.017	0.228	73.12	100.0	7.536	0.07	0.074	0.0247834151271657
Syncc9902_1545	Ketopantoate hydroxymethyltransferase (EC:2.1.2.11 )	0.115	0.018	0.156	92.74	100.0	6.274	0.093	0.123	0.155201869913571
Syncc9902_1546	Putative oxygen-independent coproporphyrinogen III oxidase	0.234	0.029	0.124	66.92	100.0	6.035	0.25	0.239	0.569025626853396
Syncc9902_1547	Nucleotide binding protein, PINc	0.054	0.014	0.256	96.74	100.0	14.522	0.057	0.057	0.0158499081703956
Syncc9902_1548	ATP-dependent Clp protease proteolytic subunit (EC:3.4.21.92 )	0.022	0.006	0.285	100.0	100.0	14.734	0.021	0.022	0.0233504960796277
Syncc9902_1549	ATP-dependent Clp protease proteolytic subunit (EC:3.4.21.92 )	0.037	0.013	0.343	100.0	100.0	15.625	0.03	0.037	0.0152415206315278
Syncc9902_1550	ketol-acid reductoisomerase (EC:1.1.1.86 )	0.035	0.01	0.283	100.0	100.0	14.91	0.033	0.035	0.00771795801300356
Syncc9902_1551	Cobalamin biosynthesis protein CbiB	0.168	0.031	0.184	98.47	100.0	13.507	0.164	0.175	0.13183616936404
Syncc9902_1552	Undecaprenyl-phosphate galactosephosphotransferase (EC:2.7.8.6 )	0.086	0.034	0.401	100.0	100.0	28.254	0.081	0.092	0.385780335589341
Syncc9902_1553	probable glycosyltransferase	0.134	0.038	0.281	100.0	100.0	26.682	0.138	0.134	0.293957028919787
Syncc9902_1554	hypothetical protein	0.059	0.016	0.277	100.0	100.0	29.167	0.055	0.059	0.0144537640517296
Syncc9902_1555	hypothetical protein	0.472	0.093	0.196	100.0	100.0	12.383	0.466	0.508	0.205718038712656
Syncc9902_1556	hypothetical protein	0.189	0.073	0.389	100.0	100.0	29.407	0.199	0.187	0.216264729555642
Syncc9902_1557	hypothetical protein	0.177	0.067	0.378	100.0	100.0	25.808	0.175	0.184	0.175764504519313
Syncc9902_1558	hypothetical protein	0.117	0.047	0.4	100.0	100.0	22.79	0.113	0.141	0.082850777673684
Syncc9902_1559	GAF	0.11	0.041	0.378	100.0	100.0	36.982	0.106	0.117	0.0881531935958619
Syncc9902_1560	ComEC/Rec2-related protein	0.285	0.074	0.262	100.0	100.0	18.551	0.288	0.318	0.373813153703761
Syncc9902_1561	Glycyl-tRNA synthetase, alpha subunit (EC:6.1.1.14 )	0.055	0.024	0.439	100.0	100.0	40.606	0.056	0.056	0.0417319847792377
Syncc9902_1562	hypothetical protein	0.425	0.131	0.309	100.0	100.0	16.531	0.441	0.428	0.418364125997295
Syncc9902_1563	hypothetical protein	0.211	0.076	0.36	100.0	100.0	29.109	0.208	0.211	0.208281186124757
Syncc9902_1564	hypothetical protein	0.197	0.054	0.276	100.0	100.0	24.0	0.192	0.197	0.14155473379159
Syncc9902_1565	hypothetical protein	0.103	0.032	0.314	100.0	100.0	24.611	0.103	0.103	0.0494762756139752
Syncc9902_1566	hypothetical protein	0.136	0.054	0.394	100.0	100.0	36.057	0.137	0.136	0.0877586354386839
Syncc9902_1567	transcriptional regulator, AraC family	0.219	0.075	0.344	100.0	100.0	47.534	0.215	0.223	0.223178498963295
Syncc9902_1568	PBS lyase HEAT-like repeat	0.185	0.05	0.268	100.0	100.0	21.102	0.19	0.2	0.116543915222502
Syncc9902_1569	hypothetical protein	0.107	0.026	0.246	100.0	100.0	22.47	0.107	0.107	0.169687237131267
Syncc9902_1570	Ubiquinone/menaquinone biosynthesis methyltransferase	0.181	0.029	0.16	100.0	100.0	12.519	0.18	0.179	0.457149125904266
Syncc9902_1571	Histidine biosynthesis protein HisF	0.088	0.018	0.209	99.87	100.0	11.794	0.086	0.087	0.136109849576761
Syncc9902_1572	hypothetical protein	0.0	0.0	0.13	93.98	100.0	7.819	0.0	0.0	0.0
Syncc9902_1573	bacteriochlorophyll a synthase	0.073	0.019	0.265	100.0	100.0	14.693	0.07	0.073	0.0510523433219667
Syncc9902_1574	Penicillin-binding protein 1A	0.132	0.027	0.205	96.63	100.0	10.375	0.128	0.147	0.194411940037204
Syncc9902_1575	Fmu, rRNA SAM-dependent methyltransferase	0.151	0.032	0.209	89.24	100.0	9.314	0.149	0.151	0.167790790096877
Syncc9902_1576	Methylated-DNA-(protein)-cysteine S-methyltransferase	Inf	0.033	0.0	8.68	100.0	3.482	Inf	1.285	0.089561457689932
Syncc9902_1577	tRNA (guanosine-2'-O-)-methyltransferase (EC:2.1.1.34 )	0.047	0.009	0.181	70.87	99.57	5.825	0.049	0.058	0.0188269082259947
Syncc9902_1578	hypothetical protein	0.159	0.031	0.196	100.0	100.0	8.644	0.195	0.159	0.186936957383518
Syncc9902_1579	putative ABC transporter, oligopeptides	0.046	0.011	0.235	98.78	100.0	9.335	0.047	0.046	0.062227034880383
Syncc9902_1580	periplasmic sensor signal transduction histidine kinase	0.105	0.01	0.093	30.97	99.79	4.049	0.115	0.105	0.0692451335516843
Syncc9902_1581	hypothetical protein	0.118	0.02	0.167	88.41	100.0	7.78	0.127	0.119	0.0372122519223522
Syncc9902_1582	GTP-binding protein LepA	0.049	0.021	0.431	100.0	100.0	27.184	0.048	0.049	0.0399287959923553
Syncc9902_1583	putative SMR family multidrug efflux transporter	0.106	0.035	0.336	97.86	100.0	15.578	0.09	0.106	0.0508167634829036
Syncc9902_1584	malate:quinone oxidoreductase (EC:1.1.99.16 )	0.091	0.025	0.27	100.0	100.0	16.15	0.091	0.09	0.093777219839905
Syncc9902_1585	NifU-like protein	0.037	0.011	0.299	100.0	100.0	15.24	0.05	0.037	0.0145254981778938
Syncc9902_1586	putative L-cysteine/cystine lyase	0.127	0.032	0.25	94.51	100.0	16.384	0.122	0.134	0.145798379761155
Syncc9902_1587	UDP-N-acetylmuramoylalanyl-D-glutamate--2, 6-diaminopimelate ligase	0.169	0.04	0.235	100.0	100.0	19.583	0.17	0.166	0.235786460458001
Syncc9902_1588	ribonucleotide reductase (class II)	0.217	0.046	0.214	100.0	100.0	16.401	0.244	0.217	0.103588605253422
Syncc9902_1589	Protein of unknown function DUF37	0.148	0.03	0.204	100.0	100.0	17.775	0.147	0.273	0.701887950425722
Syncc9902_1590	30S ribosomal protein S4	0.023	0.003	0.136	100.0	100.0	16.696	0.023	0.023	0.0303390513559832
Syncc9902_1591	possible carbamoyl-phosphate synthase L chain	0.208	0.085	0.407	94.95	100.0	22.421	0.212	0.215	0.129667464606972
Syncc9902_1592	hypothetical protein	0.146	0.041	0.28	100.0	100.0	43.084	0.156	0.146	0.105937607664607
Syncc9902_1593	possible mechanosensitive ion channel, MscS family	0.138	0.02	0.147	100.0	100.0	14.957	0.135	0.138	0.213066854584978
Syncc9902_1594	Maf-like protein	0.303	0.063	0.208	100.0	100.0	12.531	0.321	0.345	0.434158999723453
Syncc9902_1595	hypothetical protein	0.14	0.044	0.314	100.0	100.0	27.246	0.147	0.14	0.143961837792217
Syncc9902_1596	cobyric acid synthase	0.138	0.051	0.372	100.0	100.0	27.927	0.138	0.141	0.105675532693003
Syncc9902_1597	hypothetical protein	0.156	0.059	0.381	100.0	100.0	29.807	0.156	0.163	0.143572733164896
Syncc9902_1598	hypothetical protein	0.54	0.122	0.225	100.0	100.0	25.237	0.567	0.559	1.15480558921493
Syncc9902_1599	hypothetical protein	0.284	0.091	0.321	100.0	100.0	19.298	0.29	0.289	0.323345918185391
Syncc9902_1600	transcriptional regulator, LuxR family	0.16	0.05	0.311	100.0	100.0	18.5	0.16	0.16	0.122076882674706
Syncc9902_1601	hypothetical protein	0.251	0.075	0.301	100.0	100.0	20.213	0.244	0.266	0.263480171297788
Syncc9902_1602	possible chloride channel	0.235	0.062	0.264	100.0	100.0	26.244	0.236	0.235	0.240135462741835
Syncc9902_1603	ATPase	0.067	0.022	0.336	100.0	100.0	33.942	0.064	0.077	0.117031719050814
Syncc9902_1604	hypothetical protein	0.138	0.047	0.339	100.0	100.0	17.711	0.146	0.22	0.0
Syncc9902_1605	CO2 hydration	0.073	0.021	0.293	100.0	100.0	25.617	0.074	0.075	0.0477211545293498
Syncc9902_1606	Proton-translocating NADH-quinone oxidoreductase, chain M (EC:1.6.99.5 )	0.046	0.013	0.28	100.0	100.0	22.491	0.051	0.058	0.119575996976269
Syncc9902_1607	NADH dehydrogenase subunit L (EC:1.6.99.5 )	0.039	0.009	0.224	100.0	100.0	17.193	0.038	0.038	0.0662929804261423
Syncc9902_1608	possible carbon dioxide concentrating mechanism protein CcmK	0.132	0.024	0.185	96.0	100.0	11.305	0.134	0.132	0.537344794137112
Syncc9902_1609	putative carboxysome peptide B	0.04	0.007	0.182	100.0	100.0	12.456	0.039	0.04	0.422932063801967
Syncc9902_1610	putative carboxysome peptide A	0.078	0.015	0.19	100.0	100.0	13.727	0.079	0.078	0.785362354088018
Syncc9902_1611	putative carboxysome shell polypeptide CsoS3	0.064	0.013	0.208	99.43	100.0	13.987	0.065	0.065	0.0555034778425125
Syncc9902_1612	putative carboxysome structural peptide CsoS2	0.083	0.02	0.243	100.0	100.0	10.566	0.086	0.083	0.123535532567983
Syncc9902_1613	Ribulose-bisphosphate carboxylase (EC:4.1.1.39 )	0.0	0.0	0.049	92.4	100.0	5.602	0.0	0.0	0.0
Syncc9902_1614	methionine sulfoxide reductase A (EC:4.1.1.39 )	0.021	0.004	0.178	96.32	100.0	12.774	0.019	0.022	0.00979130587233327
Syncc9902_1615	carboxysome shell peptide, CsoS1	0.043	0.003	0.06	59.94	100.0	4.869	0.042	0.043	0.369770144628099
Syncc9902_1616	Ham1 protein-like	0.101	0.024	0.241	70.27	100.0	7.015	0.104	0.101	0.0926997931868173
Syncc9902_1617	hypothetical protein	0.042	0.009	0.213	99.62	100.0	10.958	0.041	0.041	0.0173111681071582
Syncc9902_1618	hypothetical protein	0.078	0.02	0.249	86.15	100.0	8.133	0.092	0.076	0.148290751598311
Syncc9902_1619	light-independent protochlorophyllide reductase subunit N	0.043	0.009	0.214	100.0	100.0	10.738	0.051	0.043	0.0242913573903354
Syncc9902_1620	light-independent protochlorophyllide reductase subunit B	0.073	0.017	0.233	84.38	100.0	7.943	0.077	0.078	0.058069891608479
Syncc9902_1621	Light-independent protochlorophyllide reductase, iron-sulfur ATP-binding protein (EC:1.18.6.1 )	0.036	0.009	0.237	94.11	100.0	8.632	0.035	0.036	0.0229656078288917
Syncc9902_1622	hypothetical protein	0.293	0.044	0.15	81.27	100.0	6.177	0.278	0.288	0.2589956398438
Syncc9902_1623	protochlorophyllide oxidoreductase (EC:1.3.1.33 )	0.126	0.032	0.258	93.0	100.0	10.277	0.125	0.122	0.0579605337517329
Syncc9902_1624	hypothetical protein	0.133	0.024	0.178	100.0	100.0	11.266	0.135	0.133	0.263360514258354
Syncc9902_1625	photosystem I reaction centre subunit XII	0.043	0.005	0.116	83.33	100.0	6.228	0.043	0.043	NaN
Syncc9902_1626	hypothetical protein	0.083	0.017	0.201	88.11	100.0	7.839	0.081	0.083	0.151997781777919
Syncc9902_1627	hypothetical protein	0.09	0.013	0.147	77.21	100.0	6.194	0.1	0.09	0.132211677860722
Syncc9902_1628	biotin/lipoate A/B protein ligase family	0.225	0.033	0.149	53.36	95.47	4.868	0.209	0.225	0.182300729822699
Syncc9902_1629	hypothetical protein	0.096	0.019	0.195	52.31	99.46	5.037	0.104	0.107	0.188789070134971
Syncc9902_1630	Phosphoribosylanthranilate isomerase (EC:5.3.1.24 )	0.194	0.043	0.22	81.55	100.0	7.571	0.192	0.188	0.218915701606508
Syncc9902_1631	GTP cyclohydrolase I (EC:3.5.4.16 )	0.035	0.007	0.202	69.44	100.0	5.639	0.034	0.035	0.00122297861948475
Syncc9902_1632	short chain dehydrogenase	0.123	0.015	0.125	42.37	100.0	4.518	0.118	0.123	0.221297582261554
Syncc9902_1633	acetyl-CoA carboxylase alpha subunit (EC:6.4.1.2 )	0.048	0.008	0.164	29.7	100.0	4.008	0.049	0.046	0.234363530591126
Syncc9902_1634	hypothetical protein	0.057	0.009	0.159	46.69	100.0	4.278	0.056	0.074	0.019415277499459
Syncc9902_1635	hypothetical protein	0.042	0.007	0.176	51.25	100.0	5.958	0.033	0.042	0.796218190706839
Syncc9902_1636	creatininase	0.087	0.016	0.181	49.36	90.76	4.981	0.093	0.087	0.0748221840006771
Syncc9902_1637	RNA binding S1	0.043	0.005	0.128	61.1	100.0	5.639	0.043	0.042	0.040148705230969
Syncc9902_1638	hypothetical protein	0.154	0.032	0.211	79.02	100.0	7.34	0.154	0.156	0.17833402683078
Syncc9902_1639	Protein of unknown function DUF152	0.146	0.019	0.131	44.08	100.0	4.727	0.146	0.146	0.282400383402069
Syncc9902_1640	hypothetical protein	0.119	0.02	0.172	53.38	100.0	5.999	0.122	0.119	0.0917386525565043
Syncc9902_1641	hypothetical protein	0.15	0.022	0.148	51.76	100.0	4.401	0.144	0.135	0.09386829520975
Syncc9902_1642	acetolactate synthase III large subunit	0.102	0.018	0.178	47.17	98.6	4.183	0.103	0.105	0.200428349540211
Syncc9902_1643	ferrochelatase (EC:4.99.1.1 )	0.064	0.01	0.159	41.79	100.0	4.597	0.064	0.064	0.244884928375307
Syncc9902_1644	phage integrase family	0.196	0.035	0.181	73.07	100.0	5.989	0.189	0.196	0.336359055017324
Syncc9902_1645	possible methyltransferase	0.109	0.021	0.193	48.25	98.1	5.119	0.105	0.109	0.0712628662759745
Syncc9902_1646	corrinoid adenosyltransferase BtuR/CobO/CobP (EC:2.5.1.17 )	0.05	0.009	0.19	62.7	100.0	5.27	0.046	0.05	0.0690240475048783
Syncc9902_1647	hypothetical protein	0.151	0.027	0.179	24.48	100.0	2.464	0.088	0.151	0.026531188258538
Syncc9902_1648	uridylate kinase	0.043	0.008	0.181	99.86	100.0	8.987	0.043	0.043	0.0725030754990415
Syncc9902_1649	ribosome releasing factor	0.046	0.011	0.232	100.0	100.0	7.827	0.043	0.045	0.00506190813631386
Syncc9902_1650	Geranylgeranyl reductase	0.125	0.039	0.309	100.0	100.0	14.355	0.123	0.126	0.167251514531348
Syncc9902_1651	Deoxyribodipyrimidine photolyase (EC:4.1.99.3 )	0.153	0.045	0.292	100.0	100.0	15.399	0.156	0.161	0.119038357564634
Syncc9902_1652	light-harvesting 1 (B870) complex assembly protein PucC-like	0.274	0.068	0.248	100.0	100.0	17.412	0.287	0.272	0.385412887047315
Syncc9902_1653	transaldolase (EC:2.2.1.2 )	0.038	0.012	0.302	100.0	100.0	18.072	0.038	0.038	0.0354901549348819
Syncc9902_1654	Peptidoglycan glycosyltransferase (EC:2.4.1.129 )	0.078	0.019	0.24	81.83	100.0	11.726	0.073	0.078	0.0927965127686587
Syncc9902_1655	hypothetical protein	0.206	0.02	0.096	100.0	100.0	10.918	0.205	0.206	0.594958383948797
Syncc9902_1656	possible membrane associated protease	0.175	0.031	0.179	86.62	100.0	9.003	0.176	0.175	0.319929926150408
Syncc9902_1657	putative alpha-ribazole-5'-P phosphatase	0.136	0.018	0.135	85.47	100.0	6.318	0.131	0.136	0.139115192951485
Syncc9902_1658	putative dihydroorotase	0.137	0.024	0.173	38.48	92.79	3.394	0.143	0.137	0.146796946173229
Syncc9902_1659	Peptidase S26A, signal peptidase I	0.089	0.015	0.173	54.35	100.0	5.023	0.096	0.1	0.0633993017020588
Syncc9902_1660	hypothetical protein	0.123	0.019	0.157	23.15	90.69	3.093	0.127	0.123	0.0999603240340336
Syncc9902_1661	hypothetical protein	0.194	0.03	0.154	26.45	100.0	3.843	0.241	0.194	0.212990617552116
Syncc9902_1662	possible ferredoxin (2Fe-2S)	0.087	0.007	0.076	54.26	100.0	5.297	0.085	0.087	0.0
Syncc9902_1663	Inorganic diphosphatase (EC:3.6.1.1 )	0.213	0.015	0.07	31.18	93.53	4.006	0.217	0.213	0.0347916628159868
Syncc9902_1664	hypothetical protein	0.06	0.011	0.181	44.87	100.0	4.517	0.058	0.06	0.263819183005054
Syncc9902_1665	prolyl-tRNA synthetase	0.029	0.004	0.125	6.62	92.7	2.314	0.029	0.105	0.0177379532402209
Syncc9902_1666	possible photosystem II Psb27 protein	0.051	0.013	0.248	56.81	100.0	4.451	0.044	0.051	0.081905642292333
Syncc9902_1667	adenylosuccinate synthetase (EC:6.3.4.4 )	0.021	0.003	0.153	65.61	100.0	5.767	0.021	0.021	0.0214621893109004
Syncc9902_1668	putative carbohydrate kinase, PfkB family	0.03	0.004	0.146	72.49	100.0	5.487	0.033	0.03	0.0387504252147518
Syncc9902_1669	putative divalent cation tolerance protein	0.332	0.036	0.108	100.0	100.0	7.589	0.345	0.359	0.184205747485703
Syncc9902_1670	precorrin-6X reductase	0.252	0.036	0.142	61.13	100.0	5.132	0.249	0.245	1.08159245376417
Syncc9902_1671	hypothetical protein	0.169	0.025	0.15	95.86	100.0	7.584	0.161	0.181	0.146318362999688
Syncc9902_1672	hypothetical protein	0.205	0.026	0.127	100.0	100.0	9.186	0.233	0.205	NaN
Syncc9902_1673	hypothetical protein	0.047	0.009	0.202	82.32	100.0	5.98	0.057	0.047	0.027847790084642
Syncc9902_1674	acetylglutamate kinase (EC:2.7.2.8 )	0.068	0.015	0.225	98.12	100.0	9.49	0.067	0.068	0.0275993331707319
Syncc9902_1675	hypothetical protein	0.103	0.029	0.278	100.0	100.0	8.448	0.104	0.103	0.0472301321997992
Syncc9902_1676	hypothetical protein	0.206	0.035	0.168	97.36	100.0	7.898	0.19	0.206	0.186787330639948
Syncc9902_1677	Primosomal protein n	0.134	0.026	0.198	96.87	100.0	9.261	0.141	0.134	0.225277295039898
Syncc9902_1678	RNA polymerase sigma factor	0.054	0.014	0.264	93.22	100.0	12.794	0.053	0.073	0.055363085431393
Syncc9902_1679	hypothetical protein	0.119	0.028	0.235	100.0	100.0	14.31	0.118	0.118	0.0773123399675803
Syncc9902_1680	porphobilinogen deaminase (EC:2.5.1.61 )	0.07	0.019	0.265	100.0	100.0	17.387	0.068	0.072	0.034081569297839
Syncc9902_1681	hypothetical protein	0.126	0.017	0.134	61.76	100.0	5.746	0.126	0.126	0.114951469975535
Syncc9902_1682	hypothetical protein	0.187	0.039	0.206	100.0	100.0	8.894	0.187	0.185	0.115146021893753
Syncc9902_1683	hypothetical protein	0.128	0.037	0.293	100.0	100.0	16.085	0.126	0.131	0.0870522308563458
Syncc9902_1684	Inorganic diphosphatase (EC:3.6.1.1 )	0.026	0.005	0.178	100.0	100.0	10.454	0.03	0.026	0.164525754635554
Syncc9902_1685	Thermostable carboxypeptidase 1 (EC:3.4.17.19 )	0.077	0.021	0.27	100.0	100.0	13.198	0.081	0.077	0.0716267466931259
Syncc9902_1686	hypothetical protein	0.092	0.018	0.194	45.5	100.0	4.766	0.09	0.151	0.84286322640613
Syncc9902_1687	hypothetical protein	0.162	0.038	0.237	100.0	100.0	6.711	0.165	0.175	0.235062151951174
Syncc9902_1688	hypothetical protein	0.123	0.025	0.202	100.0	100.0	11.378	0.13	0.126	0.154029244602377
Syncc9902_1689	4A-hydroxytetrahydrobiopterin dehydratase (PCD)	0.185	0.048	0.259	100.0	100.0	13.419	0.172	0.185	0.34598872913294
Syncc9902_1690	hypothetical protein	0.095	0.023	0.247	100.0	100.0	13.133	0.104	0.096	0.0756519917912614
Syncc9902_1691	hypothetical protein	0.157	0.044	0.277	100.0	100.0	15.315	0.131	0.145	0.097304970078033
Syncc9902_1692	putative iron ABC transporter	0.062	0.014	0.23	99.67	100.0	10.949	0.07	0.061	0.0865757152178717
Syncc9902_1693	hypothetical protein	0.185	0.036	0.193	100.0	100.0	10.228	0.178	0.185	0.296256656521924
Syncc9902_1694	hypothetical protein	0.179	0.04	0.226	90.98	100.0	9.659	0.182	0.179	0.275397953991132
Syncc9902_1695	hypothetical protein	0.064	0.014	0.216	75.93	100.0	8.0	0.061	0.064	0.213264306952799
Syncc9902_1696	hypothetical protein	0.122	0.018	0.147	89.21	100.0	9.614	0.116	0.122	0.203915548222202
Syncc9902_1697	hypothetical protein	0.523	0.093	0.179	17.53	99.14	3.047	0.485	0.363	0.504289549789235
Syncc9902_1698	hypothetical protein	0.229	0.045	0.195	83.51	100.0	8.09	0.241	0.219	0.903075398456682
Syncc9902_1699	Exodeoxyribonuclease III xth	0.132	0.031	0.237	80.09	100.0	8.736	0.128	0.132	0.156578014901804
Syncc9902_1700	putative glycolate oxidase subunit GlcD	0.07	0.015	0.216	100.0	100.0	15.514	0.071	0.07	0.218585630235908
Syncc9902_1701	glutamate-1-semialdehyde aminotransferase	0.025	0.007	0.298	100.0	100.0	19.858	0.025	0.025	0.00956268604015746
Syncc9902_1702	hypothetical protein	0.329	0.043	0.129	89.67	100.0	7.48	0.319	0.343	0.303394337259067
Syncc9902_1703	hypothetical protein	0.136	0.046	0.339	100.0	100.0	21.763	0.138	0.137	0.0556973486096081
Syncc9902_1704	possible phosphoribosyltransferase family protein	0.226	0.061	0.271	100.0	100.0	21.654	0.208	0.226	0.338632591696044
Syncc9902_1705	hypothetical protein	0.081	0.023	0.282	100.0	100.0	12.409	0.076	0.081	0.00366883260398709
Syncc9902_1706	hypothetical protein	0.209	0.077	0.369	100.0	100.0	20.734	0.204	0.206	0.203401465310365
Syncc9902_1707	possible phosphate-binding protein	0.185	0.043	0.234	100.0	100.0	11.021	0.191	0.185	0.253825232958393
Syncc9902_1708	hypothetical protein	0.041	0.011	0.27	100.0	100.0	16.95	0.04	0.037	0.0573614864990594
Syncc9902_1709	hypothetical protein	0.057	0.015	0.27	100.0	100.0	12.488	0.055	0.057	0.0799516937020966
Syncc9902_1710	hypothetical protein	0.039	0.008	0.206	100.0	100.0	15.037	0.035	0.039	0.063600540336083
Syncc9902_1711	hypothetical protein	0.068	0.01	0.142	65.76	99.09	6.367	0.069	0.068	0.22002117872452
Syncc9902_1712	hypothetical protein	0.41	0.059	0.143	100.0	100.0	9.419	0.409	0.41	0.289020954671135
Syncc9902_1713	short chain dehydrogenase	0.266	0.041	0.154	96.67	100.0	7.929	0.269	0.266	0.236395927712422
Syncc9902_1714	methionine aminopeptidase	0.045	0.009	0.195	97.09	100.0	10.314	0.048	0.045	0.0492740876245173
Syncc9902_1715	hypothetical protein	0.052	0.008	0.162	100.0	100.0	6.888	0.048	0.052	0.0208979264078826
Syncc9902_1716	50S ribosomal protein L19	0.079	0.01	0.123	96.47	100.0	6.236	0.075	0.079	0.145123488292325
Syncc9902_1717	hypothetical protein	0.014	0.003	0.176	100.0	100.0	18.751	0.014	0.014	0.0
Syncc9902_1718	hypothetical protein	0.742	0.132	0.178	100.0	100.0	16.861	0.738	0.733	0.664127825794148
Syncc9902_1719	glutamyl-tRNA synthetase	0.132	0.036	0.273	100.0	100.0	19.452	0.133	0.124	0.0978663631907179
Syncc9902_1720	putative Na+/H+ antiporter, CPA1 family	0.045	0.009	0.207	100.0	100.0	15.53	0.049	0.047	0.0939447785778666
Syncc9902_1721	hypothetical protein	0.056	0.009	0.16	100.0	100.0	14.69	0.097	0.056	0.522665626907168
Syncc9902_1722	hypothetical protein	0.308	0.053	0.172	90.63	100.0	9.043	0.279	0.308	0.528605322484892
Syncc9902_1723	UDP-N-acetylglucosamine 2-epimerase (EC:5.1.3.14 )	0.077	0.017	0.226	93.8	100.0	11.455	0.088	0.077	0.101482047054456
Syncc9902_1724	Pilus retraction protein PilT	0.224	0.04	0.179	91.6	100.0	9.124	0.231	0.245	0.150350657957926
Syncc9902_1726	hypothetical protein	0.09	0.023	0.255	100.0	100.0	9.226	0.099	0.09	0.0328785506598076
Syncc9902_1727	Peptidase M22, glycoprotease (EC:3.4.24.57 )	0.1	0.018	0.18	98.7	100.0	7.81	0.113	0.1	0.126207473419887
Syncc9902_1728	photosystem I reaction center subunit III	0.086	0.006	0.074	62.26	92.24	7.348	0.086	0.086	0.139006647817448
Syncc9902_1729	photosystem I reaction center subunit IX	0.038	0.004	0.103	100.0	100.0	11.436	0.038	0.038	0.0
Syncc9902_1730	Guanylate kinase (EC:2.7.4.8 )	0.172	0.033	0.191	100.0	100.0	12.305	0.169	0.172	0.266515499856656
Syncc9902_1731	secreted protein MPB70 precursor-like	0.129	0.02	0.156	84.19	100.0	7.567	0.131	0.123	0.159970721187165
Syncc9902_1732	Sec-independent periplasmic protein translocase	0.056	0.011	0.19	84.33	100.0	7.603	0.055	0.056	0.0345372648049244
Syncc9902_1733	hypothetical protein	0.141	0.02	0.139	100.0	100.0	8.006	0.114	0.141	1.03166766445227
Syncc9902_1734	Twin-arginine translocation pathway signal	0.068	0.006	0.094	92.92	100.0	9.972	0.078	0.068	0.0775597664438021
Syncc9902_1735	apocytochrome f precursor	0.064	0.012	0.194	82.8	100.0	12.066	0.063	0.064	0.0728552102508434
Syncc9902_1736	prolipoprotein diacylglyceryl transferase	0.108	0.021	0.19	100.0	100.0	10.089	0.124	0.108	0.136301733763586
Syncc9902_1737	Precorrin-4 C11-methyltransferase region (EC:2.1.1.133 )	0.129	0.022	0.168	100.0	100.0	11.284	0.117	0.129	0.139545831088901
Syncc9902_1738	transcriptional regulator, XRE family	0.208	0.034	0.162	59.85	100.0	9.296	0.195	0.208	0.175090131671032
Syncc9902_1739	Guanosine-5'-triphosphate,3'-diphosphate diphosphatase (EC:3.6.1.40 )	0.09	0.018	0.197	78.67	100.0	7.568	0.093	0.09	0.0887753074017678
Syncc9902_1740	probable 4-hydroxybenzoate-octaprenyltransferase	0.123	0.022	0.176	80.92	100.0	6.232	0.122	0.123	0.103069128089041
Syncc9902_1741	hypothetical protein	0.19	0.042	0.221	71.38	100.0	7.069	0.207	0.19	0.220885486710636
Syncc9902_1742	2-C-methyl-D-erythritol 4-phosphate cytidylyltransferase	0.119	0.02	0.17	79.74	100.0	6.83	0.139	0.119	0.315821677767482
Syncc9902_1743	hypothetical protein	0.123	0.018	0.149	64.51	100.0	5.197	0.134	0.123	0.153621134262396
Syncc9902_1744	putative potassium channel, VIC family	0.092	0.016	0.171	92.92	100.0	7.952	0.094	0.092	0.0962107503317836
Syncc9902_1745	3-oxoacyl-(acyl-carrier-protein) reductase	0.032	0.007	0.218	96.68	100.0	7.932	0.033	0.04	0.0423074028495367
Syncc9902_1746	hypothetical protein	0.088	0.014	0.153	100.0	100.0	11.929	0.088	0.088	0.235318617242815
Syncc9902_1747	Chaperonin Cpn60/TCP-1	0.061	0.015	0.246	100.0	100.0	14.712	0.061	0.068	0.118420376321489
Syncc9902_1748	N-acetylmannosamine-6-phosphate 2-epimerase (EC:5.1.3.9 )	0.144	0.04	0.276	100.0	100.0	23.083	0.142	0.145	0.126225578828881
Syncc9902_1749	hypothetical protein	0.468	0.077	0.165	80.0	100.0	15.665	0.45	0.468	0.546728312919753
Syncc9902_1750	putative multidrug efflux ABC transporter	0.075	0.017	0.229	100.0	100.0	28.07	0.074	0.075	0.418343194883567
Syncc9902_1751	ATPase	0.08	0.017	0.217	100.0	100.0	24.578	0.079	0.08	0.130372774859137
Syncc9902_1752	Protoheme IX farnesyltransferase	0.059	0.015	0.254	100.0	100.0	22.383	0.057	0.059	0.579210063867816
Syncc9902_1753	putative cytochrome c oxidase assembly protein	0.138	0.034	0.249	100.0	100.0	29.455	0.148	0.141	0.0604789879738364
Syncc9902_1754	possible cytochrome c oxidase subunit II	0.064	0.015	0.233	100.0	100.0	29.977	0.061	0.064	0.120416858674497
Syncc9902_1755	Cytochrome-c oxidase (EC:1.9.3.1 )	0.037	0.008	0.231	100.0	100.0	23.257	0.037	0.038	0.063166742381662
Syncc9902_1756	possible cytochrome c oxidase subunit III	0.086	0.017	0.203	100.0	100.0	19.889	0.083	0.098	0.072672298054893
Syncc9902_1757	Transcriptional regulator AbrB	0.148	0.026	0.177	100.0	100.0	19.871	0.159	0.148	0.0589564865995208
Syncc9902_1758	riboflavin synthase subunit alpha	0.108	0.024	0.22	100.0	100.0	13.482	0.097	0.108	0.311070098994154
Syncc9902_1759	hypothetical protein	0.115	0.024	0.205	100.0	100.0	14.377	0.122	0.115	0.0712792974156597
Syncc9902_1760	putative oxidoreductase, aldo/keto reductase family	0.159	0.03	0.191	98.75	100.0	14.271	0.158	0.159	0.149382728263695
Syncc9902_1761	hypothetical protein	0.217	0.041	0.191	93.15	100.0	8.769	0.223	0.215	0.380753066922411
Syncc9902_1762	hypothetical protein	0.225	0.039	0.174	97.19	100.0	10.38	0.228	0.225	0.327726828559485
Syncc9902_1763	hypothetical protein	0.075	0.013	0.174	96.18	100.0	9.82	0.072	0.075	0.321788214595648
Syncc9902_1764	hypothetical protein	0.265	0.038	0.142	73.01	98.16	7.544	0.277	0.253	1.1372388549769
Syncc9902_1765	DNA topoisomerase I (EC:5.99.1.2 )	0.031	0.006	0.2	98.48	100.0	13.037	0.033	0.039	0.0350901633155052
Syncc9902_1766	NAD(P)H-quinone oxidoreductase subunit 2 (EC:1.6.99.5 )	0.038	0.008	0.22	90.2	100.0	9.205	0.037	0.038	0.0266591950509311
Syncc9902_1767	ATPase	0.06	0.015	0.248	98.53	100.0	12.667	0.075	0.06	0.0408919526718962
Syncc9902_1768	response regulator receiver domain protein (CheY-like)	0.349	0.071	0.204	46.62	100.0	8.571	0.313	0.349	0.384240663009291
Syncc9902_1769	histidine kinase	0.254	0.043	0.17	98.92	100.0	13.073	0.257	0.251	0.442229824403581
Syncc9902_1770	putative PAS/PAC sensor protein	0.049	0.013	0.267	100.0	100.0	12.147	0.042	0.049	0.533961673697998
Syncc9902_1771	two component transcriptional regulator, winged helix family	0.058	0.014	0.242	83.81	100.0	13.0	0.058	0.058	0.0557640316254622
Syncc9902_1772	peptidase family M23/M37	0.214	0.047	0.221	100.0	100.0	12.66	0.198	0.214	0.548518826986439
Syncc9902_1773	Biotin--acetyl-CoA-carboxylase ligase	0.19	0.042	0.224	100.0	100.0	19.962	0.18	0.19	0.183264701634397
Syncc9902_1774	aminotransferase	0.161	0.036	0.226	100.0	100.0	14.04	0.158	0.161	0.245896305326981
Syncc9902_1775	thioredoxin	0.081	0.02	0.251	100.0	100.0	19.172	0.079	0.081	0.0693976665648064
Syncc9902_1776	membrane-associated 30 kD protein-like	0.067	0.018	0.269	100.0	100.0	15.118	0.067	0.068	0.161240216043367
Syncc9902_1777	hypothetical protein	0.134	0.032	0.236	100.0	100.0	15.383	0.126	0.134	0.069852518372068
Syncc9902_1778	hypothetical protein	0.159	0.033	0.209	100.0	100.0	13.307	0.158	0.159	0.182175950836699
Syncc9902_1779	putative UDP-glucose:tetrahydrobiopterin glucosyltransferase	0.195	0.032	0.163	100.0	100.0	12.01	0.181	0.195	0.229930226176757
Syncc9902_1780	SMR family transporter-like	0.078	0.013	0.164	100.0	100.0	10.292	0.078	0.078	0.227045506539322
Syncc9902_1781	Peptidase S49, SppA	0.042	0.007	0.17	96.68	100.0	7.411	0.042	0.042	0.0293203043399252
Syncc9902_1782	Chorismate mutase of the AroH class	0.131	0.02	0.155	81.51	100.0	9.297	0.157	0.131	0.29886717412894
Syncc9902_1783	hypothetical protein	0.076	0.016	0.216	87.15	100.0	8.965	0.075	0.076	0.0369801575088796
Syncc9902_1784	50S ribosomal protein L34	0.036	0.006	0.164	57.25	100.0	5.319	0.036	0.036	0.0
Syncc9902_1785	ribonuclease P protein component of ribozyme	0.114	0.023	0.199	67.7	100.0	6.047	0.143	0.114	0.0203931036720288
Syncc9902_1786	hypothetical protein	0.007	0.001	0.163	94.61	100.0	6.498	0.007	0.007	0.020062791944253
Syncc9902_1787	putative inner membrane protein translocase component YidC	0.04	0.008	0.204	82.59	100.0	6.567	0.04	0.04	0.034598333752758
Syncc9902_1788	hypothetical protein	0.161	0.024	0.147	54.91	100.0	4.753	0.189	0.161	0.207876793599937
Syncc9902_1789	ATPase	0.082	0.014	0.169	74.98	100.0	5.546	0.081	0.082	0.077689393299547
Syncc9902_1790	hypothetical protein	NaN	0.0	0.0	0.0	100.0	2.42	NaN	NaN	0.0
Syncc9902_1791	seryl-tRNA synthetase (EC:6.1.1.11 )	0.057	0.011	0.198	65.34	100.0	8.903	0.058	0.057	0.0638526790646482
Syncc9902_1792	Peptidase M50, putative membrane-associated zinc metallopeptidase	0.075	0.015	0.204	97.05	100.0	14.205	0.075	0.075	0.069156840068973
Syncc9902_1793	30S ribosomal protein S14	0.021	0.005	0.218	100.0	100.0	8.399	0.02	0.021	0.0501351802853047
Syncc9902_1794	RNA binding S1	0.042	0.007	0.174	93.44	100.0	12.847	0.043	0.042	0.025209802849236
Syncc9902_1795	CysQ protein-like	0.075	0.016	0.217	100.0	100.0	21.767	0.079	0.075	0.159378600526641
Syncc9902_1796	hypothetical protein	0.139	0.034	0.248	100.0	100.0	19.671	0.137	0.139	0.144854875703945
Syncc9902_1797	hypothetical protein	0.264	0.061	0.23	100.0	100.0	18.817	0.212	0.264	0.531482447150515
Syncc9902_1798	hypothetical protein	0.11	0.024	0.222	100.0	100.0	12.472	0.114	0.11	0.350067272654127
Syncc9902_1799	hypothetical protein	0.07	0.026	0.378	100.0	100.0	21.031	0.069	0.078	0.056026614765987
Syncc9902_1800	hypothetical protein	0.493	0.048	0.098	100.0	100.0	8.071	0.493	0.545	0.539367181751288
Syncc9902_1801	hypothetical protein	1.17	0.188	0.16	100.0	100.0	28.216	1.194	1.1	1.42989239006624
Syncc9902_1802	hypothetical protein	0.177	0.068	0.382	100.0	100.0	46.562	0.174	0.18	0.191438265257107
Syncc9902_1803	hypothetical protein	0.2	0.07	0.351	100.0	100.0	42.925	0.211	0.224	0.184214117622016
Syncc9902_1804	hypothetical protein	0.937	0.075	0.08	100.0	100.0	15.181	0.923	0.82	0.892013621890863
Syncc9902_1805	hypothetical protein	0.203	0.064	0.316	100.0	100.0	21.4	0.213	0.244	0.063053891167589
Syncc9902_1806	hypothetical protein	0.089	0.027	0.299	100.0	100.0	23.93	0.093	0.089	0.0405934682186429
Syncc9902_1807	hypothetical protein	0.069	0.023	0.33	100.0	100.0	18.733	0.066	0.075	0.0158203623373309
Syncc9902_1808	hypothetical protein	0.175	0.065	0.371	100.0	100.0	16.602	0.169	0.178	0.0
Syncc9902_1809	hypothetical protein	0.324	0.067	0.207	100.0	100.0	16.484	0.325	0.358	1.77229427658424
Syncc9902_1810	Band 7 protein	0.027	0.011	0.397	100.0	100.0	28.758	0.03	0.027	0.00769745380007061
Syncc9902_1811	membrane protein-like	0.259	0.082	0.316	100.0	100.0	22.786	0.257	0.261	0.149524274659184
Syncc9902_1812	salt-stress induced hydrophobic peptide	0.044	0.014	0.305	100.0	100.0	12.676	0.043	0.044	0.014600807704256
Syncc9902_1813	possible pfkB family carbohydrate kinase	0.321	0.054	0.169	91.61	100.0	10.886	0.284	0.321	0.453246812307393
Syncc9902_1814	Photosystem II reaction centre protein PsbA/D1	0.083	0.034	0.406	100.0	100.0	28.18	0.084	0.096	0.129721765868748
Syncc9902_1815	Glyceraldehyde-3-phosphate dehydrogenase, type I (EC:1.2.1.12 )	0.084	0.025	0.299	100.0	100.0	15.522	0.08	0.085	0.0678534308952825
Syncc9902_1816	GCN5-related N-acetyltransferase	0.163	0.049	0.301	96.94	100.0	11.375	0.157	0.163	0.147778775943635
Syncc9902_1817	Photosystem II reaction centre protein PsbA/D1	0.07	0.028	0.4	100.0	100.0	22.506	0.07	0.091	0.0453214089687978
Syncc9902_1818	hypothetical protein	0.262	0.07	0.267	100.0	100.0	18.485	0.271	0.279	0.528266167033758
Syncc9902_1819	aspartoacylase (EC:3.5.1.15 )	0.204	0.045	0.22	100.0	100.0	16.855	0.199	0.209	0.390253717912188
Syncc9902_1820	putative glutathione S-transferase	0.188	0.037	0.199	100.0	100.0	15.931	0.205	0.205	0.179042177862835
Syncc9902_1821	hypothetical protein	0.177	0.047	0.263	100.0	100.0	16.512	0.147	0.177	0.204257914994852
Syncc9902_1822	ATPase	0.079	0.02	0.246	100.0	100.0	20.522	0.083	0.082	0.0800583700255683
Syncc9902_1823	hypothetical protein	0.11	0.031	0.278	100.0	100.0	22.018	0.113	0.11	0.19730309178041
Syncc9902_1824	Small GTP-binding protein domain	0.043	0.012	0.266	100.0	100.0	18.452	0.045	0.043	0.134393246545444
Syncc9902_1825	ATPase	0.144	0.03	0.21	100.0	100.0	12.397	0.145	0.144	0.137997452814041
Syncc9902_1826	MutS 2 protein	0.102	0.025	0.245	94.72	100.0	15.836	0.105	0.103	0.127744826107139
Syncc9902_1827	possible ring-cleaving dioxygenase	0.157	0.031	0.196	100.0	100.0	12.097	0.142	0.157	0.1169247737779
Syncc9902_1828	delta-aminolevulinic acid dehydratase (EC:4.2.1.24 )	0.034	0.009	0.249	96.31	100.0	13.471	0.034	0.034	0.0615350836722794
Syncc9902_1829	Heat shock protein DnaJ-like	0.063	0.016	0.25	90.39	100.0	12.723	0.061	0.067	0.039336767752751
Syncc9902_1830	hypothetical protein	0.186	0.036	0.193	100.0	100.0	9.69	0.182	0.186	0.159673455949409
Syncc9902_1831	putative sulfate transporter	0.08	0.015	0.184	97.74	100.0	10.348	0.088	0.079	0.0776931897114048
Syncc9902_1832	tRNA-(MS(2)IO(6)A)-hydroxylase-like	0.142	0.03	0.214	76.3	100.0	7.827	0.155	0.14	0.221777725007079
Syncc9902_1833	3-dehydroquinate dehydratase (EC:4.2.1.10 )	0.134	0.029	0.219	100.0	100.0	10.24	0.136	0.138	0.473316492401045
Syncc9902_1834	Alpha amylase, catalytic subdomain	0.168	0.03	0.176	93.21	100.0	8.572	0.167	0.17	0.384356295935546
Syncc9902_1835	putative glycerol kinase	0.089	0.014	0.157	80.41	100.0	7.458	0.082	0.089	0.0923052753531209
Syncc9902_1836	putative glycerol-3-phosphate dehydrogenase	0.128	0.022	0.169	94.84	100.0	7.964	0.125	0.128	0.12630790020023
Syncc9902_1837	Alpha amylase, catalytic subdomain	0.046	0.007	0.148	87.16	100.0	8.48	0.05	0.046	0.0409577746579197
Syncc9902_1838	putative aldehyde dehydrogenase	0.13	0.024	0.182	95.14	100.0	9.436	0.14	0.13	0.134790574116812
Syncc9902_1839	Peptidoglycan-binding LysM	0.154	0.029	0.185	100.0	100.0	13.999	0.156	0.154	0.207805947862348
Syncc9902_1840	ATP-dependent DNA helicase RecQ	0.055	0.012	0.211	91.85	100.0	11.81	0.054	0.055	0.113367427755482
Syncc9902_1841	hypothetical protein	0.029	0.006	0.208	91.83	100.0	9.463	0.036	0.029	0.166844849062279
Syncc9902_1842	photosystem I reaction center subunit IV	0.064	0.007	0.103	100.0	100.0	10.7	0.064	0.064	0.00673720168904493
Syncc9902_1843	Formamidopyrimidine-DNA glycolase (EC:3.2.2.23 )	0.111	0.026	0.231	100.0	100.0	11.749	0.109	0.111	0.0914278197854956
Syncc9902_1844	Initiation factor 2B alpha/beta/delta (EC:5.3.1.23 )	0.157	0.042	0.264	100.0	100.0	9.986	0.154	0.176	0.206145905443352
Syncc9902_1845	putative sugar aldolase	0.243	0.063	0.258	100.0	100.0	11.49	0.239	0.243	0.209295073608028
Syncc9902_1846	2,3-diketo-5-methylthio-1-phosphopentane phosphatase	0.272	0.084	0.31	100.0	100.0	18.57	0.255	0.272	0.30769807388265
Syncc9902_1847	putative neutral invertase-like protein	0.05	0.008	0.159	83.2	100.0	7.848	0.05	0.05	0.069751752075991
Syncc9902_1848	cytochrome b6-f complex subunit 4	0.013	0.003	0.256	87.58	100.0	7.501	0.013	0.013	0.0120819478189502
Syncc9902_1849	cytochrome b6	0.02	0.003	0.126	54.95	100.0	5.607	0.019	0.02	0.175940907917947
Syncc9902_1850	Peptidase S41A, C-terminal protease (EC:3.4.21.102 )	0.095	0.018	0.192	100.0	100.0	14.304	0.087	0.095	0.129987165870251
Syncc9902_1851	metal dependent phosphohydrolase	0.141	0.025	0.181	86.54	100.0	9.66	0.132	0.141	0.217796093859334
Syncc9902_1852	possible septum site-determining protein	0.281	0.045	0.161	93.48	100.0	9.088	0.292	0.281	0.40161227149974
Syncc9902_1853	Septum site-determining protein MinD	0.028	0.004	0.144	99.75	100.0	10.736	0.024	0.028	0.0261860856329384
Syncc9902_1854	Septum formation topological specificity factor MinE	0.059	0.014	0.244	100.0	100.0	11.08	0.06	0.059	0.0621281468884294
Syncc9902_1855	transcriptional regulator, LuxR family	0.301	0.056	0.185	100.0	100.0	11.117	0.279	0.301	0.535875164221594
Syncc9902_1856	hypothetical protein	0.315	0.074	0.236	100.0	100.0	14.117	0.297	0.315	0.20865840262235
Syncc9902_1857	hypothetical protein	0.175	0.033	0.19	97.54	100.0	7.379	0.183	0.175	0.325529306428375
Syncc9902_1858	Modification methylase HemK	0.25	0.036	0.146	100.0	100.0	10.146	0.26	0.25	0.322914001850892
Syncc9902_1859	SMF protein	0.255	0.042	0.163	70.69	96.72	7.871	0.257	0.255	0.297591925158451
Syncc9902_1860	hypothetical protein	0.179	0.027	0.15	63.18	98.91	6.673	0.209	0.179	0.60972264315417
Syncc9902_1861	hypothetical protein	0.043	0.01	0.224	95.29	100.0	8.994	0.041	0.043	0.0269562581685687
Syncc9902_1862	possible photosystem II reaction center M protein	0.147	0.004	0.029	100.0	100.0	7.562	0.147	0.147	NaN
Syncc9902_1863	possible ferredoxin (2Fe-2S)	0.144	0.03	0.211	97.76	100.0	8.014	0.165	0.144	0.77857575772481
Syncc9902_1864	photosystem II chlorophyll-binding protein CP47	0.039	0.008	0.203	70.0	100.0	5.663	0.04	0.039	0.0154528472970537
Syncc9902_1865	photosystem II reaction center T protein	0.0	0.0	0.048	100.0	100.0	14.615	0.0	0.0	NaN
Syncc9902_1866	Protein of unknown function DUF193	0.05	0.011	0.215	100.0	100.0	7.979	0.049	0.05	0.0233151287094318
Syncc9902_1867	30S ribosomal protein S1	0.027	0.005	0.167	62.68	100.0	5.394	0.032	0.03	0.013943088761959
Syncc9902_1868	hypothetical protein	0.234	0.033	0.14	90.96	100.0	9.466	0.226	0.234	0.173845084074707
Syncc9902_1869	S-adenosylmethionine synthetase (EC:2.5.1.6 )	0.033	0.006	0.191	100.0	100.0	13.782	0.033	0.033	0.026688151318558
Syncc9902_1870	putative carbohydrate kinase, FGGY family	0.217	0.042	0.193	100.0	100.0	15.005	0.214	0.228	0.217865125999368
Syncc9902_1871	possible phycobilisome linker polypeptide	0.116	0.024	0.209	100.0	100.0	17.988	0.125	0.12	0.114985913403138
Syncc9902_1872	hypothetical protein	0.137	0.027	0.193	100.0	100.0	17.396	0.157	0.137	0.142403643340884
Syncc9902_1873	hypothetical protein	0.447	0.069	0.154	100.0	100.0	13.277	0.46	0.447	0.556240586790995
Syncc9902_1874	hypothetical protein	2.493	0.244	0.098	22.87	100.0	3.849	2.901	1.323	NaN
Syncc9902_1875	hypothetical protein	1.168	0.064	0.055	95.63	100.0	7.918	1.197	1.168	0.765416993311782
Syncc9902_1876	hypothetical protein	0.103	0.024	0.234	100.0	100.0	16.163	0.103	0.103	0.155848651524153
Syncc9902_1877	hypothetical protein	0.195	0.036	0.183	80.41	100.0	10.025	0.206	0.23	1.01630426473528
Syncc9902_1878	hypothetical protein	0.06	0.02	0.327	100.0	100.0	10.73	0.062	0.06	0.114490036943527
Syncc9902_1879	hypothetical protein	0.201	0.04	0.198	100.0	100.0	19.528	0.217	0.224	0.174619382507448
Syncc9902_1880	possible phycobilisome polypeptide	0.254	0.049	0.195	100.0	100.0	9.569	0.28	0.249	0.179677865911907
Syncc9902_1881	possible phycobilisome rod-core linker polypeptide (L-RC 28.5)	0.146	0.033	0.228	100.0	100.0	23.009	0.153	0.146	0.185090168664434
Syncc9902_1882	hypothetical protein	0.165	0.043	0.263	100.0	100.0	22.441	0.154	0.165	0.109146932265155
Syncc9902_1883	phycobilisome linker polypeptide	0.062	0.016	0.264	100.0	100.0	26.911	0.067	0.062	0.03466867021185
Syncc9902_1884	phycobilisome linker polypeptide	0.066	0.016	0.241	100.0	100.0	20.205	0.066	0.072	0.0833060554731738
Syncc9902_1885	possible phycobilisome linker polypeptide	0.121	0.037	0.307	100.0	100.0	17.966	0.121	0.121	0.158172307315059
Syncc9902_1886	conserved hypothetical protein CpeS	0.091	0.027	0.298	87.52	100.0	10.209	0.087	0.091	0.0866979776827428
Syncc9902_1887	CpeT-like	0.204	0.067	0.326	100.0	100.0	27.605	0.204	0.204	0.13607402123014
Syncc9902_1888	CpeR-like, phycoerythrin linker-proteins region	0.058	0.03	0.521	100.0	100.0	31.663	0.069	0.058	0.0421592892362496
Syncc9902_1889	hypothetical protein	0.135	0.045	0.333	100.0	100.0	22.243	0.141	0.138	0.157293732683156
Syncc9902_1890	hypothetical protein	0.279	0.077	0.276	100.0	100.0	24.904	0.274	0.279	0.30915011159631
Syncc9902_1891	hypothetical protein	0.185	0.046	0.247	100.0	100.0	25.103	0.197	0.2	0.345894946834742
Syncc9902_1892	CpeY-like	0.147	0.029	0.194	100.0	100.0	32.381	0.149	0.147	0.209583629540426
Syncc9902_1893	C-phycoerythrin class II beta chain	0.05	0.01	0.206	100.0	100.0	39.11	0.054	0.05	0.00485326144474279
Syncc9902_1894	C-phycoerythrin class II alpha chain	0.096	0.029	0.301	100.0	100.0	47.046	0.095	0.096	0.0221085959350176
Syncc9902_1895	C-phycoerythrin class II gamma chain, linker polypeptide	0.102	0.025	0.241	100.0	100.0	25.571	0.1	0.112	0.127217792407409
Syncc9902_1896	PBS lyase HEAT-like repeat	0.197	0.04	0.204	100.0	100.0	26.033	0.197	0.197	0.155532346186642
Syncc9902_1897	putative bilin biosynthesis protein cpeZ	0.156	0.032	0.208	100.0	100.0	44.44	0.157	0.156	0.117756651299064
Syncc9902_1898	putative bilin biosynthesis protein (CpeY)	0.321	0.069	0.215	100.0	100.0	30.382	0.316	0.311	0.267277561489732
Syncc9902_1899	hypothetical protein	0.319	0.058	0.182	100.0	100.0	25.63	0.296	0.331	0.182266078151929
Syncc9902_1900	hypothetical protein	0.152	0.028	0.183	100.0	100.0	17.857	0.155	0.154	0.123563851461686
Syncc9902_1901	PBS lyase HEAT-like repeat	0.159	0.033	0.206	100.0	100.0	23.599	0.164	0.159	0.144867214761043
Syncc9902_1902	C-phycoerythrin class I alpha chain	0.074	0.018	0.242	100.0	100.0	25.798	0.074	0.075	0.068032660992004
Syncc9902_1903	C-phycoerythrin class I beta chain	0.047	0.008	0.179	100.0	100.0	40.391	0.047	0.047	0.157968231388224
Syncc9902_1904	hypothetical protein	0.019	0.004	0.204	100.0	100.0	23.419	0.009	0.028	0.00580147745113602
Syncc9902_1905	hypothetical protein	0.114	0.037	0.327	100.0	100.0	39.773	0.111	0.114	0.0609980615144806
Syncc9902_1906	15,16 dihydrobiliverdin:ferredoxin oxidoreductase	0.078	0.021	0.274	100.0	100.0	34.25	0.079	0.078	0.0753873165512611
Syncc9902_1907	phycoerythrobilin:ferredoxin oxidoreductase	0.141	0.035	0.249	100.0	100.0	20.708	0.135	0.141	0.163357003529728
Syncc9902_1908	Phycocyanin, beta subunit	0.059	0.012	0.21	100.0	100.0	22.526	0.06	0.059	0.0116891116549725
Syncc9902_1909	Phycocyanin, alpha subunit	0.034	0.008	0.226	100.0	100.0	16.928	0.042	0.034	0.0182318087498855
Syncc9902_1910	hypothetical protein	0.161	0.035	0.215	100.0	100.0	13.811	0.159	0.161	0.101386320494097
Syncc9902_1911	PBS lyase HEAT-like repeat	0.208	0.055	0.264	100.0	100.0	19.468	0.21	0.206	0.212838291214236
Syncc9902_1912	phycocyanobilin lyase beta subunit	0.184	0.038	0.206	100.0	100.0	12.463	0.175	0.188	0.18071628831261
Syncc9902_1913	protein tyrosine phosphatase (EC:3.1.3.48 )	0.156	0.034	0.217	100.0	100.0	14.96	0.148	0.156	0.179022606718244
Syncc9902_1914	Cytidylate kinase (EC:6.3.2.1,EC:2.7.4.14 )	0.16	0.036	0.222	100.0	100.0	13.269	0.168	0.16	0.290846170992626
Syncc9902_1915	Rare lipoprotein A	0.23	0.031	0.133	99.49	100.0	9.679	0.232	0.23	0.256313020691532
Syncc9902_1916	phosphoribosylaminoimidazole synthetase (EC:6.3.3.1 )	0.11	0.024	0.22	100.0	100.0	11.288	0.125	0.11	0.125466666262873
Syncc9902_1917	hypothetical protein	0.028	0.007	0.254	84.06	100.0	8.802	0.031	0.028	0.0294948942826458
Syncc9902_1918	hypothetical protein	0.152	0.031	0.204	99.8	100.0	8.923	0.151	0.159	0.222807731449927
Syncc9902_1919	hypothetical protein	0.506	0.035	0.069	56.97	100.0	4.788	0.534	0.506	1.35986042085228
Syncc9902_1920	hypothetical protein	0.199	0.039	0.199	95.7	100.0	10.133	0.192	0.199	0.201007683000147
Syncc9902_1921	hypothetical protein	0.121	0.025	0.206	100.0	100.0	6.291	0.129	0.121	0.16537343358396
Syncc9902_1922	3'-5' exonuclease	0.062	0.011	0.171	100.0	100.0	12.105	0.061	0.062	0.451363958504635
Syncc9902_1923	possible Pex protein	0.077	0.017	0.216	100.0	100.0	9.992	0.082	0.077	0.0519650423009553
Syncc9902_1924	hypothetical protein	0.08	0.013	0.162	53.58	100.0	5.195	0.08	0.08	0.162926493723246
Syncc9902_1925	hypothetical protein	0.223	0.033	0.148	100.0	100.0	8.042	0.213	0.223	0.263011027244409
Syncc9902_1926	coproporphyrinogen III oxidase (EC:1.3.3.3 )	0.07	0.008	0.119	77.87	100.0	7.049	0.065	0.093	0.122661569097945
Syncc9902_1927	MRP protein-like	0.066	0.012	0.187	82.27	100.0	6.61	0.069	0.066	0.129105937244063
Syncc9902_1928	cell division protein possibly involved in shape determination	0.073	0.01	0.131	57.3	100.0	4.601	0.074	0.073	0.0526840447198664
Syncc9902_1929	hypothetical protein	0.139	0.021	0.153	37.94	97.59	3.95	0.141	0.139	0.161923864046489
Syncc9902_1930	photosystem I reaction center subunit II (PsaD)	0.057	0.011	0.185	89.81	100.0	6.59	0.063	0.057	0.0849084391969982
Syncc9902_1931	Anthranilate synthase (EC:4.1.3.27 )	0.058	0.012	0.211	56.74	94.74	4.767	0.063	0.058	0.0698052772164197
Syncc9902_1932	Glutamate--cysteine ligase, putative	0.088	0.013	0.142	70.69	100.0	5.413	0.093	0.091	0.11410649411855
Syncc9902_1933	phosphoenolpyruvate carboxylase (EC:4.1.1.31 )	0.037	0.006	0.161	89.39	97.42	8.323	0.036	0.037	0.0495938705798563
Syncc9902_1934	hypothetical protein	0.196	0.02	0.102	57.02	100.0	7.23	0.238	0.196	0.133862030463899
Syncc9902_1935	RecF protein	0.057	0.01	0.169	100.0	100.0	8.965	0.062	0.057	0.0942529340701345
Syncc9902_1936	S-adenosylmethionine decarboxylase proenzyme (EC:4.1.1.50 )	0.092	0.009	0.1	98.27	100.0	9.03	0.092	0.092	0.0420601868152491
Syncc9902_1937	hypothetical protein	0.085	0.015	0.17	87.49	100.0	7.315	0.088	0.108	0.0474855271906153
Syncc9902_1938	cob(I)yrinic acid a,c-diamide adenosyltransferase	0.035	0.008	0.22	99.65	100.0	10.846	0.042	0.034	0.0428874762796771
Syncc9902_1939	hypothetical protein	NaN	0.0	0.0	0.0	0.0	0.0	NaN	NaN	NaN
Syncc9902_1940	Rhodanese-like	0.146	0.03	0.204	100.0	100.0	15.023	0.151	0.143	0.303800974568306
Syncc9902_1941	hypothetical protein	0.363	0.066	0.183	100.0	100.0	13.085	0.366	0.364	0.960892149427894
Syncc9902_1942	hypothetical protein	0.059	0.012	0.194	100.0	100.0	17.323	0.054	0.059	0.0998718623629145
Syncc9902_1943	hypothetical protein	0.212	0.051	0.239	100.0	100.0	11.861	0.216	0.213	0.295968026425941
Syncc9902_1944	phytoene dehydrogenase related enzyme	0.148	0.027	0.18	100.0	100.0	11.501	0.139	0.148	0.137687423276974
Syncc9902_1945	prephenate dehydrogenase	0.113	0.016	0.145	100.0	100.0	10.57	0.126	0.113	0.104767942538527
Syncc9902_1946	hypothetical protein	0.082	0.011	0.138	72.54	100.0	5.458	0.088	0.082	0.0809962529509459
Syncc9902_1947	hypothetical protein	0.055	0.009	0.166	84.34	100.0	5.47	0.064	0.055	0.0654613802720583
Syncc9902_1948	hypothetical protein	0.201	0.043	0.214	100.0	100.0	9.855	0.193	0.201	0.278157720402266
Syncc9902_1949	recombinase A	0.04	0.005	0.122	50.4	100.0	5.003	0.039	0.04	0.148887030270958
Syncc9902_1950	hypothetical protein	0.184	0.023	0.125	57.47	98.4	4.704	0.185	0.184	0.309450401796812
Syncc9902_1951	ATPase	0.099	0.013	0.132	64.57	100.0	4.957	0.094	0.099	0.13804573850427
Syncc9902_1952	putative LdpA protein	0.217	0.025	0.114	45.64	100.0	4.295	0.201	0.217	0.181192665320626
Syncc9902_1952a	hypothetical protein	0.086	0.018	0.207	100.0	100.0	26.557	0.085	0.086	2.07679714189825
Syncc9902_1953	NADH dehydrogenase I subunit N	0.076	0.016	0.208	6.96	100.0	3.095	0.076	0.076	NaN
Syncc9902_1954	hypothetical protein	1.778	0.048	0.027	89.17	100.0	7.429	1.778	1.778	NaN
Syncc9902_1955	50S ribosomal protein L3	0.085	0.009	0.104	56.01	100.0	4.924	0.083	0.072	0.0802706660762188
Syncc9902_1956	50S ribosomal protein L4	0.05	0.005	0.102	100.0	100.0	7.626	0.049	0.05	0.0701896330563441
Syncc9902_1957	50S ribosomal protein L23	0.0	0.0	0.054	92.41	100.0	7.267	0.0	0.0	0.0
Syncc9902_1958	50S ribosomal protein L2	0.041	0.005	0.118	73.38	100.0	6.34	0.037	0.041	0.0297471807323522
Syncc9902_1959	Ribosomal protein S19	0.0	0.0	0.026	21.74	100.0	2.764	0.0	0.0	NaN
Syncc9902_1960	Ribosomal protein L22	0.204	0.019	0.093	27.87	100.0	3.76	0.204	0.204	0.234493416142021
Syncc9902_1961	30S ribosomal protein S3	0.022	0.002	0.105	54.46	100.0	5.488	0.023	0.022	0.00719085116884282
Syncc9902_1962	50S ribosomal protein L16	0.02	0.003	0.125	75.47	100.0	6.138	0.02	0.03	0.00690150970524802
Syncc9902_1963	Ribosomal protein L29	0.094	0.005	0.048	97.62	100.0	8.371	0.094	0.083	0.0207312476441764
Syncc9902_1964	30S ribosomal protein S17	0.062	0.005	0.077	100.0	100.0	9.861	0.088	0.062	0.0190168640114819
Syncc9902_1965	50S ribosomal protein L14	0.025	0.003	0.1	100.0	100.0	11.12	0.025	0.025	0.075163388203998
Syncc9902_1966	Ribosomal protein L24	0.022	0.003	0.118	100.0	100.0	14.535	0.022	0.022	0.0282870177458109
Syncc9902_1967	50S ribosomal protein L5	0.038	0.004	0.113	100.0	100.0	10.661	0.037	0.055	0.0282973370518515
Syncc9902_1968	30S ribosomal protein S8	0.058	0.006	0.099	100.0	100.0	9.59	0.058	0.058	0.102196500225006
Syncc9902_1969	50S ribosomal protein L6	0.033	0.004	0.129	100.0	100.0	9.198	0.033	0.033	0.0397300675279172
Syncc9902_1970	Ribosomal protein L18	0.1	0.008	0.076	100.0	100.0	10.42	0.094	0.1	0.057659250016014
Syncc9902_1971	30S ribosomal protein S5	0.022	0.004	0.167	100.0	100.0	13.748	0.021	0.022	0.0136884259327439
Syncc9902_1972	50S ribosomal protein L15	0.044	0.005	0.118	99.34	100.0	7.726	0.051	0.044	0.00603089457761412
Syncc9902_1973	preprotein translocase SecY	0.015	0.002	0.146	95.61	100.0	7.931	0.012	0.015	0.0198216816215839
Syncc9902_1974	Adenylate kinase, subfamily	0.079	0.015	0.186	91.85	100.0	8.138	0.086	0.079	0.0537710890339485
Syncc9902_1975	Ribosomal protein L36	0.0	0.0	0.056	100.0	100.0	8.123	0.0	0.0	NaN
Syncc9902_1976	30S ribosomal protein S13	0.039	0.004	0.098	100.0	100.0	8.959	0.039	0.039	0.0723764176942087
Syncc9902_1977	30S ribosomal protein S11	0.023	0.003	0.139	76.59	100.0	7.761	0.022	0.023	0.0156741760776821
Syncc9902_1978	DNA-directed RNA polymerase alpha subunit (EC:2.7.7.6 )	0.021	0.003	0.141	83.17	100.0	6.42	0.024	0.021	0.0475496899076874
Syncc9902_1979	50S ribosomal protein L17	0.039	0.007	0.183	66.1	100.0	4.943	0.044	0.026	0.0236011535414173
Syncc9902_1980	tRNA pseudouridine synthase (EC:4.2.1.70 )	0.146	0.026	0.175	88.37	100.0	7.637	0.137	0.146	0.216615713589592
Syncc9902_1981	50S ribosomal protein L13	0.095	0.005	0.057	48.66	100.0	4.933	0.093	0.095	0.0786630937474892
Syncc9902_1982	30S ribosomal protein S9	0.009	0.002	0.179	75.12	100.0	6.642	0.009	0.009	0.00918336369156041
Syncc9902_1983	50S ribosomal protein L31	0.138	0.013	0.094	100.0	100.0	6.983	0.129	0.138	0.0497334617989961
Syncc9902_1984	peptide chain release factor 1	0.025	0.005	0.205	59.84	100.0	6.007	0.031	0.024	0.0343635971859637
Syncc9902_1985	HNH nuclease	0.09	0.012	0.13	29.71	100.0	3.97	0.089	0.09	0.232462009535685
Syncc9902_1986	alanine racemase (EC:5.1.1.1 )	0.131	0.018	0.136	68.53	94.77	5.576	0.126	0.132	0.27354574999486
Syncc9902_1987	hypothetical protein	0.1	0.021	0.212	21.81	100.0	3.501	0.134	0.162	0.181179681456462
Syncc9902_1988	hypothetical protein	0.189	0.016	0.085	27.16	97.53	3.76	0.272	0.189	0.278483911198114
Syncc9902_1989	glycosyl transferase, family 2	0.085	0.009	0.109	47.14	100.0	4.269	0.097	0.085	0.081314379606409
Syncc9902_1990	hypothetical protein	0.202	0.032	0.16	100.0	100.0	8.127	0.205	0.202	0.728821725959999
Syncc9902_1991	photosystem I subunit VIII (PsaI)	0.0	0.0	0.011	100.0	100.0	7.41	0.0	0.0	NaN
Syncc9902_1992	putative photosystem I reaction center subunit XI (PsaL)	0.011	0.002	0.186	94.72	100.0	7.087	0.011	0.011	0.00518748020195341
Syncc9902_1993	putative RND family multidrug efflux transporter	0.093	0.018	0.197	50.19	94.92	4.886	0.09	0.093	0.116802039721505
Syncc9902_1994	Photosystem I psaB	0.012	0.001	0.091	95.29	100.0	10.178	0.012	0.012	0.00337395441405597
Syncc9902_1995	Photosystem I psaA	0.058	0.009	0.155	100.0	100.0	15.591	0.059	0.063	0.18482268484383
Syncc9902_1996	hypothetical protein	0.237	0.05	0.212	94.27	100.0	10.52	0.251	0.24	0.18485529063926
Syncc9902_1997	Precorrin-3B C17-methyltransferase region	0.199	0.056	0.281	100.0	100.0	21.098	0.205	0.199	0.185839455145131
Syncc9902_1998	putative transcriptional regulator, Crp/Fnr family	0.215	0.05	0.232	100.0	100.0	17.098	0.214	0.243	0.127449453454072
Syncc9902_1999	possible porin	0.144	0.048	0.334	100.0	100.0	33.436	0.145	0.149	0.10589055154626
Syncc9902_2000	hypothetical protein	0.295	0.093	0.314	100.0	100.0	21.275	0.294	0.283	0.288795129018305
Syncc9902_2001	putative hydroxylase	0.161	0.072	0.444	100.0	100.0	47.541	0.161	0.161	0.243361160273874
Syncc9902_2002	putative iron ABC transporter, substrate binding protein	0.12	0.053	0.443	100.0	100.0	46.383	0.119	0.122	0.0910723899889594
Syncc9902_2003	ferritin	0.121	0.049	0.402	100.0	100.0	44.893	0.115	0.127	0.149954960562219
Syncc9902_2004	hypothetical protein	0.24	0.084	0.351	100.0	100.0	36.172	0.242	0.246	0.199473040612081
Syncc9902_2005	hypothetical protein	0.254	0.09	0.354	100.0	100.0	38.021	0.24	0.253	0.261418400132861
Syncc9902_2006	Thioredoxin-disulfide reductase (EC:1.8.1.9 )	0.09	0.03	0.337	100.0	100.0	42.995	0.092	0.09	0.0827029439633297
Syncc9902_2007	flavodoxin	0.067	0.023	0.35	100.0	100.0	47.173	0.061	0.077	0.092861479079101
Syncc9902_2008	hypothetical protein	1.329	0.165	0.124	100.0	100.0	37.136	1.244	1.268	1.52491218750352
Syncc9902_2009	hypothetical protein	0.251	0.049	0.195	100.0	100.0	16.89	0.254	0.251	0.0679168778509883
Syncc9902_2010	regulatory proteins, Crp family	0.029	0.01	0.338	100.0	100.0	29.773	0.031	0.029	0.0823059583522785
Syncc9902_2011	putative hydrogenase accessory protein	0.178	0.045	0.255	100.0	100.0	28.273	0.186	0.178	0.194616504458528
Syncc9902_2012	possible porin	0.294	0.072	0.246	100.0	100.0	19.547	0.295	0.28	0.282114799812741
Syncc9902_2013	hypothetical protein	0.182	0.031	0.168	100.0	100.0	10.66	0.204	0.184	0.282566366025223
Syncc9902_2014	lipoyl synthase	0.09	0.02	0.219	100.0	100.0	17.523	0.088	0.09	0.0560491721315891
Syncc9902_2015	hypothetical protein	0.269	0.075	0.28	100.0	100.0	14.094	0.278	0.274	1.55730530294522
Syncc9902_2016	Glutamate synthase (NADPH) (EC:1.4.1.13 )	0.079	0.015	0.192	91.15	99.13	9.169	0.082	0.08	0.122627141042852
Syncc9902_2017	hypothetical protein	0.213	0.026	0.123	47.51	99.66	5.046	0.224	0.22	0.253338807582154
Syncc9902_2018	hypothetical protein	0.107	0.015	0.139	53.1	100.0	5.162	0.114	0.107	0.0497373829262553
Syncc9902_2019	30S ribosomal protein S12	0.012	0.002	0.152	69.07	100.0	5.864	0.011	0.012	0.0
Syncc9902_2020	30S ribosomal protein S7	0.0	0.0	0.154	37.37	100.0	4.217	0.0	0.0	0.0560244470314319
Syncc9902_2021	elongation factor EF-2	0.045	0.008	0.183	94.99	100.0	9.436	0.047	0.045	0.0382085570122546
Syncc9902_2022	elongation factor Tu (EC:2.7.7.4 )	0.042	0.01	0.239	100.0	100.0	17.113	0.039	0.089	0.045069286700365
Syncc9902_2023	30S ribosomal protein S10	0.03	0.007	0.239	100.0	100.0	22.913	0.03	0.03	0.1331317453777
Syncc9902_2024	Peptidase S16, lon-like	0.072	0.016	0.216	100.0	100.0	14.506	0.071	0.072	0.0700036989526331
Syncc9902_2025	probable sterol-C-methyltransferase	0.12	0.028	0.233	100.0	100.0	16.833	0.126	0.121	0.140108876495974
Syncc9902_2026	Prephenate dehydratase (EC:4.2.1.51 )	0.094	0.02	0.213	100.0	100.0	15.895	0.095	0.091	0.36040194650223
Syncc9902_2027	hypothetical protein	0.133	0.02	0.154	100.0	100.0	20.094	0.136	0.133	0.0913550586673908
Syncc9902_2028	Ribonuclease H (EC:3.1.26.4 )	0.17	0.039	0.232	100.0	100.0	21.015	0.182	0.17	0.194808628306286
Syncc9902_2029	Ribonuclease E and G	0.105	0.024	0.229	100.0	100.0	16.946	0.103	0.106	0.199101652288935
Syncc9902_2030	Elongator protein 3/MiaB/NifB	0.089	0.022	0.244	100.0	100.0	18.888	0.091	0.089	0.0997012098587745
Syncc9902_2031	aspartate aminotransferase	0.072	0.019	0.26	100.0	100.0	19.997	0.077	0.075	0.0662331657037478
Syncc9902_2032	ATP-dependent Clp protease adaptor protein ClpS	0.041	0.01	0.248	100.0	100.0	26.305	0.041	0.039	0.0609498388828577
Syncc9902_2033	hypothetical protein	0.237	0.026	0.109	87.5	100.0	8.188	0.232	0.292	0.552203971017441
Syncc9902_2034	TPR repeat	0.286	0.026	0.092	95.87	100.0	8.685	0.285	0.286	0.306279165596958
Syncc9902_2035	Elongator protein 3/MiaB/NifB	0.059	0.024	0.405	100.0	100.0	20.579	0.059	0.066	0.0880708968487029
Syncc9902_2036	Photosystem II reaction centre protein PsbA/D1	0.08	0.037	0.461	100.0	100.0	26.935	0.081	0.094	0.0200999632380294
Syncc9902_2037	hypothetical protein	1.005	0.049	0.049	5.49	79.92	1.712	1.005	1.74	0.0
Syncc9902_2038	hypothetical protein	0.156	0.036	0.231	100.0	100.0	9.566	0.153	0.158	0.0988358045415482
Syncc9902_2039	hypothetical protein	0.203	0.054	0.265	100.0	100.0	10.42	0.203	0.203	0.290044584163044
Syncc9902_2040	chorismate synthase (EC:4.2.3.5 )	0.042	0.005	0.126	71.78	100.0	6.826	0.046	0.042	0.0838300457441351
Syncc9902_2041	hypothetical protein	0.028	0.007	0.248	75.68	100.0	8.435	0.026	0.028	0.00952043060060886
Syncc9902_2042	possible aldolase	0.3	0.034	0.112	22.17	100.0	4.207	0.275	0.3	0.211480888118499
Syncc9902_2043	Peptidase M41, FtsH (EC:3.6.4.6 )	0.022	0.006	0.266	89.75	100.0	8.135	0.023	0.022	0.0209094232653049
Syncc9902_2044	ATP-sulfurylase (EC:2.7.7.4 )	0.061	0.012	0.2	63.77	100.0	6.576	0.067	0.068	0.126238973644644
Syncc9902_2045	photosystem II manganese-stabilizing polypeptide	0.092	0.016	0.172	86.59	100.0	6.842	0.094	0.092	0.0588070957433448
Syncc9902_2046	DNA/pantothenate metabolism flavoprotein	0.145	0.028	0.193	96.33	100.0	10.673	0.155	0.145	0.197214835466939
Syncc9902_2047	hypothetical protein	0.15	0.017	0.115	86.85	100.0	6.324	0.155	0.15	0.167528438469493
Syncc9902_2048	hypothetical protein	0.594	0.028	0.048	34.33	100.0	4.144	0.397	0.575	0.0
Syncc9902_2049	hypothetical protein	0.121	0.026	0.214	100.0	100.0	8.631	0.126	0.121	0.165930613584647
Syncc9902_2050	putative type 2 NADH dehydrogenase (Ndh, Ndh2B or NdbA)	0.126	0.023	0.182	99.02	100.0	11.239	0.123	0.126	0.148555517052685
Syncc9902_2051	aspartate carbamoyltransferase catalytic subunit (EC:2.1.3.2 )	0.071	0.014	0.2	96.76	100.0	14.009	0.07	0.071	0.0695879333622514
Syncc9902_2052	Methylpurine-DNA glycosylase (MPG)	0.185	0.044	0.238	100.0	100.0	15.898	0.188	0.2	0.0713776313320255
Syncc9902_2053	Protein of unknown function DUF165	0.088	0.024	0.279	100.0	100.0	15.74	0.087	0.088	0.0545686379840631
Syncc9902_2054	possible glycosyltransferase	0.202	0.029	0.143	41.12	98.74	3.952	0.219	0.202	0.329212609987409
Syncc9902_2055	hypothetical protein	0.068	0.013	0.192	100.0	100.0	10.472	0.066	0.068	0.0
Syncc9902_2056	hypothetical protein	0.075	0.019	0.25	100.0	100.0	21.772	0.072	0.075	0.0795727545424473
Syncc9902_2057	Glutamyl-tRNA(Gln) amidotransferase C subunit	0.042	0.014	0.336	100.0	100.0	19.221	0.043	0.042	0.0358389017477535
Syncc9902_2058	beta-carotene hydroxylase	0.085	0.032	0.374	100.0	100.0	22.078	0.086	0.114	0.0869712190767876
Syncc9902_2059	hypothetical protein	0.159	0.036	0.226	100.0	100.0	22.996	0.162	0.17	0.225766262705927
Syncc9902_2060	isoleucyl-tRNA synthetase	0.115	0.03	0.263	100.0	100.0	23.236	0.119	0.114	0.101151299003103
Syncc9902_2061	hypothetical protein	0.217	0.054	0.249	100.0	100.0	16.677	0.21	0.204	0.612688840006543
Syncc9902_2062	hypothetical protein	0.079	0.014	0.174	100.0	100.0	13.969	0.091	0.079	0.0702745229584546
Syncc9902_2063	hypothetical protein	0.113	0.024	0.21	100.0	100.0	14.376	0.115	0.113	0.102228892031859
Syncc9902_2064	tRNA (guanine-N(7)-)-methyltransferase (EC:2.1.1.33 )	0.13	0.025	0.189	86.22	100.0	8.764	0.135	0.13	0.291197594381896
Syncc9902_2065	possible bicarbonate transporter, ICT family	0.141	0.028	0.2	87.4	100.0	9.056	0.15	0.141	0.156384030818497
Syncc9902_2066	hypothetical protein	0.224	0.038	0.168	78.59	99.47	7.391	0.241	0.224	0.260687968703919
Syncc9902_2067	Phosphoglucosamine mutase	0.08	0.015	0.187	84.73	100.0	9.692	0.078	0.078	0.103877453787696
Syncc9902_2068	possible soluble lytic transglycosylase	0.288	0.043	0.148	34.33	98.91	3.682	0.275	0.288	0.212425602062088
Syncc9902_2069	hypothetical protein	0.178	0.029	0.164	84.13	100.0	6.177	0.189	0.178	0.282984257818406
Syncc9902_2070	thioredoxin-like protein TxlA	0.107	0.015	0.145	65.23	100.0	5.116	0.128	0.106	0.0841493077467832
Syncc9902_2071	Thymidylate synthase complementing protein ThyX	0.05	0.011	0.217	100.0	100.0	9.22	0.048	0.055	0.0555479357574434
Syncc9902_2072	deoxycytidine triphosphate deaminase (EC:3.5.4.13 )	0.084	0.018	0.212	30.64	100.0	3.926	0.083	0.084	0.0286840465755932
Syncc9902_2073	cob(I)alamin adenosyltransferase	0.085	0.017	0.197	64.05	96.41	5.458	0.079	0.08	0.0444384183596178
Syncc9902_2074	Ribonuclease PH (EC:2.7.7.56 )	0.104	0.024	0.236	92.08	100.0	8.471	0.108	0.104	0.10687177753174
Syncc9902_2075	transcriptional regulator, Crp/Fnr family	0.026	0.006	0.218	84.68	100.0	8.333	0.024	0.026	0.0347732054192711
Syncc9902_2076	hypothetical protein	0.084	0.016	0.186	89.32	100.0	8.029	0.085	0.084	0.0989235968717054
Syncc9902_2077	Resolvase, RNase H-like fold	0.214	0.031	0.146	95.53	100.0	8.277	0.218	0.214	0.219954265158585
Syncc9902_2078	hypothetical protein	0.011	0.002	0.171	100.0	100.0	8.337	0.01	0.011	1.0944217483825
Syncc9902_2079	peptidyl-tRNA hydrolase (EC:3.1.1.29 )	0.07	0.012	0.174	99.36	100.0	9.184	0.075	0.07	0.0184054012675047
Syncc9902_2080	Twin-arginine translocation protein TatA/E	0.104	0.027	0.257	100.0	100.0	13.235	0.084	0.104	0.0
Syncc9902_2081	photosystem II reaction center protein PsbH	0.021	0.002	0.11	100.0	100.0	7.716	0.021	0.021	0.0
Syncc9902_2082	photosystem II reaction centre N protein (psbN)	0.094	0.007	0.07	100.0	100.0	6.645	0.042	0.094	0.14289819679568
Syncc9902_2083	possible alpha mannosidase	0.183	0.036	0.199	93.13	100.0	10.279	0.183	0.189	0.176911202636772
Syncc9902_2084	photosystem II reaction center I protein PsbI	0.038	0.004	0.099	100.0	100.0	10.733	0.038	0.038	0.0
Syncc9902_2085	hypothetical protein	0.118	0.029	0.247	88.89	100.0	11.847	0.117	0.128	0.187551873791119
Syncc9902_2086	Uncharacterized low-complexity proteins-like	0.285	0.068	0.239	64.76	100.0	9.665	0.293	0.307	0.613903710872176
Syncc9902_2087	3-isopropylmalate dehydratase small subunit	0.191	0.034	0.181	100.0	100.0	10.805	0.176	0.176	0.413103321295445
Syncc9902_2088	isopropylmalate isomerase large subunit	0.064	0.011	0.178	100.0	100.0	12.045	0.068	0.064	0.13602146542318
Syncc9902_2089	Competence-damaged protein	0.174	0.03	0.172	94.52	100.0	8.13	0.169	0.174	0.235661648306994
Syncc9902_2090	putative glycosyltransferase	0.073	0.015	0.2	74.89	100.0	6.101	0.086	0.073	0.457485476877969
Syncc9902_2091	serine hydroxymethyltransferase (EC:2.1.2.1 )	0.054	0.012	0.221	89.69	100.0	9.195	0.053	0.061	0.0579267522030018
Syncc9902_2092	hypothetical protein	0.093	0.014	0.148	93.09	100.0	7.077	0.078	0.093	NaN
Syncc9902_2093	hypothetical protein	0.055	0.014	0.25	77.43	100.0	6.799	0.052	0.055	0.0399960174677595
Syncc9902_2094	hypothetical protein	0.024	0.004	0.16	92.72	100.0	5.9	0.025	0.023	0.0
Syncc9902_2095	hypothetical protein	0.133	0.023	0.17	82.0	100.0	6.354	0.132	0.164	0.20390099251282
Syncc9902_2096	Rhodanese-like	0.136	0.017	0.125	100.0	100.0	7.393	0.136	0.136	0.238125175147823
Syncc9902_2097	Negative regulator of class I heat shock protein	0.055	0.011	0.195	58.87	100.0	4.716	0.053	0.055	0.0858643019616997
Syncc9902_2098	tryptophan synthase subunit beta	0.037	0.006	0.154	50.84	100.0	6.154	0.036	0.037	0.0928058500707162
Syncc9902_2099	putative translation initiation factor SUI1	0.118	0.017	0.147	75.71	100.0	5.977	0.1	0.181	0.153724800109791
Syncc9902_2100	Adenylylsulfate kinase (EC:2.7.1.25 )	0.094	0.02	0.207	88.68	100.0	7.25	0.091	0.094	0.0309111225667234
Syncc9902_2101	hypothetical protein	0.083	0.013	0.162	94.87	100.0	7.059	0.084	0.106	0.0803187979621094
Syncc9902_2102	hypothetical protein	0.171	0.031	0.181	55.5	100.0	4.646	0.165	0.171	0.099389562265006
Syncc9902_2103	1-(5-Phosphoribosyl)-5-amino-4-imidazole- carboxylate (AIR) carboxylase (EC:4.1.1.21 )	0.104	0.016	0.151	64.34	100.0	7.935	0.103	0.104	0.803746374159808
Syncc9902_2104	N-acetylglucosamine-6-phosphate deacetylase (EC:3.5.1.25 )	0.303	0.046	0.15	82.65	100.0	7.537	0.321	0.297	0.286405320082761
Syncc9902_2105	Mg-protoporphyrin IX methyl transferase (EC:2.1.1.11 )	0.149	0.033	0.223	72.13	100.0	6.388	0.153	0.138	0.151780518323972
Syncc9902_2106	probable pseudouridine synthase	0.128	0.027	0.21	93.25	100.0	12.081	0.126	0.138	0.26002835324858
Syncc9902_2107	two component transcriptional regulator, LuxR family	0.023	0.005	0.216	100.0	100.0	10.401	0.025	0.023	0.0671817157968786
Syncc9902_2108	hypothetical protein	0.209	0.041	0.196	100.0	100.0	13.698	0.209	0.205	0.350471218016987
Syncc9902_2109	NifS-like aminotransferase class-V	0.183	0.032	0.174	74.84	100.0	6.955	0.187	0.183	0.154315654886413
Syncc9902_2110	hypothetical protein	0.188	0.026	0.139	95.54	100.0	7.717	0.185	0.188	0.252938447548231
Syncc9902_2111	methyltransferase	0.12	0.026	0.214	81.24	100.0	10.198	0.116	0.12	0.218841277788976
Syncc9902_2112	NADH dehydrogenase delta subunit (EC:1.6.5.3 )	0.03	0.007	0.243	100.0	100.0	11.085	0.029	0.03	0.00675881299153154
Syncc9902_2113	hypothetical protein	0.343	0.03	0.087	89.94	100.0	7.268	0.372	0.343	0.456299755919734
Syncc9902_2114	hypothetical protein	0.224	0.069	0.308	100.0	100.0	11.851	0.231	0.224	0.0687744947161192
Syncc9902_2115	hypothetical protein	0.242	0.046	0.192	97.79	100.0	8.581	0.239	0.256	0.35223775177382
Syncc9902_2116	hypothetical protein	0.195	0.049	0.25	100.0	100.0	11.127	0.188	0.19	0.163700331516946
Syncc9902_2117	probable O-succinylbenzoic acid--CoA ligase	0.243	0.033	0.137	54.5	99.23	5.027	0.238	0.243	0.394239471560606
Syncc9902_2118	putative O-succinylbenzoate synthase	0.367	0.067	0.183	49.79	95.99	5.202	0.342	0.367	0.324232948295473
Syncc9902_2119	1,4-dihydroxy-2-naphthoate octaprenyltransferase,	0.174	0.032	0.186	70.48	100.0	6.659	0.16	0.174	0.338950456038068
Syncc9902_2120	Isochorismate synthase	0.127	0.023	0.184	83.75	100.0	9.625	0.135	0.127	0.107911568212461
Syncc9902_2121	glutathione synthetase (EC:6.3.2.3 )	0.023	0.004	0.188	81.49	100.0	7.346	0.023	0.035	0.044244588374667
Syncc9902_2122	Glutaredoxin, GrxC	0.07	0.011	0.161	94.57	100.0	8.822	0.07	0.07	0.61110221910281
Syncc9902_2123	peptide chain release factor RF-2	0.056	0.006	0.109	100.0	100.0	13.769	0.056	0.056	0.0
Syncc9902_2124	peptide chain release factor 2	0.047	0.007	0.157	91.22	100.0	7.631	0.046	0.047	0.0543449311916902
Syncc9902_2125	hypothetical protein	0.194	0.021	0.109	100.0	100.0	11.045	0.196	0.194	0.109692295868234
Syncc9902_2126	hypothetical protein	0.314	0.057	0.182	98.71	100.0	9.796	0.302	0.314	0.358637538684215
Syncc9902_2127	possible diacylglycerol kinase	0.109	0.027	0.245	97.26	100.0	8.831	0.108	0.109	0.156367795644688
Syncc9902_2128	Glutamine amidotransferase of anthranilate synthase	0.055	0.012	0.214	100.0	100.0	10.31	0.063	0.055	0.0461867525793688
Syncc9902_2129	hypothetical protein	0.094	0.019	0.197	90.04	100.0	8.051	0.087	0.103	0.119801015546828
Syncc9902_2130	hypothetical protein	0.304	0.047	0.153	75.13	100.0	5.241	0.311	0.322	0.361474162875569
Syncc9902_2131	hypothetical protein	0.156	0.031	0.198	36.64	100.0	4.182	0.165	0.156	0.166063407728363
Syncc9902_2132	Asparaginase (EC:3.5.1.1 )	0.158	0.033	0.209	52.97	100.0	5.587	0.168	0.158	0.189652578698473
Syncc9902_2133	aminotransferase class-I	0.111	0.02	0.179	63.13	100.0	6.087	0.114	0.111	0.282893564731073
Syncc9902_2134	arginyl-tRNA synthetase (EC:6.1.1.19 )	0.066	0.013	0.201	99.21	100.0	14.716	0.07	0.071	0.136526424474346
Syncc9902_2135	Nicotinate-nucleotide pyrophosphorylase (EC:2.4.2.19 )	0.137	0.025	0.184	94.76	98.21	10.661	0.138	0.136	0.104580973112746
Syncc9902_2136	tRNA modification GTPase	0.082	0.016	0.198	91.74	100.0	9.282	0.079	0.082	0.0681920537785461
Syncc9902_2137	hypothetical protein	0.17	0.033	0.195	81.8	100.0	6.663	0.181	0.17	0.13017987634921
Syncc9902_2138	hypothetical protein	0.154	0.027	0.173	79.54	100.0	5.47	0.147	0.154	0.234806640300829
Syncc9902_2139	metal dependent phosphohydrolase (EC:2.7.6.5 )	0.068	0.009	0.131	60.45	100.0	6.502	0.079	0.073	0.134887516799103
Syncc9902_2140	ATPase	0.132	0.02	0.151	66.24	99.51	5.991	0.131	0.132	0.161146591116914
Syncc9902_2141	Pseudouridine synthase, RluD (EC:4.2.1.70 )	0.09	0.016	0.18	88.24	100.0	8.852	0.085	0.09	0.084395856894267
Syncc9902_2142	GTP-binding	0.058	0.011	0.195	59.16	100.0	6.408	0.055	0.058	0.117174312083119
Syncc9902_2143	phosphoglycerate kinase (EC:2.7.2.3 )	0.036	0.006	0.155	75.21	100.0	6.611	0.031	0.036	0.0322577938076312
Syncc9902_2144	hypothetical protein	0.245	0.053	0.218	80.41	100.0	6.26	0.236	0.245	0.853722206369395
Syncc9902_2145	2-hydroxy-3-oxopropionate reductase (EC:1.1.1.60 )	0.251	0.054	0.216	54.99	100.0	4.709	0.234	0.251	0.194364222296057
Syncc9902_2146	hypothetical protein	0.241	0.045	0.186	53.66	100.0	4.79	0.216	0.241	0.782473739963822
Syncc9902_2147	N-acetylglucosaminyltransferase, MurG (EC:2.4.1.227 )	0.142	0.022	0.158	59.7	100.0	5.465	0.118	0.142	0.0815057719878647
Syncc9902_2148	L-threonine-O-3-phosphate decarboxylase (EC:4.1.1.81 )	0.19	0.058	0.308	62.29	100.0	7.727	0.177	0.19	0.20370888544448
Syncc9902_2149	hypothetical protein	Inf	0.061	0.0	7.59	89.03	1.996	Inf	Inf	NaN
Syncc9902_2150	dihydroorotate dehydrogenase	0.066	0.013	0.197	80.54	100.0	9.822	0.064	0.066	0.164982015216189
Syncc9902_2151	possible ribonuclease HI	0.097	0.016	0.17	87.77	100.0	7.126	0.109	0.124	0.17583337049627
Syncc9902_2152	hypothetical protein	0.183	0.034	0.185	55.51	100.0	4.816	0.178	0.195	0.121504442164062
Syncc9902_2153	Ribosomal protein L7/L12	0.209	0.013	0.062	84.5	100.0	5.842	0.176	0.209	0.106773823191734
Syncc9902_2154	50S ribosomal protein L10	0.047	0.003	0.058	90.07	100.0	7.505	0.046	0.047	0.35451910989188
Syncc9902_2155	50S ribosomal protein L1	0.054	0.01	0.178	94.21	100.0	9.242	0.058	0.054	0.142939985639943
Syncc9902_2156	Ribosomal protein L11	0.05	0.007	0.133	97.65	100.0	7.012	0.048	0.05	0.398406463605994
Syncc9902_2157	transcription antitermination protein NusG	0.04	0.01	0.237	100.0	100.0	11.7	0.037	0.04	0.041820547073367
Syncc9902_2158	SecE subunit of protein translocation complex	0.067	0.008	0.122	71.25	100.0	7.246	0.067	0.067	1.08272206141084
Syncc9902_2159	ATPase	0.073	0.012	0.172	85.95	98.66	9.278	0.077	0.073	0.100915754400377
Syncc9902_2160	Glyoxalase I (EC:4.4.1.5 )	0.059	0.009	0.159	100.0	100.0	10.383	0.057	0.058	0.136127628279086
Syncc9902_2161	Enolase (EC:4.2.1.11 )	0.037	0.009	0.229	100.0	100.0	11.594	0.034	0.037	0.0255818103946662
Syncc9902_2162	possible kinase	0.065	0.016	0.242	100.0	100.0	14.689	0.066	0.065	0.0660901836012642
Syncc9902_2163	hypothetical protein	0.112	0.025	0.227	100.0	100.0	13.559	0.142	0.112	0.997650336817714
Syncc9902_2164	hypothetical protein	0.372	0.059	0.159	46.02	100.0	4.763	0.362	0.459	0.898602869165701
Syncc9902_2165	phage integrase	NaN	0.0	0.0	0.0	0.0	0.0	NaN	NaN	NaN
Syncc9902_2166	bifunctional ornithine acetyltransferase/N-acetylglutamate synthase protein (EC:2.3.1.1 )	0.151	0.055	0.363	95.48	100.0	20.05	0.158	0.164	0.132005853727463
Syncc9902_2167	Dephospho-CoA kinase (EC:2.7.1.24 )	0.255	0.044	0.173	71.5	100.0	9.268	0.264	0.255	0.396445659142897
Syncc9902_2168	Prolyl 4-hydroxylase, alpha subunit	0.212	0.052	0.243	99.52	100.0	13.129	0.196	0.214	0.207739196610672
Syncc9902_2169	aspartyl/glutamyl-tRNA amidotransferase subunit B	0.05	0.019	0.385	100.0	100.0	18.277	0.049	0.051	0.0932689619600515
Syncc9902_2170	Aromatic-ring hydroxylase	0.145	0.06	0.418	91.85	100.0	14.347	0.148	0.16	0.131636284721903
Syncc9902_2171	Nucleoside-diphosphate kinase (EC:2.7.4.6 )	0.031	0.008	0.252	70.83	100.0	5.673	0.028	0.031	1.15563015236712
Syncc9902_2172	arginine decarboxylase	0.067	0.014	0.204	91.91	100.0	10.286	0.069	0.066	0.0760026686637461
Syncc9902_2173	alanyl-tRNA synthetase (EC:6.1.1.7 )	0.104	0.026	0.248	98.04	100.0	11.892	0.101	0.103	0.128763351024738
Syncc9902_2174	hypothetical protein	0.184	0.015	0.084	65.24	100.0	6.136	0.151	0.184	0.455595667870036
Syncc9902_2175	DEAD/DEAH box helicase-like	0.037	0.007	0.188	95.39	100.0	8.652	0.04	0.037	0.0379026674998233
Syncc9902_2176	hypothetical protein	0.069	0.015	0.22	100.0	100.0	13.499	0.069	0.069	0.0827248906706125
Syncc9902_2177	hypothetical protein	0.341	0.063	0.186	100.0	100.0	13.748	0.328	0.357	0.364803121646757
Syncc9902_2178	putative small heat shock protein	0.113	0.033	0.288	100.0	100.0	13.771	0.122	0.11	0.0477637640176283
Syncc9902_2179	conserved hypothetical putative integral membrane protein	0.071	0.016	0.22	100.0	100.0	12.86	0.071	0.068	0.111870167586314
Syncc9902_2180	flavoprotein	0.052	0.012	0.23	90.62	100.0	10.234	0.055	0.052	0.0431500624447625
Syncc9902_2181	hypothetical protein	0.299	0.078	0.262	42.15	76.84	3.953	0.317	0.296	0.563039223253736
Syncc9902_2182	Capsular polysaccharide biosynthesis protein-like	NaN	0.0	0.0	0.0	0.0	0.0	NaN	NaN	NaN
Syncc9902_2183	putative flavoprotein	0.083	0.013	0.16	77.63	100.0	7.944	0.082	0.078	0.0637254902730417
Syncc9902_2184	rubrerythrin	0.125	0.024	0.188	79.23	100.0	6.862	0.123	0.135	0.0937338182737529
Syncc9902_2185	possible reductase	0.175	0.035	0.202	99.06	100.0	8.373	0.186	0.175	0.173205789476923
Syncc9902_2186	hypothetical protein	0.0	0.0	0.019	36.71	100.0	3.71	0.0	0.0	0.0
Syncc9902_2187	hypothetical protein	0.104	0.017	0.166	85.88	100.0	7.267	0.103	0.104	0.9856437646678
Syncc9902_2188	glycine dehydrogenase (EC:1.4.4.2 )	0.098	0.021	0.212	99.2	100.0	12.871	0.095	0.098	0.095255421064439
Syncc9902_2189	Glycine cleavage H-protein	0.035	0.006	0.169	100.0	100.0	15.69	0.027	0.042	0.0192233564181365
Syncc9902_2190	hypothetical protein	0.084	0.017	0.2	100.0	100.0	12.166	0.083	0.087	0.0465053625300103
Syncc9902_2191	Stearoyl-CoA 9-desaturase (EC:1.14.19.1 )	0.05	0.015	0.298	100.0	100.0	12.689	0.052	0.05	0.0581947544157221
Syncc9902_2192	Stearoyl-CoA 9-desaturase (EC:1.14.19.1 )	0.046	0.011	0.229	98.92	100.0	11.847	0.044	0.052	0.106223028430656
Syncc9902_2193	50S ribosomal protein L9	0.075	0.012	0.16	100.0	100.0	15.375	0.068	0.075	0.0486768276984861
Syncc9902_2194	DnaB helicase	0.041	0.012	0.281	100.0	100.0	12.682	0.046	0.042	0.0265552660193091
Syncc9902_2195	hypothetical protein	0.273	0.064	0.233	45.23	93.49	4.828	0.272	0.298	0.206274260292534
Syncc9902_2196	transcriptional regulator, AraC family	0.296	0.113	0.381	100.0	100.0	28.665	0.309	0.314	0.244277440210277
Syncc9902_2197	glucose-inhibited division protein A	0.085	0.027	0.313	100.0	100.0	21.977	0.086	0.087	0.0718278880468847
Syncc9902_2198	hypothetical protein	0.301	0.069	0.229	100.0	100.0	12.625	0.322	0.307	0.456452425293847
Syncc9902_2199	hypothetical protein	0.083	0.019	0.224	100.0	100.0	16.216	0.085	0.083	0.107248939185742
Syncc9902_2200	hypothetical protein	0.325	0.065	0.199	100.0	100.0	17.438	0.33	0.325	0.235973757614688
Syncc9902_2201	hypothetical protein	0.055	0.012	0.223	100.0	100.0	17.933	0.064	0.055	0.247951668057269
Syncc9902_2202	hypothetical protein	0.216	0.046	0.213	100.0	100.0	12.764	0.206	0.225	0.234742396948066
Syncc9902_2203	Protein of unknown function SprT	0.131	0.019	0.146	100.0	100.0	13.248	0.135	0.131	0.454509080102217
Syncc9902_2204	hypothetical protein	0.024	0.003	0.14	100.0	100.0	15.6	0.023	0.024	0.00631415709207504
Syncc9902_2205	DNA ligase (EC:6.5.1.2 )	0.137	0.029	0.21	93.29	100.0	11.707	0.134	0.145	0.116034483832369
Syncc9902_2206	hypothetical protein	0.104	0.015	0.147	48.84	100.0	5.628	0.105	0.152	0.0504110844608561
Syncc9902_2207	hypothetical protein	0.215	0.044	0.205	100.0	100.0	13.033	0.216	0.27	0.0114777618364419
Syncc9902_2208	hypothetical protein	0.077	0.019	0.248	100.0	100.0	19.702	0.065	0.077	0.458863699739795
Syncc9902_2209	conserved membrane protein, multidrug efflux associated	0.135	0.016	0.116	100.0	100.0	17.684	0.14	0.138	0.325135087597573
Syncc9902_2210	putative multidrug efflux ABC transporter	0.09	0.024	0.263	100.0	100.0	28.842	0.082	0.094	0.0415917462398329
Syncc9902_2211	ATPase	0.091	0.023	0.253	97.06	100.0	30.96	0.1	0.09	0.0620805026932064
Syncc9902_2212	small mechanosensitive ion channel, MscS family	0.061	0.002	0.041	85.01	100.0	7.301	0.058	0.094	0.0138891611399697
Syncc9902_2213	valyl-tRNA synthetase	0.084	0.022	0.262	90.78	100.0	14.542	0.086	0.084	0.0807646226165174
Syncc9902_2214	ABC-type sugar transport system periplasmic component-like	0.144	0.021	0.145	69.38	100.0	5.527	0.149	0.171	0.125096656407225
Syncc9902_2215	Small-conductance mechanosensitive channel-like	0.099	0.021	0.209	66.82	97.69	5.408	0.096	0.1	0.137864485346381
Syncc9902_2216	hypothetical protein	0.132	0.028	0.211	98.0	100.0	10.998	0.132	0.144	0.288994230992814
Syncc9902_2217	possible protein phosphatase 2A regulatory B S	0.115	0.018	0.157	92.57	100.0	8.008	0.113	0.115	0.581798857722004
Syncc9902_2218	hypothetical protein	0.102	0.012	0.116	100.0	100.0	9.126	0.096	0.102	0.0529433127559149
Syncc9902_2219	short-chain dehydrogenase/reductase (SDR) superfamily	0.148	0.028	0.188	70.53	100.0	6.651	0.15	0.148	0.145573725508597
Syncc9902_2220	putative ferric uptake regulator, FUR family	0.159	0.028	0.178	91.85	100.0	7.385	0.156	0.159	0.0951399301841456
Syncc9902_2221	hypothetical protein	0.073	0.013	0.179	58.81	97.56	4.782	0.085	0.073	0.136396055431644
Syncc9902_2222	putative high light inducible protein	0.038	0.008	0.201	100.0	100.0	8.127	0.038	0.038	0.0305394167398317
Syncc9902_2223	hypothetical protein	0.455	0.091	0.2	5.97	100.0	2.513	0.571	0.896	1.02629856512843
Syncc9902_2224	hypothetical protein	NaN	0.0	0.0	0.0	16.03	0.16	NaN	NaN	NaN
Syncc9902_2225	hypothetical protein	Inf	0.143	0.0	3.66	29.67	1.179	Inf	Inf	NaN
Syncc9902_2226	hypothetical protein	0.191	0.031	0.162	89.94	100.0	7.345	0.197	0.191	0.0990411939489515
Syncc9902_2227	MazG	0.209	0.03	0.146	95.08	100.0	8.62	0.197	0.209	0.292929890544366
Syncc9902_2228	hypothetical protein	0.181	0.035	0.192	100.0	100.0	8.952	0.187	0.21	0.0914671253150986
Syncc9902_2229	spermidine synthase	0.064	0.008	0.132	44.64	99.52	4.586	0.074	0.064	0.081745373967679
Syncc9902_2230	Putative agmatinase	0.114	0.016	0.138	66.78	100.0	5.995	0.113	0.114	0.120363274881984
Syncc9902_2231	hypothetical protein	0.122	0.019	0.158	36.11	100.0	4.523	0.122	0.122	0.149576669802446
Syncc9902_2232	Glycine cleavage system T protein (EC:2.1.2.10 )	0.099	0.014	0.139	51.82	100.0	4.614	0.1	0.099	0.0674690540484277
Syncc9902_2233	Aspartyl-tRNA synthetase	0.079	0.012	0.147	75.83	100.0	6.483	0.077	0.079	0.0761949619385469
Syncc9902_2234	possible type II alternative RNA polymerase sigma factor	0.07	0.01	0.139	71.78	100.0	5.83	0.077	0.07	0.126000274132458
Syncc9902_2235	CTP synthetase (EC:6.3.4.2 )	0.045	0.006	0.127	82.61	100.0	6.598	0.058	0.045	0.0327597344467441
Syncc9902_2236	possible organic radical activating enzyme	0.222	0.034	0.153	51.94	100.0	6.819	0.224	0.222	0.190274299831437
Syncc9902_2237	possible 3-hydroxyacid dehydrogenase	0.18	0.027	0.148	96.74	100.0	10.541	0.194	0.18	0.167993987300923
Syncc9902_2238	ExsB	0.131	0.015	0.111	98.97	100.0	10.438	0.137	0.131	0.141835772650955
Syncc9902_2239	Anthranilate synthase (EC:4.1.3.27 )	0.139	0.026	0.186	97.7	100.0	10.103	0.138	0.139	0.157196901592835
Syncc9902_2240	aminotransferase class IV	0.438	0.045	0.103	7.38	46.0	1.512	0.425	0.436	0.596110590206566
Syncc9902_2241	amino acid permease family protein	Inf	0.004	0.0	14.58	70.26	2.019	Inf	Inf	0.136314363143631
Syncc9902_2242	HAD-superfamily hydrolase YedP	NaN	0.0	0.0	0.0	88.89	1.152	NaN	NaN	2.23061689870379
Syncc9902_2243	Alpha amylase, catalytic subdomain	0.118	0.025	0.209	72.86	99.54	12.302	0.112	0.118	0.145649517024839
Syncc9902_2244	hypothetical protein	0.069	0.016	0.227	100.0	100.0	21.081	0.068	0.069	0.0928473364375563
Syncc9902_2245	hypothetical protein	0.221	0.072	0.327	100.0	100.0	28.478	0.241	0.221	0.0810446822430985
Syncc9902_2246	ATPase	0.067	0.016	0.246	100.0	100.0	27.9	0.066	0.083	0.0673696335661406
Syncc9902_2247	ATPase	0.063	0.013	0.213	100.0	100.0	21.233	0.052	0.063	0.183748281425661
Syncc9902_2248	putative membrane protein of ABC transport system	0.085	0.026	0.299	100.0	100.0	15.926	0.091	0.085	0.0757880950800699
Syncc9902_2249	putative urea ABC transporter	0.058	0.017	0.29	100.0	100.0	21.928	0.06	0.058	0.0629592682117481
Syncc9902_2250	putative urea ABC transporter, urea binding protein	0.051	0.014	0.276	100.0	100.0	27.215	0.056	0.058	0.0223372697198266
Syncc9902_2251	Urease accessory protein UreG	0.09	0.029	0.323	100.0	100.0	26.185	0.086	0.09	0.123617410911629
Syncc9902_2252	urease accessory protein F	0.146	0.034	0.231	100.0	100.0	20.228	0.145	0.146	0.222544760115729
Syncc9902_2253	urease accessory protein E	0.179	0.043	0.239	100.0	100.0	13.207	0.191	0.179	0.310621849239498
Syncc9902_2254	urease accessory protein D	0.236	0.047	0.198	100.0	100.0	17.144	0.24	0.236	0.260795999546812
Syncc9902_2255	Urease, gamma subunit region (EC:3.5.1.5 )	0.036	0.009	0.256	100.0	100.0	23.02	0.036	0.036	0.0148918672664554
Syncc9902_2256	Urease, beta subunit (EC:3.5.1.5 )	0.098	0.023	0.234	100.0	100.0	21.436	0.094	0.098	0.155590329344769
Syncc9902_2257	Urease, alpha subunit (EC:3.5.1.5 )	0.079	0.021	0.262	100.0	100.0	22.093	0.079	0.082	0.0410233215281829
Syncc9902_2258	hypothetical protein	0.256	0.025	0.097	91.26	100.0	8.794	0.254	0.256	0.0580820602340239
Syncc9902_2259	N-carbamoyl-L-amino acid amidohydrolase (EC:3.5.1.87 )	0.157	0.012	0.074	99.3	100.0	10.054	0.157	0.157	0.1755966511793
Syncc9902_2260	Asparagine synthase, glutamine-hydrolyzing	0.125	0.013	0.1	100.0	100.0	12.346	0.124	0.125	0.150236611203679
Syncc9902_2261	putative aspartate carbamoyltransferase	0.119	0.018	0.152	99.91	100.0	13.717	0.119	0.148	0.0940353894296482
Syncc9902_2262	hypothetical protein	0.709	0.014	0.02	98.83	100.0	11.439	0.773	0.838	0.179677819083024
Syncc9902_2263	sodium:solute transporter family, possible urea transporter	0.073	0.007	0.095	100.0	100.0	19.563	0.073	0.073	0.125414854885734
Syncc9902_2264	hypothetical protein	0.138	0.039	0.28	100.0	100.0	32.842	0.135	0.15	0.132943896504526
Syncc9902_2265	hypothetical protein	0.066	0.021	0.32	100.0	100.0	42.529	0.066	0.067	0.0325226383934371
Syncc9902_2266	Transglutaminase-like	0.139	0.035	0.255	100.0	100.0	32.043	0.143	0.141	0.147976886581326
Syncc9902_2267	conserved hypothetical protein (ORFG Synechococcus sp.)	0.115	0.036	0.312	100.0	100.0	27.927	0.114	0.11	0.0443839583293642
Syncc9902_2268	hypothetical protein	0.352	0.086	0.246	100.0	100.0	24.412	0.356	0.34	0.510223761300234
Syncc9902_2269	molybdenum cofactor biosynthesis protein A	0.258	0.052	0.2	100.0	100.0	26.414	0.25	0.258	0.221791303060406
Syncc9902_2270	molybdopterin-guanine dinucleotide biosynthesis protein A	0.242	0.067	0.278	100.0	100.0	21.749	0.241	0.244	0.532233902516905
Syncc9902_2271	Nitrate transporter	0.047	0.016	0.341	100.0	100.0	19.615	0.049	0.049	0.0311302399328319
Syncc9902_2272	nitrate reductase	0.095	0.02	0.208	99.46	100.0	17.623	0.097	0.095	0.0847056285365849
Syncc9902_2273	hypothetical protein	0.271	0.055	0.203	100.0	100.0	12.285	0.272	0.272	0.236782020858878
Syncc9902_2274	hypothetical protein	0.293	0.051	0.174	100.0	100.0	12.74	0.292	0.293	0.159785577786379
Syncc9902_2275	carbonic anhydrase	0.167	0.037	0.224	100.0	100.0	17.786	0.173	0.167	0.175613098500267
Syncc9902_2276	Molybdopterin cofactor biosynthesis MoaC region	0.147	0.023	0.158	100.0	100.0	12.594	0.151	0.147	0.181329814386583
Syncc9902_2277	Molybdopterin binding domain	0.194	0.038	0.194	99.92	100.0	12.814	0.19	0.194	0.179674452751139
Syncc9902_2278	hypothetical protein	0.272	0.04	0.145	75.36	100.0	8.556	0.238	0.272	0.24805869172389
Syncc9902_2279	molybdenum cofactor biosynthesis protein E	0.27	0.032	0.12	100.0	100.0	16.286	0.263	0.27	0.552058128755321
Syncc9902_2280	molydbenum cofactor biosynthesis protein D	0.069	0.012	0.171	100.0	100.0	17.917	0.076	0.069	1.04871902561949
Syncc9902_2281	Molybdopterin binding domain	0.15	0.034	0.229	100.0	100.0	18.069	0.148	0.15	0.13138183847083
Syncc9902_2282	Uroporphyrin-III C-methyltransferase-like	0.11	0.023	0.21	100.0	100.0	16.399	0.104	0.11	0.443756875912695
Syncc9902_2283	possible DNA mismatch repair proteins, MutS fa	0.22	0.053	0.239	100.0	100.0	22.727	0.222	0.229	0.362833854500791
Syncc9902_2284	ferredoxin--nitrite reductase	0.081	0.031	0.384	100.0	100.0	25.054	0.081	0.094	0.0411481953016286
Syncc9902_2285	formate and nitrite transporters	0.045	0.012	0.275	100.0	100.0	29.627	0.047	0.048	0.0184123810620707
Syncc9902_2286	hypothetical protein	0.308	0.075	0.242	100.0	100.0	23.201	0.293	0.303	0.45185350601468
Syncc9902_2287	cyanate hydratase (EC:4.2.1.104 )	0.119	0.04	0.338	100.0	100.0	22.819	0.125	0.119	0.112692608533075
Syncc9902_2288	hypothetical protein	0.202	0.08	0.393	100.0	100.0	17.842	0.196	0.208	0.107063389790999
Syncc9902_2289	hypothetical protein	0.143	0.035	0.242	100.0	100.0	19.422	0.157	0.143	0.104385434430587
Syncc9902_2290	hypothetical protein	0.165	0.045	0.273	100.0	100.0	27.102	0.165	0.166	0.83176622632341
Syncc9902_2291	permease of the major facilitator superfamily	0.099	0.023	0.231	100.0	100.0	20.707	0.1	0.099	0.0654671461206262
Syncc9902_2292	polyphosphate kinase (EC:2.7.4.1 )	0.065	0.019	0.29	100.0	100.0	16.574	0.066	0.067	0.0543421709113845
Syncc9902_2293	type II alternative RNA polymerase sigma factor, sigma-70 family	0.041	0.011	0.266	100.0	100.0	23.452	0.041	0.041	0.0847421004250564
Syncc9902_2294	hypothetical protein	0.246	0.053	0.216	98.92	100.0	13.971	0.239	0.248	0.363760769848155
Syncc9902_2295	3-deoxy-7-phosphoheptulonate synthase (EC:2.5.1.54 )	0.066	0.017	0.251	99.72	100.0	13.94	0.067	0.067	0.376564732467962
Syncc9902_2296	aconitate hydratase (EC:4.2.1.3 )	0.06	0.013	0.219	100.0	100.0	17.178	0.065	0.064	0.0688589219758337
Syncc9902_2297	putative chloride channel	0.106	0.025	0.232	100.0	100.0	22.505	0.101	0.107	0.130484840789154
Syncc9902_2298	Elongator protein 3/MiaB/NifB	0.101	0.024	0.239	100.0	100.0	22.357	0.091	0.101	0.168665922745096
Syncc9902_2299	hypothetical protein	0.185	0.047	0.253	98.82	100.0	20.905	0.177	0.189	0.203058574305015
Syncc9902_2300	Formyltetrahydrofolate deformylase	0.094	0.023	0.24	100.0	100.0	26.768	0.094	0.094	0.29273796007771
Syncc9902_2301	hypothetical protein	0.104	0.022	0.212	100.0	100.0	23.68	0.103	0.104	0.122215036524026
Syncc9902_2302	D-amino acid oxidase	0.267	0.059	0.221	100.0	100.0	16.957	0.268	0.27	0.314357933768979
Syncc9902_2303	molecular chaperone DnaK	0.038	0.01	0.259	100.0	100.0	14.34	0.038	0.038	0.0177163793794209
Syncc9902_2304	shikimate / quinate 5-dehydrogenase	0.213	0.035	0.166	90.46	100.0	9.22	0.208	0.215	0.165809511439965
Syncc9902_2305	hypothetical protein	0.078	0.017	0.225	94.4	100.0	9.798	0.079	0.078	0.0561188938898029
Syncc9902_2306	Ribosomal protein S6	0.111	0.036	0.329	100.0	100.0	14.593	0.114	0.111	0.0144051753649012
Syncc9902_2307	hypothetical protein	0.307	0.073	0.238	100.0	100.0	10.178	0.303	0.307	0.844525320593143
Syncc9902_2308	Argininosuccinate synthase (EC:6.3.4.5 )	0.046	0.01	0.219	100.0	100.0	11.683	0.041	0.045	0.054830257904655
Syncc9902_2309	hypothetical protein	0.144	0.022	0.155	98.65	100.0	7.977	0.14	0.11	NaN
Syncc9902_2310	hypothetical protein	0.04	0.008	0.205	95.56	100.0	5.711	0.042	0.04	0.0528444436005733
Syncc9902_2311	Phospho-N-acetylmuramoyl-pentapeptide transferase (EC:2.7.8.13 )	0.115	0.025	0.221	97.2	100.0	13.137	0.109	0.115	0.10777152240983
Syncc9902_2312	hypothetical protein	0.058	0.015	0.253	100.0	100.0	16.044	0.057	0.058	0.038567292548001
Syncc9902_2313	hypothetical protein	0.069	0.017	0.25	100.0	100.0	16.964	0.07	0.069	0.0490698894008801
Syncc9902_2314	5'-phosphoribosylglycinamide transformylase	0.113	0.023	0.2	97.83	100.0	14.534	0.111	0.113	0.149127300441971
Syncc9902_2315	Sucrose-phosphate synthase (EC:2.4.1.14 )	0.12	0.029	0.243	100.0	100.0	18.279	0.116	0.127	0.189323720355018
Syncc9902_2316	hypothetical protein	0.207	0.046	0.221	98.33	100.0	11.735	0.21	0.207	0.198961362866754
Syncc9902_2317	excinuclease ABC subunit A	0.047	0.013	0.269	94.3	100.0	10.806	0.048	0.047	0.061442268675053
Syncc9902_2318	DNA repair protein RecN	0.117	0.02	0.174	95.37	100.0	9.184	0.113	0.123	0.250128480251844
Syncc9902_2319	possible protein kinase	0.044	0.009	0.212	87.87	100.0	8.766	0.04	0.043	0.0607176557978614
Syncc9902_2320	hypothetical protein	0.136	0.027	0.195	100.0	100.0	9.38	0.129	0.126	0.126808204942789
Syncc9902_2321	threonine synthase	0.051	0.007	0.13	87.12	100.0	7.075	0.048	0.051	0.112500471114501
