protein_id	gene_id	sel_ml	neu_ml	lrt	pvalue	nom_sig	bonf_sig	qvalue	fdr_sig	orphan	pfam_status	pfam_domains
11743	fgenesh1_pg.C_chr_22000088	-15852.19355	-15919.1986	134.010098	5.44e-31	1	1	6.21e-28	1	N	white	PF03160;PF14312;
24314	estExt_fgenesh1_pg.C_chr_11a0093	-6736.322838	-6799.491711	126.337746	2.59e-29	1	1	1.48e-26	1	N	dark	
23587	estExt_fgenesh1_pg.C_chr_70601	-20587.88105	-20650.59858	125.435072	4.09e-29	1	1	1.56e-26	1	N	dark	
11219	fgenesh1_pg.C_chr_19a_19000162	-9158.295139	-9218.340977	120.091676	6.04e-28	1	1	1.72e-25	1	N	dark	
4556	fgenesh1_pg.C_chr_4000506	-5093.011508	-5151.151721	116.280426	4.13e-27	1	1	9.44e-25	1	Y	dark	
22843	estExt_fgenesh1_pg.C_chr_50674	-10693.43508	-10749.91808	112.965994	2.2e-26	1	1	4.19e-24	1	N	dark	
5829	fgenesh1_pg.C_chr_5000871	-16479.6781	-16535.34485	111.333516	5e-26	1	1	8.16e-24	1	N	white	PF01833;
7217	fgenesh1_pg.C_chr_7000600	-13718.62132	-13770.48354	103.724432	2.33e-24	1	1	3.33e-22	1	N	white	PF21041;
23979	estExt_fgenesh1_pg.C_chr_90184	-8296.129365	-8347.506514	102.754298	3.79e-24	1	1	4.81e-22	1	N	white	PF13831;PF13832;
25140	estExt_fgenesh1_pg.C_chr_16a0104	-11114.87381	-11164.67951	99.611406	1.85e-23	1	1	2.11e-21	1	N	white	PF02791;PF23011;PF02008;
21117	estExt_fgenesh1_pg.C_chr_20064	-3448.707945	-3498.405489	99.395088	2.07e-23	1	1	2.15e-21	1	N	dark	
23692	estExt_fgenesh1_pg.C_chr_80098	-3956.66321	-4005.265717	97.205014	6.25e-23	1	1	5.95e-21	1	N	white	PF12763;
22296	estExt_fgenesh1_pg.C_chr_40480	-7167.822402	-7215.046297	94.44779	2.52e-22	1	1	2.21e-20	1	N	dark	
9127	fgenesh1_pg.C_chr_12000208	-7463.417036	-7509.918884	93.003696	5.22e-22	1	1	4.26e-20	1	N	dark	
22837	estExt_fgenesh1_pg.C_chr_50661	-6370.086283	-6415.31447	90.456374	1.89e-21	1	1	1.44e-19	1	N	dark	
23467	estExt_fgenesh1_pg.C_chr_70355	-4871.186667	-4916.341713	90.310092	2.04e-21	1	1	1.46e-19	1	N	dark	
21774	estExt_fgenesh1_pg.C_chr_30423	-5145.205062	-5189.17557	87.941016	6.74e-21	1	1	4.53e-19	1	N	dark	
2178	fgenesh1_pg.C_chr_2000133	-8691.49752	-8734.902295	86.80955	1.19e-20	1	1	7.55e-19	1	N	white	PF23409;PF23414;PF00400;
2066	fgenesh1_pg.C_chr_2000021	-6392.677783	-6435.938006	86.520446	1.38e-20	1	1	8.3e-19	1	N	dark	
24098	estExt_fgenesh1_pg.C_chr_100016	-5850.076732	-5892.46226	84.771056	3.35e-20	1	1	1.91e-18	1	N	dark	
22882	estExt_fgenesh1_pg.C_chr_50759	-8108.92944	-8150.52961	83.20034	7.41e-20	1	1	4.03e-18	1	N	white	PF09409;PF13374;PF13424;PF13176;
25073	estExt_fgenesh1_pg.C_chr_150279	-8199.754629	-8241.232946	82.956634	8.39e-20	1	1	4.18e-18	1	N	dark	
4445	fgenesh1_pg.C_chr_4000395	-5512.539738	-5554.014155	82.948834	8.42e-20	1	1	4.18e-18	1	N	dark	
1753	fgenesh1_pg.C_chr_1000887	-4230.951043	-4272.015046	82.128006	1.28e-19	1	1	6.09e-18	1	N	dark	
3201	fgenesh1_pg.C_chr_3000135	-4335.786704	-4375.99116	80.408912	3.04e-19	1	1	1.39e-17	1	N	dark	
24141	estExt_fgenesh1_pg.C_chr_100109	-15235.44102	-15274.55318	78.224316	9.2e-19	1	1	4.04e-17	1	N	white	PF10152;PF02181;
20865	estExt_fgenesh1_pg.C_chr_10649	-13083.866	-13122.11907	76.506136	2.2e-18	1	1	9.31e-17	1	N	white	PF12624;PF25036;
24496	estExt_fgenesh1_pg.C_chr_120184	-2973.730752	-3011.793995	76.126486	2.66e-18	1	1	1.09e-16	1	Y	dark	
3404	fgenesh1_pg.C_chr_3000338	-4876.145966	-4913.661963	75.031994	4.63e-18	1	1	1.82e-16	1	N	white	PF01857;
11641	fgenesh1_pg.C_chr_20000237	-6338.061478	-6375.420015	74.717074	5.43e-18	1	1	2.07e-16	1	N	dark	
20959	estExt_fgenesh1_pg.C_chr_10837	-3895.595956	-3932.101647	73.011382	1.29e-17	1	1	4.75e-16	1	N	white	PF00249;
2131	fgenesh1_pg.C_chr_2000086	-5802.630122	-5839.043452	72.82666	1.42e-17	1	1	5.02e-16	1	N	white	PF13191;
6143	fgenesh1_pg.C_chr_6000298	-10491.57818	-10527.96985	72.783332	1.45e-17	1	1	5.02e-16	1	N	white	PF07529;
268544	estExt_thaps1_ua_kg.C_chr_30293	-2650.396827	-2685.997394	71.201134	3.23e-17	1	1	1.09e-15	1	N	white	PF04030;PF01565;
4726	fgenesh1_pg.C_chr_4000676	-7870.37995	-7905.792733	70.825566	3.9e-17	1	1	1.24e-15	1	N	white	PF13329;
11319	fgenesh1_pg.C_chr_19c_29000005	-5649.290502	-5684.698654	70.816304	3.92e-17	1	1	1.24e-15	1	Y	dark	
24974	estExt_fgenesh1_pg.C_chr_150074	-9795.216595	-9829.986507	69.539824	7.49e-17	1	1	2.31e-15	1	N	white	PF18590;PF00931;PF13424;
2425	fgenesh1_pg.C_chr_2000380	-5638.943326	-5673.535025	69.183398	8.97e-17	1	1	2.7e-15	1	Y	dark	
25593	estExt_fgenesh1_pg.C_chr_200059	-12933.51605	-12967.9001	68.768096	1.11e-16	1	1	3.25e-15	1	N	dark	
24958	estExt_fgenesh1_pg.C_chr_150022	-3300.601547	-3334.475656	67.748218	1.86e-16	1	1	5.31e-15	1	Y	dark	
25824	estExt_fgenesh1_pg.C_chr_230031	-4749.104628	-4782.479678	66.7501	3.08e-16	1	1	8.58e-15	1	N	white	PF00400;
21861	estExt_fgenesh1_pg.C_chr_30601	-4572.834921	-4606.129543	66.589244	3.34e-16	1	1	9.08e-15	1	Y	dark	
42965	estExt_gwp_gw1.C_chr_200110	-2193.268221	-2226.392025	66.247608	3.98e-16	1	1	1.06e-14	1	N	white	PF02913;PF01565;
268455	estExt_thaps1_ua_kg.C_chr_30118	-5063.659989	-5096.397428	65.474878	5.89e-16	1	1	1.52e-14	1	N	white	PF20416;PF23099;
24182	estExt_fgenesh1_pg.C_chr_100196	-7492.775772	-7525.499546	65.447548	5.97e-16	1	1	1.52e-14	1	N	dark	
1216	fgenesh1_pg.C_chr_1000350	-6119.507769	-6152.09393	65.172322	6.86e-16	1	1	1.7e-14	1	N	dark	
23671	estExt_fgenesh1_pg.C_chr_80064	-1619.402663	-1651.384034	63.962742	1.27e-15	1	1	3.09e-14	1	Y	dark	
23592	estExt_fgenesh1_pg.C_chr_70608	-2804.039995	-2835.780088	63.480186	1.62e-15	1	1	3.78e-14	1	Y	dark	
25485	estExt_fgenesh1_pg.C_chr_19a_190145	-7787.644345	-7819.384454	63.480218	1.62e-15	1	1	3.78e-14	1	N	dark	
22580	estExt_fgenesh1_pg.C_chr_50132	-3854.722144	-3886.279075	63.113862	1.95e-15	1	1	4.46e-14	1	N	dark	
22869	estExt_fgenesh1_pg.C_chr_50733	-13833.22101	-13864.5189	62.595764	2.54e-15	1	1	5.58e-14	1	N	white	PF09826;PF02732;PF15459;PF04935;PF02204;
24877	estExt_fgenesh1_pg.C_chr_140230	-6364.179529	-6395.477317	62.595576	2.54e-15	1	1	5.58e-14	1	N	dark	
21727	estExt_fgenesh1_pg.C_chr_30320	-7420.739883	-7451.95529	62.430814	2.76e-15	1	1	5.95e-14	1	N	white	PF02141;PF00595;
11825	fgenesh1_pg.C_chr_22000170	-3181.127886	-3212.04284	61.829908	3.74e-15	1	1	7.91e-14	1	Y	dark	
24918	estExt_fgenesh1_pg.C_chr_140296	-2914.798489	-2945.603251	61.609524	4.19e-15	1	1	8.7e-14	1	N	dark	
264621	thaps1_ua_kg.chr_19b_31000012	-4130.06231	-4160.686835	61.24905	5.03e-15	1	1	1.03e-13	1	N	white	PF13191;
20777	estExt_fgenesh1_pg.C_chr_10462	-4803.423775	-4834.004431	61.161312	5.26e-15	1	1	1.05e-13	1	N	white	PF02135;
23540	estExt_fgenesh1_pg.C_chr_70511	-2882.338053	-2912.742002	60.807898	6.29e-15	1	1	1.24e-13	1	N	dark	
5725	fgenesh1_pg.C_chr_5000767	-3595.1372	-3625.388841	60.503282	7.35e-15	1	1	1.42e-13	1	Y	dark	
10164	fgenesh1_pg.C_chr_15000154	-27918.26101	-27948.49763	60.473244	7.46e-15	1	1	1.42e-13	1	N	dark	
9959	fgenesh1_pg.C_chr_14000304	-4400.470885	-4430.217703	59.493636	1.23e-14	1	1	2.3e-13	1	Y	dark	
3601	fgenesh1_pg.C_chr_3000535	-1926.743695	-1956.380181	59.272972	1.37e-14	1	1	2.48e-13	1	N	white	PF00520;
4765	fgenesh1_pg.C_chr_4000715	-3529.220874	-3558.859156	59.276564	1.37e-14	1	1	2.48e-13	1	N	white	PF15519;PF00076;
8813	fgenesh1_pg.C_chr_11a000199	-9888.489686	-9917.965646	58.95192	1.62e-14	1	1	2.89e-13	1	N	dark	
6536	fgenesh1_pg.C_chr_6000691	-3406.588674	-3435.864546	58.551744	1.98e-14	1	1	3.48e-13	1	N	dark	
24218	estExt_fgenesh1_pg.C_chr_100262	-2473.047202	-2502.241709	58.389014	2.15e-14	1	1	3.72e-13	1	N	dark	
10106	fgenesh1_pg.C_chr_15000096	-4004.50514	-4033.604715	58.19915	2.37e-14	1	1	4.04e-13	1	Y	dark	
21698	estExt_fgenesh1_pg.C_chr_30267	-3454.808834	-3483.790113	57.962558	2.67e-14	1	1	4.45e-13	1	N	dark	
22807	estExt_fgenesh1_pg.C_chr_50598	-5022.735297	-5051.708743	57.946892	2.69e-14	1	1	4.45e-13	1	N	white	PF02390;
11627	fgenesh1_pg.C_chr_20000223	-1809.694906	-1838.527568	57.665324	3.11e-14	1	1	5.08e-13	1	Y	dark	
25750	estExt_fgenesh1_pg.C_chr_220190	-5938.350429	-5966.962027	57.223196	3.89e-14	1	1	6.26e-13	1	Y	dark	
24120	estExt_fgenesh1_pg.C_chr_100061	-3491.092422	-3519.665698	57.146552	4.05e-14	1	1	6.42e-13	1	N	dark	
8450	fgenesh1_pg.C_chr_10000220	-2488.854916	-2517.413965	57.118098	4.1e-14	1	1	6.42e-13	1	N	white	PF00226;
3708	fgenesh1_pg.C_chr_3000642	-2608.203845	-2636.679154	56.950618	4.47e-14	1	1	6.9e-13	1	N	dark	
22451	estExt_fgenesh1_pg.C_chr_40784	-2948.634118	-2976.948318	56.6284	5.26e-14	1	1	8.01e-13	1	Y	dark	
21720	estExt_fgenesh1_pg.C_chr_30302	-3091.232327	-3119.516536	56.568418	5.43e-14	1	1	8.16e-13	1	N	white	PF00569;
25671	estExt_fgenesh1_pg.C_chr_200215	-3413.464811	-3441.301279	55.672936	8.56e-14	1	1	1.27e-12	1	N	dark	
11548	fgenesh1_pg.C_chr_20000144	-4285.297812	-4312.970482	55.34534	1.01e-13	1	1	1.48e-12	1	N	dark	
21958	estExt_fgenesh1_pg.C_chr_30775	-4273.315907	-4300.879543	55.127272	1.13e-13	1	1	1.63e-12	1	Y	dark	
22568	estExt_fgenesh1_pg.C_chr_50109	-7651.971941	-7679.521968	55.100054	1.15e-13	1	1	1.64e-12	1	N	dark	
21173	estExt_fgenesh1_pg.C_chr_20171	-4973.926415	-5001.223397	54.593964	1.48e-13	1	1	2.09e-12	1	N	white	PF13812;
20990	estExt_fgenesh1_pg.C_chr_10913	-7204.178106	-7231.46114	54.566068	1.5e-13	1	1	2.09e-12	1	N	white	PF01699;
6721	fgenesh1_pg.C_chr_7000104	-4439.711961	-4466.842965	54.262008	1.75e-13	1	1	2.41e-12	1	Y	dark	
269798	estExt_thaps1_ua_kg.C_chr_140130	-3103.927594	-3130.940314	54.02544	1.98e-13	1	1	2.69e-12	1	N	white	PF13508;
24401	estExt_fgenesh1_pg.C_chr_11b0017	-5069.115569	-5096.07912	53.927102	2.08e-13	1	1	2.8e-12	1	N	dark	
24073	estExt_fgenesh1_pg.C_chr_90361	-8599.633359	-8626.558956	53.851194	2.16e-13	1	1	2.87e-12	1	N	white	PF00439;
4019	fgenesh1_pg.C_chr_3000953	-2573.495006	-2600.380699	53.771386	2.25e-13	1	1	2.95e-12	1	Y	dark	
21326	estExt_fgenesh1_pg.C_chr_20502	-4414.818932	-4441.645096	53.652328	2.39e-13	1	1	3.1e-12	1	N	white	PF03959;PF01926;PF05773;
1255	fgenesh1_pg.C_chr_1000389	-4012.609523	-4039.264446	53.309846	2.85e-13	1	1	3.66e-12	1	N	white	PF04097;
11941	fgenesh1_pg.C_chr_22000286	-4707.115831	-4733.749952	53.268242	2.91e-13	1	1	3.69e-12	1	Y	dark	
25049	estExt_fgenesh1_pg.C_chr_150233	-3361.386723	-3388.000592	53.227738	2.97e-13	1	1	3.73e-12	1	Y	dark	
5479	fgenesh1_pg.C_chr_5000521	-1929.923081	-1956.455326	53.06449	3.23e-13	1	1	4.01e-12	1	Y	dark	
25223	estExt_fgenesh1_pg.C_chr_170050	-6404.531487	-6430.899467	52.73596	3.82e-13	1	1	4.65e-12	1	N	white	PF00439;PF00271;PF00176;
8711	fgenesh1_pg.C_chr_11a000097	-3473.335493	-3499.69983	52.728674	3.83e-13	1	1	4.65e-12	1	Y	dark	
22002	estExt_fgenesh1_pg.C_chr_30870	-4838.884579	-4865.214173	52.659188	3.97e-13	1	1	4.77e-12	1	N	dark	
7025	fgenesh1_pg.C_chr_7000408	-1935.967511	-1962.278768	52.622514	4.04e-13	1	1	4.81e-12	1	N	white	PF00710;PF13921;
22940	estExt_fgenesh1_pg.C_chr_50867	-5678.273283	-5704.559931	52.573296	4.14e-13	1	1	4.88e-12	1	N	dark	
25168	estExt_fgenesh1_pg.C_chr_16a0161	-10145.29654	-10171.54413	52.49517	4.31e-13	1	1	5.02e-12	1	Y	dark	
9998	fgenesh1_pg.C_chr_14000343	-898.408859	-924.647603	52.477488	4.35e-13	1	1	5.02e-12	1	N	white	PF02214;
12153	fgenesh1_pg.C_chr_24000029	-4205.504876	-4231.660335	52.310918	4.74e-13	1	1	5.41e-12	1	N	white	PF00397;
24937	estExt_fgenesh1_pg.C_chr_140329	-7529.948592	-7556.072793	52.248402	4.89e-13	1	1	5.53e-12	1	N	white	PF21743;
24372	estExt_fgenesh1_pg.C_chr_11a0218	-6130.73826	-6156.828229	52.179938	5.06e-13	1	1	5.67e-12	1	N	white	PF04403;
21886	estExt_fgenesh1_pg.C_chr_30645	-3552.272581	-3578.33005	52.114938	5.23e-13	1	1	5.8e-12	1	Y	dark	
24464	estExt_fgenesh1_pg.C_chr_120130	-3322.479512	-3348.49202	52.025016	5.48e-13	1	1	6.02e-12	1	Y	dark	
269264	estExt_thaps1_ua_kg.C_chr_70178	-4118.649204	-4144.625514	51.95262	5.69e-13	1	1	6.14e-12	1	N	white	PF01607;
22728	estExt_fgenesh1_pg.C_chr_50456	-8062.867709	-8088.841377	51.947336	5.7e-13	1	1	6.14e-12	1	N	dark	
24482	estExt_fgenesh1_pg.C_chr_120158	-3463.371951	-3489.325818	51.907734	5.82e-13	1	1	6.21e-12	1	Y	dark	
24115	estExt_fgenesh1_pg.C_chr_100047	-2054.316583	-2080.16028	51.687394	6.51e-13	1	1	6.89e-12	1	Y	white	PF00646;
23831	estExt_fgenesh1_pg.C_chr_80387	-2477.334621	-2502.892263	51.115284	8.71e-13	1	1	9.13e-12	1	N	white	PF00856;
25438	estExt_fgenesh1_pg.C_chr_180289	-3714.470233	-3739.912299	50.884132	9.8e-13	1	1	1.02e-11	1	N	white	PF00172;
23975	estExt_fgenesh1_pg.C_chr_90176	-3900.893382	-3926.31619	50.845616	9.99e-13	1	1	1.02e-11	1	N	dark	
23513	estExt_fgenesh1_pg.C_chr_70460	-5818.420247	-5843.837724	50.834954	1e-12	1	1	1.02e-11	1	N	white	PF21238;
6715	fgenesh1_pg.C_chr_7000098	-9159.26479	-9184.627035	50.72449	1.06e-12	1	1	1.07e-11	1	N	white	PF07394;PF08811;
24835	estExt_fgenesh1_pg.C_chr_140156	-4501.386454	-4526.696311	50.619714	1.12e-12	1	1	1.12e-11	1	N	white	PF21289;
25640	estExt_fgenesh1_pg.C_chr_200147	-6092.035004	-6116.843798	49.617588	1.87e-12	1	1	1.86e-11	1	N	dark	
11639	fgenesh1_pg.C_chr_20000235	-1793.905471	-1818.689532	49.568122	1.92e-12	1	1	1.89e-11	1	N	dark	
20975	estExt_fgenesh1_pg.C_chr_10871	-4035.065666	-4059.796321	49.46131	2.02e-12	1	1	1.95e-11	1	N	dark	
24829	estExt_fgenesh1_pg.C_chr_140147	-4619.00603	-4643.73852	49.46498	2.02e-12	1	1	1.95e-11	1	N	white	PF04564;
5393	fgenesh1_pg.C_chr_5000435	-3354.537216	-3379.26498	49.455528	2.03e-12	1	1	1.95e-11	1	N	white	PF24573;PF25757;
10222	fgenesh1_pg.C_chr_15000212	-2239.12368	-2263.646176	49.044992	2.5e-12	1	1	2.38e-11	1	N	white	PF16016;
23677	estExt_fgenesh1_pg.C_chr_80074	-2623.444728	-2647.884289	48.879122	2.72e-12	1	1	2.57e-11	1	Y	dark	
20864	estExt_fgenesh1_pg.C_chr_10648	-5687.052016	-5711.469762	48.835492	2.78e-12	1	1	2.6e-11	1	N	dark	
22075	estExt_fgenesh1_pg.C_chr_40038	-6205.545181	-6229.881437	48.672512	3.02e-12	1	1	2.8e-11	1	N	dark	
5496	fgenesh1_pg.C_chr_5000538	-2096.532334	-2120.725929	48.38719	3.5e-12	1	1	3.22e-11	1	Y	dark	
10615	fgenesh1_pg.C_chr_17000078	-3458.121842	-3482.274601	48.305518	3.65e-12	1	1	3.34e-11	1	N	white	PF12796;PF01612;
25015	estExt_fgenesh1_pg.C_chr_150166	-3777.1145	-3801.228017	48.227034	3.8e-12	1	1	3.45e-11	1	N	white	PF05686;PF13639;
8429	fgenesh1_pg.C_chr_10000199	-3435.504462	-3459.505742	48.00256	4.26e-12	1	1	3.83e-11	1	N	white	PF01370;PF00153;
22372	estExt_fgenesh1_pg.C_chr_40618	-1528.770494	-1552.723517	47.906046	4.47e-12	1	1	3.99e-11	1	N	white	PF09011;
24827	estExt_fgenesh1_pg.C_chr_140145	-9307.971541	-9331.656925	47.370768	5.88e-12	1	1	5.21e-11	1	N	white	PF00211;PF00233;
25272	estExt_fgenesh1_pg.C_chr_170133	-3076.119421	-3099.742786	47.24673	6.26e-12	1	1	5.5e-11	1	N	white	PF10186;
8015	fgenesh1_pg.C_chr_9000183	-952.658189	-976.163522	47.010666	7.06e-12	1	1	6.16e-11	1	N	white	PF10252;PF02037;
24437	estExt_fgenesh1_pg.C_chr_120064	-2712.752289	-2736.067795	46.631012	8.57e-12	1	1	7.42e-11	1	Y	dark	
24322	estExt_fgenesh1_pg.C_chr_11a0107	-5120.264639	-5143.572309	46.61534	8.64e-12	1	1	7.42e-11	1	N	dark	
20869	estExt_fgenesh1_pg.C_chr_10654	-5013.897447	-5037.101767	46.40864	9.6e-12	1	1	8.18e-11	1	N	dark	
10252	fgenesh1_pg.C_chr_15000242	-1540.910215	-1563.968981	46.117532	1.11e-11	1	1	9.39e-11	1	Y	dark	
4288	fgenesh1_pg.C_chr_4000238	-8796.11766	-8819.05581	45.8763	1.26e-11	1	1	1.06e-10	1	N	white	PF01612;PF14655;
6942	fgenesh1_pg.C_chr_7000325	-3298.570016	-3321.411854	45.683676	1.39e-11	1	1	1.16e-10	1	N	white	PF01937;
4261	fgenesh1_pg.C_chr_4000211	-5958.43101	-5981.24749	45.63296	1.43e-11	1	1	1.18e-10	1	N	dark	
22644	estExt_fgenesh1_pg.C_chr_50263	-1832.297904	-1855.023831	45.451854	1.56e-11	1	1	1.28e-10	1	Y	dark	
9525	fgenesh1_pg.C_chr_13000245	-5192.197253	-5214.839478	45.28445	1.7e-11	1	1	1.39e-10	1	N	dark	
931	fgenesh1_pg.C_chr_1000065	-3351.337263	-3373.94811	45.221694	1.76e-11	1	1	1.43e-10	1	N	white	PF14312;
261293	thaps1_ua_kg.chr_2000117	-2794.338906	-2816.809921	44.94203	2.03e-11	1	1	1.63e-10	1	N	dark	
5698	fgenesh1_pg.C_chr_5000740	-4079.006221	-4101.282932	44.553422	2.48e-11	1	1	1.98e-10	1	N	dark	
23277	estExt_fgenesh1_pg.C_chr_60650	-3608.161374	-3630.409634	44.49652	2.55e-11	1	1	2.02e-10	1	N	white	PF03372;
10085	fgenesh1_pg.C_chr_15000075	-9633.551729	-9655.737567	44.371676	2.72e-11	1	1	2.14e-10	1	Y	dark	
10425	fgenesh1_pg.C_chr_16a000106	-1727.482334	-1749.645233	44.325798	2.78e-11	1	1	2.18e-10	1	N	dark	
8480	fgenesh1_pg.C_chr_10000250	-4094.671613	-4116.829325	44.315424	2.8e-11	1	1	2.18e-10	1	N	dark	
3321	fgenesh1_pg.C_chr_3000255	-3422.410609	-3444.515955	44.210692	2.95e-11	1	1	2.28e-10	1	N	dark	
23582	estExt_fgenesh1_pg.C_chr_70593	-9835.674612	-9857.718422	44.08762	3.14e-11	1	1	2.41e-10	1	N	dark	
22425	estExt_fgenesh1_pg.C_chr_40737	-6592.771992	-6614.80966	44.075336	3.16e-11	1	1	2.41e-10	1	N	white	PF13640;
8584	fgenesh1_pg.C_chr_10000354	-10123.22656	-10145.24972	44.046324	3.21e-11	1	1	2.43e-10	1	N	white	PF08242;PF08628;PF00787;PF02194;
22971	estExt_fgenesh1_pg.C_chr_60074	-4433.498475	-4455.515528	44.034106	3.23e-11	1	1	2.43e-10	1	N	dark	
6843	fgenesh1_pg.C_chr_7000226	-3958.377184	-3980.36079	43.967212	3.34e-11	1	1	2.49e-10	1	Y	dark	
2735	fgenesh1_pg.C_chr_2000690	-2163.766956	-2185.679681	43.82545	3.59e-11	1	1	2.66e-10	1	Y	dark	
9141	fgenesh1_pg.C_chr_12000222	-4096.450556	-4118.221048	43.540984	4.15e-11	1	1	3.06e-10	1	Y	dark	
9947	fgenesh1_pg.C_chr_14000292	-2035.096747	-2056.790284	43.387074	4.49e-11	1	1	3.29e-10	1	N	white	PF00560;
20776	estExt_fgenesh1_pg.C_chr_10461	-3513.565781	-3535.251079	43.370596	4.53e-11	1	1	3.3e-10	1	N	dark	
2737	fgenesh1_pg.C_chr_2000692	-3492.750756	-3514.404344	43.307176	4.68e-11	1	1	3.38e-10	1	N	white	PF01266;
23199	estExt_fgenesh1_pg.C_chr_60498	-6854.837772	-6876.449353	43.223162	4.88e-11	1	1	3.49e-10	1	N	white	PF00400;
21415	estExt_fgenesh1_pg.C_chr_20676	-2629.239393	-2650.849959	43.221132	4.89e-11	1	1	3.49e-10	1	Y	dark	
21307	estExt_fgenesh1_pg.C_chr_20458	-3250.622427	-3272.215774	43.186694	4.98e-11	1	1	3.53e-10	1	Y	dark	
22319	estExt_fgenesh1_pg.C_chr_40527	-3510.606598	-3532.188869	43.164542	5.03e-11	1	1	3.55e-10	1	N	white	PF09070;PF08324;PF00400;
8511	fgenesh1_pg.C_chr_10000281	-1412.533215	-1434.104345	43.14226	5.09e-11	1	1	3.57e-10	1	Y	white	PF03567;
3286	fgenesh1_pg.C_chr_3000220	-4973.666426	-4995.230572	43.128292	5.13e-11	1	1	3.57e-10	1	N	white	PF13704;
22624	estExt_fgenesh1_pg.C_chr_50214	-6270.436823	-6291.894378	42.91511	5.72e-11	1	1	3.96e-10	1	Y	dark	
22533	estExt_fgenesh1_pg.C_chr_50041	-7823.98927	-7845.425435	42.87233	5.84e-11	1	1	4.02e-10	1	N	dark	
25041	estExt_fgenesh1_pg.C_chr_150215	-7003.847376	-7025.217801	42.74085	6.25e-11	1	1	4.28e-10	1	N	white	PF13424;
7554	fgenesh1_pg.C_chr_8000215	-2201.533078	-2222.894909	42.723662	6.3e-11	1	1	4.28e-10	1	Y	dark	
10671	fgenesh1_pg.C_chr_17000134	-2792.478695	-2813.819108	42.680826	6.44e-11	1	1	4.35e-10	1	Y	dark	
24880	estExt_fgenesh1_pg.C_chr_140234	-2621.715358	-2643.052001	42.673286	6.47e-11	1	1	4.35e-10	1	Y	dark	
24935	estExt_fgenesh1_pg.C_chr_140327	-4367.565637	-4388.738167	42.34506	7.65e-11	1	1	5.11e-10	1	N	dark	
24497	estExt_fgenesh1_pg.C_chr_120185	-4038.517486	-4059.672099	42.309226	7.79e-11	1	1	5.17e-10	1	N	dark	
20796	estExt_fgenesh1_pg.C_chr_10494	-5905.416827	-5926.518007	42.20236	8.23e-11	1	1	5.43e-10	1	N	white	PF08033;PF04815;
21752	estExt_fgenesh1_pg.C_chr_30371	-3068.460797	-3089.520563	42.119532	8.59e-11	1	1	5.64e-10	1	N	white	PF20710;
23688	estExt_fgenesh1_pg.C_chr_80093	-2885.552506	-2906.557459	42.009906	9.08e-11	1	1	5.92e-10	1	Y	dark	
8909	fgenesh1_pg.C_chr_11b000018	-3411.918703	-3432.919423	42.00144	9.12e-11	1	1	5.92e-10	1	N	dark	
21085	estExt_fgenesh1_pg.C_chr_11144	-5516.467393	-5537.443204	41.951622	9.36e-11	1	1	6.04e-10	1	N	white	PF24517;
2653	fgenesh1_pg.C_chr_2000608	-8333.35808	-8354.287323	41.858486	9.81e-11	1	1	6.3e-10	1	N	white	PF00307;PF00612;
22659	estExt_fgenesh1_pg.C_chr_50296	-3600.626506	-3621.468894	41.684776	1.07e-10	1	1	6.83e-10	1	Y	dark	
9922	fgenesh1_pg.C_chr_14000267	-3415.907461	-3436.741082	41.667242	1.08e-10	1	1	6.85e-10	1	N	white	PF04577;
21586	estExt_fgenesh1_pg.C_chr_30013	-5190.839091	-5211.635515	41.592848	1.12e-10	1	1	7.07e-10	1	N	dark	
25613	estExt_fgenesh1_pg.C_chr_200092	-19005.43177	-19026.16702	41.470508	1.2e-10	1	1	7.53e-10	1	N	white	PF02259;PF00454;PF20175;PF20206;
1204	fgenesh1_pg.C_chr_1000338	-2219.957799	-2240.656639	41.39768	1.24e-10	1	1	7.74e-10	1	Y	dark	
9425	fgenesh1_pg.C_chr_13000145	-3696.233545	-3716.829072	41.191054	1.38e-10	1	1	8.57e-10	1	N	white	PF13424;
25480	estExt_fgenesh1_pg.C_chr_19a_190134	-7563.140674	-7583.615128	40.948908	1.56e-10	1	1	9.63e-10	1	N	dark	
8292	fgenesh1_pg.C_chr_10000062	-2469.659825	-2489.954985	40.59032	1.88e-10	1	1	1.15e-09	1	N	dark	
22095	estExt_fgenesh1_pg.C_chr_40078	-5508.716212	-5528.965935	40.499446	1.97e-10	1	1	1.2e-09	1	N	white	PF05277;
24900	estExt_fgenesh1_pg.C_chr_140272	-2672.427288	-2692.658025	40.461474	2.01e-10	1	1	1.22e-09	1	N	dark	
9367	fgenesh1_pg.C_chr_13000087	-4708.702905	-4728.904815	40.40382	2.07e-10	1	1	1.24e-09	1	N	dark	
22204	estExt_fgenesh1_pg.C_chr_40313	-4475.920835	-4496.118564	40.395458	2.07e-10	1	1	1.24e-09	1	N	dark	
269735	estExt_thaps1_ua_kg.C_chr_140032	-3773.651014	-3793.800593	40.299158	2.18e-10	1	1	1.3e-09	1	N	white	PF25764;PF02037;
21318	estExt_fgenesh1_pg.C_chr_20483	-2429.285968	-2449.234641	39.897346	2.68e-10	1	1	1.59e-09	1	Y	dark	
11797	fgenesh1_pg.C_chr_22000142	-2019.719664	-2039.525846	39.612364	3.1e-10	1	1	1.83e-09	1	N	white	PF05977;
20621	estExt_fgenesh1_pg.C_chr_10149	-3613.506744	-3633.30423	39.594972	3.12e-10	1	1	1.84e-09	1	N	dark	
11390	fgenesh1_pg.C_chr_19c_29000076	-3002.293092	-3022.012737	39.43929	3.38e-10	1	1	1.98e-09	1	Y	dark	
22898	estExt_fgenesh1_pg.C_chr_50790	-6227.7025	-6247.356348	39.307696	3.62e-10	1	1	2.11e-09	1	Y	dark	
25065	estExt_fgenesh1_pg.C_chr_150259	-6227.631368	-6247.271749	39.280762	3.67e-10	1	1	2.13e-09	1	N	white	PF10363;
25600	estExt_fgenesh1_pg.C_chr_200068	-11492.47556	-11512.11165	39.27218	3.69e-10	1	1	2.13e-09	1	N	dark	
4438	fgenesh1_pg.C_chr_4000388	-3743.909673	-3763.508041	39.196736	3.83e-10	1	1	2.2e-09	1	N	white	PF12796;
9806	fgenesh1_pg.C_chr_14000151	-1371.863956	-1391.445504	39.163096	3.9e-10	1	1	2.23e-09	1	N	dark	
6404	fgenesh1_pg.C_chr_6000559	-3512.62123	-3532.194837	39.147214	3.93e-10	1	1	2.23e-09	1	Y	dark	
2837	fgenesh1_pg.C_chr_2000792	-4528.332932	-4547.853023	39.040182	4.15e-10	1	1	2.35e-09	1	N	dark	
25795	estExt_fgenesh1_pg.C_chr_220287	-13404.78792	-13424.3035	39.031152	4.17e-10	1	1	2.35e-09	1	N	dark	
22291	estExt_fgenesh1_pg.C_chr_40461	-1985.561804	-2005.071677	39.019746	4.2e-10	1	1	2.35e-09	1	Y	dark	
926	fgenesh1_pg.C_chr_1000060	-1608.342942	-1627.838966	38.992048	4.26e-10	1	1	2.37e-09	1	N	dark	
1337	fgenesh1_pg.C_chr_1000471	-2212.606061	-2232.02514	38.838158	4.6e-10	1	1	2.55e-09	1	N	white	PF00400;
5580	fgenesh1_pg.C_chr_5000622	-2024.748654	-2044.162966	38.828624	4.63e-10	1	1	2.56e-09	1	Y	dark	
7231	fgenesh1_pg.C_chr_7000614	-1672.274236	-1691.637385	38.726298	4.88e-10	1	1	2.68e-09	1	Y	dark	
1134	fgenesh1_pg.C_chr_1000268	-1070.445906	-1089.785896	38.67998	4.99e-10	1	1	2.73e-09	1	N	white	PF00782;
25095	estExt_fgenesh1_pg.C_chr_16a0010	-4011.685149	-4031.013767	38.657236	5.05e-10	1	1	2.75e-09	1	Y	dark	
23654	estExt_fgenesh1_pg.C_chr_80015	-2713.915172	-2733.2094740000002	38.588604	5.23e-10	1	1	2.83e-09	1	Y	dark	
5137	fgenesh1_pg.C_chr_5000179	-1882.886721	-1902.138593	38.503744	5.46e-10	1	1	2.94e-09	1	Y	dark	
1079	fgenesh1_pg.C_chr_1000213	-4133.994445	-4153.157657	38.326424	5.98e-10	1	1	3.21e-09	1	Y	dark	
12163	fgenesh1_pg.C_chr_24000039	-4860.389559	-4879.544664	38.31021	6.03e-10	1	1	3.22e-09	1	N	white	PF12810;PF24681;
10352	fgenesh1_pg.C_chr_16a000033	-3977.635898	-3996.747051	38.222306	6.31e-10	1	1	3.35e-09	1	Y	white	PF01429;
1268	fgenesh1_pg.C_chr_1000402	-5377.688762	-5396.647123	37.916722	7.38e-10	1	1	3.9e-09	1	Y	white	PF10650;
12022	fgenesh1_pg.C_chr_23000050	-1644.052171	-1663.008351	37.91236	7.4e-10	1	1	3.9e-09	1	N	white	PF15630;
22874	estExt_fgenesh1_pg.C_chr_50743	-4591.874715	-4610.815126	37.880822	7.52e-10	1	1	3.94e-09	1	N	dark	
10768	fgenesh1_pg.C_chr_18000011	-1764.701117	-1783.63219	37.862146	7.59e-10	1	1	3.96e-09	1	Y	dark	
12140	fgenesh1_pg.C_chr_24000016	-8630.943796	-8649.858311	37.82903	7.72e-10	1	1	4.01e-09	1	N	white	PF00612;
24267	estExt_fgenesh1_pg.C_chr_100377	-6464.089222	-6482.991957	37.80547	7.82e-10	1	1	4.04e-09	1	N	white	PF09758;
25120	estExt_fgenesh1_pg.C_chr_16a0053	-3338.001921	-3356.886509	37.769176	7.96e-10	1	1	4.1e-09	1	N	white	PF08640;
6568	fgenesh1_pg.C_chr_6000723	-1963.717651	-1982.543556	37.65181	8.46e-10	1	1	4.33e-09	1	N	white	PF01063;
21277	estExt_fgenesh1_pg.C_chr_20386	-3513.098027	-3531.856591	37.517128	9.06e-10	1	1	4.59e-09	1	N	white	PF00520;
2910	fgenesh1_pg.C_chr_2000865	-9015.861112	-9034.61472	37.507216	9.11e-10	1	1	4.59e-09	1	N	white	PF00225;
6582	fgenesh1_pg.C_chr_6000737	-2343.059702	-2361.813253	37.507102	9.11e-10	1	1	4.59e-09	1	Y	dark	
5766	fgenesh1_pg.C_chr_5000808	-16496.55693	-16515.30849	37.50312	9.13e-10	1	1	4.59e-09	1	N	white	PF01833;
22258	estExt_fgenesh1_pg.C_chr_40399	-2707.079687	-2725.783299	37.407224	9.59e-10	1	1	4.8e-09	1	N	white	PF04695;PF09409;
3085	fgenesh1_pg.C_chr_3000019	-4341.058247	-4359.740472	37.36445	9.8e-10	1	1	4.88e-09	1	N	dark	
24806	estExt_fgenesh1_pg.C_chr_140110	-3880.123383	-3898.802818	37.35887	9.83e-10	1	1	4.88e-09	1	Y	dark	
3190	fgenesh1_pg.C_chr_3000124	-2575.724559	-2594.394365	37.339612	9.92e-10	1	1	4.91e-09	1	N	dark	
3845	fgenesh1_pg.C_chr_3000779	-2301.173168	-2319.76931	37.192284	1.07e-09	1	1	5.27e-09	1	N	dark	
22790	estExt_fgenesh1_pg.C_chr_50569	-3074.019255	-3092.608129	37.177748	1.08e-09	1	1	5.3e-09	1	N	dark	
25911	estExt_fgenesh1_pg.C_chr_240070	-5668.733006	-5687.315072	37.164132	1.09e-09	1	1	5.3e-09	1	N	white	PF13426;
268735	estExt_thaps1_ua_kg.C_chr_40252	-4391.300691	-4409.879025	37.156668	1.09e-09	1	1	5.3e-09	1	N	white	PF08625;PF00400;
12085	fgenesh1_pg.C_chr_23000113	-3042.221091	-3060.72373	37.005278	1.18e-09	1	1	5.71e-09	1	N	dark	
6344	fgenesh1_pg.C_chr_6000499	-1186.043619	-1204.433674	36.78011	1.32e-09	1	1	6.36e-09	1	N	dark	
6232	fgenesh1_pg.C_chr_6000387	-3041.021621	-3059.360786	36.67833	1.39e-09	1	1	6.64e-09	1	Y	dark	
23071	estExt_fgenesh1_pg.C_chr_60254	-3427.710453	-3446.051383	36.68186	1.39e-09	1	1	6.64e-09	1	Y	dark	
8535	fgenesh1_pg.C_chr_10000305	-5384.476741	-5402.797347	36.641212	1.42e-09	1	1	6.76e-09	1	Y	white	PF00447;
7251	fgenesh1_pg.C_chr_7000634	-1893.473075	-1911.789459	36.632768	1.43e-09	1	1	6.78e-09	1	N	white	PF03567;
22252	estExt_fgenesh1_pg.C_chr_40390	-7194.368993	-7212.623988	36.50999	1.52e-09	1	1	7.18e-09	1	N	white	PF13516;
11647	fgenesh1_pg.C_chr_20000243	-1472.379427	-1490.624536	36.490218	1.53e-09	1	1	7.19e-09	1	N	dark	
264783	thaps1_ua_kg.chr_22000036	-3962.925379	-3981.130987	36.411216	1.6e-09	1	1	7.49e-09	1	N	white	PF01119;PF13589;PF08676;
5595	fgenesh1_pg.C_chr_5000637	-5915.769999	-5933.967442	36.394886	1.61e-09	1	1	7.51e-09	1	N	white	PF00560;
21653	estExt_fgenesh1_pg.C_chr_30159	-5601.357961	-5619.543369	36.370816	1.63e-09	1	1	7.57e-09	1	N	dark	
24656	estExt_fgenesh1_pg.C_chr_130173	-5420.60982	-5438.773658	36.327676	1.67e-09	1	1	7.72e-09	1	N	white	PF00226;PF00013;PF04564;
7293	fgenesh1_pg.C_chr_7000676	-1876.809204	-1894.964864	36.31132	1.68e-09	1	1	7.74e-09	1	N	dark	
7649	fgenesh1_pg.C_chr_8000310	-3453.502367	-3471.645114	36.285494	1.7e-09	1	1	7.8e-09	1	N	dark	
10608	fgenesh1_pg.C_chr_17000071	-1613.76651	-1631.873044	36.213068	1.77e-09	1	1	8.09e-09	1	N	white	PF04230;
262828	thaps1_ua_kg.chr_6000152	-796.39008	-814.452333	36.124506	1.85e-09	1	1	8.42e-09	1	N	white	PF00560;
8611	fgenesh1_pg.C_chr_10000381	-2863.125534	-2881.166811	36.082554	1.89e-09	1	1	8.57e-09	1	N	white	PF13517;
11154	fgenesh1_pg.C_chr_19a_19000097	-3263.476222	-3281.507854	36.063264	1.91e-09	1	1	8.62e-09	1	Y	dark	
9236	fgenesh1_pg.C_chr_12000317	-1889.049156	-1907.06837	36.038428	1.93e-09	1	1	8.68e-09	1	N	dark	
20618	estExt_fgenesh1_pg.C_chr_10136	-2379.336887	-2397.352462	36.03115	1.94e-09	1	1	8.69e-09	1	N	dark	
11934	fgenesh1_pg.C_chr_22000279	-2674.096879	-2692.100192	36.006626	1.97e-09	1	1	8.79e-09	1	Y	dark	
3924	fgenesh1_pg.C_chr_3000858	-3025.783034	-3043.755597	35.945126	2.03e-09	1	1	9.02e-09	1	N	white	PF13516;
8219	fgenesh1_pg.C_chr_9000387	-4807.92061	-4825.862438	35.883656	2.09e-09	1	1	9.25e-09	1	N	white	PF24646;
24206	estExt_fgenesh1_pg.C_chr_100245	-3452.264256	-3470.183169	35.837826	2.14e-09	1	1	9.44e-09	1	N	white	PF01757;
9688	fgenesh1_pg.C_chr_14000033	-2138.771051	-2156.687601	35.8331	2.15e-09	1	1	9.45e-09	1	N	dark	
9414	fgenesh1_pg.C_chr_13000134	-5370.678586	-5388.554564	35.751956	2.24e-09	1	1	9.8e-09	1	Y	white	PF06677;
5856	fgenesh1_pg.C_chr_6000011	-3842.999968	-3860.864514	35.729092	2.27e-09	1	1	9.9e-09	1	N	white	PF01699;
11947	fgenesh1_pg.C_chr_22000292	-2434.231821	-2452.090171	35.7167	2.28e-09	1	1	9.9e-09	1	N	white	PF13639;
23668	estExt_fgenesh1_pg.C_chr_80059	-3734.786137	-3752.555436	35.538598	2.5e-09	1	1	1.08e-08	1	N	dark	
6729	fgenesh1_pg.C_chr_7000112	-3567.636821	-3585.39298	35.512318	2.53e-09	1	1	1.09e-08	1	Y	white	PF13515;
268327	estExt_thaps1_ua_kg.C_chr_20311	-1522.532497	-1540.291393	35.517792	2.53e-09	1	1	1.09e-08	1	N	white	PF01416;
4672	fgenesh1_pg.C_chr_4000622	-4122.210079	-4139.929927	35.439696	2.63e-09	1	1	1.13e-08	1	N	dark	
3383	fgenesh1_pg.C_chr_3000317	-2724.797596	-2742.510925	35.426658	2.65e-09	1	1	1.13e-08	1	N	dark	
6957	fgenesh1_pg.C_chr_7000340	-2443.034796	-2460.697627	35.325662	2.79e-09	1	1	1.18e-08	1	N	dark	
42828	estExt_gwp_gw1.C_chr_19a_190079	-1826.047277	-1843.592129	35.089704	3.15e-09	1	1	1.33e-08	1	N	white	PF00432;
22622	estExt_fgenesh1_pg.C_chr_50210	-3493.627708	-3511.155251	35.055086	3.21e-09	1	1	1.35e-08	1	N	white	PF06203;
21607	estExt_fgenesh1_pg.C_chr_30062	-3282.855694	-3300.266531	34.821674	3.61e-09	1	1	1.52e-08	1	Y	dark	
20954	estExt_fgenesh1_pg.C_chr_10827	-3987.80934	-4005.19552	34.77236	3.71e-09	1	1	1.55e-08	1	N	white	PF03638;
4174	fgenesh1_pg.C_chr_4000124	-2045.872683	-2063.236745	34.728124	3.79e-09	1	1	1.58e-08	1	Y	dark	
8808	fgenesh1_pg.C_chr_11a000194	-1586.347171	-1603.654708	34.615074	4.02e-09	1	1	1.67e-08	1	N	white	PF09335;
269194	estExt_thaps1_ua_kg.C_chr_70004	-1004.218701	-1021.441701	34.446	4.38e-09	1	1	1.81e-08	1	N	white	PF00447;
24535	estExt_fgenesh1_pg.C_chr_120261	-4719.866415	-4737.038523	34.344216	4.62e-09	1	1	1.91e-08	1	N	white	PF08240;PF13602;
11921	fgenesh1_pg.C_chr_22000266	-1903.471622	-1920.626875	34.310506	4.7e-09	1	1	1.93e-08	1	N	dark	
24583	estExt_fgenesh1_pg.C_chr_130020	-1991.06077	-2008.178179	34.234818	4.88e-09	1	1	2e-08	1	N	white	PF00881;
21237	estExt_fgenesh1_pg.C_chr_20311	-2341.296395	-2358.358437	34.124084	5.17e-09	1	1	2.1e-08	1	Y	white	PF00515;
23841	estExt_fgenesh1_pg.C_chr_80400	-4243.420644	-4260.482027	34.122766	5.17e-09	1	1	2.1e-08	1	N	white	PF17210;
1036	fgenesh1_pg.C_chr_1000170	-2228.231606	-2245.280378	34.097544	5.24e-09	1	1	2.12e-08	1	Y	dark	
25181	estExt_fgenesh1_pg.C_chr_16b0024	-3008.258615	-3025.304727	34.092224	5.26e-09	1	1	2.12e-08	1	Y	dark	
4936	fgenesh1_pg.C_chr_4000886	-1618.852563	-1635.872422	34.039718	5.4e-09	1	1	2.17e-08	1	N	dark	
3933	fgenesh1_pg.C_chr_3000867	-2094.091812	-2111.077411	33.971198	5.59e-09	1	1	2.24e-08	1	N	dark	
25669	estExt_fgenesh1_pg.C_chr_200207	-3005.243394	-3022.212326	33.937864	5.69e-09	1	1	2.27e-08	1	N	white	PF00168;PF22669;
1381	fgenesh1_pg.C_chr_1000515	-2252.281123	-2269.247467	33.932688	5.71e-09	1	1	2.27e-08	1	Y	dark	
22696	estExt_fgenesh1_pg.C_chr_50387	-2775.851487	-2792.799566	33.896158	5.81e-09	1	1	2.3e-08	1	N	white	PF01432;
23313	estExt_fgenesh1_pg.C_chr_60722	-2127.730242	-2144.648219	33.835954	6e-09	1	1	2.37e-08	1	N	dark	
21661	estExt_fgenesh1_pg.C_chr_30179	-2039.568295	-2056.480667	33.824744	6.03e-09	1	1	2.38e-08	1	N	dark	
22916	estExt_fgenesh1_pg.C_chr_50823	-10937.3107	-10954.21192	33.802454	6.1e-09	1	1	2.39e-08	1	N	white	PF25036;
5351	fgenesh1_pg.C_chr_5000393	-2072.456767	-2089.332896	33.752258	6.26e-09	1	1	2.45e-08	1	N	dark	
2010	fgenesh1_pg.C_chr_1001144	-3659.873988	-3676.740219	33.732462	6.32e-09	1	1	2.46e-08	1	N	white	PF07690;
22333	estExt_fgenesh1_pg.C_chr_40548	-9318.950979	-9335.783918	33.665878	6.54e-09	1	1	2.54e-08	1	N	dark	
8582	fgenesh1_pg.C_chr_10000352	-3900.206571	-3917.024014	33.634886	6.65e-09	1	1	2.58e-08	1	N	white	PF17784;
20664	estExt_fgenesh1_pg.C_chr_10232	-2029.845589	-2046.65653	33.621882	6.69e-09	1	1	2.58e-08	1	N	dark	
25652	estExt_fgenesh1_pg.C_chr_200170	-3197.051055	-3213.837184	33.572258	6.87e-09	1	1	2.64e-08	1	N	white	PF13857;
21795	estExt_fgenesh1_pg.C_chr_30461	-2681.945519	-2698.703287	33.515536	7.07e-09	1	1	2.71e-08	1	N	white	PF00188;
10989	fgenesh1_pg.C_chr_18000232	-2840.242557	-2856.969157	33.4532	7.3e-09	1	1	2.79e-08	1	Y	dark	
22183	estExt_fgenesh1_pg.C_chr_40249	-4481.731819	-4498.447093	33.430548	7.39e-09	1	1	2.81e-08	1	N	dark	
20971	estExt_fgenesh1_pg.C_chr_10862	-3101.304289	-3118.015495	33.422412	7.42e-09	1	1	2.82e-08	1	N	dark	
4077	fgenesh1_pg.C_chr_4000027	-1322.136177	-1338.8325	33.392646	7.53e-09	1	1	2.85e-08	1	Y	dark	
1309	fgenesh1_pg.C_chr_1000443	-2071.000391	-2087.68439	33.367998	7.63e-09	1	1	2.88e-08	1	N	white	PF13640;
22292	estExt_fgenesh1_pg.C_chr_40468	-5076.099776	-5092.76987	33.340188	7.74e-09	1	1	2.91e-08	1	N	dark	
24023	estExt_fgenesh1_pg.C_chr_90268	-2335.026177	-2351.690129	33.327904	7.79e-09	1	1	2.92e-08	1	N	white	PF03457;
22474	estExt_fgenesh1_pg.C_chr_40827	-2112.890589	-2129.544604	33.30803	7.87e-09	1	1	2.94e-08	1	N	dark	
5551	fgenesh1_pg.C_chr_5000593	-1069.392616	-1086.024631	33.26403	8.05e-09	1	1	2.99e-08	1	N	dark	
21656	estExt_fgenesh1_pg.C_chr_30168	-3296.49786	-3313.127647	33.259574	8.06e-09	1	1	2.99e-08	1	N	dark	
25074	estExt_fgenesh1_pg.C_chr_150280	-4379.488715	-4396.088002	33.198574	8.32e-09	1	1	3.08e-08	1	N	white	PF09826;
21977	estExt_fgenesh1_pg.C_chr_30819	-2577.764067	-2594.357805	33.187476	8.37e-09	1	1	3.08e-08	1	Y	dark	
22625	estExt_fgenesh1_pg.C_chr_50217	-6036.788731	-6053.376975	33.176488	8.42e-09	1	1	3.09e-08	1	N	white	PF01940;
4863	fgenesh1_pg.C_chr_4000813	-2144.621018	-2161.197236	33.152436	8.52e-09	1	1	3.11e-08	1	N	dark	
9968	fgenesh1_pg.C_chr_14000313	-4135.35163	-4151.925249	33.147238	8.54e-09	1	1	3.11e-08	1	Y	dark	
25388	estExt_fgenesh1_pg.C_chr_180196	-2633.32302	-2649.89486	33.14368	8.56e-09	1	1	3.11e-08	1	N	white	PF01170;
22720	estExt_fgenesh1_pg.C_chr_50435	-2258.483932	-2275.036813	33.105762	8.73e-09	1	1	3.17e-08	1	N	dark	
5599	fgenesh1_pg.C_chr_5000641	-2088.88399	-2105.398974	33.029968	9.07e-09	1	1	3.27e-08	1	Y	white	PF09749;
9902	fgenesh1_pg.C_chr_14000247	-1780.811304	-1797.325319	33.02803	9.08e-09	1	1	3.27e-08	1	N	white	PF00170;
11346	fgenesh1_pg.C_chr_19c_29000032	-6413.51019	-6429.997802	32.975224	9.33e-09	1	1	3.35e-08	1	N	dark	
1275	fgenesh1_pg.C_chr_1000409	-1872.70361	-1889.149347	32.891474	9.74e-09	1	1	3.49e-08	1	N	dark	
21431	estExt_fgenesh1_pg.C_chr_20702	-3960.270218	-3976.704719	32.869002	9.86e-09	1	1	3.52e-08	1	Y	dark	
21798	estExt_fgenesh1_pg.C_chr_30466	-3072.336508	-3088.733743	32.79447	1.02e-08	1	1	3.62e-08	1	N	dark	
262858	thaps1_ua_kg.chr_6000182	-4026.591788	-4042.996361	32.809146	1.02e-08	1	1	3.62e-08	1	N	white	PF23925;PF04762;PF23797;PF23878;
5509	fgenesh1_pg.C_chr_5000551	-1702.536429	-1718.903923	32.734988	1.06e-08	1	1	3.75e-08	1	N	white	PF00069;
23096	estExt_fgenesh1_pg.C_chr_60307	-2427.06935	-2443.424278	32.709856	1.07e-08	1	1	3.77e-08	1	N	white	PF16531;
3163	fgenesh1_pg.C_chr_3000097	-2618.030482	-2634.367035	32.673106	1.09e-08	1	1	3.82e-08	1	N	white	PF00856;
21807	estExt_fgenesh1_pg.C_chr_30489	-3370.712729	-3387.04683	32.668202	1.09e-08	1	1	3.82e-08	1	Y	white	PF00595;
25727	estExt_fgenesh1_pg.C_chr_220131	-3312.580027	-3328.852089	32.544124	1.17e-08	1	1	4.09e-08	1	N	white	PF03457;
263558	thaps1_ua_kg.chr_9000086	-1321.200985	-1337.440414	32.478858	1.2e-08	1	1	4.18e-08	1	N	white	PF05053;
2132	fgenesh1_pg.C_chr_2000087	-6657.422106	-6673.64833	32.452448	1.22e-08	1	1	4.24e-08	1	N	white	PF00004;PF01833;
23082	estExt_fgenesh1_pg.C_chr_60279	-1803.563222	-1819.786054	32.445664	1.23e-08	1	1	4.26e-08	1	N	dark	
7910	fgenesh1_pg.C_chr_9000078	-3045.219327	-3061.407548	32.376442	1.27e-08	1	1	4.37e-08	1	N	dark	
263934	thaps1_ua_kg.chr_12000085	-1838.269266	-1854.460873	32.383214	1.27e-08	1	1	4.37e-08	1	N	white	PF00271;PF00176;
23836	estExt_fgenesh1_pg.C_chr_80394	-4267.100764	-4283.271208	32.340888	1.29e-08	1	1	4.43e-08	1	Y	dark	
20778	estExt_fgenesh1_pg.C_chr_10463	-3127.567529	-3143.73236	32.329662	1.3e-08	1	1	4.43e-08	1	N	white	PF02135;
22135	estExt_fgenesh1_pg.C_chr_40157	-1983.549524	-1999.714684	32.33032	1.3e-08	1	1	4.43e-08	1	N	white	PF00447;
37617	e_gw1.15.99.1	-1027.391547	-1043.552122	32.32115	1.31e-08	1	1	4.45e-08	1	N	white	PF03133;
22026	estExt_fgenesh1_pg.C_chr_30921	-3253.232437	-3269.377052	32.28923	1.33e-08	1	1	4.51e-08	1	N	dark	
25522	estExt_fgenesh1_pg.C_chr_19b_310052	-3485.492536	-3501.609356	32.23364	1.37e-08	1	1	4.63e-08	1	N	dark	
23344	estExt_fgenesh1_pg.C_chr_70057	-2214.184441	-2230.282706	32.19653	1.39e-08	1	1	4.68e-08	1	N	dark	
20999	estExt_fgenesh1_pg.C_chr_10932	-1580.347513	-1596.436184	32.177342	1.41e-08	1	1	4.74e-08	1	N	white	PF00134;
3081	fgenesh1_pg.C_chr_3000015	-1648.648851	-1664.706303	32.114904	1.45e-08	1	1	4.86e-08	1	N	white	PF04134;
4171	fgenesh1_pg.C_chr_4000121	-2627.620177	-2643.634972	32.02959	1.52e-08	1	1	5.08e-08	1	N	dark	
21594	estExt_fgenesh1_pg.C_chr_30023	-1689.144352	-1705.11584	31.942976	1.59e-08	1	1	5.3e-08	1	Y	dark	
21852	estExt_fgenesh1_pg.C_chr_30580	-6565.193052	-6581.144032	31.90196	1.62e-08	1	1	5.38e-08	1	N	white	PF16770;
5008	fgenesh1_pg.C_chr_5000050	-2139.201073	-2155.139435	31.876724	1.64e-08	1	1	5.43e-08	1	Y	white	PF07162;
10150	fgenesh1_pg.C_chr_15000140	-3163.674198	-3179.601944	31.855492	1.66e-08	1	1	5.48e-08	1	N	white	PF05686;
21194	estExt_fgenesh1_pg.C_chr_20213	-1207.346732	-1223.215805	31.738146	1.76e-08	1	1	5.79e-08	1	Y	dark	
11045	fgenesh1_pg.C_chr_18000288	-3735.70323	-3751.571701	31.736942	1.77e-08	1	1	5.81e-08	1	N	white	PF00069;
1172	fgenesh1_pg.C_chr_1000306	-4378.524559	-4394.356844	31.66457	1.83e-08	1	1	5.99e-08	1	N	dark	
25324	estExt_fgenesh1_pg.C_chr_180025	-6086.356883	-6102.09945	31.485134	2.01e-08	1	1	6.56e-08	1	N	white	PF14312;
22139	estExt_fgenesh1_pg.C_chr_40165	-2366.329198	-2382.04766	31.436924	2.06e-08	1	1	6.7e-08	1	N	white	PF00145;
8956	fgenesh1_pg.C_chr_12000037	-1575.804241	-1591.51018	31.411878	2.09e-08	1	1	6.78e-08	1	N	white	PF05050;
23521	estExt_fgenesh1_pg.C_chr_70481	-4964.179387	-4979.876872	31.39497	2.11e-08	1	1	6.83e-08	1	Y	dark	
33288	e_gw1.4.549.1	-878.709121	-894.399231	31.38022	2.12e-08	1	1	6.84e-08	1	N	white	PF00196;PF00072;
268740	estExt_thaps1_ua_kg.C_chr_40261	-2054.831363	-2070.507461	31.352196	2.15e-08	1	1	6.92e-08	1	N	white	PF00233;
6706	fgenesh1_pg.C_chr_7000089	-1777.213183	-1792.841125	31.255884000000002	2.26e-08	1	1	7.25e-08	1	N	dark	
40529	estExt_gwp_gw1.C_chr_40676	-2472.427234	-2488.051901	31.249334	2.27e-08	1	1	7.26e-08	1	N	dark	
22939	estExt_fgenesh1_pg.C_chr_50866	-2114.710971	-2130.278516	31.13509	2.41e-08	1	1	7.69e-08	1	Y	white	PF01607;
25854	estExt_fgenesh1_pg.C_chr_230086	-5208.960223	-5224.516287	31.112128	2.44e-08	1	1	7.76e-08	1	N	white	PF02902;
20782	estExt_fgenesh1_pg.C_chr_10468	-5275.618373	-5291.156701	31.076656	2.48e-08	1	1	7.87e-08	1	N	dark	
6626	fgenesh1_pg.C_chr_7000009	-2233.86593	-2249.37749	31.02312	2.55e-08	1	1	8.07e-08	1	N	dark	
6659	fgenesh1_pg.C_chr_7000042	-3161.016111	-3176.493384	30.954546	2.64e-08	1	1	8.33e-08	1	Y	dark	
21469	estExt_fgenesh1_pg.C_chr_20771	-4154.620604	-4170.094422	30.947636	2.65e-08	1	1	8.34e-08	1	N	dark	
1125	fgenesh1_pg.C_chr_1000259	-2476.422127	-2491.892889	30.941524	2.66e-08	1	1	8.35e-08	1	N	white	PF07942;
8613	fgenesh1_pg.C_chr_10000383	-4592.62512	-4608.054011	30.857782	2.78e-08	1	1	8.7e-08	1	Y	white	PF13688;
20620	estExt_fgenesh1_pg.C_chr_10145	-8534.286641	-8549.701969	30.830656	2.82e-08	1	1	8.8e-08	1	N	white	PF03177;PF08801;
3604	fgenesh1_pg.C_chr_3000538	-1185.277699	-1200.673556	30.791714	2.87e-08	1	1	8.93e-08	1	N	dark	
3267	fgenesh1_pg.C_chr_3000201	-457.124607	-472.48693	30.724646	2.97e-08	1	1	9.22e-08	1	Y	dark	
11616	fgenesh1_pg.C_chr_20000212	-809.854557	-825.215131	30.721148	2.98e-08	1	1	9.23e-08	1	Y	dark	
268481	estExt_thaps1_ua_kg.C_chr_30175	-2063.787973	-2079.142807	30.709668	3e-08	1	1	9.26e-08	1	N	white	PF00447;
5066	fgenesh1_pg.C_chr_5000108	-3460.047512	-3475.39873	30.702436	3.01e-08	1	1	9.27e-08	1	Y	dark	
22655	estExt_fgenesh1_pg.C_chr_50292	-1548.047023	-1563.390528	30.68701	3.03e-08	1	1	9.3e-08	1	N	white	PF00170;
25599	estExt_fgenesh1_pg.C_chr_200067	-2877.794928	-2893.128718	30.66758	3.06e-08	1	1	9.37e-08	1	N	dark	
23490	estExt_fgenesh1_pg.C_chr_70415	-2778.263635	-2793.59542	30.66357	3.07e-08	1	1	9.38e-08	1	N	white	PF02816;
3135	fgenesh1_pg.C_chr_3000069	-1982.160167	-1997.466082	30.61183	3.15e-08	1	1	9.6e-08	1	N	dark	
20745	estExt_fgenesh1_pg.C_chr_10398	-3641.69082	-3656.967552	30.553464	3.25e-08	1	1	9.87e-08	1	N	white	PF13898;
10042	fgenesh1_pg.C_chr_15000032	-1607.477786	-1622.737409	30.519246	3.31e-08	1	1	1e-07	1	N	white	PF08373;PF26188;
21843	estExt_fgenesh1_pg.C_chr_30563	-3278.31734	-3293.567794	30.500908	3.34e-08	1	1	1.01e-07	1	N	dark	
24087	estExt_fgenesh1_pg.C_chr_90381	-2917.430584	-2932.657152	30.453136	3.42e-08	1	1	1.03e-07	1	Y	dark	
22716	estExt_fgenesh1_pg.C_chr_50430	-3852.750031	-3867.95656	30.413058	3.49e-08	1	1	1.05e-07	1	N	white	PF04858;PF00397;
25014	estExt_fgenesh1_pg.C_chr_150165	-3017.270177	-3032.451631	30.362908	3.58e-08	1	1	1.07e-07	1	Y	dark	
20661	estExt_fgenesh1_pg.C_chr_10229	-4083.40727	-4098.500367	30.186194	3.92e-08	1	1	1.17e-07	1	N	white	PF01424;
4320	fgenesh1_pg.C_chr_4000270	-4615.09096	-4630.178166	30.174412	3.95e-08	1	1	1.18e-07	1	N	dark	
21770	estExt_fgenesh1_pg.C_chr_30407	-1812.06546	-1827.122337	30.113754	4.07e-08	1	1	1.21e-07	1	N	white	PF00849;
25217	estExt_fgenesh1_pg.C_chr_170041	-1213.089311	-1228.136715	30.094808	4.11e-08	1	1	1.22e-07	1	Y	dark	
22731	estExt_fgenesh1_pg.C_chr_50463	-1922.053644	-1937.065546	30.023804	4.27e-08	1	1	1.26e-07	1	N	white	PF13639;
2122	fgenesh1_pg.C_chr_2000077	-3272.935978	-3287.916495	29.961034	4.41e-08	1	1	1.3e-07	1	N	white	PF01541;
21679	estExt_fgenesh1_pg.C_chr_30222	-3050.339886	-3065.315698	29.951624	4.43e-08	1	1	1.3e-07	1	N	white	PF13370;
2034	fgenesh1_pg.C_chr_1001168	-3065.699795	-3080.631208	29.862826	4.64e-08	1	1	1.36e-07	1	N	dark	
2015	fgenesh1_pg.C_chr_1001149	-1554.306409	-1569.230659	29.8485	4.67e-08	1	1	1.37e-07	1	N	dark	
1288	fgenesh1_pg.C_chr_1000422	-2163.376674	-2178.288689	29.82403	4.73e-08	1	1	1.38e-07	1	N	dark	
6176	fgenesh1_pg.C_chr_6000331	-1512.306269	-1527.216624	29.82071	4.74e-08	1	1	1.38e-07	1	Y	dark	
8428	fgenesh1_pg.C_chr_10000198	-2592.842657	-2607.714742	29.74417	4.93e-08	1	1	1.43e-07	1	N	white	PF04111;
6408	fgenesh1_pg.C_chr_6000563	-2337.554635	-2352.414741	29.720212	4.99e-08	1	1	1.45e-07	1	N	dark	
8559	fgenesh1_pg.C_chr_10000329	-2383.356654	-2398.193281	29.673254	5.11e-08	1	1	1.48e-07	1	Y	dark	
6533	fgenesh1_pg.C_chr_6000688	-2800.675733	-2815.473688	29.59591	5.32e-08	1	1	1.53e-07	1	N	white	PF06728;
11943	fgenesh1_pg.C_chr_22000288	-1617.6651	-1632.450677	29.571154	5.39e-08	1	1	1.55e-07	1	N	dark	
24961	estExt_fgenesh1_pg.C_chr_150030	-2839.217465	-2853.998751	29.562572	5.41e-08	1	1	1.55e-07	1	N	white	PF01344;PF24681;
25879	estExt_fgenesh1_pg.C_chr_230144	-5918.144512	-5932.872994	29.456964	5.72e-08	1	1	1.64e-07	1	N	white	PF01131;
24878	estExt_fgenesh1_pg.C_chr_140231	-3636.525328	-3651.22706	29.403464	5.88e-08	1	1	1.68e-07	1	N	white	PF01738;PF02037;
24990	estExt_fgenesh1_pg.C_chr_150117	-3541.369878	-3556.058566	29.377376	5.96e-08	1	1	1.7e-07	1	N	dark	
269188	estExt_thaps1_ua_kg.C_chr_60356	-1771.466637	-1786.123504	29.313734	6.16e-08	1	1	1.75e-07	1	N	dark	
21504	estExt_fgenesh1_pg.C_chr_20835	-2912.510962	-2927.163808	29.305692	6.18e-08	1	1	1.75e-07	1	N	dark	
3551	fgenesh1_pg.C_chr_3000485	-1096.125108	-1110.762746	29.275276	6.28e-08	1	1	1.78e-07	1	N	white	PF18143;
4292	fgenesh1_pg.C_chr_4000242	-1041.087865	-1055.719707	29.263684	6.32e-08	1	1	1.78e-07	1	N	dark	
268011	estExt_thaps1_ua_kg.C_chr_10169	-2669.411711	-2684.032126	29.24083	6.39e-08	1	1	1.8e-07	1	N	white	PF01457;
21948	estExt_fgenesh1_pg.C_chr_30759	-1647.929792	-1662.548582	29.23758	6.4e-08	1	1	1.8e-07	1	N	white	PF02622;
3842	fgenesh1_pg.C_chr_3000776	-3541.076522	-3555.690754	29.228464	6.43e-08	1	1	1.8e-07	1	N	dark	
25237	estExt_fgenesh1_pg.C_chr_170073	-2156.243072	-2170.847346	29.208548	6.5e-08	1	1	1.82e-07	1	Y	white	PF04577;
11048	fgenesh1_pg.C_chr_18000291	-3554.596633	-3569.182706	29.172146	6.62e-08	1	1	1.84e-07	1	Y	dark	
1674	fgenesh1_pg.C_chr_1000808	-3267.054366	-3281.639917	29.171102	6.63e-08	1	1	1.84e-07	1	Y	dark	
7546	fgenesh1_pg.C_chr_8000207	-3455.282551	-3469.846294	29.127486	6.78e-08	1	1	1.88e-07	1	N	white	PF00326;
25318	estExt_fgenesh1_pg.C_chr_180012	-8299.160648	-8313.712237	29.103178	6.86e-08	1	1	1.9e-07	1	N	white	PF00266;PF03133;
24633	estExt_fgenesh1_pg.C_chr_130123	-3524.78796	-3539.316377	29.056834	7.03e-08	1	1	1.94e-07	1	Y	dark	
21732	estExt_fgenesh1_pg.C_chr_30329	-4627.991182	-4642.511093	29.039822	7.09e-08	1	1	1.95e-07	1	N	white	PF09759;
22591	estExt_fgenesh1_pg.C_chr_50156	-2414.243967	-2428.760758	29.033582	7.11e-08	1	1	1.95e-07	1	N	dark	
8974	fgenesh1_pg.C_chr_12000055	-4795.008133	-4809.496783	28.9773	7.32e-08	1	1	2.01e-07	1	Y	dark	
3265	fgenesh1_pg.C_chr_3000199	-1794.596359	-1809.083433	28.974148	7.34e-08	1	1	2.01e-07	1	N	white	PF08600;PF07967;
23263	estExt_fgenesh1_pg.C_chr_60628	-4048.880254	-4063.32366	28.886812	7.67e-08	1	1	2.09e-07	1	N	white	PF06677;
25356	estExt_fgenesh1_pg.C_chr_180110	-5614.666137	-5629.060556	28.788838	8.07e-08	1	1	2.19e-07	1	N	white	PF07039;
8348	fgenesh1_pg.C_chr_10000118	-3345.363115	-3359.748309	28.770388	8.15e-08	1	1	2.21e-07	1	N	white	PF05903;
24639	estExt_fgenesh1_pg.C_chr_130136	-4050.332556	-4064.688974	28.712836	8.39e-08	1	1	2.27e-07	1	N	white	PF12763;
21801	estExt_fgenesh1_pg.C_chr_30477	-4376.999281	-4391.345396	28.69223	8.48e-08	1	1	2.29e-07	1	N	dark	
20674	estExt_fgenesh1_pg.C_chr_10247	-2502.365618	-2516.689772	28.648308	8.68e-08	1	1	2.34e-07	1	N	dark	
264451	thaps1_ua_kg.chr_17000049	-1385.270758	-1399.583999	28.626482	8.78e-08	1	1	2.36e-07	1	N	white	PF01398;
12594	gw1.18.7.1	-3519.299864	-3533.591037	28.582346	8.98e-08	1	1	2.41e-07	1	N	white	PF00187;
5728	fgenesh1_pg.C_chr_5000770	-3615.098158	-3629.385063	28.57381	9.02e-08	1	1	2.41e-07	1	N	white	PF03457;
8090	fgenesh1_pg.C_chr_9000258	-1260.363655	-1274.643447	28.559584	9.09e-08	1	1	2.43e-07	1	Y	dark	
8988	fgenesh1_pg.C_chr_12000069	-440.219918	-454.497337	28.554838	9.11e-08	1	1	2.43e-07	1	Y	dark	
8353	fgenesh1_pg.C_chr_10000123	-1190.563855	-1204.821814	28.515918	9.29e-08	1	1	2.47e-07	1	Y	dark	
22621	estExt_fgenesh1_pg.C_chr_50207	-3651.252609	-3665.474201	28.443184	9.65e-08	1	1	2.56e-07	1	N	dark	
5381	fgenesh1_pg.C_chr_5000423	-874.522924	-888.732524	28.4192	9.77e-08	1	1	2.58e-07	1	N	white	PF00069;
21867	estExt_fgenesh1_pg.C_chr_30610	-1746.296389	-1760.490915	28.389052	9.92e-08	1	1	2.62e-07	1	N	white	PF04230;
25468	estExt_fgenesh1_pg.C_chr_19a_190071	-1548.465721	-1562.605915	28.280388	1.05e-07	1	1	2.76e-07	1	N	white	PF13383;
9401	fgenesh1_pg.C_chr_13000121	-3562.525046	-3576.647452	28.244812	1.07e-07	1	1	2.81e-07	1	N	dark	
3260	fgenesh1_pg.C_chr_3000194	-1941.564193	-1955.663395	28.198404	1.09e-07	1	1	2.86e-07	1	Y	dark	
3402	fgenesh1_pg.C_chr_3000336	-1912.254444	-1926.330753	28.152618	1.12e-07	1	1	2.91e-07	1	Y	dark	
7353	fgenesh1_pg.C_chr_8000014	-1154.986538	-1169.060933	28.14879	1.12e-07	1	1	2.91e-07	1	N	dark	
11239	fgenesh1_pg.C_chr_19a_19000182	-4358.924136	-4372.99898	28.149688	1.12e-07	1	1	2.91e-07	1	Y	dark	
37838	e_gw1.16b.4.1	-2093.724153	-2107.785613	28.12292	1.14e-07	1	1	2.96e-07	1	N	white	PF02074;
2804	fgenesh1_pg.C_chr_2000759	-1902.196327	-1916.227542	28.06243	1.17e-07	1	1	3.03e-07	1	Y	dark	
4334	fgenesh1_pg.C_chr_4000284	-2437.219513	-2451.160572	27.882118	1.29e-07	1	1	3.33e-07	1	N	white	PF00849;
10241	fgenesh1_pg.C_chr_15000231	-1461.163514	-1475.060077	27.793126	1.35e-07	1	1	3.48e-07	1	N	white	PF04193;
23689	estExt_fgenesh1_pg.C_chr_80094	-3313.053675	-3326.933766	27.760182	1.37e-07	1	1	3.52e-07	1	N	white	PF13367;
11841	fgenesh1_pg.C_chr_22000186	-1573.823771	-1587.692913	27.738284	1.39e-07	1	1	3.56e-07	1	Y	dark	
24748	estExt_fgenesh1_pg.C_chr_140005	-2250.668107	-2264.538088	27.739962	1.39e-07	1	1	3.56e-07	1	N	dark	
24434	estExt_fgenesh1_pg.C_chr_120058	-4679.733257	-4693.526193	27.585872	1.5e-07	1	1	3.83e-07	1	N	white	PF13639;
3222	fgenesh1_pg.C_chr_3000156	-1729.19834	-1742.973698	27.550716	1.53e-07	1	1	3.9e-07	1	N	white	PF02668;
25803	estExt_fgenesh1_pg.C_chr_220302	-2406.157896	-2419.920801	27.52581	1.55e-07	1	1	3.94e-07	1	N	dark	
24155	estExt_fgenesh1_pg.C_chr_100143	-1977.052883	-1990.800413	27.49506	1.57e-07	1	1	3.99e-07	1	N	white	PF01633;
11441	fgenesh1_pg.C_chr_20000037	-2825.60278	-2839.335406	27.465252	1.6e-07	1	1	4.05e-07	1	N	white	PF00856;
24145	estExt_fgenesh1_pg.C_chr_100121	-3890.173344	-3903.896612	27.446536	1.61e-07	1	1	4.07e-07	1	N	dark	
24568	estExt_fgenesh1_pg.C_chr_120347	-6897.014569	-6910.729372	27.429606	1.63e-07	1	1	4.11e-07	1	N	white	PF01368;PF02833;
25797	estExt_fgenesh1_pg.C_chr_220291	-4219.258651	-4232.949344	27.381386	1.67e-07	1	1	4.2e-07	1	N	dark	
3160	fgenesh1_pg.C_chr_3000094	-1676.777289	-1690.462469	27.37036	1.68e-07	1	1	4.22e-07	1	Y	dark	
21186	estExt_fgenesh1_pg.C_chr_20197	-2124.127525	-2137.790301	27.325552	1.72e-07	1	1	4.31e-07	1	N	dark	
22752	estExt_fgenesh1_pg.C_chr_50498	-3876.187361	-3889.83965	27.304578	1.74e-07	1	1	4.35e-07	1	N	dark	
2816	fgenesh1_pg.C_chr_2000771	-1911.467601	-1925.115656	27.29611	1.75e-07	1	1	4.36e-07	1	N	dark	
2856	fgenesh1_pg.C_chr_2000811	-1699.742588	-1713.311422	27.137668	1.89e-07	1	1	4.69e-07	1	N	white	PF21392;
268889	estExt_thaps1_ua_kg.C_chr_50144	-2944.128226	-2957.700406	27.14436	1.89e-07	1	1	4.69e-07	1	N	white	PF00271;PF00176;
9707	fgenesh1_pg.C_chr_14000052	-2189.916571	-2203.484777	27.136412	1.9e-07	1	1	4.71e-07	1	N	dark	
22071	estExt_fgenesh1_pg.C_chr_40032	-6104.737846	-6118.301238	27.126784	1.91e-07	1	1	4.71e-07	1	N	white	PF16905;PF00520;
268185	estExt_thaps1_ua_kg.C_chr_20063	-2417.344108	-2430.903554	27.118892	1.91e-07	1	1	4.71e-07	1	N	dark	
21605	estExt_fgenesh1_pg.C_chr_30056	-1967.747715	-1981.297291	27.099152	1.93e-07	1	1	4.75e-07	1	Y	dark	
3901	fgenesh1_pg.C_chr_3000835	-2960.922149	-2974.445206	27.046114	1.99e-07	1	1	4.89e-07	1	N	white	PF09340;
23072	estExt_fgenesh1_pg.C_chr_60255	-3396.35513	-3409.844779	26.979298	2.06e-07	1	1	5.05e-07	1	N	dark	
5830	fgenesh1_pg.C_chr_5000872	-845.76427	-859.23598	26.94342	2.09e-07	1	1	5.11e-07	1	N	white	PF11255;
25270	estExt_fgenesh1_pg.C_chr_170131	-4741.491248	-4754.952938	26.92338	2.12e-07	1	1	5.17e-07	1	N	dark	
23751	estExt_fgenesh1_pg.C_chr_80222	-3605.03365	-3618.486508	26.905716	2.14e-07	1	1	5.21e-07	1	N	white	PF02676;
10422	fgenesh1_pg.C_chr_16a000103	-1371.899063	-1385.347739	26.897352	2.15e-07	1	1	5.23e-07	1	Y	dark	
4463	fgenesh1_pg.C_chr_4000413	-1174.62971	-1188.047384	26.835348	2.22e-07	1	1	5.38e-07	1	N	white	PF01569;
20681	estExt_fgenesh1_pg.C_chr_10261	-8746.720583	-8760.125435	26.809704	2.25e-07	1	1	5.45e-07	1	N	white	PF12432;
23991	estExt_fgenesh1_pg.C_chr_90207	-2619.121537	-2632.518814	26.794554	2.26e-07	1	1	5.46e-07	1	N	white	PF00447;
2095	fgenesh1_pg.C_chr_2000050	-2090.583213	-2103.978748	26.79107	2.27e-07	1	1	5.47e-07	1	N	dark	
11751	fgenesh1_pg.C_chr_22000096	-2609.360902	-2622.748919	26.776034	2.28e-07	1	1	5.48e-07	1	N	dark	
8014	fgenesh1_pg.C_chr_9000182	-1292.951003	-1306.333986	26.765966	2.3e-07	1	1	5.52e-07	1	N	dark	
5217	fgenesh1_pg.C_chr_5000259	-2159.314112	-2172.667607	26.70699	2.37e-07	1	1	5.68e-07	1	N	dark	
23818	estExt_fgenesh1_pg.C_chr_80359	-1604.723687	-1618.066582	26.68579	2.39e-07	1	1	5.7e-07	1	N	white	PF20398;PF04143;
34900	e_gw1.6.216.1	-2072.795549	-2086.139221	26.687344	2.39e-07	1	1	5.7e-07	1	N	white	PF04209;PF20510;
24369	estExt_fgenesh1_pg.C_chr_11a0210	-1993.481764	-2006.799385	26.635242	2.46e-07	1	1	5.85e-07	1	N	white	PF00076;PF00642;PF14608;
7145	fgenesh1_pg.C_chr_7000528	-2969.007665	-2982.277926	26.540522	2.58e-07	1	1	6.13e-07	1	N	dark	
6670	fgenesh1_pg.C_chr_7000053	-20930.91345	-20944.1487	26.470488	2.68e-07	1	1	6.35e-07	1	N	white	PF12624;PF25036;
20919	estExt_fgenesh1_pg.C_chr_10751	-3259.903178	-3273.111317	26.416278	2.75e-07	1	1	6.5e-07	1	N	white	PF16282;
11100	fgenesh1_pg.C_chr_19a_19000043	-2667.214815	-2680.409401	26.389172	2.79e-07	1	1	6.59e-07	1	N	dark	
3228	fgenesh1_pg.C_chr_3000162	-2085.169187	-2098.358037	26.3777	2.81e-07	1	1	6.6e-07	1	N	dark	
8903	fgenesh1_pg.C_chr_11b000012	-2150.903405	-2164.092258	26.377706	2.81e-07	1	1	6.6e-07	1	N	white	PF04577;
268460	estExt_thaps1_ua_kg.C_chr_30129	-4763.768572	-4776.951593	26.366042	2.82e-07	1	1	6.61e-07	1	N	white	PF16589;PF00817;PF11799;
24118	estExt_fgenesh1_pg.C_chr_100055	-4089.809733	-4102.963676	26.307886	2.91e-07	1	1	6.8e-07	1	N	white	PF00249;
34571	e_gw1.6.75.1	-2640.727997	-2653.883849	26.311704	2.91e-07	1	1	6.8e-07	1	N	white	PF00176;PF00097;
21327	estExt_fgenesh1_pg.C_chr_20503	-2247.224608	-2260.375955	26.302694	2.92e-07	1	1	6.81e-07	1	N	white	PF07787;
3947	fgenesh1_pg.C_chr_3000881	-1396.704068	-1409.850073	26.29201	2.94e-07	1	1	6.83e-07	1	N	white	PF04756;
25552	estExt_fgenesh1_pg.C_chr_19c_290060	-2244.625049	-2257.768128	26.286158	2.94e-07	1	1	6.83e-07	1	N	white	PF05648;
21840	estExt_fgenesh1_pg.C_chr_30555	-2338.739675	-2351.836104	26.192858	3.09e-07	1	1	7.16e-07	1	Y	white	PF00447;
27599	estExt_Genewise1.C_chr_30594	-3457.30132	-3470.374915	26.14719	3.16e-07	1	1	7.31e-07	1	N	white	PF13513;
4184	fgenesh1_pg.C_chr_4000134	-4099.606706	-4112.677138	26.140864	3.17e-07	1	1	7.32e-07	1	N	white	PF14312;
24288	estExt_fgenesh1_pg.C_chr_11a0032	-1763.224361	-1776.292305	26.135888	3.18e-07	1	1	7.32e-07	1	Y	dark	
24144	estExt_fgenesh1_pg.C_chr_100119	-3716.46315	-3729.52743	26.12856	3.19e-07	1	1	7.32e-07	1	N	white	PF00226;
264655	thaps1_ua_kg.chr_19c_29000022	-3950.685602	-3963.751503	26.131802	3.19e-07	1	1	7.32e-07	1	N	white	PF13191;
25677	estExt_fgenesh1_pg.C_chr_200240	-2069.179817	-2082.218652	26.07767	3.28e-07	1	1	7.51e-07	1	N	white	PF01769;
10752	fgenesh1_pg.C_chr_17000215	-1920.981671	-1933.993002	26.022662	3.37e-07	1	1	7.7e-07	1	N	white	PF00730;
8371	fgenesh1_pg.C_chr_10000141	-2898.817071	-2911.822456	26.01077	3.4e-07	1	1	7.75e-07	1	Y	dark	
24729	estExt_fgenesh1_pg.C_chr_130343	-2709.730466	-2722.732762	26.004592	3.41e-07	1	1	7.76e-07	1	N	white	PF03985;
3154	fgenesh1_pg.C_chr_3000088	-2238.334839	-2251.317937	25.966196	3.47e-07	1	1	7.87e-07	1	N	white	PF00447;
24867	estExt_fgenesh1_pg.C_chr_140208	-3768.017413	-3781.002221	25.969616	3.47e-07	1	1	7.87e-07	1	N	white	PF08271;
7553	fgenesh1_pg.C_chr_8000214	-3806.376429	-3819.353406	25.953954	3.5e-07	1	1	7.92e-07	1	N	dark	
4040	fgenesh1_pg.C_chr_3000974	-1131.327825	-1144.266954	25.878258	3.64e-07	1	1	8.22e-07	1	N	dark	
21587	estExt_fgenesh1_pg.C_chr_30014	-2629.175213	-2642.108381	25.866336	3.66e-07	1	1	8.25e-07	1	N	dark	
8349	fgenesh1_pg.C_chr_10000119	-1651.71213	-1664.636043	25.847826	3.69e-07	1	1	8.3e-07	1	N	white	PF01370;
8836	fgenesh1_pg.C_chr_11a000222	-2701.442491	-2714.319048	25.753114	3.88e-07	1	1	8.71e-07	1	N	dark	
4725	fgenesh1_pg.C_chr_4000675	-1550.1182	-1562.988352	25.740304	3.91e-07	1	1	8.76e-07	1	N	white	PF00999;
20653	estExt_fgenesh1_pg.C_chr_10209	-3866.466794	-3879.321009	25.70843	3.97e-07	1	1	8.86e-07	1	N	white	PF01142;
20794	estExt_fgenesh1_pg.C_chr_10492	-1651.906118	-1664.760172	25.708108	3.97e-07	1	1	8.86e-07	1	Y	dark	
36431	e_gw1.10.117.1	-1083.953597	-1096.796989	25.686784	4.02e-07	1	1	8.95e-07	1	N	white	PF00160;
10079	fgenesh1_pg.C_chr_15000069	-1545.43239	-1558.261854	25.658928	4.07e-07	1	1	9.05e-07	1	N	dark	
5902	fgenesh1_pg.C_chr_6000057	-2837.771583	-2850.584682	25.626198	4.14e-07	1	1	9.18e-07	1	Y	dark	
10409	fgenesh1_pg.C_chr_16a000090	-8051.358894	-8064.16863	25.619472	4.16e-07	1	1	9.19e-07	1	N	dark	
24311	estExt_fgenesh1_pg.C_chr_11a0080	-3512.807117	-3525.615453	25.616672	4.16e-07	1	1	9.19e-07	1	Y	dark	
23596	estExt_fgenesh1_pg.C_chr_70614	-2478.11252	-2490.839062	25.453084	4.53e-07	1	1	9.99e-07	1	N	dark	
11480	fgenesh1_pg.C_chr_20000076	-1759.715413	-1772.408445	25.386064	4.69e-07	1	1	1.03e-06	1	N	white	PF00069;
3315	fgenesh1_pg.C_chr_3000249	-6000.798405	-6013.478076	25.359342	4.76e-07	1	1	1.05e-06	1	N	dark	
22582	estExt_fgenesh1_pg.C_chr_50136	-2526.292843	-2538.940022	25.294358	4.92e-07	1	1	1.08e-06	1	N	white	PF00575;
25793	estExt_fgenesh1_pg.C_chr_220282	-2366.609045	-2379.250011	25.281932	4.95e-07	1	1	1.08e-06	1	Y	dark	
21901	estExt_fgenesh1_pg.C_chr_30670	-3159.388491	-3172.027263	25.277544	4.96e-07	1	1	1.08e-06	1	Y	dark	
24942	estExt_fgenesh1_pg.C_chr_140348	-8058.695625	-8071.32308	25.25491	5.02e-07	1	1	1.09e-06	1	N	white	PF13191;
33330	e_gw1.4.485.1	-1001.035654	-1013.647721	25.224134	5.1e-07	1	1	1.11e-06	1	N	white	PF00535;
10778	fgenesh1_pg.C_chr_18000021	-2496.43683	-2509.01114	25.14862	5.31e-07	1	1	1.15e-06	1	N	white	PF15365;
1017	fgenesh1_pg.C_chr_1000151	-1587.516245	-1600.086392	25.140294	5.33e-07	1	1	1.16e-06	1	Y	dark	
23202	estExt_fgenesh1_pg.C_chr_60502	-1865.722898	-1878.288022	25.130248	5.36e-07	1	1	1.16e-06	1	N	white	PF00849;
6606	fgenesh1_pg.C_chr_6000761	-2514.93131	-2527.476764	25.090908	5.47e-07	1	1	1.18e-06	1	N	white	PF01018;PF01926;
24245	estExt_fgenesh1_pg.C_chr_100342	-3199.769109	-3212.309806	25.081394	5.5e-07	1	1	1.19e-06	1	N	dark	
20732	estExt_fgenesh1_pg.C_chr_10378	-2653.225255	-2665.749665	25.04882	5.59e-07	1	1	1.2e-06	1	N	dark	
10158	fgenesh1_pg.C_chr_15000148	-3793.846592	-3806.350034	25.006884	5.71e-07	1	1	1.23e-06	1	N	dark	
21676	estExt_fgenesh1_pg.C_chr_30216	-3104.090959	-3116.573876	24.965834	5.84e-07	1	1	1.25e-06	1	N	white	PF10009;
21856	estExt_fgenesh1_pg.C_chr_30588	-4367.477276	-4379.931683	24.908814	6.01e-07	1	1	1.29e-06	1	Y	dark	
8028	fgenesh1_pg.C_chr_9000196	-912.385187	-924.834442	24.89851	6.04e-07	1	1	1.29e-06	1	Y	dark	
4440	fgenesh1_pg.C_chr_4000390	-3218.705852	-3231.150722	24.88974	6.07e-07	1	1	1.29e-06	1	N	white	PF01535;PF02037;
31771	e_gw1.2.170.1	-1572.005432	-1584.449586	24.888308	6.07e-07	1	1	1.29e-06	1	N	white	PF03109;
23599	estExt_fgenesh1_pg.C_chr_70622	-2238.504927	-2250.944036	24.878218	6.11e-07	1	1	1.3e-06	1	N	white	PF01265;
23259	estExt_fgenesh1_pg.C_chr_60622	-3139.875127	-3152.312292	24.87433	6.12e-07	1	1	1.3e-06	1	N	white	PF00439;PF00685;
5857	fgenesh1_pg.C_chr_6000012	-7001.644672	-7014.075343	24.861342	6.16e-07	1	1	1.3e-06	1	N	white	PF01607;
5132	fgenesh1_pg.C_chr_5000174	-1828.942559	-1841.369689	24.85426	6.18e-07	1	1	1.3e-06	1	Y	dark	
21374	estExt_fgenesh1_pg.C_chr_20612	-1590.785186	-1603.191477	24.812582	6.32e-07	1	1	1.33e-06	1	N	white	PF10282;
12166	fgenesh1_pg.C_chr_24000042	-804.284816	-816.665656	24.76168	6.49e-07	1	1	1.36e-06	1	Y	dark	
261056	thaps1_ua_kg.chr_1000316	-4009.796488	-4022.175579	24.758182	6.5e-07	1	1	1.36e-06	1	N	white	PF01602;
11130	fgenesh1_pg.C_chr_19a_19000073	-4126.107784	-4138.461742	24.707916	6.67e-07	1	1	1.4e-06	1	Y	dark	
7816	fgenesh1_pg.C_chr_8000477	-3372.694198	-3385.030429	24.672462	6.79e-07	1	1	1.42e-06	1	N	white	PF13191;
34850	e_gw1.6.37.1	-3371.13757	-3383.464247	24.653354	6.86e-07	1	1	1.43e-06	1	N	white	PF00004;PF05362;PF22667;PF02190;
263510	thaps1_ua_kg.chr_9000038	-1145.875932	-1158.193103	24.634342	6.93e-07	1	1	1.44e-06	1	N	white	PF21180;PF04406;
8221	fgenesh1_pg.C_chr_9000389	-1460.746377	-1473.049917	24.60708	7.03e-07	1	1	1.46e-06	1	N	white	PF00134;
6800	fgenesh1_pg.C_chr_7000183	-1383.97562	-1396.276426	24.601612	7.05e-07	1	1	1.46e-06	1	N	white	PF13344;PF13242;
9840	fgenesh1_pg.C_chr_14000185	-2080.735924	-2093.007872	24.543896	7.26e-07	1	1	1.51e-06	1	N	white	PF01566;
268226	estExt_thaps1_ua_kg.C_chr_20128	-1881.950041	-1894.198292	24.496502	7.44e-07	1	1	1.54e-06	1	N	white	PF00909;
8259	fgenesh1_pg.C_chr_10000029	-2002.915816	-2015.162118	24.492604	7.46e-07	1	1	1.54e-06	1	Y	dark	
4287	fgenesh1_pg.C_chr_4000237	-3915.043265	-3927.283611	24.480692	7.51e-07	1	1	1.55e-06	1	N	dark	
7512	fgenesh1_pg.C_chr_8000173	-2044.642525	-2056.846985	24.40892	7.79e-07	1	1	1.6e-06	1	N	dark	
21414	estExt_fgenesh1_pg.C_chr_20675	-3910.468744	-3922.661159	24.38483	7.89e-07	1	1	1.62e-06	1	N	dark	
24452	estExt_fgenesh1_pg.C_chr_120105	-2554.447717	-2566.633482	24.37153	7.94e-07	1	1	1.63e-06	1	N	white	PF01585;PF17780;
25078	estExt_fgenesh1_pg.C_chr_150290	-5753.023358	-5765.160754	24.274792	8.35e-07	1	1	1.71e-06	1	N	white	PF00560;
21606	estExt_fgenesh1_pg.C_chr_30061	-2938.126344	-2950.22646	24.200232	8.68e-07	1	1	1.77e-06	1	N	white	PF00141;
6722	fgenesh1_pg.C_chr_7000105	-2664.368451	-2676.436468	24.136034	8.98e-07	1	1	1.83e-06	1	Y	dark	
11193	fgenesh1_pg.C_chr_19a_19000136	-1992.012064	-2004.057355	24.090582	9.19e-07	1	1	1.87e-06	1	N	white	PF02586;
8382	fgenesh1_pg.C_chr_10000152	-1026.880052	-1038.907916	24.055728	9.36e-07	1	1	1.9e-06	1	N	dark	
21109	estExt_fgenesh1_pg.C_chr_20051	-2224.996558	-2237.002832	24.012548	9.57e-07	1	1	1.94e-06	1	N	white	PF00781;PF19279;
269764	estExt_thaps1_ua_kg.C_chr_140073	-1331.026233	-1342.9964	23.940334	9.94e-07	1	1	2.01e-06	1	N	white	PF00849;
12031	fgenesh1_pg.C_chr_23000059	-1552.758368	-1564.722403	23.92807	1e-06	1	1	2.02e-06	1	N	white	PF13855;
22202	estExt_fgenesh1_pg.C_chr_40302	-4968.157243	-4980.080735	23.846984	1.04e-06	1	1	2.1e-06	1	N	dark	
10979	fgenesh1_pg.C_chr_18000222	-3564.267525	-3576.184095	23.83314	1.05e-06	1	1	2.12e-06	1	N	white	PF03291;
23064	estExt_fgenesh1_pg.C_chr_60237	-4392.4876	-4404.394283	23.813366	1.06e-06	1	1	2.13e-06	1	N	dark	
24207	estExt_fgenesh1_pg.C_chr_100246	-5680.878419	-5692.770324	23.78381	1.08e-06	1	1	2.17e-06	1	N	dark	
263911	thaps1_ua_kg.chr_12000062	-1306.017179	-1317.898055	23.761752	1.09e-06	1	1	2.18e-06	1	N	white	PF03457;
21210	estExt_fgenesh1_pg.C_chr_20244	-3849.583523	-3861.457818	23.74859	1.1e-06	1	1	2.2e-06	1	Y	dark	
7648	fgenesh1_pg.C_chr_8000309	-2022.322325	-2034.185054	23.725458	1.11e-06	1	1	2.22e-06	1	N	white	PF10243;
11749	fgenesh1_pg.C_chr_22000094	-1447.523378	-1459.37784	23.708924	1.12e-06	1	1	2.23e-06	1	N	dark	
37724	e_gw1.15.61.1	-1729.700751	-1741.553307	23.705112	1.12e-06	1	1	2.23e-06	1	N	white	PF00962;
262527	thaps1_ua_kg.chr_5000166	-1752.90171	-1764.726462	23.649504	1.16e-06	1	1	2.3e-06	1	N	dark	
7213	fgenesh1_pg.C_chr_7000596	-1894.680509	-1906.494752	23.628486	1.17e-06	1	1	2.32e-06	1	Y	dark	
32782	e_gw1.3.434.1	-1301.185516	-1312.991735	23.612438	1.18e-06	1	1	2.34e-06	1	N	white	PF01398;PF13012;
7404	fgenesh1_pg.C_chr_8000065	-586.793928	-598.59206	23.596264	1.19e-06	1	1	2.35e-06	1	Y	dark	
1193	fgenesh1_pg.C_chr_1000327	-2158.450204	-2170.24034	23.580272	1.2e-06	1	1	2.36e-06	1	N	white	PF00069;
6752	fgenesh1_pg.C_chr_7000135	-2056.880941	-2068.671769	23.581656	1.2e-06	1	1	2.36e-06	1	N	dark	
23285	estExt_fgenesh1_pg.C_chr_60665	-2587.734979	-2599.510117	23.550276	1.22e-06	1	1	2.4e-06	1	N	white	PF13432;
6664	fgenesh1_pg.C_chr_7000047	-879.606397	-891.369591	23.526388	1.23e-06	1	1	2.41e-06	1	Y	dark	
20977	estExt_fgenesh1_pg.C_chr_10874	-3590.583867	-3602.347076	23.526418	1.23e-06	1	1	2.41e-06	1	N	white	PF09335;
8855	fgenesh1_pg.C_chr_11a000241	-3176.845139	-3188.602599	23.51492	1.24e-06	1	1	2.43e-06	1	Y	dark	
5133	fgenesh1_pg.C_chr_5000175	-1133.203561	-1144.940483	23.473844	1.27e-06	1	1	2.48e-06	1	N	white	PF02469;
4903	fgenesh1_pg.C_chr_4000853	-2915.362366	-2927.075954	23.427176	1.3e-06	1	1	2.53e-06	1	Y	dark	
11963	fgenesh1_pg.C_chr_22000308	-6105.710665	-6117.425458	23.429586	1.3e-06	1	1	2.53e-06	1	N	white	PF01607;PF00704;PF03067;
5136	fgenesh1_pg.C_chr_5000178	-2142.198132	-2153.903483	23.410702	1.31e-06	1	1	2.54e-06	1	N	dark	
23094	estExt_fgenesh1_pg.C_chr_60305	-5610.600284	-5622.307566	23.414564	1.31e-06	1	1	2.54e-06	1	N	white	PF01429;PF02671;
1588	fgenesh1_pg.C_chr_1000722	-2718.464474	-2730.153478	23.378008	1.33e-06	1	1	2.57e-06	1	N	dark	
6361	fgenesh1_pg.C_chr_6000516	-2406.614734	-2418.302909	23.37635	1.33e-06	1	1	2.57e-06	1	N	white	PF22366;PF07992;
12094	fgenesh1_pg.C_chr_23000122	-2139.114633	-2150.790612	23.351958	1.35e-06	1	1	2.61e-06	1	Y	dark	
38111	e_gw1.18.107.1	-1214.01758	-1225.651105	23.26705	1.41e-06	1	1	2.72e-06	1	N	white	PF00153;
7172	fgenesh1_pg.C_chr_7000555	-1202.412388	-1214.037394	23.250012	1.42e-06	1	1	2.73e-06	1	Y	dark	
10647	fgenesh1_pg.C_chr_17000110	-6342.994066	-6354.610587	23.233042	1.44e-06	1	1	2.76e-06	1	N	dark	
20597	estExt_fgenesh1_pg.C_chr_10097	-2155.756978	-2167.367004	23.220052	1.44e-06	1	1	2.76e-06	1	N	dark	
22162	estExt_fgenesh1_pg.C_chr_40201	-5763.6970010000005	-5775.302321	23.21064	1.45e-06	1	1	2.77e-06	1	N	dark	
21234	estExt_fgenesh1_pg.C_chr_20303	-2506.526541	-2518.126068	23.199054	1.46e-06	1	1	2.79e-06	1	N	dark	
22484	estExt_fgenesh1_pg.C_chr_40850	-4358.37822	-4369.968908	23.181376	1.47e-06	1	1	2.8e-06	1	Y	dark	
23376	estExt_fgenesh1_pg.C_chr_70133	-2462.740412	-2474.317711	23.154598	1.49e-06	1	1	2.84e-06	1	Y	dark	
9373	fgenesh1_pg.C_chr_13000093	-2428.426674	-2439.994872	23.136396	1.51e-06	1	1	2.87e-06	1	N	dark	
23662	estExt_fgenesh1_pg.C_chr_80034	-2558.650747	-2570.205666	23.109838	1.53e-06	1	1	2.9e-06	1	N	white	PF00089;
2037	fgenesh1_pg.C_chr_1001171	-1380.767884	-1392.313803	23.091838	1.54e-06	1	1	2.92e-06	1	Y	dark	
9729	fgenesh1_pg.C_chr_14000074	-2133.267548	-2144.810497	23.085898	1.55e-06	1	1	2.93e-06	1	N	white	PF09335;
4772	fgenesh1_pg.C_chr_4000722	-1459.596888	-1471.130043	23.06631	1.57e-06	1	1	2.96e-06	1	N	dark	
21222	estExt_fgenesh1_pg.C_chr_20268	-3187.460454	-3198.987819	23.05473	1.57e-06	1	1	2.96e-06	1	N	white	PF00270;PF00271;PF02037;
25432	estExt_fgenesh1_pg.C_chr_180277	-1891.211719	-1902.724428	23.025418	1.6e-06	1	1	3.01e-06	1	N	dark	
11330	fgenesh1_pg.C_chr_19c_29000016	-1478.180172	-1489.673548	22.986752	1.63e-06	1	1	3.06e-06	1	N	white	PF13640;
8828	fgenesh1_pg.C_chr_11a000214	-2251.203229	-2262.692711	22.978964	1.64e-06	1	1	3.07e-06	1	N	white	PF00400;
262501	thaps1_ua_kg.chr_5000140	-2039.886925	-2051.376398	22.978946	1.64e-06	1	1	3.07e-06	1	N	dark	
37707	e_gw1.15.161.1	-402.881995	-414.356374	22.948758	1.66e-06	1	1	3.1e-06	1	N	white	PF02493;
5623	fgenesh1_pg.C_chr_5000665	-1391.912892	-1403.384903	22.944022	1.67e-06	1	1	3.11e-06	1	N	white	PF00702;
12025	fgenesh1_pg.C_chr_23000053	-3459.204724	-3470.677121	22.944794	1.67e-06	1	1	3.11e-06	1	N	white	PF05686;
21336	estExt_fgenesh1_pg.C_chr_20521	-4640.382267	-4651.844518	22.924502	1.68e-06	1	1	3.12e-06	1	N	white	PF13582;
24813	estExt_fgenesh1_pg.C_chr_140123	-1412.069731	-1423.535401	22.93134	1.68e-06	1	1	3.12e-06	1	N	dark	
12172	fgenesh1_pg.C_chr_24000048	-1399.773381	-1411.203306	22.85985	1.74e-06	1	1	3.23e-06	1	Y	white	PF01925;
25434	estExt_fgenesh1_pg.C_chr_180282	-3208.006423	-3219.42516	22.837474	1.76e-06	1	1	3.26e-06	1	N	white	PF00581;
1594	fgenesh1_pg.C_chr_1000728	-2774.083375	-2785.491648	22.816546	1.78e-06	1	1	3.29e-06	1	N	dark	
2035	fgenesh1_pg.C_chr_1001169	-3559.534528	-3570.940023	22.81099	1.79e-06	1	1	3.3e-06	1	Y	dark	
23731	estExt_fgenesh1_pg.C_chr_80182	-2796.027356	-2807.408136	22.76156	1.83e-06	1	1	3.37e-06	1	N	white	PF00443;
269276	estExt_thaps1_ua_kg.C_chr_70198	-2193.483857	-2204.868653	22.769592	1.83e-06	1	1	3.37e-06	1	N	dark	
23336	estExt_fgenesh1_pg.C_chr_70030	-2414.127465	-2425.452318	22.649706	1.94e-06	1	1	3.56e-06	1	N	white	PF05022;
268118	estExt_thaps1_ua_kg.C_chr_10381	-2769.056785	-2780.374764	22.635958	1.96e-06	1	1	3.59e-06	1	N	white	PF08513;PF00400;
21629	estExt_fgenesh1_pg.C_chr_30109	-1818.017909	-1829.332304	22.62879	1.97e-06	1	1	3.61e-06	1	N	white	PF14768;PF14766;
21882	estExt_fgenesh1_pg.C_chr_30635	-1347.544294	-1358.849554	22.61052	1.98e-06	1	1	3.62e-06	1	N	white	PF08676;
22764	estExt_fgenesh1_pg.C_chr_50515	-6230.713192	-6241.93477	22.443156	2.16e-06	1	1	3.94e-06	1	N	dark	
3099	fgenesh1_pg.C_chr_3000033	-820.353957	-831.572981	22.438048	2.17e-06	1	1	3.95e-06	1	Y	dark	
8691	fgenesh1_pg.C_chr_11a000077	-582.460544	-593.665426	22.409764	2.2e-06	1	1	4e-06	1	Y	dark	
4404	fgenesh1_pg.C_chr_4000354	-830.11565	-841.319265	22.40723	2.21e-06	1	1	4.01e-06	1	N	dark	
9240	fgenesh1_pg.C_chr_12000321	-2441.96183	-2453.16103	22.3984	2.22e-06	1	1	4.02e-06	1	N	dark	
9804	fgenesh1_pg.C_chr_14000149	-3974.872325	-3986.067603	22.390556	2.22e-06	1	1	4.02e-06	1	N	dark	
21328	estExt_fgenesh1_pg.C_chr_20505	-1331.855795	-1343.049021	22.386452	2.23e-06	1	1	4.02e-06	1	N	white	PF13424;
21870	estExt_fgenesh1_pg.C_chr_30614	-3962.131762	-3973.32362	22.383716	2.23e-06	1	1	4.02e-06	1	N	white	PF10374;PF10373;
10416	fgenesh1_pg.C_chr_16a000097	-1326.727746	-1337.916405	22.377318	2.24e-06	1	1	4.04e-06	1	N	dark	
1969	fgenesh1_pg.C_chr_1001103	-2511.322579	-2522.501654	22.35815	2.26e-06	1	1	4.07e-06	1	N	white	PF00160;
8521	fgenesh1_pg.C_chr_10000291	-1916.594734	-1927.727194	22.26492	2.38e-06	1	1	4.27e-06	1	N	white	PF01416;
21963	estExt_fgenesh1_pg.C_chr_30783	-2058.747798	-2069.877731	22.259866	2.38e-06	1	1	4.27e-06	1	Y	dark	
1383	fgenesh1_pg.C_chr_1000517	-2545.273758	-2556.376863	22.20621	2.45e-06	1	1	4.39e-06	1	N	white	PF01593;
4229	fgenesh1_pg.C_chr_4000179	-3223.949693	-3235.034628	22.16987	2.5e-06	1	1	4.47e-06	1	N	dark	
24142	estExt_fgenesh1_pg.C_chr_100110	-2623.869075	-2634.947157	22.156164	2.51e-06	1	1	4.48e-06	1	N	dark	
3529	fgenesh1_pg.C_chr_3000463	-3381.899149	-3392.951963	22.105628	2.58e-06	1	1	4.59e-06	1	N	white	PF01612;
22748	estExt_fgenesh1_pg.C_chr_50491	-794.384406	-805.437404	22.105996	2.58e-06	1	1	4.59e-06	1	N	white	PF13857;
23338	estExt_fgenesh1_pg.C_chr_70036	-2986.057742	-2997.107645	22.099806	2.59e-06	1	1	4.6e-06	1	Y	dark	
9270	fgenesh1_pg.C_chr_12000351	-1838.742844	-1849.754461	22.023234	2.69e-06	1	1	4.77e-06	1	N	dark	
25261	estExt_fgenesh1_pg.C_chr_170118	-2517.564048	-2528.570145	22.012194	2.71e-06	1	1	4.8e-06	1	Y	dark	
25899	estExt_fgenesh1_pg.C_chr_240043	-1152.986857	-1163.989808	22.005902	2.72e-06	1	1	4.81e-06	1	Y	dark	
24164	estExt_fgenesh1_pg.C_chr_100162	-749.782099	-760.780511	21.996824	2.73e-06	1	1	4.82e-06	1	Y	dark	
4243	fgenesh1_pg.C_chr_4000193	-2391.46567	-2402.435763	21.940186	2.81e-06	1	1	4.95e-06	1	N	white	PF00443;
11087	fgenesh1_pg.C_chr_19a_19000030	-507.786662	-518.756121	21.938918	2.81e-06	1	1	4.95e-06	1	N	dark	
5604	fgenesh1_pg.C_chr_5000646	-3892.658002	-3903.591124	21.866244	2.92e-06	1	1	5.13e-06	1	N	dark	
25757	estExt_fgenesh1_pg.C_chr_220207	-5257.640078	-5268.568851	21.857546	2.94e-06	1	1	5.16e-06	1	N	white	PF01465;
11156	fgenesh1_pg.C_chr_19a_19000099	-2126.933863	-2137.82245	21.777174	3.06e-06	1	1	5.36e-06	1	N	dark	
4922	fgenesh1_pg.C_chr_4000872	-6166.538121	-6177.413121	21.75	3.11e-06	1	1	5.44e-06	1	N	white	PF00082;
21104	estExt_fgenesh1_pg.C_chr_20038	-2162.760391	-2173.624213	21.727644	3.14e-06	1	1	5.48e-06	1	N	white	PF26113;
6165	fgenesh1_pg.C_chr_6000320	-2527.891549	-2538.752093	21.721088	3.15e-06	1	1	5.49e-06	1	N	white	PF04925;PF21413;
22462	estExt_fgenesh1_pg.C_chr_40801	-2243.101047	-2253.954264	21.706434	3.18e-06	1	1	5.54e-06	1	N	white	PF01728;
25537	estExt_fgenesh1_pg.C_chr_19c_290031	-2754.79123	-2765.633871	21.685282	3.21e-06	1	1	5.58e-06	1	N	white	PF05637;
9378	fgenesh1_pg.C_chr_13000098	-7104.182662	-7115.019973	21.674622	3.23e-06	1	1	5.61e-06	1	N	dark	
9725	fgenesh1_pg.C_chr_14000070	-4240.189762	-4251.02398	21.668436	3.24e-06	1	1	5.62e-06	1	Y	dark	
6048	fgenesh1_pg.C_chr_6000203	-1631.279406	-1642.094737	21.630662	3.31e-06	1	1	5.73e-06	1	Y	dark	
21976	estExt_fgenesh1_pg.C_chr_30818	-2593.013606	-2603.825852	21.624492	3.32e-06	1	1	5.73e-06	1	Y	dark	
23012	estExt_fgenesh1_pg.C_chr_60160	-7480.033674	-7490.844093	21.620838	3.32e-06	1	1	5.73e-06	1	N	white	PF18210;
6483	fgenesh1_pg.C_chr_6000638	-4273.530377	-4284.331998	21.603242	3.35e-06	1	1	5.77e-06	1	N	white	PF09834;PF05721;
8849	fgenesh1_pg.C_chr_11a000235	-1323.753179	-1334.543435	21.580512	3.39e-06	1	1	5.83e-06	1	N	white	PF04641;
25755	estExt_fgenesh1_pg.C_chr_220201	-2321.612497	-2332.397348	21.569702	3.41e-06	1	1	5.86e-06	1	N	dark	
25241	estExt_fgenesh1_pg.C_chr_170083	-2597.483462	-2608.26152	21.556116	3.44e-06	1	1	5.9e-06	1	Y	dark	
25436	estExt_fgenesh1_pg.C_chr_180286	-3203.767306	-3214.542569	21.550526	3.45e-06	1	1	5.91e-06	1	N	white	PF00856;
4688	fgenesh1_pg.C_chr_4000638	-5847.460396	-5858.165253	21.409714	3.71e-06	1	1	6.34e-06	1	N	dark	
7696	fgenesh1_pg.C_chr_8000357	-1830.075706	-1840.751346	21.35128	3.82e-06	1	1	6.52e-06	1	N	white	PF13563;
8022	fgenesh1_pg.C_chr_9000190	-3051.362931	-3062.036351	21.34684	3.83e-06	1	1	6.53e-06	1	N	dark	
2564	fgenesh1_pg.C_chr_2000519	-2101.641635	-2112.311867	21.340464	3.85e-06	1	1	6.55e-06	1	N	dark	
23658	estExt_fgenesh1_pg.C_chr_80022	-1646.375046	-1657.039879	21.329666	3.87e-06	1	1	6.58e-06	1	Y	dark	
28651	estExt_Genewise1.C_chr_60337	-1694.889118	-1705.526318	21.2744	3.98e-06	1	1	6.76e-06	1	N	white	PF02803;PF00108;
923	fgenesh1_pg.C_chr_1000057	-1040.907072	-1051.536787	21.25943	4.01e-06	1	1	6.79e-06	1	N	dark	
21819	estExt_fgenesh1_pg.C_chr_30506	-3319.646723	-3330.27622	21.258994	4.01e-06	1	1	6.79e-06	1	N	white	PF00787;
1773	fgenesh1_pg.C_chr_1000907	-1468.810039	-1479.436652	21.253226	4.02e-06	1	1	6.79e-06	1	N	dark	
8329	fgenesh1_pg.C_chr_10000099	-1840.568277	-1851.191496	21.246438	4.04e-06	1	1	6.82e-06	1	N	dark	
10111	fgenesh1_pg.C_chr_15000101	-1669.628414	-1680.249187	21.241546	4.05e-06	1	1	6.82e-06	1	N	white	PF00248;
9581	fgenesh1_pg.C_chr_13000301	-1616.408033	-1627.006559	21.197052	4.14e-06	1	1	6.97e-06	1	N	dark	
268454	estExt_thaps1_ua_kg.C_chr_30117	-3738.842999	-3749.429857	21.173716	4.19e-06	1	1	7.04e-06	1	N	white	PF00027;PF00520;
262242	thaps1_ua_kg.chr_4000252	-2300.702055	-2311.28483	21.16555	4.21e-06	1	1	7.06e-06	1	N	white	PF00501;PF23562;
21163	estExt_fgenesh1_pg.C_chr_20150	-3130.622087	-3141.192296	21.140418	4.27e-06	1	1	7.15e-06	1	N	white	PF08242;PF13489;
270071	estExt_thaps1_ua_kg.C_chr_220040	-5357.257692	-5367.819387	21.12339	4.31e-06	1	1	7.21e-06	1	N	white	PF01315;PF03450;PF00941;PF01799;PF02738;PF20256;
20589	estExt_fgenesh1_pg.C_chr_10070	-2424.977149	-2435.531539	21.10878	4.34e-06	1	1	7.25e-06	1	Y	white	PF13374;PF13424;PF13176;PF13181;
261827	thaps1_ua_kg.chr_3000205	-473.501619	-484.049292	21.095346	4.37e-06	1	1	7.29e-06	1	N	white	PF00085;
35095	e_gw1.6.112.1	-2072.472478	-2083.003541	21.062126	4.45e-06	1	1	7.41e-06	1	N	white	PF04049;PF00515;PF13176;PF13181;
3598	fgenesh1_pg.C_chr_3000532	-1196.896366	-1207.420462	21.048192	4.48e-06	1	1	7.44e-06	1	N	white	PF13650;
39232	estExt_gwp_gw1.C_chr_10694	-1269.284703	-1279.808212	21.047018	4.48e-06	1	1	7.44e-06	1	N	white	PF00481;
24403	estExt_fgenesh1_pg.C_chr_11b0022	-8422.888544	-8433.405662	21.034236	4.51e-06	1	1	7.48e-06	1	Y	dark	
6209	fgenesh1_pg.C_chr_6000364	-1463.187677	-1473.689854	21.004354	4.58e-06	1	1	7.58e-06	1	N	white	PF04909;
23295	estExt_fgenesh1_pg.C_chr_60683	-2174.064624	-2184.554279	20.97931	4.64e-06	1	1	7.67e-06	1	N	white	PF03222;
25036	estExt_fgenesh1_pg.C_chr_150203	-1751.494885	-1761.975036	20.960302	4.69e-06	1	1	7.74e-06	1	Y	dark	
2148	fgenesh1_pg.C_chr_2000103	-1709.427957	-1719.881794	20.907674	4.82e-06	1	1	7.93e-06	1	N	white	PF08856;
9792	fgenesh1_pg.C_chr_14000137	-2262.684333	-2273.13836	20.908054	4.82e-06	1	1	7.93e-06	1	N	white	PF02485;
3180	fgenesh1_pg.C_chr_3000114	-1716.946402	-1727.391346	20.889888	4.86e-06	1	1	7.99e-06	1	Y	dark	
22950	estExt_fgenesh1_pg.C_chr_60019	-16385.03178	-16395.47062	20.877682	4.9e-06	1	1	8.04e-06	1	N	white	PF02018;PF24606;PF07394;PF08811;
8111	fgenesh1_pg.C_chr_9000279	-1495.448102	-1505.88272	20.869236	4.92e-06	1	1	8.04e-06	1	N	white	PF01988;
22379	estExt_fgenesh1_pg.C_chr_40630	-3371.552283	-3381.987279	20.869992	4.92e-06	1	1	8.04e-06	1	N	white	PF00023;
24863	estExt_fgenesh1_pg.C_chr_140202	-3116.456144	-3126.889736	20.867184	4.92e-06	1	1	8.04e-06	1	N	white	PF08172;PF25398;
25129	estExt_fgenesh1_pg.C_chr_16a0071	-4246.167348	-4256.595728	20.85676	4.95e-06	1	1	8.08e-06	1	N	white	PF13041;
24792	estExt_fgenesh1_pg.C_chr_140084	-2970.550612	-2980.973925	20.846626	4.98e-06	1	1	8.12e-06	1	N	white	PF00023;PF04564;
25398	estExt_fgenesh1_pg.C_chr_180215	-1205.374388	-1215.788739	20.828702	5.02e-06	1	1	8.17e-06	1	Y	dark	
2886	fgenesh1_pg.C_chr_2000841	-2268.262493	-2278.664248	20.80351	5.09e-06	1	1	8.27e-06	1	N	dark	
23366	estExt_fgenesh1_pg.C_chr_70120	-4939.492351	-4949.891628	20.798554	5.1e-06	1	1	8.28e-06	1	N	white	PF24325;
12183	fgenesh1_pg.C_chr_24000059	-1796.105853	-1806.495119	20.778532	5.16e-06	1	1	8.36e-06	1	Y	dark	
20753	estExt_fgenesh1_pg.C_chr_10409	-4543.510821	-4553.884485	20.747328	5.24e-06	1	1	8.48e-06	1	N	white	PF04777;PF00085;
8972	fgenesh1_pg.C_chr_12000053	-1726.843311	-1737.209117	20.731612	5.28e-06	1	1	8.53e-06	1	N	white	PF05773;
4732	fgenesh1_pg.C_chr_4000682	-2840.392431	-2850.745031	20.7052	5.36e-06	1	1	8.64e-06	1	N	dark	
21532	estExt_fgenesh1_pg.C_chr_20899	-2147.631882	-2157.983787	20.70381	5.36e-06	1	1	8.64e-06	1	N	white	PF06090;
10441	fgenesh1_pg.C_chr_16a000122	-1686.86314	-1697.204042	20.681804	5.42e-06	1	1	8.72e-06	1	N	white	PF14523;
5552	fgenesh1_pg.C_chr_5000594	-1589.286755	-1599.6243	20.67509	5.44e-06	1	1	8.74e-06	1	N	dark	
6576	fgenesh1_pg.C_chr_6000731	-1092.524791	-1102.857987	20.666392	5.47e-06	1	1	8.78e-06	1	Y	dark	
25603	estExt_fgenesh1_pg.C_chr_200072	-3686.207629	-3696.529088	20.642918	5.53e-06	1	1	8.85e-06	1	Y	dark	
1758	fgenesh1_pg.C_chr_1000892	-1727.244502	-1737.565447	20.64189	5.54e-06	1	1	8.85e-06	1	Y	dark	
9275	fgenesh1_pg.C_chr_12000356	-2961.666016	-2971.98663	20.641228	5.54e-06	1	1	8.85e-06	1	N	dark	
23549	estExt_fgenesh1_pg.C_chr_70536	-3503.998502	-3514.289441	20.581878	5.71e-06	1	1	9.11e-06	1	N	white	PF02308;
11165	fgenesh1_pg.C_chr_19a_19000108	-2232.620188	-2242.891968	20.54356	5.83e-06	1	1	9.29e-06	1	Y	dark	
9015	fgenesh1_pg.C_chr_12000096	-1809.114291	-1819.378123	20.527664	5.88e-06	1	1	9.36e-06	1	Y	dark	
7256	fgenesh1_pg.C_chr_7000639	-4297.799857	-4308.055057	20.5104	5.93e-06	1	1	9.41e-06	1	N	white	PF24325;
24189	estExt_fgenesh1_pg.C_chr_100212	-1975.000224	-1985.256339	20.51223	5.93e-06	1	1	9.41e-06	1	N	white	PF07716;
13021	gw1.4.85.1	-2143.533915	-2153.788064	20.508298	5.94e-06	1	1	9.41e-06	1	N	white	PF19326;
5168	fgenesh1_pg.C_chr_5000210	-2020.785949	-2031.038753	20.505608	5.95e-06	1	1	9.41e-06	1	Y	dark	
24153	estExt_fgenesh1_pg.C_chr_100137	-1559.871777	-1570.122442	20.50133	5.96e-06	1	1	9.42e-06	1	Y	dark	
263509	thaps1_ua_kg.chr_9000037	-3078.603542	-3088.836157	20.46523	6.07e-06	1	1	9.58e-06	1	N	white	PF01119;PF13589;PF16413;
6224	fgenesh1_pg.C_chr_6000379	-984.376414	-994.585718	20.418608	6.22e-06	1	1	9.8e-06	1	Y	dark	
25908	estExt_fgenesh1_pg.C_chr_240057	-1126.763843	-1136.968824	20.409962	6.25e-06	1	1	9.83e-06	1	Y	dark	
6630	fgenesh1_pg.C_chr_7000013	-4220.787413	-4230.987055	20.399284	6.29e-06	1	1	9.88e-06	1	N	dark	
21303	estExt_fgenesh1_pg.C_chr_20445	-1813.545313	-1823.727016	20.363406	6.4e-06	1	1	1e-05	1	N	white	PF01636;
8748	fgenesh1_pg.C_chr_11a000134	-7014.471238	-7024.626766	20.311056	6.58e-06	1	1	1.03e-05	1	N	dark	
7818	fgenesh1_pg.C_chr_8000479	-3589.691246	-3599.830587	20.278682	6.69e-06	1	1	1.05e-05	1	N	dark	
23039	estExt_fgenesh1_pg.C_chr_60199	-2453.611656	-2463.751696	20.28008	6.69e-06	1	1	1.05e-05	1	N	dark	
5851	fgenesh1_pg.C_chr_6000006	-1819.672098	-1829.803418	20.26264	6.75e-06	1	1	1.05e-05	1	N	white	PF01344;
22027	estExt_fgenesh1_pg.C_chr_30924	-1890.189618	-1900.301893	20.22455	6.89e-06	1	1	1.07e-05	1	Y	dark	
24124	estExt_fgenesh1_pg.C_chr_100075	-1719.819833	-1729.92586	20.212054	6.93e-06	1	1	1.08e-05	1	N	dark	
23264	estExt_fgenesh1_pg.C_chr_60630	-2255.00083	-2265.104516	20.207372	6.95e-06	1	1	1.08e-05	1	Y	dark	
9374	fgenesh1_pg.C_chr_13000094	-2680.824844	-2690.898361	20.147034	7.17e-06	1	1	1.11e-05	1	Y	dark	
20800	estExt_fgenesh1_pg.C_chr_10501	-3063.173055	-3073.239181	20.132252	7.23e-06	1	1	1.12e-05	1	N	white	PF03159;
11228	fgenesh1_pg.C_chr_19a_19000171	-1765.426493	-1775.479941	20.106896	7.32e-06	1	1	1.13e-05	1	N	white	PF00696;
3167	fgenesh1_pg.C_chr_3000101	-2490.048462	-2500.088591	20.080258	7.43e-06	1	1	1.15e-05	1	N	dark	
5706	fgenesh1_pg.C_chr_5000748	-3868.93105	-3878.969178	20.076256	7.44e-06	1	1	1.15e-05	1	N	white	PF00090;
2004	fgenesh1_pg.C_chr_1001138	-2075.256015	-2085.288678	20.065326	7.48e-06	1	1	1.15e-05	1	Y	dark	
10271	fgenesh1_pg.C_chr_15000261	-2345.20204	-2355.217653	20.031226	7.62e-06	1	1	1.17e-05	1	N	dark	
24939	estExt_fgenesh1_pg.C_chr_140331	-5363.093134	-5373.088136	19.990004	7.78e-06	1	1	1.2e-05	1	N	white	PF07885;
3867	fgenesh1_pg.C_chr_3000801	-1925.522393	-1935.514245	19.983704	7.81e-06	1	1	1.2e-05	1	Y	dark	
22253	estExt_fgenesh1_pg.C_chr_40391	-3911.531002	-3921.517483	19.972962	7.85e-06	1	1	1.2e-05	1	N	white	PF00397;
7451	fgenesh1_pg.C_chr_8000112	-997.765438	-1007.748905	19.966934	7.88e-06	1	1	1.21e-05	1	N	white	PF13426;
24981	estExt_fgenesh1_pg.C_chr_150103	-2421.110486	-2431.07697	19.932968	8.02e-06	1	1	1.23e-05	1	N	dark	
24013	estExt_fgenesh1_pg.C_chr_90250	-2993.75521	-3003.712794	19.915168	8.1e-06	1	1	1.24e-05	1	Y	dark	
25397	estExt_fgenesh1_pg.C_chr_180213	-6964.41895	-6974.376486	19.915072	8.1e-06	1	1	1.24e-05	1	N	white	PF01408;PF22725;
1283	fgenesh1_pg.C_chr_1000417	-2012.413422	-2022.360274	19.893704	8.19e-06	1	1	1.25e-05	1	N	white	PF01702;
22328	estExt_fgenesh1_pg.C_chr_40541	-2136.847234	-2146.79431	19.894152	8.19e-06	1	1	1.25e-05	1	N	white	PF03567;
24490	estExt_fgenesh1_pg.C_chr_120174	-1894.034944	-1903.973998	19.878108	8.25e-06	1	1	1.25e-05	1	N	dark	
41216	estExt_gwp_gw1.C_chr_60597	-1376.394555	-1386.332912	19.876714	8.26e-06	1	1	1.25e-05	1	N	white	PF01012;PF00766;
3073	fgenesh1_pg.C_chr_3000007	-1547.48714	-1557.412481	19.850682	8.37e-06	1	1	1.27e-05	1	N	white	PF03364;
5553	fgenesh1_pg.C_chr_5000595	-2403.950057	-2413.856068	19.812022	8.54e-06	1	1	1.29e-05	1	N	white	PF03457;
12859	gw1.4.65.1	-2567.92676	-2577.832952	19.812384	8.54e-06	1	1	1.29e-05	1	N	white	PF00773;
22481	estExt_fgenesh1_pg.C_chr_40843	-3118.803089	-3128.70385	19.801522	8.59e-06	1	1	1.29e-05	1	Y	dark	
24738	estExt_fgenesh1_pg.C_chr_130358	-1856.609932	-1866.511245	19.802626	8.59e-06	1	1	1.29e-05	1	N	dark	
24334	estExt_fgenesh1_pg.C_chr_11a0135	-3528.936497	-3538.829645	19.786296	8.66e-06	1	1	1.3e-05	1	N	white	PF03124;
22778	estExt_fgenesh1_pg.C_chr_50538	-2919.506682	-2929.389819	19.766274	8.75e-06	1	1	1.32e-05	1	Y	dark	
21713	estExt_fgenesh1_pg.C_chr_30294	-2222.299973	-2232.155719	19.711492	9.01e-06	1	1	1.35e-05	1	N	white	PF01494;
11933	fgenesh1_pg.C_chr_22000278	-2077.458685	-2087.311881	19.706392	9.03e-06	1	1	1.35e-05	1	Y	dark	
23217	estExt_fgenesh1_pg.C_chr_60540	-4435.518407	-4445.3681	19.699386	9.06e-06	1	1	1.36e-05	1	N	white	PF14724;
3876	fgenesh1_pg.C_chr_3000810	-3060.855956	-3070.703543	19.695174	9.08e-06	1	1	1.36e-05	1	N	white	PF13815;
4017	fgenesh1_pg.C_chr_3000951	-857.789978	-867.636676	19.693396	9.09e-06	1	1	1.36e-05	1	Y	dark	
4312	fgenesh1_pg.C_chr_4000262	-1213.305683	-1223.144812	19.678258	9.16e-06	1	1	1.37e-05	1	Y	dark	
264837	thaps1_ua_kg.chr_22000090	-1259.278713	-1269.090238	19.62305	9.43e-06	1	1	1.4e-05	1	N	white	PF04488;
6764	fgenesh1_pg.C_chr_7000147	-2154.952252	-2164.763282	19.62206	9.44e-06	1	1	1.4e-05	1	Y	dark	
20590	estExt_fgenesh1_pg.C_chr_10073	-4015.18445	-4024.993585	19.61827	9.46e-06	1	1	1.41e-05	1	N	white	PF00612;
3438	fgenesh1_pg.C_chr_3000372	-1088.591704	-1098.386091	19.588774	9.6e-06	1	1	1.42e-05	1	N	dark	
21211	estExt_fgenesh1_pg.C_chr_20245	-2650.997775	-2660.790962	19.586374	9.62e-06	1	1	1.43e-05	1	N	white	PF10250;
36204	e_gw1.9.16.1	-2433.257931	-2443.048564	19.581266	9.64e-06	1	1	1.43e-05	1	N	white	PF00664;PF00005;
1569	fgenesh1_pg.C_chr_1000703	-2500.476382	-2510.251378	19.549992	9.8e-06	1	1	1.45e-05	1	N	white	PF01457;
3882	fgenesh1_pg.C_chr_3000816	-1976.370575	-1986.120907	19.500664	1.01e-05	1	1	1.49e-05	1	Y	dark	
5921	fgenesh1_pg.C_chr_6000076	-1816.799729	-1826.536242	19.473026	1.02e-05	1	1	1.5e-05	1	N	dark	
22046	estExt_fgenesh1_pg.C_chr_30950	-1590.183221	-1599.91669	19.466938	1.02e-05	1	1	1.5e-05	1	N	white	PF04502;
4456	fgenesh1_pg.C_chr_4000406	-2257.240802	-2266.969054	19.456504	1.03e-05	1	1	1.51e-05	1	N	white	PF12697;
10363	fgenesh1_pg.C_chr_16a000044	-1967.443837	-1977.167307	19.44694	1.03e-05	1	1	1.51e-05	1	N	white	PF00856;
7530	fgenesh1_pg.C_chr_8000191	-6048.400475	-6058.108978	19.417006	1.05e-05	1	1	1.54e-05	1	N	white	PF13191;
21283	estExt_fgenesh1_pg.C_chr_20399	-3384.964545	-3394.654166	19.379242	1.07e-05	1	1	1.57e-05	1	N	dark	
8002	fgenesh1_pg.C_chr_9000170	-1392.438389	-1402.075159	19.27354	1.13e-05	1	1	1.65e-05	1	N	white	PF07534;
21603	estExt_fgenesh1_pg.C_chr_30049	-3209.280176	-3218.923219	19.286086	1.13e-05	1	1	1.65e-05	1	Y	dark	
3653	fgenesh1_pg.C_chr_3000587	-3363.048612	-3372.683103	19.268982	1.14e-05	1	1	1.66e-05	1	Y	dark	
25483	estExt_fgenesh1_pg.C_chr_19a_190142	-1226.008667	-1235.599173	19.181012	1.19e-05	1	1	1.73e-05	1	Y	dark	
1082	fgenesh1_pg.C_chr_1000216	-1473.514627	-1483.100109	19.170964	1.2e-05	1	1	1.74e-05	1	N	white	PF06454;
22482	estExt_fgenesh1_pg.C_chr_40845	-5191.687698	-5201.271309	19.167222	1.2e-05	1	1	1.74e-05	1	N	dark	
22670	estExt_fgenesh1_pg.C_chr_50320	-1202.409719	-1211.991058	19.162678	1.2e-05	1	1	1.74e-05	1	N	white	PF11267;
4696	fgenesh1_pg.C_chr_4000646	-987.618943	-997.186046	19.134206	1.22e-05	1	1	1.77e-05	1	N	dark	
4708	fgenesh1_pg.C_chr_4000658	-2419.048741	-2428.608485	19.119488	1.23e-05	1	1	1.78e-05	1	N	dark	
22018	estExt_fgenesh1_pg.C_chr_30901	-2549.056236	-2558.60949	19.106508	1.24e-05	1	1	1.79e-05	1	N	white	PF00447;
25707	estExt_fgenesh1_pg.C_chr_220093	-5031.437031	-5040.977413	19.080764	1.25e-05	1	1	1.81e-05	1	N	white	PF13640;
21955	estExt_fgenesh1_pg.C_chr_30768	-2515.259318	-2524.780576	19.042516	1.28e-05	1	1	1.84e-05	1	N	dark	
38632	e_gw1.22.81.1	-935.905364	-945.422382	19.034036	1.28e-05	1	1	1.84e-05	1	N	white	PF20434;
23827	estExt_fgenesh1_pg.C_chr_80379	-2049.828649	-2059.342661	19.028024	1.29e-05	1	1	1.86e-05	1	N	white	PF14736;
2698	fgenesh1_pg.C_chr_2000653	-1933.11704	-1942.61985	19.00562	1.3e-05	1	1	1.87e-05	1	N	dark	
2310	fgenesh1_pg.C_chr_2000265	-2305.344622	-2314.831744	18.974244	1.32e-05	1	1	1.89e-05	1	N	dark	
268064	estExt_thaps1_ua_kg.C_chr_10275	-1969.957941	-1979.44169	18.967498	1.33e-05	1	1	1.91e-05	1	N	white	PF00447;
3011	fgenesh1_pg.C_chr_2000966	-2548.678181	-2558.125598	18.894834	1.38e-05	1	1	1.98e-05	1	N	dark	
3103	fgenesh1_pg.C_chr_3000037	-1170.048873	-1179.485251	18.872756	1.4e-05	1	1	1.99e-05	1	Y	dark	
5101	fgenesh1_pg.C_chr_5000143	-1457.863326	-1467.297506	18.86836	1.4e-05	1	1	1.99e-05	1	N	white	PF01209;
6004	fgenesh1_pg.C_chr_6000159	-6763.076781	-6772.510979	18.868396	1.4e-05	1	1	1.99e-05	1	N	dark	
7337	fgenesh1_pg.C_chr_7000720	-666.681652	-676.116337	18.86937	1.4e-05	1	1	1.99e-05	1	Y	dark	
23359	estExt_fgenesh1_pg.C_chr_70099	-2873.292426	-2882.714596	18.84434	1.42e-05	1	1	2.02e-05	1	Y	dark	
21371	estExt_fgenesh1_pg.C_chr_20606	-3807.165211	-3816.57814	18.825858	1.43e-05	1	1	2.03e-05	1	N	white	PF01549;PF01564;
25228	estExt_fgenesh1_pg.C_chr_170059	-1429.252047	-1438.657544	18.810994	1.44e-05	1	1	2.04e-05	1	Y	dark	
8533	fgenesh1_pg.C_chr_10000303	-872.922796	-882.323349	18.801106	1.45e-05	1	1	2.06e-05	1	N	white	PF20133;
8106	fgenesh1_pg.C_chr_9000274	-2255.869035	-2265.243237	18.748404	1.49e-05	1	1	2.11e-05	1	Y	dark	
23369	estExt_fgenesh1_pg.C_chr_70123	-3412.019582	-3421.393017	18.74687	1.49e-05	1	1	2.11e-05	1	N	white	PF13679;
20688	estExt_fgenesh1_pg.C_chr_10279	-1317.039916	-1326.408271	18.73671	1.5e-05	1	1	2.12e-05	1	N	white	PF00808;PF00505;
2893	fgenesh1_pg.C_chr_2000848	-1181.749503	-1191.109822	18.720638	1.51e-05	1	0	2.13e-05	1	N	white	PF25805;
957	fgenesh1_pg.C_chr_1000091	-1844.334916	-1853.682379	18.694926	1.53e-05	1	0	2.16e-05	1	N	white	PF01612;
5266	fgenesh1_pg.C_chr_5000308	-1181.4817	-1190.79426	18.62512	1.59e-05	1	0	2.23e-05	1	N	dark	
24457	estExt_fgenesh1_pg.C_chr_120115	-1215.310654	-1224.621641	18.621974	1.59e-05	1	0	2.23e-05	1	N	dark	
24955	estExt_fgenesh1_pg.C_chr_150016	-5168.500105	-5177.814009	18.627808	1.59e-05	1	0	2.23e-05	1	N	dark	
4323	fgenesh1_pg.C_chr_4000273	-1179.601813	-1188.900709	18.597792	1.61e-05	1	0	2.26e-05	1	N	white	PF13638;
3196	fgenesh1_pg.C_chr_3000130	-1812.141105	-1821.387754	18.493298	1.71e-05	1	0	2.39e-05	1	N	white	PF00892;
21585	estExt_fgenesh1_pg.C_chr_30011	-2857.930478	-2867.17375	18.486544	1.71e-05	1	0	2.39e-05	1	N	white	PF02535;
11101	fgenesh1_pg.C_chr_19a_19000044	-2233.691531	-2242.927459	18.471856	1.72e-05	1	0	2.4e-05	1	N	white	PF01925;
9440	fgenesh1_pg.C_chr_13000160	-2158.858407	-2168.07556	18.434306	1.76e-05	1	0	2.45e-05	1	N	dark	
2353	fgenesh1_pg.C_chr_2000308	-794.88833	-804.093271	18.409882	1.78e-05	1	0	2.47e-05	1	N	dark	
7878	fgenesh1_pg.C_chr_9000046	-1489.665756	-1498.870641	18.40977	1.78e-05	1	0	2.47e-05	1	N	dark	
20985	estExt_fgenesh1_pg.C_chr_10899	-4012.612588	-4021.819536	18.413896	1.78e-05	1	0	2.47e-05	1	N	white	PF03914;
16952	gw1.2.464.1	-788.30718	-797.501838	18.389316	1.8e-05	1	0	2.5e-05	1	N	white	PF09423;
6253	fgenesh1_pg.C_chr_6000408	-1762.454301	-1771.642073	18.375544	1.81e-05	1	0	2.5e-05	1	N	dark	
22246	estExt_fgenesh1_pg.C_chr_40377	-975.252288	-984.444107	18.383638	1.81e-05	1	0	2.5e-05	1	N	dark	
263562	thaps1_ua_kg.chr_9000090	-1659.366914	-1668.558223	18.382618	1.81e-05	1	0	2.5e-05	1	N	white	PF13410;PF00685;
269559	estExt_thaps1_ua_kg.C_chr_11a0023	-840.282954	-849.470861	18.375814	1.81e-05	1	0	2.5e-05	1	N	white	PF08524;
12189	fgenesh1_pg.C_chr_24000065	-1826.60029	-1835.782875	18.36517	1.82e-05	1	0	2.51e-05	1	N	dark	
6823	fgenesh1_pg.C_chr_7000206	-2738.746342	-2747.923537	18.35439	1.83e-05	1	0	2.52e-05	1	N	white	PF04124;
11315	fgenesh1_pg.C_chr_19c_29000001	-3109.913338	-3119.080625	18.334574	1.85e-05	1	0	2.55e-05	1	N	white	PF05686;
32882	e_gw1.3.258.1	-1595.383376	-1604.547363	18.327974	1.86e-05	1	0	2.56e-05	1	N	white	PF13378;PF02746;
12079	fgenesh1_pg.C_chr_23000107	-3785.348396	-3794.46328	18.229768	1.96e-05	1	0	2.69e-05	1	N	dark	
23546	estExt_fgenesh1_pg.C_chr_70531	-2567.350534	-2576.456706	18.212344	1.98e-05	1	0	2.72e-05	1	N	dark	
22505	estExt_fgenesh1_pg.C_chr_40895	-4756.023246	-4765.108417	18.170342	2.02e-05	1	0	2.77e-05	1	N	white	PF17210;
9649	fgenesh1_pg.C_chr_13000369	-8518.779265	-8527.860638	18.162746	2.03e-05	1	0	2.78e-05	1	N	dark	
6784	fgenesh1_pg.C_chr_7000167	-1007.327642	-1016.3826	18.109916	2.09e-05	1	0	2.85e-05	1	N	dark	
23615	estExt_fgenesh1_pg.C_chr_70650	-1741.177738	-1750.232253	18.10903	2.09e-05	1	0	2.85e-05	1	N	dark	
21176	estExt_fgenesh1_pg.C_chr_20183	-3012.364085	-3021.404357	18.080544	2.12e-05	1	0	2.89e-05	1	N	white	PF19834;PF00743;
22663	estExt_fgenesh1_pg.C_chr_50305	-3934.515301	-3943.528249	18.025896	2.18e-05	1	0	2.97e-05	1	N	white	PF14543;
23948	estExt_fgenesh1_pg.C_chr_90116	-3238.866057	-3247.857613	17.983112	2.23e-05	1	0	3.03e-05	1	N	dark	
10405	fgenesh1_pg.C_chr_16a000086	-1954.75793	-1963.74208	17.9683	2.25e-05	1	0	3.06e-05	1	N	dark	
3328	fgenesh1_pg.C_chr_3000262	-1757.203948	-1766.17662	17.945344	2.27e-05	1	0	3.08e-05	1	N	dark	
5502	fgenesh1_pg.C_chr_5000544	-1046.652744	-1055.600388	17.895288	2.33e-05	1	0	3.16e-05	1	N	dark	
4632	fgenesh1_pg.C_chr_4000582	-4286.092641	-4295.036575	17.887868	2.34e-05	1	0	3.17e-05	1	N	dark	
3660	fgenesh1_pg.C_chr_3000594	-4485.001042	-4493.94316	17.884236	2.35e-05	1	0	3.18e-05	1	N	white	PF25669;
8507	fgenesh1_pg.C_chr_10000277	-3197.364848	-3206.274186	17.818676	2.43e-05	1	0	3.28e-05	1	N	white	PF00076;
1765	fgenesh1_pg.C_chr_1000899	-2536.56885	-2545.466583	17.795466	2.46e-05	1	0	3.32e-05	1	N	white	PF13606;
38780	e_gw1.23.100.1	-656.170463	-665.060279	17.779632	2.48e-05	1	0	3.34e-05	1	N	white	PF00102;
31822	e_gw1.2.189.1	-1338.325848	-1347.208448	17.7652	2.5e-05	1	0	3.36e-05	1	N	white	PF00400;
1900	fgenesh1_pg.C_chr_1001034	-3220.549094	-3229.422757	17.747326	2.52e-05	1	0	3.39e-05	1	N	dark	
269449	estExt_thaps1_ua_kg.C_chr_90103	-1734.777275	-1743.64808	17.74161	2.53e-05	1	0	3.4e-05	1	N	white	PF16016;
7742	fgenesh1_pg.C_chr_8000403	-1772.313355	-1781.168164	17.709618	2.57e-05	1	0	3.45e-05	1	N	white	PF08433;
3359	fgenesh1_pg.C_chr_3000293	-1077.684962	-1086.532031	17.694138	2.59e-05	1	0	3.47e-05	1	N	dark	
25496	estExt_fgenesh1_pg.C_chr_19a_190187	-5601.143537	-5609.987436	17.687798	2.6e-05	1	0	3.48e-05	1	N	dark	
2012	fgenesh1_pg.C_chr_1001146	-1537.049003	-1545.878503	17.659	2.64e-05	1	0	3.52e-05	1	N	dark	
2392	fgenesh1_pg.C_chr_2000347	-1538.864565	-1547.695192	17.661254	2.64e-05	1	0	3.52e-05	1	N	dark	
25430	estExt_fgenesh1_pg.C_chr_180273	-3785.189891	-3794.008931	17.63808	2.67e-05	1	0	3.56e-05	1	N	dark	
6491	fgenesh1_pg.C_chr_6000646	-1099.827987	-1108.643465	17.630956	2.68e-05	1	0	3.57e-05	1	N	dark	
1842	fgenesh1_pg.C_chr_1000976	-1110.297225	-1119.109034	17.623618	2.69e-05	1	0	3.58e-05	1	N	white	PF00856;
4264	fgenesh1_pg.C_chr_4000214	-1180.532189	-1189.333951	17.603524	2.72e-05	1	0	3.61e-05	1	N	dark	
269273	estExt_thaps1_ua_kg.C_chr_70191	-1784.914978	-1793.706852	17.583748	2.75e-05	1	0	3.65e-05	1	N	dark	
9018	fgenesh1_pg.C_chr_12000099	-3619.51907	-3628.308123	17.578106	2.76e-05	1	0	3.66e-05	1	N	white	PF00628;PF05183;
3934	fgenesh1_pg.C_chr_3000868	-7149.421594	-7158.200403	17.557618	2.79e-05	1	0	3.69e-05	1	N	white	PF22956;PF00400;
261023	thaps1_ua_kg.chr_1000283	-595.792268	-604.563477	17.542418	2.81e-05	1	0	3.72e-05	1	N	white	PF23598;
9318	fgenesh1_pg.C_chr_13000038	-1941.11261	-1949.876941	17.528662	2.83e-05	1	0	3.74e-05	1	N	white	PF00889;
22244	estExt_fgenesh1_pg.C_chr_40374	-3024.309632	-3033.067393	17.515522	2.85e-05	1	0	3.76e-05	1	N	dark	
2023	fgenesh1_pg.C_chr_1001157	-1933.782723	-1942.519809	17.474172	2.91e-05	1	0	3.83e-05	1	N	white	PF03457;
21081	estExt_fgenesh1_pg.C_chr_11130	-2114.336658	-2123.073316	17.473316	2.91e-05	1	0	3.83e-05	1	N	white	PF25193;PF25195;
25875	estExt_fgenesh1_pg.C_chr_230138	-1334.183171	-1342.919806	17.47327	2.91e-05	1	0	3.83e-05	1	N	white	PF00085;
21710	estExt_fgenesh1_pg.C_chr_30289	-1651.828304	-1660.56406	17.471512	2.92e-05	1	0	3.83e-05	1	N	white	PF12796;PF10032;
1551	fgenesh1_pg.C_chr_1000685	-3488.982881	-3497.689519	17.413276	3.01e-05	1	0	3.94e-05	1	N	dark	
22965	estExt_fgenesh1_pg.C_chr_60058	-2274.168587	-2282.875398	17.413622	3.01e-05	1	0	3.94e-05	1	N	white	PF00270;PF00271;
24216	estExt_fgenesh1_pg.C_chr_100260	-11559.11013	-11567.81741	17.414558	3.01e-05	1	0	3.94e-05	1	N	dark	
11433	fgenesh1_pg.C_chr_20000029	-2032.579883	-2041.270623	17.38148	3.06e-05	1	0	3.99e-05	1	N	white	PF00069;
21387	estExt_fgenesh1_pg.C_chr_20634	-2326.331754	-2335.021495	17.379482	3.06e-05	1	0	3.99e-05	1	N	white	PF01435;
1111	fgenesh1_pg.C_chr_1000245	-1154.339024	-1163.011123	17.344198	3.12e-05	1	0	4.07e-05	1	N	dark	
2705	fgenesh1_pg.C_chr_2000660	-2902.116703	-2910.777303	17.3212	3.16e-05	1	0	4.12e-05	1	N	white	PF04241;
2436	fgenesh1_pg.C_chr_2000391	-1317.016037	-1325.665314	17.298554	3.19e-05	1	0	4.15e-05	1	N	white	PF02517;
6075	fgenesh1_pg.C_chr_6000230	-2209.213363	-2217.841517	17.256308	3.27e-05	1	0	4.25e-05	1	N	dark	
4070	fgenesh1_pg.C_chr_4000020	-1134.773007	-1143.396206	17.246398	3.28e-05	1	0	4.26e-05	1	N	white	PF00857;
268689	estExt_thaps1_ua_kg.C_chr_40176	-3714.309141	-3722.912136	17.20599	3.35e-05	1	0	4.34e-05	1	N	white	PF00076;
1063	fgenesh1_pg.C_chr_1000197	-1829.137266	-1837.732533	17.190534	3.38e-05	1	0	4.38e-05	1	N	dark	
4612	fgenesh1_pg.C_chr_4000562	-1973.57864	-1982.171974	17.186668	3.39e-05	1	0	4.39e-05	1	N	white	PF00415;PF25390;
21433	estExt_fgenesh1_pg.C_chr_20704	-2926.106297	-2934.694297	17.176	3.41e-05	1	0	4.41e-05	1	N	dark	
11926	fgenesh1_pg.C_chr_22000271	-1733.902802	-1742.465032	17.12446	3.5e-05	1	0	4.51e-05	1	N	white	PF04749;
24198	estExt_fgenesh1_pg.C_chr_100230	-1484.78054	-1493.343099	17.125118	3.5e-05	1	0	4.51e-05	1	N	white	PF20710;
263431	thaps1_ua_kg.chr_8000107	-4244.699091	-4253.261024	17.123866	3.5e-05	1	0	4.51e-05	1	N	white	PF00675;PF05193;PF16187;PF22456;
22166	estExt_fgenesh1_pg.C_chr_40210	-1219.158146	-1227.709279	17.102266	3.54e-05	1	0	4.55e-05	1	N	dark	
7216	fgenesh1_pg.C_chr_7000599	-1832.920432	-1841.46732	17.093776	3.56e-05	1	0	4.57e-05	1	N	white	PF14885;
21677	estExt_fgenesh1_pg.C_chr_30217	-1711.494211	-1720.040433	17.092444	3.56e-05	1	0	4.57e-05	1	N	dark	
23597	estExt_fgenesh1_pg.C_chr_70616	-494.075982	-502.602078	17.052192	3.64e-05	1	0	4.67e-05	1	N	dark	
10619	fgenesh1_pg.C_chr_17000082	-2356.883519	-2365.373634	16.98023	3.78e-05	1	0	4.83e-05	1	N	dark	
21695	estExt_fgenesh1_pg.C_chr_30259	-2575.541555	-2584.032138	16.981166	3.78e-05	1	0	4.83e-05	1	N	dark	
23847	estExt_fgenesh1_pg.C_chr_80410	-2129.972462	-2138.462468	16.980012	3.78e-05	1	0	4.83e-05	1	N	white	PF01963;
1137	fgenesh1_pg.C_chr_1000271	-1642.89032	-1651.373601	16.966562	3.8e-05	1	0	4.85e-05	1	N	dark	
24556	estExt_fgenesh1_pg.C_chr_120307	-1939.709815	-1948.172086	16.924542	3.89e-05	1	0	4.96e-05	1	N	white	PF00514;
3790	fgenesh1_pg.C_chr_3000724	-1447.667307	-1456.121657	16.9087	3.92e-05	1	0	4.99e-05	1	N	white	PF00153;
9297	fgenesh1_pg.C_chr_13000017	-1952.132371	-1960.557272	16.849802	4.05e-05	1	0	5.15e-05	1	N	white	PF00134;
23735	estExt_fgenesh1_pg.C_chr_80189	-2370.809282	-2379.231387	16.84421	4.06e-05	1	0	5.16e-05	1	N	dark	
6252	fgenesh1_pg.C_chr_6000407	-1059.680827	-1068.100825	16.839996	4.07e-05	1	0	5.17e-05	1	N	dark	
22877	estExt_fgenesh1_pg.C_chr_50749	-1053.063965	-1061.470652	16.813374	4.12e-05	1	0	5.22e-05	1	N	white	PF02308;
24855	estExt_fgenesh1_pg.C_chr_140187	-2697.532915	-2705.93859	16.81135	4.13e-05	1	0	5.23e-05	1	N	dark	
268144	estExt_thaps1_ua_kg.C_chr_10425	-607.660675	-616.063344	16.805338	4.14e-05	1	0	5.24e-05	1	N	white	PF02338;
22141	estExt_fgenesh1_pg.C_chr_40169	-5029.083544	-5037.480904	16.79472	4.16e-05	1	0	5.26e-05	1	N	dark	
7056	fgenesh1_pg.C_chr_7000439	-2272.847825	-2281.237962	16.780274	4.2e-05	1	0	5.3e-05	1	N	white	PF00149;
6370	fgenesh1_pg.C_chr_6000525	-1458.84518	-1467.229475	16.76859	4.22e-05	1	0	5.32e-05	1	N	white	PF00588;
33000	e_gw1.3.102.1	-2624.289051	-2632.666945	16.755788	4.25e-05	1	0	5.35e-05	1	N	white	PF01268;
23070	estExt_fgenesh1_pg.C_chr_60253	-1572.661179	-1581.005925	16.689492	4.4e-05	1	0	5.54e-05	1	N	white	PF13640;
8667	fgenesh1_pg.C_chr_11a000053	-1628.975377	-1637.307991	16.665228	4.46e-05	1	0	5.6e-05	1	N	dark	
7406	fgenesh1_pg.C_chr_8000067	-892.823098	-901.149273	16.65235	4.49e-05	1	0	5.64e-05	1	N	white	PF08538;
25142	estExt_fgenesh1_pg.C_chr_16a0108	-4642.464581	-4650.762435	16.595708	4.63e-05	1	0	5.81e-05	1	N	white	PF04433;
4940	fgenesh1_pg.C_chr_4000890	-2227.733865	-2236.029057	16.590384	4.64e-05	1	0	5.81e-05	1	N	white	PF01715;
25550	estExt_fgenesh1_pg.C_chr_19c_290053	-3883.717081	-3891.975795	16.517428	4.82e-05	1	0	6.03e-05	1	N	dark	
9594	fgenesh1_pg.C_chr_13000314	-2735.572011	-2743.791214	16.438406	5.03e-05	1	0	6.29e-05	1	N	dark	
22003	estExt_fgenesh1_pg.C_chr_30871	-3568.526358	-3576.74125	16.429784	5.05e-05	1	0	6.3e-05	1	N	white	PF00066;
20884	estExt_fgenesh1_pg.C_chr_10682	-5554.974239	-5563.178942	16.409406	5.1e-05	1	0	6.36e-05	1	N	dark	
22223	estExt_fgenesh1_pg.C_chr_40340	-1703.215497	-1711.402418	16.373842	5.2e-05	1	0	6.48e-05	1	N	white	PF03348;
10016	fgenesh1_pg.C_chr_15000006	-1299.719516	-1307.889946	16.34086	5.29e-05	1	0	6.58e-05	1	N	white	PF00134;
7840	fgenesh1_pg.C_chr_9000008	-6193.129612	-6201.294606	16.329988	5.32e-05	1	0	6.61e-05	1	N	white	PF04403;
3320	fgenesh1_pg.C_chr_3000254	-1874.194035	-1882.356329	16.324588	5.34e-05	1	0	6.63e-05	1	N	dark	
22283	estExt_fgenesh1_pg.C_chr_40447	-1198.26831	-1206.427381	16.318142	5.35e-05	1	0	6.64e-05	1	N	white	PF07978;
4263	fgenesh1_pg.C_chr_4000213	-1681.001957	-1689.123992	16.24407	5.57e-05	1	0	6.9e-05	1	N	dark	
4147	fgenesh1_pg.C_chr_4000097	-5064.886306	-5072.9964	16.220188	5.64e-05	1	0	6.98e-05	1	N	dark	
4249	fgenesh1_pg.C_chr_4000199	-1550.808928	-1558.906822	16.195788	5.71e-05	1	0	7.05e-05	1	N	dark	
6638	fgenesh1_pg.C_chr_7000021	-1951.559602	-1959.658123	16.197042	5.71e-05	1	0	7.05e-05	1	N	white	PF13637;
2320	fgenesh1_pg.C_chr_2000275	-678.69213	-686.788162	16.192064	5.72e-05	1	0	7.06e-05	1	N	dark	
9189	fgenesh1_pg.C_chr_12000270	-1725.144181	-1733.238346	16.18833	5.73e-05	1	0	7.06e-05	1	N	dark	
9700	fgenesh1_pg.C_chr_14000045	-1219.183988	-1227.275467	16.182958	5.75e-05	1	0	7.08e-05	1	N	dark	
25052	estExt_fgenesh1_pg.C_chr_150240	-6036.552632	-6044.64266	16.180056	5.76e-05	1	0	7.08e-05	1	N	dark	
1506	fgenesh1_pg.C_chr_1000640	-939.469951	-947.555134	16.170366	5.79e-05	1	0	7.1e-05	1	N	dark	
3751	fgenesh1_pg.C_chr_3000685	-3604.704059	-3612.788309	16.1685	5.79e-05	1	0	7.1e-05	1	N	white	PF12738;
5768	fgenesh1_pg.C_chr_5000810	-2301.534173	-2309.61791	16.167474	5.8e-05	1	0	7.11e-05	1	N	dark	
21865	estExt_fgenesh1_pg.C_chr_30607	-1557.098747	-1565.14874	16.099986	6.01e-05	1	0	7.36e-05	1	N	dark	
23911	estExt_fgenesh1_pg.C_chr_90032	-2334.384391	-2342.422431	16.07608	6.08e-05	1	0	7.44e-05	1	N	white	PF03567;
3520	fgenesh1_pg.C_chr_3000454	-2685.544352	-2693.575917	16.06313	6.13e-05	1	0	7.49e-05	1	N	white	PF03133;
261172	thaps1_ua_kg.chr_1000432	-1402.127365	-1410.148273	16.041816	6.2e-05	1	0	7.57e-05	1	N	white	PF08240;PF00107;
7186	fgenesh1_pg.C_chr_7000569	-2290.314875	-2298.334049	16.038348	6.21e-05	1	0	7.57e-05	1	N	dark	
33985	e_gw1.4.353.1	-1325.74642	-1333.740708	15.988576	6.37e-05	1	0	7.76e-05	1	N	white	PF01416;
3447	fgenesh1_pg.C_chr_3000381	-2563.51437	-2571.504471	15.980202	6.4e-05	1	0	7.78e-05	1	N	white	PF20710;
22573	estExt_fgenesh1_pg.C_chr_50114	-2812.991146	-2820.981393	15.980494	6.4e-05	1	0	7.78e-05	1	N	dark	
21652	estExt_fgenesh1_pg.C_chr_30158	-1203.817767	-1211.798707	15.96188	6.46e-05	1	0	7.84e-05	1	N	dark	
7626	fgenesh1_pg.C_chr_8000287	-2708.600904	-2716.569724	15.93764	6.55e-05	1	0	7.94e-05	1	N	dark	
6127	fgenesh1_pg.C_chr_6000282	-3148.047325	-3155.996507	15.898364	6.68e-05	1	0	8.09e-05	1	N	dark	
1913	fgenesh1_pg.C_chr_1001047	-4789.462457	-4797.409896	15.894878	6.7e-05	1	0	8.11e-05	1	N	white	PF00004;PF00856;
22742	estExt_fgenesh1_pg.C_chr_50485	-2771.100862	-2779.034605	15.867486	6.79e-05	1	0	8.21e-05	1	N	white	PF01663;
1696	fgenesh1_pg.C_chr_1000830	-1370.112314	-1378.041427	15.858226	6.83e-05	1	0	8.25e-05	1	N	white	PF00397;
263344	thaps1_ua_kg.chr_8000020	-1169.610414	-1177.53542	15.850012	6.86e-05	1	0	8.28e-05	1	N	white	PF03328;
6627	fgenesh1_pg.C_chr_7000010	-1881.128162	-1889.0507	15.845076	6.87e-05	1	0	8.28e-05	1	N	dark	
11609	fgenesh1_pg.C_chr_20000205	-2165.91684	-2173.828428	15.823176	6.95e-05	1	0	8.37e-05	1	N	white	PF01184;
22495	estExt_fgenesh1_pg.C_chr_40875	-1924.593471	-1932.496783	15.806624	7.02e-05	1	0	8.44e-05	1	N	white	PF00134;
3448	fgenesh1_pg.C_chr_3000382	-978.048628	-985.94692	15.796584	7.05e-05	1	0	8.47e-05	1	N	white	PF00625;
3850	fgenesh1_pg.C_chr_3000784	-6036.530732	-6044.426155	15.790846	7.07e-05	1	0	8.48e-05	1	N	white	PF20710;PF24437;
24864	estExt_fgenesh1_pg.C_chr_140203	-1011.632513	-1019.517124	15.769222	7.16e-05	1	0	8.58e-05	1	N	white	PF05405;
32486	e_gw1.2.568.1	-758.064584	-765.940879	15.75259	7.22e-05	1	0	8.65e-05	1	N	white	PF03457;
3405	fgenesh1_pg.C_chr_3000339	-942.351221	-950.224199	15.745956	7.24e-05	1	0	8.65e-05	1	N	dark	
5114	fgenesh1_pg.C_chr_5000156	-651.905485	-659.778684	15.746398	7.24e-05	1	0	8.65e-05	1	N	white	PF19648;
7239	fgenesh1_pg.C_chr_7000622	-919.374991	-927.243565	15.737148	7.28e-05	1	0	8.69e-05	1	N	dark	
25386	estExt_fgenesh1_pg.C_chr_180191	-961.039543	-968.904576	15.730066	7.31e-05	1	0	8.72e-05	1	N	dark	
4907	fgenesh1_pg.C_chr_4000857	-1806.297973	-1814.143094	15.690242	7.46e-05	1	0	8.89e-05	1	N	white	PF00294;
22765	estExt_fgenesh1_pg.C_chr_50517	-3251.282245	-3259.116882	15.669274	7.54e-05	1	0	8.97e-05	1	N	dark	
25107	estExt_fgenesh1_pg.C_chr_16a0032	-3231.853723	-3239.684947	15.662448	7.57e-05	1	0	9e-05	1	N	white	PF04564;
4860	fgenesh1_pg.C_chr_4000810	-969.431786	-977.2585	15.653428	7.61e-05	1	0	9.04e-05	1	N	dark	
11112	fgenesh1_pg.C_chr_19a_19000055	-1499.572564	-1507.397671	15.650214	7.62e-05	1	0	9.04e-05	1	N	white	PF10294;
5854	fgenesh1_pg.C_chr_6000009	-1007.435128	-1015.257991	15.645726	7.64e-05	1	0	9.05e-05	1	N	white	PF20173;
6787	fgenesh1_pg.C_chr_7000170	-1527.341271	-1535.135446	15.58835	7.87e-05	1	0	9.32e-05	1	N	white	PF08856;
25435	estExt_fgenesh1_pg.C_chr_180285	-2970.613858	-2978.40067	15.573624	7.94e-05	1	0	9.39e-05	1	N	dark	
12118	fgenesh1_pg.C_chr_23000146	-1019.827068	-1027.610651	15.567166	7.96e-05	1	0	9.39e-05	1	N	dark	
25378	estExt_fgenesh1_pg.C_chr_180164	-2692.816209	-2700.600183	15.567948	7.96e-05	1	0	9.39e-05	1	N	dark	
4978	fgenesh1_pg.C_chr_5000020	-2730.404661	-2738.18467	15.560018	7.99e-05	1	0	9.42e-05	1	N	dark	
5013	fgenesh1_pg.C_chr_5000055	-735.032482	-742.811263	15.557562	8e-05	1	0	9.42e-05	1	N	dark	
11283	fgenesh1_pg.C_chr_19b_31000026	-1766.09809	-1773.862962	15.529744	8.12e-05	1	0	9.55e-05	1	N	white	PF00856;
4677	fgenesh1_pg.C_chr_4000627	-1463.515557	-1471.275195	15.519276	8.17e-05	1	0	9.6e-05	1	N	white	PF00069;
3257	fgenesh1_pg.C_chr_3000191	-3226.136694	-3233.890463	15.507538	8.22e-05	1	0	9.64e-05	1	N	dark	
22811	estExt_fgenesh1_pg.C_chr_50605	-2705.629907	-2713.38284	15.505866	8.22e-05	1	0	9.64e-05	1	N	dark	
6150	fgenesh1_pg.C_chr_6000305	-1869.864604	-1877.60769	15.486172	8.31e-05	1	0	9.74e-05	1	N	dark	
24693	estExt_fgenesh1_pg.C_chr_130262	-2564.332236	-2572.062838	15.461204	8.42e-05	1	0	9.86e-05	1	N	white	PF10509;
268146	estExt_thaps1_ua_kg.C_chr_10434	-1168.432744	-1176.153569	15.44165	8.51e-05	1	0	9.95e-05	1	N	dark	
9168	fgenesh1_pg.C_chr_12000249	-1901.42894	-1909.147422	15.436964	8.53e-05	1	0	9.96e-05	1	N	white	PF00328;
25509	estExt_fgenesh1_pg.C_chr_19b_310023	-2232.538958	-2240.242926	15.407936	8.66e-05	1	0	0.00010105	1	N	dark	
264240	thaps1_ua_kg.chr_14000147	-1746.862923	-1754.563712	15.401578	8.69e-05	1	0	0.000101296	1	N	white	PF13844;
262646	thaps1_ua_kg.chr_5000285	-3988.844383	-3996.531855	15.374944	8.81e-05	1	0	0.000102591	1	N	white	PF13516;
11649	fgenesh1_pg.C_chr_20000245	-886.01189	-893.695935	15.36809	8.85e-05	1	0	0.000102951	1	N	dark	
21449	estExt_fgenesh1_pg.C_chr_20730	-2251.665664	-2259.340554	15.34978	8.93e-05	1	0	0.000103776	1	N	dark	
2574	fgenesh1_pg.C_chr_2000529	-1022.353168	-1030.022678	15.33902	8.98e-05	1	0	0.000104251	1	N	dark	
1727	fgenesh1_pg.C_chr_1000861	-2282.16697	-2289.834191	15.334442	9.01e-05	1	0	0.000104387	1	N	white	PF13692;
11671	fgenesh1_pg.C_chr_22000016	-1239.816955	-1247.483548	15.333186	9.01e-05	1	0	0.000104387	1	N	dark	
22365	estExt_fgenesh1_pg.C_chr_40606	-1065.354495	-1073.017478	15.325966	9.05e-05	1	0	0.000104745	1	N	white	PF00561;
6231	fgenesh1_pg.C_chr_6000386	-1607.074041	-1614.73556	15.323038	9.06e-05	1	0	0.000104754	1	N	dark	
30400	estExt_Genewise1.C_chr_180127	-1303.164445	-1310.823091	15.317292	9.09e-05	1	0	0.000104995	1	N	white	PF03649;
1344	fgenesh1_pg.C_chr_1000478	-2868.252964	-2875.90825	15.310572	9.12e-05	1	0	0.000105235	1	N	white	PF00188;
22277	estExt_fgenesh1_pg.C_chr_40436	-5507.256776	-5514.910837	15.308122	9.13e-05	1	0	0.000105244	1	N	white	PF05183;
9310	fgenesh1_pg.C_chr_13000030	-2824.985205	-2832.632368	15.294326	9.2e-05	1	0	0.000105944	1	N	dark	
2495	fgenesh1_pg.C_chr_2000450	-1003.621915	-1011.263704	15.283578	9.25e-05	1	0	0.000106413	1	N	white	PF12973;
8927	fgenesh1_pg.C_chr_12000008	-2762.161743	-2769.794488	15.26549	9.34e-05	1	0	0.00010734	1	N	dark	
10524	fgenesh1_pg.C_chr_16b000043	-1602.682298	-1610.295264	15.225932	9.54e-05	1	0	0.000109528	1	N	white	PF13383;
25125	estExt_fgenesh1_pg.C_chr_16a0061	-2659.898387	-2667.501417	15.20606	9.64e-05	1	0	0.000110565	1	N	dark	
5104	fgenesh1_pg.C_chr_5000146	-1315.510221	-1323.109071	15.1977	9.68e-05	1	0	0.000110913	1	N	dark	
270121	estExt_thaps1_ua_kg.C_chr_230013	-895.378451	-902.958969	15.161036	9.87e-05	1	0	0.000112976	1	N	white	PF00650;
22889	estExt_fgenesh1_pg.C_chr_50773	-2116.837502	-2124.413516	15.152028	9.92e-05	1	0	0.000113435	1	N	white	PF00505;
268147	estExt_thaps1_ua_kg.C_chr_20001	-1418.669057	-1426.237967	15.13782	9.99e-05	1	0	0.000114121	1	N	white	PF03222;
11320	fgenesh1_pg.C_chr_19c_29000006	-1916.565482	-1924.132815	15.134666	0.0001	1	0	0.000114244	1	N	white	PF01474;
6020	fgenesh1_pg.C_chr_6000175	-2149.574333	-2157.130338	15.11201	0.000101	1	0	0.000115509	1	N	dark	
937	fgenesh1_pg.C_chr_1000071	-1739.142074	-1746.694506	15.104864	0.000102	1	0	0.000115831	1	N	white	PF05050;
8807	fgenesh1_pg.C_chr_11a000193	-1855.442223	-1862.982276	15.080106	0.000103	1	0	0.000117244	1	N	dark	
10156	fgenesh1_pg.C_chr_15000146	-4773.681547	-4781.211136	15.059178	0.000104	1	0	0.000118432	1	N	white	PF07202;
25525	estExt_fgenesh1_pg.C_chr_19c_290004	-4350.373215	-4357.885618	15.024806	0.000106	1	0	0.000120489	1	N	white	PF05686;
9705	fgenesh1_pg.C_chr_14000050	-1575.998532	-1583.502678	15.008292	0.000107	1	0	0.000121307	1	N	white	PF10354;
263428	thaps1_ua_kg.chr_8000104	-1108.443128	-1115.947882	15.009508	0.000107	1	0	0.000121307	1	N	white	PF00400;
8054	fgenesh1_pg.C_chr_9000222	-2029.388386	-2036.886898	14.997024	0.000108	1	0	0.000121913	1	N	dark	
23947	estExt_fgenesh1_pg.C_chr_90115	-5308.23272	-5315.722354	14.979268	0.000109	1	0	0.000122943	1	N	dark	
2128	fgenesh1_pg.C_chr_2000083	-3411.454096	-3418.931505	14.954818	0.00011	1	0	0.000124424	1	N	dark	
4756	fgenesh1_pg.C_chr_4000706	-2608.922559	-2616.388692	14.932266	0.000111	1	0	0.000125778	1	N	dark	
1505	fgenesh1_pg.C_chr_1000639	-1998.131003	-2005.596325	14.930644	0.000112	1	0	0.000125778	1	N	white	PF02225;
3131	fgenesh1_pg.C_chr_3000065	-1878.181432	-1885.642504	14.922144	0.000112	1	0	0.000126098	1	N	white	PF00069;
37727	e_gw1.15.98.1	-833.523626	-840.986095	14.924938	0.000112	1	0	0.000126035	1	N	white	PF00069;
8288	fgenesh1_pg.C_chr_10000058	-2704.248672	-2711.705371	14.913398	0.000113	1	0	0.000126559	1	N	dark	
4193	fgenesh1_pg.C_chr_4000143	-1786.579281	-1794.025128	14.891694	0.000114	1	0	0.000127772	1	N	dark	
9092	fgenesh1_pg.C_chr_12000173	-2469.245632	-2476.692369	14.893474	0.000114	1	0	0.000127772	1	N	dark	
2303	fgenesh1_pg.C_chr_2000258	-1473.636261	-1481.073711	14.8749	0.000115	1	0	0.000128682	1	N	white	PF00650;
5785	fgenesh1_pg.C_chr_5000827	-1203.28549	-1210.722799	14.874618	0.000115	1	0	0.000128682	1	N	dark	
20703	estExt_fgenesh1_pg.C_chr_10311	-1861.373463	-1868.80871	14.870494	0.000115	1	0	0.000128836	1	N	dark	
24796	estExt_fgenesh1_pg.C_chr_140093	-6212.458629	-6219.880101	14.842944	0.000117	1	0	0.000130604	1	N	white	PF23411;
9963	fgenesh1_pg.C_chr_14000308	-5868.961298	-5876.373718	14.82484	0.000118	1	0	0.000131735	1	N	white	PF25390;
22426	estExt_fgenesh1_pg.C_chr_40738	-2538.006814	-2545.41781	14.821992	0.000118	1	0	0.000131806	1	N	dark	
261566	thaps1_ua_kg.chr_2000390	-784.082226	-791.491329	14.818206	0.000118	1	0	0.000131941	1	N	white	PF09736;
799	fgenesh1_pm.C_chr_18000003	-2120.545243	-2127.946903	14.80332	0.000119	1	0	0.000132846	1	N	white	PF00664;PF00005;
10041	fgenesh1_pg.C_chr_15000031	-995.186732	-1002.586637	14.79981	0.00012	1	0	0.000132846	1	N	dark	
11187	fgenesh1_pg.C_chr_19a_19000130	-1857.845586	-1865.245716	14.80026	0.00012	1	0	0.000132846	1	N	white	PF04488;
23982	estExt_fgenesh1_pg.C_chr_90191	-2196.16386	-2203.536633	14.745546	0.000123	1	0	0.000136592	1	N	white	PF00856;
9321	fgenesh1_pg.C_chr_13000041	-739.0512	-746.418016	14.733632	0.000124	1	0	0.000137324	1	N	white	PF01423;
25526	estExt_fgenesh1_pg.C_chr_19c_290007	-3294.616731	-3301.97105	14.708638	0.000125	1	0	0.000139021	1	N	dark	
21305	estExt_fgenesh1_pg.C_chr_20453	-2560.978621	-2568.319125	14.681008	0.000127	1	0	0.000140938	1	N	white	PF00400;
34333	e_gw1.5.167.1	-1810.674533	-1818.013864	14.678662	0.000127	1	0	0.000140976	1	N	white	PF13520;
21709	estExt_fgenesh1_pg.C_chr_30286	-2517.884199	-2525.216778	14.665158	0.000128	1	0	0.000141853	1	N	dark	
5868	fgenesh1_pg.C_chr_6000023	-1482.750744	-1490.076327	14.651166	0.000129	1	0	0.000142634	1	N	dark	
10936	fgenesh1_pg.C_chr_18000179	-495.022189	-502.347783	14.651188	0.000129	1	0	0.000142634	1	N	dark	
1783	fgenesh1_pg.C_chr_1000917	-3749.035959	-3756.357216	14.642514	0.00013	1	0	0.000143152	1	N	white	PF09773;
4271	fgenesh1_pg.C_chr_4000221	-1523.638812	-1530.955139	14.632654	0.000131	1	0	0.000143764	1	N	dark	
20615	estExt_fgenesh1_pg.C_chr_10129	-4143.996924	-4151.303478	14.613108	0.000132	1	0	0.000144983	1	N	white	PF16709;
24211	estExt_fgenesh1_pg.C_chr_100251	-3360.006184	-3367.314018	14.615668	0.000132	1	0	0.000144926	1	N	white	PF00724;PF07992;
1620	fgenesh1_pg.C_chr_1000754	-3039.981051	-3047.231746	14.50139	0.00014	1	0	0.000153692	1	N	dark	
25685	estExt_fgenesh1_pg.C_chr_220024	-3284.245377	-3291.47628	14.461806	0.000143	1	0	0.000156806	1	N	dark	
268817	estExt_thaps1_ua_kg.C_chr_50023	-1402.624443	-1409.834942	14.420998	0.000146	1	0	0.000160086	1	N	white	PF00097;
7638	fgenesh1_pg.C_chr_8000299	-1586.464207	-1593.670163	14.411912	0.000147	1	0	0.000160706	1	N	dark	
11484	fgenesh1_pg.C_chr_20000080	-758.498318	-765.70044	14.404244	0.000147	1	0	0.000161208	1	N	white	PF02214;
5835	fgenesh1_pg.C_chr_5000877	-1136.013	-1143.186324	14.346648	0.000152	1	0	0.000166056	1	N	dark	
24484	estExt_fgenesh1_pg.C_chr_120161	-1890.885652	-1898.05807	14.344836	0.000152	1	0	0.000166058	1	N	dark	
9130	fgenesh1_pg.C_chr_12000211	-1679.656416	-1686.816717	14.320602	0.000154	1	0	0.000168048	1	N	dark	
22272	estExt_fgenesh1_pg.C_chr_40426	-2170.034443	-2177.182999	14.297112	0.000156	1	0	0.000169673	1	N	white	PF19208;
23061	estExt_fgenesh1_pg.C_chr_60234	-3645.530232	-3652.681679	14.302894	0.000156	1	0	0.000169474	1	N	dark	
24647	estExt_fgenesh1_pg.C_chr_130153	-1965.872836	-1973.023217	14.300762	0.000156	1	0	0.000169506	1	N	white	PF00089;
23821	estExt_fgenesh1_pg.C_chr_80367	-1655.951665	-1663.087381	14.271432	0.000158	1	0	0.000171841	1	N	dark	
11453	fgenesh1_pg.C_chr_20000049	-1880.280887	-1887.401245	14.240716	0.000161	1	0	0.000174501	1	N	white	PF03364;
11622	fgenesh1_pg.C_chr_20000218	-2116.804887	-2123.923432	14.23709	0.000161	1	0	0.000174673	1	N	white	PF09587;
35381	e_gw1.7.306.1	-850.098309	-857.213433	14.230248	0.000162	1	0	0.000175143	1	N	white	PF00560;PF13855;
23330	estExt_fgenesh1_pg.C_chr_70002	-4294.318909	-4301.425859	14.2139	0.000163	1	0	0.000176503	1	N	white	PF13582;
261393	thaps1_ua_kg.chr_2000217	-1984.886507	-1991.991825	14.210636	0.000163	1	0	0.000176642	1	N	white	PF00850;
4075	fgenesh1_pg.C_chr_4000025	-1777.772367	-1784.874227	14.20372	0.000164	1	0	0.000177125	1	N	white	PF09011;
7505	fgenesh1_pg.C_chr_8000166	-1319.452914	-1326.549674	14.19352	0.000165	1	0	0.00017792	1	N	dark	
25367	estExt_fgenesh1_pg.C_chr_180143	-1674.205979	-1681.286929	14.1619	0.000168	1	0	0.000180764	1	N	white	PF00226;
22418	estExt_fgenesh1_pg.C_chr_40723	-1601.535968	-1608.602149	14.132362	0.00017	1	0	0.000183452	1	N	dark	
1244	fgenesh1_pg.C_chr_1000378	-1607.764106	-1614.823148	14.118084	0.000172	1	0	0.000184675	1	N	dark	
20431	gw1.17.175.1	-325.905196	-332.957869	14.105346	0.000173	1	0	0.000185755	1	N	white	PF01807;
269820	estExt_thaps1_ua_kg.C_chr_150026	-1295.326982	-1302.374574	14.095184	0.000174	1	0	0.000186586	1	N	white	PF04193;
264532	thaps1_ua_kg.chr_18000054	-840.935308	-847.969042	14.067468	0.000176	1	0	0.000189178	1	N	white	PF02560;PF01381;
3661	fgenesh1_pg.C_chr_3000595	-900.841762	-907.838652	13.99378	0.000183	1	0	0.000196553	1	N	white	PF13669;
33946	e_gw1.4.302.1	-1713.976766	-1720.959246	13.96496	0.000186	1	0	0.000199403	1	N	white	PF07975;PF04056;
23990	estExt_fgenesh1_pg.C_chr_90205	-2756.301294	-2763.273254	13.94392	0.000188	1	0	0.000201458	1	N	dark	
10229	fgenesh1_pg.C_chr_15000219	-1483.533013	-1490.49622	13.926414	0.00019	1	0	0.000203153	1	N	dark	
5584	fgenesh1_pg.C_chr_5000626	-2112.059451	-2119.020246	13.92159	0.000191	1	0	0.000203307	1	N	white	PF13640;
7602	fgenesh1_pg.C_chr_8000263	-3009.437373	-3016.394745	13.914744	0.000191	1	0	0.000203656	1	N	dark	
20675	estExt_fgenesh1_pg.C_chr_10250	-4348.52071	-4355.480573	13.919726	0.000191	1	0	0.000203307	1	N	white	PF00400;PF17120;
33973	e_gw1.4.125.1	-2002.734741	-2009.695306	13.92113	0.000191	1	0	0.000203307	1	N	white	PF11815;PF01734;
21733	estExt_fgenesh1_pg.C_chr_30330	-5397.438735	-5404.390098	13.902726	0.000193	1	0	0.000204666	1	N	dark	
24562	estExt_fgenesh1_pg.C_chr_120319	-6259.326321	-6266.277296	13.90195	0.000193	1	0	0.000204666	1	N	white	PF01465;
22875	estExt_fgenesh1_pg.C_chr_50744	-1203.462177	-1210.396618	13.868882	0.000196	1	0	0.000208105	1	N	white	PF12697;
5912	fgenesh1_pg.C_chr_6000067	-1576.573935	-1583.482531	13.817192	0.000201	1	0	0.00021371	1	N	dark	
25726	estExt_fgenesh1_pg.C_chr_220129	-3420.715255	-3427.621973	13.813436	0.000202	1	0	0.000213939	1	N	white	PF01764;
4379	fgenesh1_pg.C_chr_4000329	-3457.129437	-3464.031498	13.804122	0.000203	1	0	0.000214605	1	N	white	PF08373;
23296	estExt_fgenesh1_pg.C_chr_60691	-4169.744562	-4176.647267	13.80541	0.000203	1	0	0.000214605	1	N	dark	
5141	fgenesh1_pg.C_chr_5000183	-1829.593481	-1836.482071	13.77718	0.000206	1	0	0.000217503	1	N	dark	
935	fgenesh1_pg.C_chr_1000069	-1119.997482	-1126.87798	13.760996	0.000208	1	0	0.000219182	1	N	white	PF00560;
1322	fgenesh1_pg.C_chr_1000456	-2531.744197	-2538.62187	13.755346	0.000208	1	0	0.000219639	1	N	dark	
4540	fgenesh1_pg.C_chr_4000490	-2076.348978	-2083.217996	13.738036	0.00021	1	0	0.000221468	1	N	dark	
3715	fgenesh1_pg.C_chr_3000649	-1273.455998	-1280.321749	13.731502	0.000211	1	0	0.000222035	1	N	dark	
8333	fgenesh1_pg.C_chr_10000103	-1366.134631	-1372.995706	13.72215	0.000212	1	0	0.000222938	1	N	white	PF09366;
10918	fgenesh1_pg.C_chr_18000161	-825.154319	-832.013005	13.717372	0.000212	1	0	0.0002233	1	N	dark	
11953	fgenesh1_pg.C_chr_22000298	-2942.503417	-2949.359072	13.71131	0.000213	1	0	0.000223816	1	N	white	PF00501;
262215	thaps1_ua_kg.chr_4000225	-1013.195039	-1020.04327	13.696462	0.000215	1	0	0.000225386	1	N	white	PF03366;
22694	estExt_fgenesh1_pg.C_chr_50385	-1716.33808	-1723.182611	13.689062	0.000216	1	0	0.000226068	1	N	white	PF04117;
23946	estExt_fgenesh1_pg.C_chr_90112	-2765.163395	-2772.0057	13.68461	0.000216	1	0	0.000226396	1	N	dark	
261637	thaps1_ua_kg.chr_3000015	-859.261841	-866.102327	13.680972	0.000217	1	0	0.000226627	1	N	white	PF13911;
2755	fgenesh1_pg.C_chr_2000710	-2036.906303	-2043.732549	13.652492	0.00022	1	0	0.00022967	1	N	dark	
264023	thaps1_ua_kg.chr_13000071	-1453.968368	-1460.795386	13.654036	0.00022	1	0	0.00022967	1	N	white	PF00566;
8673	fgenesh1_pg.C_chr_11a000059	-1304.296153	-1311.118156	13.644006	0.000221	1	0	0.000230501	1	N	dark	
8223	fgenesh1_pg.C_chr_9000391	-843.645371	-850.453633	13.616524	0.000224	1	0	0.000233685	1	N	dark	
2120	fgenesh1_pg.C_chr_2000075	-9590.549261	-9597.351489	13.604456	0.000226	1	0	0.000234978	1	N	dark	
4215	fgenesh1_pg.C_chr_4000165	-1484.435977	-1491.23718	13.602406	0.000226	1	0	0.000235021	1	N	dark	
2031	fgenesh1_pg.C_chr_1001165	-526.90171	-533.694188	13.584956	0.000228	1	0	0.000236999	1	N	dark	
7821	fgenesh1_pg.C_chr_8000482	-748.093858	-754.87747	13.567224	0.00023	1	0	0.000239032	1	N	dark	
24569	estExt_fgenesh1_pg.C_chr_120349	-1562.030146	-1568.812581	13.56487	0.00023	1	0	0.000239114	1	N	dark	
9910	fgenesh1_pg.C_chr_14000255	-2265.155913	-2271.934184	13.556542	0.000231	1	0	0.000239959	1	N	white	PF00443;
21004	estExt_fgenesh1_pg.C_chr_10940	-3589.850997	-3596.597529	13.493064	0.000239	1	0	0.00024799	1	N	white	PF02270;
4306	fgenesh1_pg.C_chr_4000256	-920.43241	-927.172639	13.480458	0.000241	1	0	0.000249436	1	N	dark	
9619	fgenesh1_pg.C_chr_13000339	-2070.661065	-2077.397109	13.472088	0.000242	1	0	0.000250098	1	N	dark	
261971	thaps1_ua_kg.chr_3000349	-835.088663	-841.82677	13.476214	0.000242	1	0	0.000249774	1	N	white	PF00023;PF12796;
25466	estExt_fgenesh1_pg.C_chr_19a_190067	-3408.320762	-3415.048378	13.455232	0.000244	1	0	0.000252127	1	N	white	PF17210;
22033	estExt_fgenesh1_pg.C_chr_30931	-916.405208	-923.127271	13.444126	0.000246	1	0	0.000253394	1	N	dark	
20793	estExt_fgenesh1_pg.C_chr_10491	-1792.00706	-1798.724446	13.434772	0.000247	1	0	0.000254432	1	N	dark	
264036	thaps1_ua_kg.chr_13000084	-1472.507244	-1479.219481	13.424474	0.000248	1	0	0.000255602	1	N	white	PF00447;
261040	thaps1_ua_kg.chr_1000300	-892.138608	-898.84861	13.420004	0.000249	1	0	0.000255981	1	N	white	PF00849;
6478	fgenesh1_pg.C_chr_6000633	-1617.562734	-1624.25629	13.387112	0.000253	1	0	0.000260275	1	N	dark	
37786	e_gw1.16a.55.1	-627.803302	-634.489803	13.373002	0.000255	1	0	0.000262004	1	N	white	PF00270;
10224	fgenesh1_pg.C_chr_15000214	-2387.121071	-2393.803755	13.365368	0.000256	1	0	0.000262838	1	N	white	PF16016;
8810	fgenesh1_pg.C_chr_11a000196	-817.923566	-824.602036	13.35694	0.000257	1	0	0.000263784	1	N	dark	
25144	estExt_fgenesh1_pg.C_chr_16a0111	-3981.667779	-3988.34002	13.344482	0.000259	1	0	0.000265304	1	N	dark	
21879	estExt_fgenesh1_pg.C_chr_30631	-1230.982331	-1237.651569	13.338476	0.00026	1	0	0.00026568	1	N	dark	
263425	thaps1_ua_kg.chr_8000101	-1067.01843	-1073.687682	13.338504	0.00026	1	0	0.00026568	1	N	white	PF00300;
22007	estExt_fgenesh1_pg.C_chr_30880	-972.646978	-979.309457	13.324958	0.000262	1	0	0.000267363	1	N	dark	
18846	gw1.22.165.1	-632.132374	-638.783168	13.301588	0.000265	1	0	0.000270474	1	N	white	PF12317;
1591	fgenesh1_pg.C_chr_1000725	-2772.286637	-2778.925744	13.278214	0.000269	1	0	0.000273623	1	N	dark	
1071	fgenesh1_pg.C_chr_1000205	-1034.902289	-1041.518248	13.231918	0.000275	1	0	0.000279965	1	N	dark	
11492	fgenesh1_pg.C_chr_20000088	-3006.570746	-3013.187731	13.23397	0.000275	1	0	0.000279908	1	N	dark	
25749	estExt_fgenesh1_pg.C_chr_220189	-1169.051541	-1175.666231	13.22938	0.000276	1	0	0.000280095	1	N	dark	
23152	estExt_fgenesh1_pg.C_chr_60421	-1317.456288	-1324.061535	13.210494	0.000278	1	0	0.00028268	1	N	white	PF00134;
6236	fgenesh1_pg.C_chr_6000391	-2535.785078	-2542.386725	13.203294	0.000279	1	0	0.000283517	1	N	white	PF13649;
25653	estExt_fgenesh1_pg.C_chr_200173	-3233.432428	-3240.024691	13.184526	0.000282	1	0	0.000286115	1	N	dark	
20916	estExt_fgenesh1_pg.C_chr_10748	-2250.495236	-2257.085078	13.179684	0.000283	1	0	0.000286601	1	N	dark	
4096	fgenesh1_pg.C_chr_4000046	-1413.459486	-1420.040036	13.1611	0.000286	1	0	0.000289202	1	N	dark	
3879	fgenesh1_pg.C_chr_3000813	-1987.453476	-1994.030143	13.153334	0.000287	1	0	0.000290146	1	N	dark	
262343	thaps1_ua_kg.chr_4000353	-2780.62983	-2787.202092	13.144524	0.000288	1	0	0.000291256	1	N	white	PF18368;
6591	fgenesh1_pg.C_chr_6000746	-9512.425485	-9518.995171	13.139372	0.000289	1	0	0.000291783	1	N	dark	
22062	estExt_fgenesh1_pg.C_chr_40006	-3962.879743	-3969.448655	13.137824	0.000289	1	0	0.000291783	1	N	dark	
40473	estExt_gwp_gw1.C_chr_40585	-965.515735	-972.083719	13.135968	0.00029	1	0	0.000291815	1	N	white	PF01871;
270145	estExt_thaps1_ua_kg.C_chr_240016	-2463.194186	-2469.761145	13.133918	0.00029	1	0	0.000291877	1	N	white	PF00890;PF02910;
10275	fgenesh1_pg.C_chr_15000265	-566.570121	-573.13467	13.129098	0.000291	1	0	0.000292371	1	N	dark	
5265	fgenesh1_pg.C_chr_5000307	-2427.496563	-2434.047349	13.101572	0.000295	1	0	0.000296437	1	N	white	PF09733;
1807	fgenesh1_pg.C_chr_1000941	-771.261872	-777.810334	13.096924	0.000296	1	0	0.000296912	1	N	dark	
9908	fgenesh1_pg.C_chr_14000253	-1895.455577	-1901.983621	13.056088	0.000302	1	0	0.00030319	1	N	white	PF01189;
7022	fgenesh1_pg.C_chr_7000405	-1276.53548	-1283.062374	13.053788	0.000303	1	0	0.000303297	1	N	white	PF00397;
38066	e_gw1.18.28.1	-2173.229615	-2179.75378	13.04833	0.000304	1	0	0.000303915	1	N	white	PF00171;
21821	estExt_fgenesh1_pg.C_chr_30510	-679.502713	-686.01622	13.027014	0.000307	1	0	0.000307125	1	N	dark	
23169	estExt_fgenesh1_pg.C_chr_60453	-2573.67996	-2580.189264	13.018608	0.000308	1	0	0.000308236	1	N	white	PF00400;
1968	fgenesh1_pg.C_chr_1001102	-2588.213453	-2594.718445	13.009984	0.00031	1	0	0.000309389	1	N	dark	
31637	e_gw1.1.514.1	-1230.364375	-1236.866646	13.004542	0.000311	1	0	0.000310018	1	N	white	PF00481;
22045	estExt_fgenesh1_pg.C_chr_30947	-1729.413202	-1735.912063	12.997722	0.000312	1	0	0.000310878	1	N	white	PF12171;
21804	estExt_fgenesh1_pg.C_chr_30481	-2634.809722	-2641.299906	12.980368	0.000315	1	0	0.000313499	1	N	dark	
2295	fgenesh1_pg.C_chr_2000250	-938.153445	-944.64092	12.97495	0.000316	1	0	0.000314133	1	N	dark	
21734	estExt_fgenesh1_pg.C_chr_30334	-2528.30193	-2534.759104	12.914348	0.000326	1	0	0.000323623	1	N	white	PF00226;PF14308;
43160	estExt_gwp_gw1.C_chr_240046	-1662.445239	-1668.902928	12.915378	0.000326	1	0	0.000323623	1	N	white	PF00579;
269233	estExt_thaps1_ua_kg.C_chr_70093	-984.49133	-990.949951	12.917242	0.000326	1	0	0.000323623	1	N	white	PF00447;
263268	thaps1_ua_kg.chr_7000225	-1581.127524	-1587.578597	12.902146	0.000328	1	0	0.000325175	1	N	white	PF01457;
268374	estExt_thaps1_ua_kg.C_chr_20386	-1461.950616	-1468.403529	12.905826	0.000328	1	0	0.000324818	1	N	white	PF00676;
10374	fgenesh1_pg.C_chr_16a000055	-1349.876469	-1356.310686	12.868434	0.000334	1	0	0.000330798	1	N	dark	
11474	fgenesh1_pg.C_chr_20000070	-3263.285197	-3269.710067	12.84974	0.000338	1	0	0.000333767	1	N	white	PF13812;
36088	e_gw1.8.145.1	-1161.743727	-1168.167965	12.848476	0.000338	1	0	0.000333767	1	N	white	PF00153;
23605	estExt_fgenesh1_pg.C_chr_70636	-2604.833961	-2611.254112	12.840302	0.000339	1	0	0.000334939	1	N	white	PF03567;
9534	fgenesh1_pg.C_chr_13000254	-1861.43743	-1867.847396	12.819932	0.000343	1	0	0.000338312	1	N	white	PF02875;
22199	estExt_fgenesh1_pg.C_chr_40294	-1010.803834	-1017.208654	12.80964	0.000345	1	0	0.000339885	1	N	dark	
7237	fgenesh1_pg.C_chr_7000620	-1198.942843	-1205.335741	12.785796	0.000349	1	0	0.000343948	1	N	dark	
875	fgenesh1_pg.C_chr_1000009	-4388.509185	-4394.898499	12.778628	0.000351	1	0	0.000344971	1	N	white	PF13365;
4624	fgenesh1_pg.C_chr_4000574	-2611.586052	-2617.970695	12.769286	0.000352	1	0	0.000346399	1	N	white	PF00270;PF00271;
7112	fgenesh1_pg.C_chr_7000495	-1792.068228	-1798.45139	12.766324	0.000353	1	0	0.000346651	1	N	white	PF13424;
25160	estExt_fgenesh1_pg.C_chr_16a0145	-2958.457751	-2964.832168	12.748834	0.000356	1	0	0.000349606	1	N	white	PF00397;
21043	estExt_fgenesh1_pg.C_chr_11018	-4880.520446	-4886.881731	12.72257	0.000361	1	0	0.000354246	1	N	white	PF16940;
20784	estExt_fgenesh1_pg.C_chr_10473	-4001.302944	-4007.657105	12.708322	0.000364	1	0	0.000356649	1	N	white	PF13041;
21598	estExt_fgenesh1_pg.C_chr_30031	-1182.454794	-1188.797918	12.686248	0.000368	1	0	0.000360267	1	N	white	PF00583;
25203	estExt_fgenesh1_pg.C_chr_170018	-1768.004079	-1774.348719	12.68928	0.000368	1	0	0.000359991	1	N	white	PF00076;
9424	fgenesh1_pg.C_chr_13000144	-3562.743903	-3569.07176	12.655714	0.000374	1	0	0.000365885	1	N	dark	
5892	fgenesh1_pg.C_chr_6000047	-2359.677242	-2366.001335	12.648186	0.000376	1	0	0.000367047	1	N	dark	
7359	fgenesh1_pg.C_chr_8000020	-1787.100969	-1793.410062	12.618186	0.000382	1	0	0.000372667	1	N	dark	
3413	fgenesh1_pg.C_chr_3000347	-2495.842903	-2502.125267	12.564728	0.000393	1	0	0.000383152	1	N	dark	
10178	fgenesh1_pg.C_chr_15000168	-1434.643143	-1440.924199	12.562112	0.000394	1	0	0.000383362	1	N	white	PF08585;PF21000;
264391	thaps1_ua_kg.chr_16b000003	-1143.449178	-1149.728077	12.557798	0.000395	1	0	0.00038392	1	N	white	PF00149;
23624	estExt_fgenesh1_pg.C_chr_70670	-1710.189046	-1716.453419	12.528746	0.000401	1	0	0.000389605	1	N	white	PF00188;
34030	e_gw1.5.103.1	-2218.372275	-2224.628576	12.512602	0.000404	1	0	0.000392317	1	N	white	PF00390;PF03949;
261251	thaps1_ua_kg.chr_2000075	-474.959406	-481.216574	12.514336	0.000404	1	0	0.000392287	1	N	white	PF00685;
269213	estExt_thaps1_ua_kg.C_chr_70045	-1300.426849	-1306.671142	12.488586	0.000409	1	0	0.000396719	1	N	white	PF00085;
269590	estExt_thaps1_ua_kg.C_chr_11b0009	-1353.781845	-1360.026778	12.489866	0.000409	1	0	0.000396719	1	N	white	PF05153;
24772	estExt_fgenesh1_pg.C_chr_140047	-3313.973953	-3320.216092	12.484278	0.00041	1	0	0.000397298	1	N	dark	
264347	thaps1_ua_kg.chr_15000085	-1320.437965	-1326.66772	12.45951	0.000416	1	0	0.00040226	1	N	white	PF01370;
4331	fgenesh1_pg.C_chr_4000281	-1077.527944	-1083.753779	12.45167	0.000418	1	0	0.000403329	1	N	white	PF00923;
4705	fgenesh1_pg.C_chr_4000655	-1229.644553	-1235.868671	12.448236	0.000418	1	0	0.00040367	1	N	dark	
12084	fgenesh1_pg.C_chr_23000112	-4006.330058	-4012.555755	12.451394	0.000418	1	0	0.000403329	1	N	dark	
21076	estExt_fgenesh1_pg.C_chr_11123	-594.952279	-601.171924	12.43929	0.00042	1	0	0.000405266	1	N	dark	
264577	thaps1_ua_kg.chr_19a_19000020	-833.616731	-839.830062	12.426662	0.000423	1	0	0.000407672	1	N	white	PF00182;
3483	fgenesh1_pg.C_chr_3000417	-999.96396	-1006.163747	12.399574	0.000429	1	0	0.000412932	1	N	dark	
4568	fgenesh1_pg.C_chr_4000518	-1913.814061	-1920.014564	12.401006	0.000429	1	0	0.000412932	1	N	dark	
22142	estExt_fgenesh1_pg.C_chr_40170	-1839.768832	-1845.960429	12.383194	0.000433	1	0	0.000416219	1	N	dark	
3914	fgenesh1_pg.C_chr_3000848	-810.214954	-816.395474	12.36104	0.000438	1	0	0.000420697	1	N	dark	
5630	fgenesh1_pg.C_chr_5000672	-4457.896074	-4464.076114	12.36008	0.000439	1	0	0.000420697	1	N	white	PF08700;
22749	estExt_fgenesh1_pg.C_chr_50493	-2778.931269	-2785.10784	12.353142	0.00044	1	0	0.000421792	1	N	white	PF24160;PF04884;
24826	estExt_fgenesh1_pg.C_chr_140144	-1989.461012	-1995.637059	12.352094	0.00044	1	0	0.000421792	1	N	dark	
7870	fgenesh1_pg.C_chr_9000038	-1169.072227	-1175.219159	12.293864	0.000454	1	0	0.000434793	1	N	dark	
1339	fgenesh1_pg.C_chr_1000473	-810.323558	-816.46836	12.289604	0.000455	1	0	0.000435421	1	N	dark	
21428	estExt_fgenesh1_pg.C_chr_20698	-2894.983585	-2901.127008	12.286846	0.000456	1	0	0.000435701	1	N	dark	
268486	estExt_thaps1_ua_kg.C_chr_30185	-2392.007829	-2398.140818	12.265978	0.000461	1	0	0.000440232	1	N	white	PF03901;
2085	fgenesh1_pg.C_chr_2000040	-3398.649837	-3404.772047	12.24442	0.000467	1	0	0.000444976	1	N	white	PF24105;PF00400;
9314	fgenesh1_pg.C_chr_13000034	-1490.858011	-1496.965284	12.214546	0.000474	1	0	0.00045178	1	N	dark	
13444	gw1.1.133.1	-2329.514481	-2335.620133	12.211304	0.000475	1	0	0.000452189	1	N	white	PF02219;PF21895;
23543	estExt_fgenesh1_pg.C_chr_70519	-4570.998018	-4577.102491	12.208946	0.000476	1	0	0.000452384	1	N	white	PF24325;
1014	fgenesh1_pg.C_chr_1000148	-2118.302938	-2124.399828	12.19378	0.000479	1	0	0.000455697	1	N	dark	
261072	thaps1_ua_kg.chr_1000332	-2459.009471	-2465.10118	12.183418	0.000482	1	0	0.000457855	1	N	white	PF00004;
21880	estExt_fgenesh1_pg.C_chr_30632	-3264.919235	-3271.001604	12.164738	0.000487	1	0	0.000462079	1	N	dark	
20625	estExt_fgenesh1_pg.C_chr_10157	-891.311009	-897.38635	12.150682	0.000491	1	0	0.000465188	1	N	white	PF15375;
4071	fgenesh1_pg.C_chr_4000021	-5966.223434	-5972.294419	12.14197	0.000493	1	0	0.000466979	1	N	dark	
24791	estExt_fgenesh1_pg.C_chr_140083	-1195.300061	-1201.367939	12.135756	0.000495	1	0	0.000468149	1	N	dark	
8159	fgenesh1_pg.C_chr_9000327	-4156.895404	-4162.946494	12.10218	0.000504	1	0	0.00047626	1	N	dark	
8940	fgenesh1_pg.C_chr_12000021	-1550.841566	-1556.883794	12.084456	0.000508	1	0	0.000480411	1	N	dark	
24282	estExt_fgenesh1_pg.C_chr_11a0024	-3513.993445	-3520.028609	12.070328	0.000512	1	0	0.000483666	1	N	white	PF01363;
25555	estExt_fgenesh1_pg.C_chr_19c_290064	-2323.048032	-2329.073213	12.050362	0.000518	1	0	0.00048847	1	N	white	PF00415;PF13540;
36434	e_gw1.10.36.1	-2018.258499	-2024.278187	12.039376	0.000521	1	0	0.000490952	1	N	white	PF06862;PF22916;
9532	fgenesh1_pg.C_chr_13000252	-1308.022898	-1314.037517	12.029238	0.000524	1	0	0.000493222	1	N	dark	
5708	fgenesh1_pg.C_chr_5000750	-1969.6398	-1975.612074	11.944548	0.000548	1	0	0.000515729	1	N	dark	
11195	fgenesh1_pg.C_chr_19a_19000138	-1676.984926	-1682.952174	11.934496	0.000551	1	0	0.000518092	1	N	dark	
1600	fgenesh1_pg.C_chr_1000734	-2060.581958	-2066.544438	11.92496	0.000554	1	0	0.000519895	1	N	white	PF03071;
22127	estExt_fgenesh1_pg.C_chr_40144	-997.663646	-1003.62637	11.925448	0.000554	1	0	0.000519895	1	N	dark	
11523	fgenesh1_pg.C_chr_20000119	-2093.239917	-2099.197331	11.914828	0.000557	1	0	0.000521874	1	N	white	PF00685;
22802	estExt_fgenesh1_pg.C_chr_50586	-1721.601069	-1727.559048	11.915958	0.000557	1	0	0.000521874	1	N	dark	
25127	estExt_fgenesh1_pg.C_chr_16a0068	-2405.155687	-2411.110893	11.910412	0.000558	1	0	0.000522684	1	N	white	PF07787;
4218	fgenesh1_pg.C_chr_4000168	-1275.962617	-1281.909163	11.893092	0.000563	1	0	0.000526702	1	N	dark	
5353	fgenesh1_pg.C_chr_5000395	-1048.138716	-1054.086175	11.894918	0.000563	1	0	0.000526617	1	N	white	PF05615;
25733	estExt_fgenesh1_pg.C_chr_220152	-2051.442471	-2057.373056	11.86117	0.000573	1	0	0.000535369	1	N	white	PF03798;
5635	fgenesh1_pg.C_chr_5000677	-1396.165133	-1402.092948	11.85563	0.000575	1	0	0.000536526	1	N	white	PF10199;
1305	fgenesh1_pg.C_chr_1000439	-1540.736981	-1546.663149	11.852336	0.000576	1	0	0.000537037	1	N	white	PF08123;
5089	fgenesh1_pg.C_chr_5000131	-1309.609643	-1315.530925	11.842564	0.000579	1	0	0.000539423	1	N	white	PF10234;
21925	estExt_fgenesh1_pg.C_chr_30721	-1794.136608	-1800.053281	11.833346	0.000582	1	0	0.000541658	1	N	dark	
10766	fgenesh1_pg.C_chr_18000009	-1283.464414	-1289.369598	11.810368	0.000589	1	0	0.000547937	1	N	white	PF00447;
2053	fgenesh1_pg.C_chr_2000008	-1208.393768	-1214.294045	11.800554	0.000592	1	0	0.00054949	1	N	dark	
8240	fgenesh1_pg.C_chr_10000010	-3104.74808	-3110.64874	11.80132	0.000592	1	0	0.00054949	1	N	dark	
8680	fgenesh1_pg.C_chr_11a000066	-1703.404766	-1709.305789	11.802046	0.000592	1	0	0.00054949	1	N	white	PF00849;
1051	fgenesh1_pg.C_chr_1000185	-771.041113	-776.931144	11.780062	0.000599	1	0	0.000554671	1	N	white	PF13410;PF13409;
11196	fgenesh1_pg.C_chr_19a_19000139	-2252.733252	-2258.62353	11.780556	0.000599	1	0	0.000554671	1	N	dark	
1903	fgenesh1_pg.C_chr_1001037	-1458.592514	-1464.478118	11.771208	0.000602	1	0	0.000556735	1	N	white	PF13516;
22701	estExt_fgenesh1_pg.C_chr_50396	-1097.993759	-1103.878825	11.770132	0.000602	1	0	0.000556735	1	N	dark	
1131	fgenesh1_pg.C_chr_1000265	-1106.233249	-1112.113519	11.76054	0.000605	1	0	0.000559159	1	N	white	PF13911;
21623	estExt_fgenesh1_pg.C_chr_30099	-1878.798262	-1884.677156	11.757788	0.000606	1	0	0.000559533	1	N	dark	
24165	estExt_fgenesh1_pg.C_chr_100163	-3703.22978	-3709.098864	11.738168	0.000612	1	0	0.000565006	1	N	dark	
21922	estExt_fgenesh1_pg.C_chr_30714	-3723.790496	-3729.650785	11.720578	0.000618	1	0	0.000569912	1	N	dark	
518	fgenesh1_pm.C_chr_6000018	-1284.6594	-1290.507869	11.696938	0.000626	1	0	0.000576267	1	N	white	PF00069;
2412	fgenesh1_pg.C_chr_2000367	-687.015505	-692.864585	11.69816	0.000626	1	0	0.000576267	1	N	white	PF20638;
12182	fgenesh1_pg.C_chr_24000058	-2737.415098	-2743.262633	11.69507	0.000627	1	0	0.000576381	1	N	dark	
5421	fgenesh1_pg.C_chr_5000463	-1931.494252	-1937.339797	11.69109	0.000628	1	0	0.00057689	1	N	dark	
10378	fgenesh1_pg.C_chr_16a000059	-1241.566166	-1247.411383	11.690434	0.000628	1	0	0.00057689	1	N	white	PF01182;
12037	fgenesh1_pg.C_chr_23000065	-3602.648256	-3608.481534	11.666556	0.000636	1	0	0.000583873	1	N	dark	
7054	fgenesh1_pg.C_chr_7000437	-1663.210156	-1669.027937	11.635562	0.000647	1	0	0.000593206	1	N	dark	
269868	estExt_thaps1_ua_kg.C_chr_16a0017	-1970.083083	-1975.895923	11.62568	0.00065	1	0	0.000595888	1	N	white	PF01408;PF22725;
22297	estExt_fgenesh1_pg.C_chr_40481	-3275.016769	-3280.828662	11.623786	0.000651	1	0	0.000596016	1	N	white	PF02204;
25414	estExt_fgenesh1_pg.C_chr_180248	-1139.293554	-1145.102447	11.617786	0.000653	1	0	0.000597463	1	N	dark	
9714	fgenesh1_pg.C_chr_14000059	-927.65037	-933.448461	11.596182	0.000661	1	0	0.000603961	1	N	dark	
9079	fgenesh1_pg.C_chr_12000160	-808.057084	-813.844258	11.574348	0.000669	1	0	0.000610606	1	N	white	PF10498;
1850	fgenesh1_pg.C_chr_1000984	-1923.640431	-1929.408803	11.536744	0.000682	1	0	0.000622582	1	N	white	PF13855;PF00069;
6389	fgenesh1_pg.C_chr_6000544	-2123.062303	-2128.829015	11.533424	0.000684	1	0	0.000623198	1	N	white	PF04194;
8844	fgenesh1_pg.C_chr_11a000230	-994.810071	-1000.567735	11.515328	0.00069	1	0	0.000628792	1	N	white	PF02466;
39540	estExt_gwp_gw1.C_chr_20387	-2023.197202	-2028.951988	11.509572	0.000692	1	0	0.000630239	1	N	white	PF01171;
263399	thaps1_ua_kg.chr_8000075	-1859.176823	-1864.926956	11.500266	0.000696	1	0	0.000632898	1	N	white	PF00067;
3884	fgenesh1_pg.C_chr_3000818	-987.16249	-992.90836	11.49174	0.000699	1	0	0.000635303	1	N	dark	
2782	fgenesh1_pg.C_chr_2000737	-757.595755	-763.339577	11.487644	0.000701	1	0	0.000636198	1	N	dark	
34125	e_gw1.5.359.1	-988.965663	-994.702716	11.474106	0.000706	1	0	0.00064034	1	N	white	PF10563;
11209	fgenesh1_pg.C_chr_19a_19000152	-548.677756	-554.395273	11.435034	0.000721	1	0	0.000653428	1	N	dark	
3006	fgenesh1_pg.C_chr_2000961	-2817.994094	-2823.709476	11.430764	0.000722	1	0	0.000654412	1	N	dark	
21996	estExt_fgenesh1_pg.C_chr_30855	-3481.124952	-3486.832721	11.415538	0.000728	1	0	0.000659273	1	N	white	PF00069;
23716	estExt_fgenesh1_pg.C_chr_80151	-1802.954279	-1808.653331	11.398104	0.000735	1	0	0.000664963	1	N	dark	
10940	fgenesh1_pg.C_chr_18000183	-2156.401022	-2162.091403	11.380762	0.000742	1	0	0.000670669	1	N	dark	
9727	fgenesh1_pg.C_chr_14000072	-846.58655	-852.274861	11.376622	0.000744	1	0	0.000671634	1	N	white	PF13863;
25359	estExt_fgenesh1_pg.C_chr_180116	-2217.131387	-2222.817309	11.371844	0.000746	1	0	0.000672831	1	N	dark	
260829	thaps1_ua_kg.chr_1000089	-1449.96053	-1455.638755	11.35645	0.000752	1	0	0.000677896	1	N	white	PF10509;PF08544;PF00288;
11150	fgenesh1_pg.C_chr_19a_19000093	-3161.336099	-3167.010142	11.348086	0.000755	1	0	0.000679883	1	N	white	PF00134;
25236	estExt_fgenesh1_pg.C_chr_170072	-1871.179827	-1876.854164	11.348674	0.000755	1	0	0.000679883	1	N	dark	
4007	fgenesh1_pg.C_chr_3000941	-1543.052271	-1548.723271	11.342	0.000758	1	0	0.000681577	1	N	white	PF08240;PF13602;
1693	fgenesh1_pg.C_chr_1000827	-1428.952121	-1434.619907	11.335572	0.00076	1	0	0.000683402	1	N	white	PF10453;
11306	fgenesh1_pg.C_chr_19b_31000049	-1545.476654	-1551.130818	11.308328	0.000772	1	0	0.000692957	1	N	dark	
5154	fgenesh1_pg.C_chr_5000196	-1492.600263	-1498.245171	11.289816	0.000779	1	0	0.00069914	1	N	dark	
24628	estExt_fgenesh1_pg.C_chr_130117	-2475.534743	-2481.179203	11.28892	0.00078	1	0	0.00069914	1	N	white	PF00293;
10360	fgenesh1_pg.C_chr_16a000041	-1210.120426	-1215.762904	11.284956	0.000781	1	0	0.000700085	1	N	white	PF00170;
12103	fgenesh1_pg.C_chr_23000131	-2174.157637	-2179.784951	11.254628	0.000794	1	0	0.000710926	1	N	dark	
2880	fgenesh1_pg.C_chr_2000835	-1336.989765	-1342.615799	11.252068	0.000795	1	0	0.000710926	1	N	white	PF03073;
8715	fgenesh1_pg.C_chr_11a000101	-1216.472916	-1222.099288	11.252744	0.000795	1	0	0.000710926	1	N	dark	
23284	estExt_fgenesh1_pg.C_chr_60663	-3872.993787	-3878.615278	11.242982	0.000799	1	0	0.000713855	1	N	dark	
1225	fgenesh1_pg.C_chr_1000359	-1677.791169	-1683.408551	11.234764	0.000803	1	0	0.000716463	1	N	white	PF02518;
8967	fgenesh1_pg.C_chr_12000048	-1184.011064	-1189.627659	11.23319	0.000803	1	0	0.000716511	1	N	white	PF12796;
1042	fgenesh1_pg.C_chr_1000176	-3910.535165	-3916.146532	11.222734	0.000808	1	0	0.000719437	1	N	white	PF01697;
2365	fgenesh1_pg.C_chr_2000320	-1095.899586	-1101.511319	11.223466	0.000808	1	0	0.000719437	1	N	dark	
5866	fgenesh1_pg.C_chr_6000021	-3482.850348	-3488.4605	11.220304	0.000809	1	0	0.000719818	1	N	dark	
34280	e_gw1.5.408.1	-793.849479	-799.45591	11.212862	0.000812	1	0	0.000722148	1	N	white	PF13640;
6897	fgenesh1_pg.C_chr_7000280	-2352.234099	-2357.829464	11.19073	0.000822	1	0	0.000730244	1	N	white	PF00892;
10951	fgenesh1_pg.C_chr_18000194	-1180.654486	-1186.227237	11.145502	0.000842	1	0	0.000747383	1	N	dark	
9770	fgenesh1_pg.C_chr_14000115	-3624.176744	-3629.748663	11.143838	0.000843	1	0	0.000747383	1	N	white	PF03219;
23983	estExt_fgenesh1_pg.C_chr_90192	-1861.165198	-1866.736881	11.143366	0.000843	1	0	0.000747383	1	N	dark	
269141	estExt_thaps1_ua_kg.C_chr_60269	-2762.684493	-2768.255437	11.141888	0.000844	1	0	0.000747399	1	N	white	PF14559;
25651	estExt_fgenesh1_pg.C_chr_200169	-3251.673052	-3257.238207	11.13031	0.000849	1	0	0.000751497	1	N	dark	
2319	fgenesh1_pg.C_chr_2000274	-750.697959	-756.262357	11.128796	0.00085	1	0	0.000751528	1	N	white	PF04749;
262891	thaps1_ua_kg.chr_6000215	-3222.954983	-3228.514615	11.119264	0.000854	1	0	0.000754816	1	N	white	PF04096;PF13634;PF21240;
10539	fgenesh1_pg.C_chr_17000002	-718.895498	-724.444772	11.098548	0.000864	1	0	0.000762704	1	N	dark	
21344	estExt_fgenesh1_pg.C_chr_20542	-3336.522092	-3342.070221	11.096258	0.000865	1	0	0.000763057	1	N	white	PF00676;PF02779;
7206	fgenesh1_pg.C_chr_7000589	-2103.855738	-2109.386285	11.061094	0.000882	1	0	0.000777065	1	N	white	PF07962;
4042	fgenesh1_pg.C_chr_3000976	-2262.021471	-2267.54967	11.056398	0.000884	1	0	0.000778436	1	N	dark	
261539	thaps1_ua_kg.chr_2000363	-1170.273442	-1175.793995	11.041106	0.000891	1	0	0.000784278	1	N	white	PF04468;
11598	fgenesh1_pg.C_chr_20000194	-1831.779504	-1837.290945	11.022882	0.0009	1	0	0.000791416	1	N	dark	
21830	estExt_fgenesh1_pg.C_chr_30537	-1711.802134	-1717.291616	10.978964	0.000922	1	0	0.000809769	1	N	white	PF08325;
22714	estExt_fgenesh1_pg.C_chr_50425	-1774.443057	-1779.911768	10.937422	0.000942	1	0	0.000827492	1	N	dark	
9065	fgenesh1_pg.C_chr_12000146	-618.803097	-624.254826	10.903458	0.00096	1	0	0.000842155	1	N	dark	
10564	fgenesh1_pg.C_chr_17000027	-3001.078844	-3006.523977	10.890266	0.000967	1	0	0.000847523	1	N	white	PF01266;
263482	thaps1_ua_kg.chr_9000010	-1250.358034	-1255.789741	10.863414	0.000981	1	0	0.000859241	1	N	white	PF00867;
5757	fgenesh1_pg.C_chr_5000799	-1341.435316	-1346.854485	10.838338	0.000994	1	0	0.000870288	1	N	white	PF00685;
20584	estExt_fgenesh1_pg.C_chr_10056	-1189.892367	-1195.301856	10.818978	0.001	1	0	0.000878762	1	N	dark	
4224	fgenesh1_pg.C_chr_4000174	-1886.568191	-1891.967437	10.798492	0.00102	1	0	0.000887861	1	N	white	PF09409;PF00240;
1020	fgenesh1_pg.C_chr_1000154	-1687.830784	-1693.216482	10.771396	0.00103	1	0	0.000899576	1	N	white	PF03747;
7290	fgenesh1_pg.C_chr_7000673	-967.957641	-973.34563	10.775978	0.00103	1	0	0.000898039	1	N	dark	
9115	fgenesh1_pg.C_chr_12000196	-1159.008738	-1164.383094	10.748712	0.00104	1	0	0.000909281	1	N	white	PF01556;
33766	e_gw1.4.39.1	-3445.625341	-3451.001185	10.751688	0.00104	1	0	0.000908512	1	N	white	PF13246;PF00689;PF00122;PF08282;
20654	estExt_fgenesh1_pg.C_chr_10211	-2974.692926	-2980.061278	10.736704	0.00105	1	0	0.000914502	1	N	white	PF13582;
22628	estExt_fgenesh1_pg.C_chr_50222	-1729.880494	-1735.244998	10.729008	0.00105	1	0	0.000917615	1	N	dark	
3952	fgenesh1_pg.C_chr_3000886	-390.11329	-395.473338	10.720096	0.00106	1	0	0.000920643	1	N	dark	
11628	fgenesh1_pg.C_chr_20000224	-2136.391912	-2141.753278	10.722732	0.00106	1	0	0.000920031	1	N	dark	
25096	estExt_fgenesh1_pg.C_chr_16a0011	-4318.953448	-4324.31254	10.718184	0.00106	1	0	0.000920894	1	N	white	PF17123;
263349	thaps1_ua_kg.chr_8000025	-2275.549958	-2280.905912	10.711908	0.00106	1	0	0.000923321	1	N	white	PF06472;PF00005;
262359	thaps1_ua_kg.chr_4000369	-3435.048774	-3440.402849	10.70815	0.00107	1	0	0.000924496	1	N	white	PF01369;PF12783;
22513	estExt_fgenesh1_pg.C_chr_50007	-2440.923735	-2446.265194	10.682918	0.00108	1	0	0.000936482	1	N	dark	
2074	fgenesh1_pg.C_chr_2000029	-1182.685075	-1188.014415	10.65868	0.0011	1	0	0.000948115	1	N	white	PF00808;
2646	fgenesh1_pg.C_chr_2000601	-2887.470951	-2892.793589	10.645276	0.0011	1	0	0.000953566	1	N	dark	
21827	estExt_fgenesh1_pg.C_chr_30525	-1988.236695	-1993.563768	10.654146	0.0011	1	0	0.000949722	1	N	dark	
4340	fgenesh1_pg.C_chr_4000290	-1481.987495	-1487.304629	10.634268	0.00111	1	0	0.000958533	1	N	white	PF15985;PF21262;
4012	fgenesh1_pg.C_chr_3000946	-1282.513107	-1287.823102	10.61999	0.00112	1	0	0.000963899	1	N	white	PF01987;
22667	estExt_fgenesh1_pg.C_chr_50312	-1913.038565	-1918.350799	10.624468	0.00112	1	0	0.000962899	1	N	dark	
263142	thaps1_ua_kg.chr_7000099	-1200.16253	-1205.472409	10.619758	0.00112	1	0	0.000963899	1	N	white	PF01728;
25395	estExt_fgenesh1_pg.C_chr_180210	-2948.701042	-2953.99942	10.596756	0.00113	1	0	0.000974495	1	N	white	PF03372;
25909	estExt_fgenesh1_pg.C_chr_240060	-1721.690147	-1726.993422	10.60655	0.00113	1	0	0.000970077	1	N	dark	
23209	estExt_fgenesh1_pg.C_chr_60517	-1042.73879	-1048.028457	10.579334	0.00114	1	0	0.000982981	1	N	dark	
24478	estExt_fgenesh1_pg.C_chr_120152	-3000.898743	-3006.184654	10.571822	0.00115	1	0	0.000986241	1	N	white	PF00514;PF23744;
268084	estExt_thaps1_ua_kg.C_chr_10317	-2190.811749	-2196.094601	10.565704	0.00115	1	0	0.000988768	1	N	white	PF02731;
260785	thaps1_ua_kg.chr_1000045	-1737.719449	-1742.996862	10.554826	0.00116	1	0	0.000993857	1	N	white	PF08022;PF01794;PF08030;
8084	fgenesh1_pg.C_chr_9000252	-1942.949521	-1948.219341	10.53964	0.00117	1	0	0.001001304	1	N	white	PF03567;
262809	thaps1_ua_kg.chr_6000133	-936.929791	-942.188125	10.516668	0.00118	1	0	0.001013068	1	N	white	PF00141;
5087	fgenesh1_pg.C_chr_5000129	-624.626922	-629.855598	10.457352	0.00122	1	0	0.001045337	1	N	white	PF10152;
2217	fgenesh1_pg.C_chr_2000172	-669.643563	-674.863238	10.43935	0.00123	1	0	0.001053208	1	N	dark	
21983	estExt_fgenesh1_pg.C_chr_30831	-6534.259453	-6539.479189	10.439472	0.00123	1	0	0.001053208	1	N	dark	
260772	thaps1_ua_kg.chr_1000032	-1154.953735	-1160.178283	10.449096	0.00123	1	0	0.001049233	1	N	white	PF02683;
11018	fgenesh1_pg.C_chr_18000261	-815.113399	-820.328658	10.430518	0.00124	1	0	0.001056676	1	N	dark	
21563	estExt_fgenesh1_pg.C_chr_20969	-2644.822053	-2650.039266	10.434426	0.00124	1	0	0.00105523	1	N	white	PF01429;
21892	estExt_fgenesh1_pg.C_chr_30654	-2315.450335	-2320.661583	10.422496	0.00124	1	0	0.001060484	1	N	dark	
7332	fgenesh1_pg.C_chr_7000715	-3103.920355	-3109.124339	10.407968	0.00125	1	0	0.001067268	1	N	dark	
10249	fgenesh1_pg.C_chr_15000239	-1517.862661	-1523.067763	10.410204	0.00125	1	0	0.001066771	1	N	dark	
36686	e_gw1.11a.78.1	-1011.436373	-1016.637561	10.402376	0.00126	1	0	0.001069709	1	N	white	PF04193;
37564	e_gw1.14.265.1	-538.77306	-543.96721	10.3883	0.00127	1	0	0.001077093	1	N	white	PF02966;
1132	fgenesh1_pg.C_chr_1000266	-2005.32038	-2010.508081	10.375402	0.00128	1	0	0.001083837	1	N	white	PF00022;
11575	fgenesh1_pg.C_chr_20000171	-2017.349409	-2022.523863	10.348908	0.0013	1	0	0.001098688	1	N	dark	
9170	fgenesh1_pg.C_chr_12000251	-453.017951	-458.180623	10.325344	0.00131	1	0	0.001111979	1	N	dark	
3779	fgenesh1_pg.C_chr_3000713	-1603.637495	-1608.794854	10.314718	0.00132	1	0	0.001117571	1	N	white	PF00334;
21973	estExt_fgenesh1_pg.C_chr_30807	-1264.293796	-1269.443379	10.299166	0.00133	1	0	0.001126193	1	N	white	PF01585;
5236	fgenesh1_pg.C_chr_5000278	-1639.985411	-1645.127465	10.284108	0.00134	1	0	0.001133742	1	N	white	PF05684;
6114	fgenesh1_pg.C_chr_6000269	-1080.116047	-1085.260713	10.289332	0.00134	1	0	0.001131373	1	N	white	PF09778;
22122	estExt_fgenesh1_pg.C_chr_40129	-2219.246675	-2224.366692	10.240034	0.00137	1	0	0.001160295	1	N	white	PF02373;
951	fgenesh1_pg.C_chr_1000085	-1447.509903	-1452.612525	10.205244	0.0014	1	0	0.001181516	1	N	dark	
10984	fgenesh1_pg.C_chr_18000227	-2210.583954	-2215.67897	10.190032	0.00141	1	0	0.001189546	1	N	dark	
24367	estExt_fgenesh1_pg.C_chr_11a0202	-2701.008808	-2706.106546	10.195476	0.00141	1	0	0.001186914	1	N	dark	
416	fgenesh1_pm.C_chr_4000057	-1393.033943	-1398.124982	10.182078	0.00142	1	0	0.001193808	1	N	white	PF00004;PF08542;
22409	estExt_fgenesh1_pg.C_chr_40701	-1145.85654	-1150.933529	10.153978	0.00144	1	0	0.001211249	1	N	dark	
20572	estExt_fgenesh1_pg.C_chr_10026	-1820.495584	-1825.563628	10.136088	0.00145	1	0	0.001219469	1	N	white	PF08777;
20663	estExt_fgenesh1_pg.C_chr_10231	-2436.509324	-2441.577543	10.136438	0.00145	1	0	0.001219469	1	N	white	PF01494;
21645	estExt_fgenesh1_pg.C_chr_30142	-4008.945658	-4014.019245	10.147174	0.00145	1	0	0.001214833	1	N	dark	
42740	estExt_gwp_gw1.C_chr_180058	-732.192624	-737.264558	10.143868	0.00145	1	0	0.001216119	1	N	white	PF00383;
262515	thaps1_ua_kg.chr_5000154	-1508.024841	-1513.075242	10.100802	0.00148	1	0	0.001242129	1	N	white	PF02487;
21943	estExt_fgenesh1_pg.C_chr_30753	-2908.016614	-2913.05635	10.079472	0.0015	1	0	0.001255669	1	N	dark	
21806	estExt_fgenesh1_pg.C_chr_30487	-2573.317564	-2578.351527	10.067926	0.00151	1	0	0.001262637	1	N	dark	
20659	estExt_fgenesh1_pg.C_chr_10223	-1610.588964	-1615.604131	10.030334	0.00154	1	0	0.001287724	1	N	dark	
4399	fgenesh1_pg.C_chr_4000349	-1475.853021	-1480.864752	10.023462	0.00155	1	0	0.001291371	1	N	white	PF13383;
24721	estExt_fgenesh1_pg.C_chr_130320	-668.502156	-673.513371	10.02243	0.00155	1	0	0.001291371	1	N	white	PF00226;
7740	fgenesh1_pg.C_chr_8000401	-730.90364	-735.897316	9.987352	0.00158	1	0	0.001315242	1	N	dark	
25446	estExt_fgenesh1_pg.C_chr_19a_190005	-1978.03137	-1983.017841	9.972942	0.00159	1	0	0.001324608	1	N	white	PF00481;
25802	estExt_fgenesh1_pg.C_chr_220301	-2797.103627	-2802.084086	9.960918	0.0016	1	0	0.001332314	1	N	dark	
5128	fgenesh1_pg.C_chr_5000170	-950.57614	-955.549753	9.947226	0.00161	1	0	0.001339341	1	N	dark	
11487	fgenesh1_pg.C_chr_20000083	-1411.263142	-1416.237332	9.94838	0.00161	1	0	0.001339341	1	N	white	PF05721;
22064	estExt_fgenesh1_pg.C_chr_40009	-1837.811455	-1842.78506	9.94721	0.00161	1	0	0.001339341	1	N	dark	
1201	fgenesh1_pg.C_chr_1000335	-1680.831354	-1685.800745	9.938782	0.00162	1	0	0.001344242	1	N	dark	
8845	fgenesh1_pg.C_chr_11a000231	-1373.034848	-1378.003752	9.937808	0.00162	1	0	0.001344242	1	N	dark	
23996	estExt_fgenesh1_pg.C_chr_90216	-1011.803713	-1016.768664	9.929902	0.00163	1	0	0.001349048	1	N	dark	
3811	fgenesh1_pg.C_chr_3000745	-2664.612006	-2669.56877	9.913528	0.00164	1	0	0.001358144	1	N	dark	
13149	gw1.6.76.1	-2504.824584	-2509.783635	9.918102	0.00164	1	0	0.00135674	1	N	white	PF00400;
21984	estExt_fgenesh1_pg.C_chr_30834	-2348.509096	-2353.466849	9.915506	0.00164	1	0	0.001357669	1	N	dark	
8256	fgenesh1_pg.C_chr_10000026	-968.918298	-973.869986	9.903376	0.00165	1	0	0.001364668	1	N	dark	
16695	gw1.19b.18.1	-694.991979	-699.935635	9.887312	0.00166	1	0	0.001374642	1	N	white	PF03398;
23212	estExt_fgenesh1_pg.C_chr_60522	-1343.658737	-1348.604465	9.891456	0.00166	1	0	0.001372542	1	N	white	PF00856;
38022	e_gw1.17.75.1	-1141.565709	-1146.507239	9.88306	0.00167	1	0	0.001376827	1	N	white	PF01218;
263321	thaps1_ua_kg.chr_7000278	-1613.330385	-1618.268695	9.87662	0.00167	1	0	0.001380657	1	N	white	PF07082;
6765	fgenesh1_pg.C_chr_7000148	-1742.445627	-1747.379256	9.867258	0.00168	1	0	0.001386699	1	N	white	PF00447;
23897	estExt_fgenesh1_pg.C_chr_90009	-3962.750369	-3967.681603	9.862468	0.00169	1	0	0.001389311	1	N	dark	
7310	fgenesh1_pg.C_chr_7000693	-1748.501149	-1753.420968	9.839638	0.00171	1	0	0.001404631	1	N	dark	
10232	fgenesh1_pg.C_chr_15000222	-1742.589433	-1747.508592	9.838318	0.00171	1	0	0.001404631	1	N	dark	
11436	fgenesh1_pg.C_chr_20000032	-670.893417	-675.81317	9.839506	0.00171	1	0	0.001404631	1	N	dark	
23201	estExt_fgenesh1_pg.C_chr_60500	-2112.623736	-2117.540608	9.833744	0.00171	1	0	0.001406445	1	N	white	PF03124;
261548	thaps1_ua_kg.chr_2000372	-1454.569164	-1459.485814	9.8333	0.00171	1	0	0.001406445	1	N	white	PF01080;
263381	thaps1_ua_kg.chr_8000057	-4159.418629	-4164.325668	9.814078	0.00173	1	0	0.001420201	1	N	white	PF02929;PF02836;PF02837;PF16353;
41636	estExt_gwp_gw1.C_chr_80290	-1849.089543	-1853.981384	9.783682	0.00176	1	0	0.0014418	1	N	white	PF00817;PF11799;
264258	thaps1_ua_kg.chr_14000165	-1179.679734	-1184.572782	9.786096	0.00176	1	0	0.001440941	1	N	white	PF00004;PF09336;
3118	fgenesh1_pg.C_chr_3000052	-1490.833975	-1495.71854	9.76913	0.00177	1	0	0.001451176	1	N	dark	
18624	gw1.8.285.1	-698.132402	-703.020334	9.775864	0.00177	1	0	0.001446906	1	N	white	PF04117;
3179	fgenesh1_pg.C_chr_3000113	-2990.921374	-2995.803758	9.764768	0.00178	1	0	0.001451506	1	N	white	PF00400;
8482	fgenesh1_pg.C_chr_10000252	-1005.2172	-1010.100866	9.767332	0.00178	1	0	0.001451506	1	N	dark	
25852	estExt_fgenesh1_pg.C_chr_230084	-2141.35948	-2146.242391	9.765822	0.00178	1	0	0.001451506	1	N	white	PF04258;
261601	thaps1_ua_kg.chr_2000425	-997.697045	-1002.575328	9.756566	0.00179	1	0	0.001456956	1	N	white	PF00041;
269422	estExt_thaps1_ua_kg.C_chr_90055	-2810.425247	-2815.299815	9.749136	0.00179	1	0	0.001461682	1	N	white	PF20946;PF12341;
25544	estExt_fgenesh1_pg.C_chr_19c_290042	-1161.037331	-1165.910671	9.74668	0.0018	1	0	0.001461682	1	N	white	PF13344;PF13242;
42283	estExt_gwp_gw1.C_chr_130225	-1005.71491	-1010.588709	9.747598	0.0018	1	0	0.001461682	1	N	white	PF00566;
1060	fgenesh1_pg.C_chr_1000194	-599.414866	-604.282384	9.735036	0.00181	1	0	0.001469924	1	N	white	PF04828;
25243	estExt_fgenesh1_pg.C_chr_170085	-1087.873911	-1092.737995	9.728168	0.00181	1	0	0.001474015	1	N	dark	
21611	estExt_fgenesh1_pg.C_chr_30068	-1711.437797	-1716.297125	9.718656	0.00182	1	0	0.001479922	1	N	white	PF08246;PF00112;
21927	estExt_fgenesh1_pg.C_chr_30728	-2293.08723	-2297.950886	9.727312	0.00182	1	0	0.001474015	1	N	white	PF03457;
24618	estExt_fgenesh1_pg.C_chr_130097	-8201.509688	-8206.36778	9.716184	0.00183	1	0	0.001480862	1	N	dark	
25156	estExt_fgenesh1_pg.C_chr_16a0140	-688.278213	-693.122827	9.689228	0.00185	1	0	0.001501679	1	N	dark	
3105	fgenesh1_pg.C_chr_3000039	-2726.391794	-2731.22544	9.667292	0.00188	1	0	0.001518638	1	N	white	PF03935;
1005	fgenesh1_pg.C_chr_1000139	-1344.419159	-1349.231159	9.624	0.00192	1	0	0.001553754	1	N	dark	
22712	estExt_fgenesh1_pg.C_chr_50416	-525.547398	-530.348767	9.602738	0.00194	1	0	0.001570735	1	N	white	PF00111;
2081	fgenesh1_pg.C_chr_2000036	-3217.682594	-3222.469037	9.572886	0.00197	1	0	0.001594225	1	N	dark	
5715	fgenesh1_pg.C_chr_5000757	-977.763753	-982.551424	9.575342	0.00197	1	0	0.00159322	1	N	white	PF13911;
11312	fgenesh1_pg.C_chr_19b_31000055	-2753.37469	-2758.15654	9.5637	0.00198	1	0	0.001599961	1	N	dark	
269975	estExt_thaps1_ua_kg.C_chr_19a_190016	-1782.038891	-1786.821362	9.564942	0.00198	1	0	0.001599961	1	N	white	PF02135;
7048	fgenesh1_pg.C_chr_7000431	-2126.805283	-2131.583344	9.556122	0.00199	1	0	0.001605447	1	N	white	PF03407;
8464	fgenesh1_pg.C_chr_10000234	-884.936752	-889.712076	9.550648	0.002	1	0	0.001609106	1	N	dark	
269437	estExt_thaps1_ua_kg.C_chr_90088	-2560.672342	-2565.444895	9.545106	0.002	1	0	0.001612835	1	N	dark	
26190	estExt_fgenesh1_pm.C_chr_40017	-1924.233904	-1928.998914	9.53002	0.00202	1	0	0.001625002	1	N	white	PF00464;
9199	fgenesh1_pg.C_chr_12000280	-2219.293829	-2224.053942	9.520226	0.00203	1	0	0.001631402	1	N	dark	
9375	fgenesh1_pg.C_chr_13000095	-1375.062224	-1379.821364	9.51828	0.00203	1	0	0.001631986	1	N	white	PF00447;
13551	gw1.3.141.1	-2338.855353	-2343.616018	9.52133	0.00203	1	0	0.001631402	1	N	white	PF00005;PF12848;
7023	fgenesh1_pg.C_chr_7000406	-465.441745	-470.19936	9.51523	0.00204	1	0	0.001633553	1	N	dark	
5263	fgenesh1_pg.C_chr_5000305	-1901.762815	-1906.510417	9.495204	0.00206	1	0	0.001650321	1	N	dark	
263770	thaps1_ua_kg.chr_11a000025	-565.255813	-570.002283	9.49294	0.00206	1	0	0.0016512	1	N	dark	
1725	fgenesh1_pg.C_chr_1000859	-2650.528126	-2655.268335	9.480418	0.00208	1	0	0.001661344	1	N	white	PF04072;
7270	fgenesh1_pg.C_chr_7000653	-2475.712796	-2480.450751	9.47591	0.00208	1	0	0.001664267	1	N	white	PF21473;
12161	fgenesh1_pg.C_chr_24000037	-820.126386	-824.863548	9.474324	0.00208	1	0	0.001664542	1	N	dark	
36476	e_gw1.10.142.1	-882.587657	-887.323033	9.470752	0.00209	1	0	0.00166662	1	N	white	PF00400;
3635	fgenesh1_pg.C_chr_3000569	-415.144729	-419.874073	9.458688	0.0021	1	0	0.001675275	1	N	dark	
262029	thaps1_ua_kg.chr_4000039	-217.159865	-221.889642	9.459554	0.0021	1	0	0.001675275	1	N	white	PF00887;
11168	fgenesh1_pg.C_chr_19a_19000111	-1940.579508	-1945.30702	9.455024	0.00211	1	0	0.001677454	1	N	dark	
25019	estExt_fgenesh1_pg.C_chr_150176	-1745.277478	-1749.996117	9.437278	0.00213	1	0	0.001692583	1	N	dark	
21220	estExt_fgenesh1_pg.C_chr_20262	-4215.388948	-4220.094217	9.410538	0.00216	1	0	0.001715055	1	N	white	PF02735;
28185	estExt_Genewise1.C_chr_50097	-1606.999024	-1611.704765	9.411482	0.00216	1	0	0.001715055	1	N	white	PF06325;PF22528;
5899	fgenesh1_pg.C_chr_6000054	-2478.011605	-2482.704137	9.385064	0.00219	1	0	0.001737841	1	N	dark	
1741	fgenesh1_pg.C_chr_1000875	-1132.421425	-1137.079589	9.316328	0.00227	1	0	0.00180175	1	N	dark	
10475	fgenesh1_pg.C_chr_16a000156	-1379.939527	-1384.597794	9.316534	0.00227	1	0	0.00180175	1	N	dark	
24323	estExt_fgenesh1_pg.C_chr_11a0108	-1561.887947	-1566.536603	9.297312	0.00229	1	0	0.001819285	1	N	white	PF01138;PF03725;
5713	fgenesh1_pg.C_chr_5000755	-967.649363	-972.297134	9.295542	0.0023	1	0	0.001819781	1	N	dark	
3387	fgenesh1_pg.C_chr_3000321	-906.813325	-911.455338	9.284026	0.00231	1	0	0.00182872	1	N	dark	
23341	estExt_fgenesh1_pg.C_chr_70051	-1014.136004	-1018.780221	9.288434	0.00231	1	0	0.001825589	1	N	dark	
263409	thaps1_ua_kg.chr_8000085	-660.672948	-665.296818	9.24774	0.00236	1	0	0.001864021	1	N	white	PF00425;
22056	estExt_fgenesh1_pg.C_chr_30971	-445.166101	-449.784526	9.23685	0.00237	1	0	0.001873843	1	N	dark	
21779	estExt_fgenesh1_pg.C_chr_30431	-3332.979322	-3337.595824	9.233004	0.00238	1	0	0.001876486	1	N	white	PF00076;
24227	estExt_fgenesh1_pg.C_chr_100299	-1937.116491	-1941.729092	9.225202	0.00239	1	0	0.001883197	1	N	white	PF05167;
3424	fgenesh1_pg.C_chr_3000358	-2368.605139	-2373.210963	9.211648	0.0024	1	0	0.001895881	1	N	dark	
2008	fgenesh1_pg.C_chr_1001142	-1541.427942	-1546.027526	9.199168	0.00242	1	0	0.001907534	1	N	dark	
264901	thaps1_ua_kg.chr_23000019	-2016.386937	-2020.982304	9.190734	0.00243	1	0	0.001915022	1	N	white	PF01593;
1173	fgenesh1_pg.C_chr_1000307	-1288.063106	-1292.647633	9.169054	0.00246	1	0	0.001936507	1	N	white	PF00447;
262593	thaps1_ua_kg.chr_5000232	-2202.045456	-2206.625015	9.159118	0.00247	1	0	0.001945709	1	N	dark	
2552	fgenesh1_pg.C_chr_2000507	-1503.33175	-1507.910084	9.156668	0.00248	1	0	0.001946976	1	N	white	PF01207;
4105	fgenesh1_pg.C_chr_4000055	-2782.778606	-2787.354729	9.152246	0.00248	1	0	0.001950346	1	N	white	PF00069;
10978	fgenesh1_pg.C_chr_18000221	-1374.876676	-1379.435484	9.117616	0.00253	1	0	0.001984885	1	N	dark	
25124	estExt_fgenesh1_pg.C_chr_16a0058	-781.528734	-786.088705	9.119942	0.00253	1	0	0.001983724	1	N	white	PF00076;
20750	estExt_fgenesh1_pg.C_chr_10404	-2083.844585	-2088.398975	9.10878	0.00254	1	0	0.001993128	1	N	dark	
10972	fgenesh1_pg.C_chr_18000215	-918.234576	-922.785204	9.101256	0.00255	1	0	0.001999971	1	N	white	PF08242;
4043	fgenesh1_pg.C_chr_3000977	-3185.765041	-3190.298076	9.06607	0.0026	1	0	0.002036881	1	N	white	PF05804;
6731	fgenesh1_pg.C_chr_7000114	-608.605394	-613.138048	9.065308	0.00261	1	0	0.002036881	1	N	dark	
268003	estExt_thaps1_ua_kg.C_chr_10153	-1159.956873	-1164.487005	9.060264	0.00261	1	0	0.00204111	1	N	dark	
11489	fgenesh1_pg.C_chr_20000085	-1705.00534	-1709.534387	9.058094	0.00262	1	0	0.002042137	1	N	dark	
4330	fgenesh1_pg.C_chr_4000280	-935.23245	-939.757266	9.049632	0.00263	1	0	0.002050209	1	N	white	PF10013;
21590	estExt_fgenesh1_pg.C_chr_30018	-2839.135952	-2843.658114	9.044324	0.00264	1	0	0.002054766	1	N	dark	
18090	gw1.8.259.1	-700.430095	-704.941311	9.022432	0.00267	1	0	0.002078103	1	N	white	PF00085;
4745	fgenesh1_pg.C_chr_4000695	-1770.878425	-1775.386156	9.015462	0.00268	1	0	0.00208462	1	N	white	PF13650;
10796	fgenesh1_pg.C_chr_18000039	-918.938632	-923.443987	9.01071	0.00268	1	0	0.002088623	1	N	dark	
4256	fgenesh1_pg.C_chr_4000206	-1304.635127	-1309.128481	8.986708	0.00272	1	0	0.002114795	1	N	dark	
1615	fgenesh1_pg.C_chr_1000749	-3100.764222	-3105.249954	8.971464	0.00274	1	0	0.002131062	1	N	white	PF05764;PF08265;
24587	estExt_fgenesh1_pg.C_chr_130035	-2108.224046	-2112.705909	8.963726	0.00275	1	0	0.002138652	1	N	white	PF00742;
2171	fgenesh1_pg.C_chr_2000126	-1153.449772	-1157.927436	8.955328	0.00277	1	0	0.002147045	1	N	white	PF13499;
5632	fgenesh1_pg.C_chr_5000674	-2373.821316	-2378.297767	8.952902	0.00277	1	0	0.002148439	1	N	white	PF08241;
6291	fgenesh1_pg.C_chr_6000446	-1787.746046	-1792.21828	8.944468	0.00278	1	0	0.002156917	1	N	white	PF02678;PF05726;
7719	fgenesh1_pg.C_chr_8000380	-643.203901	-647.666238	8.924674	0.00281	1	0	0.00217894	1	N	white	PF04073;
2455	fgenesh1_pg.C_chr_2000410	-1819.860969	-1824.3217	8.921462	0.00282	1	0	0.002181297	1	N	dark	
5414	fgenesh1_pg.C_chr_5000456	-2551.5435	-2556.000905	8.91481	0.00283	1	0	0.002187774	1	N	dark	
10321	fgenesh1_pg.C_chr_16a000002	-823.314112	-827.768291	8.908358	0.00284	1	0	0.002194032	1	N	dark	
9892	fgenesh1_pg.C_chr_14000237	-2545.345897	-2549.778745	8.865696	0.00291	1	0	0.002244383	1	N	dark	
22739	estExt_fgenesh1_pg.C_chr_50482	-2342.935607	-2347.364622	8.85803	0.00292	1	0	0.002250785	1	N	white	PF04438;
23649	estExt_fgenesh1_pg.C_chr_80007	-1406.981118	-1411.410168	8.8581	0.00292	1	0	0.002250785	1	N	white	PF08718;
37920	e_gw1.17.130.1	-689.985346	-694.409359	8.848026	0.00293	1	0	0.002261628	1	N	white	PF00160;
11377	fgenesh1_pg.C_chr_19c_29000063	-2542.698456	-2547.117066	8.83722	0.00295	1	0	0.002273524	1	N	white	PF07059;
21747	estExt_fgenesh1_pg.C_chr_30361	-3021.976778	-3026.392129	8.830702	0.00296	1	0	0.002280121	1	N	dark	
4603	fgenesh1_pg.C_chr_4000553	-1416.513812	-1420.919492	8.81136	0.00299	1	0	0.002301317	1	N	white	PF07970;PF13850;
261716	thaps1_ua_kg.chr_3000094	-1817.498544	-1821.904944	8.8128	0.00299	1	0	0.00230105	1	N	white	PF13851;
8564	fgenesh1_pg.C_chr_10000334	-2022.158858	-2026.561313	8.80491	0.003	1	0	0.002306907	1	N	dark	
33055	e_gw1.3.365.1	-1083.461378	-1087.863618	8.80448	0.003	1	0	0.002306907	1	N	white	PF03807;PF26213;
42660	estExt_gwp_gw1.C_chr_170074	-1418.140753	-1422.537667	8.793828	0.00302	1	0	0.002318857	1	N	white	PF12697;
9722	fgenesh1_pg.C_chr_14000067	-448.884924	-453.268001	8.766154	0.00307	1	0	0.002352725	1	N	dark	
6265	fgenesh1_pg.C_chr_6000420	-1742.396573	-1746.775359	8.757572	0.00308	1	0	0.002360652	1	N	dark	
11231	fgenesh1_pg.C_chr_19a_19000174	-1246.227517	-1250.608115	8.761196	0.00308	1	0	0.002357547	1	N	dark	
960	fgenesh1_pg.C_chr_1000094	-1416.686427	-1421.036456	8.700058	0.00318	1	0	0.002433043	1	N	dark	
1778	fgenesh1_pg.C_chr_1000912	-4047.908188	-4052.260236	8.704096	0.00318	1	0	0.002429285	1	N	white	PF13857;
7435	fgenesh1_pg.C_chr_8000096	-1933.988383	-1938.335562	8.694358	0.00319	1	0	0.002439031	1	N	white	PF01501;
2068	fgenesh1_pg.C_chr_2000023	-2194.688915	-2199.03276	8.68769	0.0032	1	0	0.002446334	1	N	dark	
24850	estExt_fgenesh1_pg.C_chr_140181	-2298.655663	-2302.997036	8.682746	0.00321	1	0	0.00245134	1	N	dark	
5155	fgenesh1_pg.C_chr_5000197	-1582.483821	-1586.823947	8.680252	0.00322	1	0	0.002453058	1	N	dark	
1135	fgenesh1_pg.C_chr_1000269	-804.22181	-808.556921	8.670222	0.00323	1	0	0.002464951	1	N	white	PF01124;
1960	fgenesh1_pg.C_chr_1001094	-2208.79187	-2213.123321	8.662902	0.00325	1	0	0.002473222	1	N	white	PF00635;
9633	fgenesh1_pg.C_chr_13000353	-709.52979	-713.857884	8.656188	0.00326	1	0	0.002480698	1	N	dark	
12089	fgenesh1_pg.C_chr_23000117	-1591.460993	-1595.786857	8.651728	0.00327	1	0	0.002485122	1	N	white	PF09353;
22967	estExt_fgenesh1_pg.C_chr_60063	-3557.366047	-3561.68083	8.629566	0.00331	1	0	0.002513864	1	N	white	PF00169;
8999	fgenesh1_pg.C_chr_12000080	-1726.428883	-1730.737692	8.617618	0.00333	1	0	0.002528724	1	N	dark	
32154	e_gw1.2.679.1	-597.737242	-602.031694	8.588904	0.00338	1	0	0.002567201	1	N	white	PF00707;PF05198;
21559	estExt_fgenesh1_pg.C_chr_20958	-3789.760021	-3794.048458	8.576874	0.0034	1	0	0.002582502	1	N	dark	
10695	fgenesh1_pg.C_chr_17000158	-765.195038	-769.47277	8.555464	0.00344	1	0	0.002609585	1	N	white	PF01878;
263123	thaps1_ua_kg.chr_7000080	-597.870122	-602.148522	8.5568	0.00344	1	0	0.002609401	1	N	white	PF00615;
8737	fgenesh1_pg.C_chr_11a000123	-1173.352926	-1177.628719	8.551586	0.00345	1	0	0.002613417	1	N	white	PF00254;
12090	fgenesh1_pg.C_chr_23000118	-684.161951	-688.432823	8.541744	0.00347	1	0	0.002625845	1	N	dark	
10391	fgenesh1_pg.C_chr_16a000072	-1669.486731	-1673.756286	8.53911	0.00348	1	0	0.002627908	1	N	white	PF24785;
22907	estExt_fgenesh1_pg.C_chr_50801	-3212.031033	-3216.289114	8.516162	0.00352	1	0	0.002659492	1	N	dark	
269826	estExt_thaps1_ua_kg.C_chr_150037	-1515.642269	-1519.897736	8.510934	0.00353	1	0	0.00266538	1	N	white	PF00134;
25463	estExt_fgenesh1_pg.C_chr_19a_190064	-1057.920857	-1062.17176	8.501806	0.00355	1	0	0.002675249	1	N	dark	
263374	thaps1_ua_kg.chr_8000050	-1057.184164	-1061.435827	8.503326	0.00355	1	0	0.00267478	1	N	white	PF00480;
7917	fgenesh1_pg.C_chr_9000085	-1350.785115	-1355.011561	8.452892	0.00364	1	0	0.002744534	1	N	white	PF06888;
21847	estExt_fgenesh1_pg.C_chr_30573	-2597.782265	-2602.010732	8.456934	0.00364	1	0	0.002740249	1	N	white	PF01593;
37819	e_gw1.16a.61.1	-719.084392	-723.307491	8.446198	0.00366	1	0	0.00275284	1	N	white	PF05871;
1761	fgenesh1_pg.C_chr_1000895	-1158.859198	-1163.078963	8.43953	0.00367	1	0	0.002761133	1	N	white	PF07386;
42326	estExt_gwp_gw1.C_chr_140049	-2372.846768	-2377.054017	8.414498	0.00372	1	0	0.002797567	1	N	white	PF01704;
8031	fgenesh1_pg.C_chr_9000199	-1289.208739	-1293.404302	8.391126	0.00377	1	0	0.002831903	1	N	white	PF06267;
2116	fgenesh1_pg.C_chr_2000071	-1734.878513	-1739.070962	8.384898	0.00378	1	0	0.002836029	1	N	white	PF07059;
21799	estExt_fgenesh1_pg.C_chr_30468	-3118.998518	-3123.191093	8.38515	0.00378	1	0	0.002836029	1	N	dark	
25874	estExt_fgenesh1_pg.C_chr_230137	-4064.50584	-4068.69957	8.38746	0.00378	1	0	0.002835756	1	N	dark	
9657	fgenesh1_pg.C_chr_14000002	-550.144776	-554.329435	8.369318	0.00382	1	0	0.00285857	1	N	dark	
269258	estExt_thaps1_ua_kg.C_chr_70166	-2235.687545	-2239.864739	8.354388	0.00385	1	0	0.002880264	1	N	dark	
3577	fgenesh1_pg.C_chr_3000511	-1114.181724	-1118.351288	8.339128	0.00388	1	0	0.002902655	1	N	dark	
11011	fgenesh1_pg.C_chr_18000254	-3371.635835	-3375.789358	8.307046	0.00395	1	0	0.002952442	1	N	white	PF00145;
3398	fgenesh1_pg.C_chr_3000332	-1853.697115	-1857.848317	8.302404	0.00396	1	0	0.002956129	1	N	white	PF00383;
9060	fgenesh1_pg.C_chr_12000141	-547.308178	-551.459425	8.302494	0.00396	1	0	0.002956129	1	N	dark	
10761	fgenesh1_pg.C_chr_18000004	-2608.722024	-2612.870417	8.296786	0.00397	1	0	0.00296335	1	N	white	PF00447;
9012	fgenesh1_pg.C_chr_12000093	-1535.392841	-1539.535887	8.286092	0.004	1	0	0.002978907	1	N	dark	
22722	estExt_fgenesh1_pg.C_chr_50442	-896.554344	-900.687773	8.266858	0.00404	1	0	0.003008667	1	N	white	PF09430;
22284	estExt_fgenesh1_pg.C_chr_40448	-2904.91581	-2909.044952	8.258284	0.00406	1	0	0.00302094	1	N	white	PF05026;PF00293;
7550	fgenesh1_pg.C_chr_8000211	-1179.730877	-1183.857739	8.253724	0.00407	1	0	0.003026564	1	N	white	PF00383;
5588	fgenesh1_pg.C_chr_5000630	-842.642519	-846.766114	8.24719	0.00408	1	0	0.003035501	1	N	dark	
15950	gw1.17.86.1	-1199.233356	-1203.346526	8.22634	0.00413	1	0	0.00306658	1	N	white	PF04258;
24508	estExt_fgenesh1_pg.C_chr_120206	-3195.69988	-3199.812231	8.224702	0.00413	1	0	0.003067354	1	N	white	PF23106;PF24681;
32029	e_gw1.2.393.1	-1293.825321	-1297.938502	8.226362	0.00413	1	0	0.00306658	1	N	white	PF08241;PF08498;
4082	fgenesh1_pg.C_chr_4000032	-1960.603363	-1964.706667	8.206608	0.00417	1	0	0.003095764	1	N	dark	
3788	fgenesh1_pg.C_chr_3000722	-1436.014131	-1440.11507	8.201878	0.00418	1	0	0.003100136	1	N	white	PF13383;
24893	estExt_fgenesh1_pg.C_chr_140258	-5029.303429	-5033.406237	8.205616	0.00418	1	0	0.003095764	1	N	white	PF01535;
1365	fgenesh1_pg.C_chr_1000499	-1406.978899	-1411.076088	8.194378	0.0042	1	0	0.003110961	1	N	dark	
24307	estExt_fgenesh1_pg.C_chr_11a0069	-1160.426273	-1164.518565	8.184584	0.00422	1	0	0.003125776	1	N	dark	
8502	fgenesh1_pg.C_chr_10000272	-573.922392	-578.006216	8.167648	0.00426	1	0	0.003151015	1	N	dark	
263580	thaps1_ua_kg.chr_9000108	-1396.149965	-1400.235445	8.17096	0.00426	1	0	0.003147302	1	N	white	PF00313;
23780	estExt_fgenesh1_pg.C_chr_80280	-4008.585836	-4012.668434	8.165196	0.00427	1	0	0.003153238	1	N	white	PF00520;
7876	fgenesh1_pg.C_chr_9000044	-8814.758916	-8818.837178	8.156524	0.00429	1	0	0.003166305	1	N	dark	
20946	estExt_fgenesh1_pg.C_chr_10811	-1072.386927	-1076.463188	8.152522	0.0043	1	0	0.003171251	1	N	white	PF12796;
20966	estExt_fgenesh1_pg.C_chr_10847	-1321.090011	-1325.165368	8.150714	0.0043	1	0	0.003172366	1	N	white	PF08547;
23361	estExt_fgenesh1_pg.C_chr_70107	-3739.173759	-3743.236469	8.12542	0.00436	1	0	0.003214856	1	N	white	PF00226;
5557	fgenesh1_pg.C_chr_5000599	-2583.198128	-2587.256136	8.116016	0.00439	1	0	0.003229494	1	N	white	PF01207;
24882	estExt_fgenesh1_pg.C_chr_140239	-1217.175169	-1221.229049	8.10776	0.00441	1	0	0.003242146	1	N	dark	
22841	estExt_fgenesh1_pg.C_chr_50669	-2521.03782	-2525.074707	8.073774	0.00449	1	0	0.003301391	1	N	white	PF13896;
35342	e_gw1.7.6.1	-9614.202512	-9618.238639	8.072254	0.00449	1	0	0.003302037	1	N	white	PF12774;PF12775;PF12780;PF12781;PF17857;PF08393;PF17852;PF12777;
3186	fgenesh1_pg.C_chr_3000120	-1493.100598	-1497.117517	8.033838	0.00459	1	0	0.003370635	1	N	dark	
9329	fgenesh1_pg.C_chr_13000049	-944.907316	-948.921815	8.028998	0.0046	1	0	0.003376628	1	N	dark	
23734	estExt_fgenesh1_pg.C_chr_80186	-2533.769406	-2537.783553	8.028294	0.00461	1	0	0.003376628	1	N	dark	
2855	fgenesh1_pg.C_chr_2000810	-1160.427645	-1164.432662	8.010034	0.00465	1	0	0.003408657	1	N	dark	
4629	fgenesh1_pg.C_chr_4000579	-707.459197	-711.46195	8.005506	0.00466	1	0	0.003415	1	N	dark	
39913	estExt_gwp_gw1.C_chr_30329	-1178.273121	-1182.274595	8.002948	0.00467	1	0	0.003417638	1	N	white	PF04733;
12147	fgenesh1_pg.C_chr_24000023	-566.082492	-570.063643	7.962302	0.00478	1	0	0.003492999	1	N	dark	
4948	fgenesh1_pg.C_chr_4000898	-1859.506603	-1863.483232	7.953258	0.0048	1	0	0.003508251	1	N	dark	
24358	estExt_fgenesh1_pg.C_chr_11a0184	-4208.699824	-4212.675143	7.950638	0.00481	1	0	0.003511087	1	N	white	PF08373;PF26188;
8280	fgenesh1_pg.C_chr_10000050	-1024.888671	-1028.860926	7.94451	0.00482	1	0	0.003520745	1	N	dark	
25517	estExt_fgenesh1_pg.C_chr_19b_310040	-2401.300953	-2405.268683	7.93546	0.00485	1	0	0.003536137	1	N	white	PF00856;
33056	e_gw1.3.357.1	-1502.937135	-1506.903717	7.933164	0.00485	1	0	0.003538367	1	N	white	PF00153;
5850	fgenesh1_pg.C_chr_6000005	-987.414279	-991.37858	7.928602	0.00487	1	0	0.003545037	1	N	dark	
25426	estExt_fgenesh1_pg.C_chr_180264	-2390.442314	-2394.403682	7.922736	0.00488	1	0	0.003554282	1	N	dark	
37137	e_gw1.13.210.1	-355.783874	-359.729472	7.891196	0.00497	1	0	0.003614492	1	N	white	PF01381;PF08523;
33497	e_gw1.4.429.1	-1280.482939	-1284.426793	7.887708	0.00498	1	0	0.003619165	1	N	white	PF01875;
29166	estExt_Genewise1.C_chr_80164	-2414.409237	-2418.348957	7.87944	0.005	1	0	0.003633435	1	N	white	PF05577;
24079	estExt_fgenesh1_pg.C_chr_90369	-5529.953416	-5533.883248	7.859664	0.00506	1	0	0.003671055	1	N	dark	
6211	fgenesh1_pg.C_chr_6000366	-1036.093738	-1040.018037	7.848598	0.00509	1	0	0.003688903	1	N	white	PF02984;PF00134;
11106	fgenesh1_pg.C_chr_19a_19000049	-4622.779829	-4626.704146	7.848634	0.00509	1	0	0.003688903	1	N	dark	
5116	fgenesh1_pg.C_chr_5000158	-973.575491	-977.493846	7.83671	0.00512	1	0	0.003710886	1	N	dark	
3866	fgenesh1_pg.C_chr_3000800	-2231.143311	-2235.054289	7.821956	0.00516	1	0	0.00373879	1	N	dark	
2033	fgenesh1_pg.C_chr_1001167	-1837.362922	-1841.272409	7.818974	0.00517	1	0	0.00373879	1	N	dark	
2273	fgenesh1_pg.C_chr_2000228	-2546.709657	-2550.619939	7.820564	0.00517	1	0	0.00373879	1	N	white	PF10250;
6680	fgenesh1_pg.C_chr_7000063	-1559.29559	-1563.204884	7.818588	0.00517	1	0	0.00373879	1	N	dark	
261678	thaps1_ua_kg.chr_3000056	-1089.244801	-1093.147034	7.804466	0.00521	1	0	0.003765738	1	N	white	PF00211;
1814	fgenesh1_pg.C_chr_1000948	-424.519576	-428.413116	7.78708	0.00526	1	0	0.003799744	1	N	dark	
22666	estExt_fgenesh1_pg.C_chr_50310	-2059.978009	-2063.861506	7.766994	0.00532	1	0	0.003839801	1	N	dark	
262000	thaps1_ua_kg.chr_4000010	-716.594334	-720.460901	7.733134	0.00542	1	0	0.003910003	1	N	dark	
2022	fgenesh1_pg.C_chr_1001156	-2277.865771	-2281.725294	7.719046	0.00546	1	0	0.003938145	1	N	white	PF03457;
9431	fgenesh1_pg.C_chr_13000151	-2036.141648	-2039.998563	7.71383	0.00548	1	0	0.00394705	1	N	white	PF04187;
2906	fgenesh1_pg.C_chr_2000861	-1627.1467	-1630.996047	7.698694	0.00553	1	0	0.003977778	1	N	dark	
24830	estExt_fgenesh1_pg.C_chr_140150	-1968.160047	-1972.008748	7.697402	0.00553	1	0	0.00397812	1	N	white	PF01042;
1118	fgenesh1_pg.C_chr_1000252	-1672.017271	-1675.864138	7.693734	0.00554	1	0	0.003983703	1	N	dark	
3815	fgenesh1_pg.C_chr_3000749	-815.627195	-819.467418	7.680446	0.00558	1	0	0.004010619	1	N	white	PF00504;
270013	estExt_thaps1_ua_kg.C_chr_200009	-2909.920668	-2913.759118	7.6769	0.00559	1	0	0.004015982	1	N	white	PF00476;PF01612;
37923	e_gw1.17.159.1	-310.694049	-314.531708	7.675318	0.0056	1	0	0.00401698	1	N	white	PF00226;
20887	estExt_fgenesh1_pg.C_chr_10690	-4430.547831	-4434.375089	7.654516	0.00566	1	0	0.004061009	1	N	white	PF00076;
1355	fgenesh1_pg.C_chr_1000489	-690.992824	-694.818518	7.651388	0.00567	1	0	0.004065505	1	N	dark	
1820	fgenesh1_pg.C_chr_1000954	-2572.683654	-2576.504145	7.640982	0.00571	1	0	0.004086461	1	N	white	PF00856;
9420	fgenesh1_pg.C_chr_13000140	-1881.495451	-1885.3114	7.631898	0.00573	1	0	0.00410452	1	N	dark	
4654	fgenesh1_pg.C_chr_4000604	-484.479578	-488.29397	7.628784	0.00574	1	0	0.004109039	1	N	dark	
22531	estExt_fgenesh1_pg.C_chr_50038	-800.255222	-804.068049	7.625654	0.00575	1	0	0.0041136	1	N	dark	
9852	fgenesh1_pg.C_chr_14000197	-702.74837	-706.555077	7.613414	0.00579	1	0	0.004139025	1	N	white	PF04573;
22375	estExt_fgenesh1_pg.C_chr_40623	-1819.691773	-1823.491965	7.600384	0.00584	1	0	0.004166437	1	N	dark	
7547	fgenesh1_pg.C_chr_8000208	-1818.436661	-1822.235023	7.596724	0.00585	1	0	0.004172296	1	N	dark	
1000	fgenesh1_pg.C_chr_1000134	-1637.729882	-1641.521387	7.58301	0.00589	1	0	0.004198911	1	N	dark	
31375	e_gw1.1.757.1	-457.337897	-461.129589	7.583384	0.00589	1	0	0.004198911	1	N	white	PF11969;
38187	e_gw1.18.83.1	-588.405545	-592.193755	7.57642	0.00591	1	0	0.004211662	1	N	white	PF00656;
942	fgenesh1_pg.C_chr_1000076	-1003.780967	-1007.56233	7.562726	0.00596	1	0	0.004241139	1	N	dark	
17707	gw1.7.342.1	-1052.698649	-1056.4754	7.553502	0.00599	1	0	0.004260249	1	N	white	PF13460;
1056	fgenesh1_pg.C_chr_1000190	-698.374823	-702.150702	7.551758	0.006	1	0	0.00426172	1	N	dark	
23393	estExt_fgenesh1_pg.C_chr_70174	-1120.001862	-1123.775835	7.547946	0.00601	1	0	0.004268089	1	N	dark	
7469	fgenesh1_pg.C_chr_8000130	-1054.343817	-1058.112457	7.53728	0.00604	1	0	0.004288096	1	N	dark	
23720	estExt_fgenesh1_pg.C_chr_80159	-1494.321955	-1498.091327	7.538744	0.00604	1	0	0.004287275	1	N	dark	
11688	fgenesh1_pg.C_chr_22000033	-2243.717824	-2247.482707	7.529766	0.00607	1	0	0.004303344	1	N	white	PF24646;
3756	fgenesh1_pg.C_chr_3000690	-2144.100684	-2147.864139	7.52691	0.00608	1	0	0.004307498	1	N	white	PF12832;
8375	fgenesh1_pg.C_chr_10000145	-607.603247	-611.365262	7.52403	0.00609	1	0	0.004311715	1	N	dark	
34620	e_gw1.6.270.1	-1576.732065	-1580.492626	7.521122	0.0061	1	0	0.004316005	1	N	white	PF00787;PF09325;
7336	fgenesh1_pg.C_chr_7000719	-666.580955	-670.332413	7.502916	0.00616	1	0	0.004357152	1	N	dark	
11025	fgenesh1_pg.C_chr_18000268	-813.957078	-817.707365	7.500574	0.00617	1	0	0.004360122	1	N	white	PF00650;
6698	fgenesh1_pg.C_chr_7000081	-1461.971087	-1465.711484	7.480794	0.00624	1	0	0.004405552	1	N	dark	
4575	fgenesh1_pg.C_chr_4000525	-1119.243213	-1122.972076	7.457726	0.00632	1	0	0.004459607	1	N	dark	
993	fgenesh1_pg.C_chr_1000127	-6901.180977	-6904.908332	7.45471	0.00633	1	0	0.004461704	1	N	white	PF08082;PF08083;PF10598;
21139	estExt_fgenesh1_pg.C_chr_20112	-548.453767	-552.181095	7.454656	0.00633	1	0	0.004461704	1	N	dark	
38788	e_gw1.23.120.1	-213.866641	-217.587181	7.44108	0.00638	1	0	0.004492711	1	N	white	PF01363;
20686	estExt_fgenesh1_pg.C_chr_10272	-1964.716849	-1968.41968	7.405662	0.0065	1	0	0.004579195	1	N	white	PF08911;PF00638;
263053	thaps1_ua_kg.chr_7000010	-790.650212	-794.351606	7.402788	0.00651	1	0	0.004583691	1	N	white	PF00650;
27811	estExt_Genewise1.C_chr_40179	-1581.369652	-1585.069365	7.399426	0.00652	1	0	0.004587638	1	N	white	PF00155;
8776	fgenesh1_pg.C_chr_11a000162	-1331.027729	-1334.727241	7.399024	0.00653	1	0	0.004587638	1	N	white	PF10294;
7188	fgenesh1_pg.C_chr_7000571	-3399.483155	-3403.159772	7.353234	0.00669	1	0	0.004700163	1	N	white	PF00069;
24797	estExt_fgenesh1_pg.C_chr_140095	-3316.922451	-3320.599374	7.353846	0.00669	1	0	0.004700163	1	N	dark	
23417	estExt_fgenesh1_pg.C_chr_70235	-1497.452397	-1501.118556	7.332318	0.00677	1	0	0.004752249	1	N	white	PF03253;
11823	fgenesh1_pg.C_chr_22000168	-1251.552072	-1255.211387	7.31863	0.00682	1	0	0.004785639	1	N	white	PF12796;
1818	fgenesh1_pg.C_chr_1000952	-920.179574	-923.83679	7.314432	0.00684	1	0	0.004793889	1	N	dark	
23618	estExt_fgenesh1_pg.C_chr_70655	-2935.890083	-2939.545871	7.311576	0.00685	1	0	0.004798569	1	N	white	PF13639;
10919	fgenesh1_pg.C_chr_18000162	-3903.388318	-3907.034662	7.292688	0.00692	1	0	0.004846307	1	N	dark	
8258	fgenesh1_pg.C_chr_10000028	-6818.957117	-6822.594707	7.27518	0.00699	1	0	0.004890774	1	N	white	PF00211;PF00233;
22128	estExt_fgenesh1_pg.C_chr_40147	-3384.856702	-3388.482728	7.252052	0.00708	1	0	0.004951131	1	N	white	PF02141;PF01417;
4338	fgenesh1_pg.C_chr_4000288	-2714.71752	-2718.338891	7.242742	0.00712	1	0	0.004973824	1	N	dark	
20962	estExt_fgenesh1_pg.C_chr_10841	-1718.300079	-1721.92042	7.240682	0.00713	1	0	0.00497649	1	N	white	PF24906;
264061	thaps1_ua_kg.chr_13000109	-607.751068	-611.369261	7.236386	0.00714	1	0	0.004985365	1	N	white	PF00782;
268581	estExt_thaps1_ua_kg.C_chr_30365	-979.534833	-983.149331	7.228996	0.00717	1	0	0.00500097	1	N	white	PF24906;
4971	fgenesh1_pg.C_chr_5000013	-3995.109207	-3998.722951	7.227488	0.00718	1	0	0.00500097	1	N	white	PF11618;
23674	estExt_fgenesh1_pg.C_chr_80071	-2523.160748	-2526.774544	7.227592	0.00718	1	0	0.00500097	1	N	white	PF20710;
21070	estExt_fgenesh1_pg.C_chr_11101	-2440.219693	-2443.831717	7.224048	0.00719	1	0	0.005007509	1	N	white	PF00160;
23550	estExt_fgenesh1_pg.C_chr_70538	-1513.250919	-1516.857543	7.213248	0.00724	1	0	0.005034661	1	N	white	PF13649;
795	fgenesh1_pm.C_chr_17000012	-1344.600372	-1348.201348	7.201952	0.00728	1	0	0.005063365	1	N	white	PF00676;
34738	e_gw1.6.645.1	-195.758387	-199.356696	7.196618	0.0073	1	0	0.005075011	1	N	white	PF13087;
11633	fgenesh1_pg.C_chr_20000229	-761.257453	-764.855276	7.195646	0.00731	1	0	0.005075011	1	N	dark	
4276	fgenesh1_pg.C_chr_4000226	-1214.511	-1218.104486	7.186972	0.00734	1	0	0.005096504	1	N	dark	
13572	gw1.12.44.1	-2173.743388	-2177.336007	7.185238	0.00735	1	0	0.005098334	1	N	white	PF19303;PF09334;
261895	thaps1_ua_kg.chr_3000273	-1065.074082	-1068.658779	7.169394	0.00742	1	0	0.005140437	1	N	white	PF00704;
1357	fgenesh1_pg.C_chr_1000491	-1130.142133	-1133.719151	7.154036	0.00748	1	0	0.005181494	1	N	white	PF00254;
2679	fgenesh1_pg.C_chr_2000634	-1574.844408	-1578.413155	7.137494	0.00755	1	0	0.00522634	1	N	dark	
7743	fgenesh1_pg.C_chr_8000404	-793.903598	-797.468098	7.129	0.00758	1	0	0.005247975	1	N	dark	
22599	estExt_fgenesh1_pg.C_chr_50172	-1618.218818	-1621.778893	7.12015	0.00762	1	0	0.005270751	1	N	dark	
21914	estExt_fgenesh1_pg.C_chr_30696	-1387.44557	-1390.999539	7.107938	0.00767	1	0	0.005303568	1	N	dark	
25637	estExt_fgenesh1_pg.C_chr_200143	-378.085742	-381.636534	7.101584	0.0077	1	0	0.005319183	1	N	dark	
35408	e_gw1.7.357.1	-862.826354	-866.375574	7.09844	0.00772	1	0	0.005325302	1	N	white	PF13489;
20633	estExt_fgenesh1_pg.C_chr_10166	-2286.297694	-2289.837235	7.079082	0.0078	1	0	0.005379886	1	N	white	PF01490;
268966	estExt_thaps1_ua_kg.C_chr_50291	-1728.361817	-1731.892178	7.060722	0.00788	1	0	0.005432019	1	N	white	PF00704;
1645	fgenesh1_pg.C_chr_1000779	-648.467411	-651.989141	7.04346	0.00796	1	0	0.00548131	1	N	white	PF01754;
8138	fgenesh1_pg.C_chr_9000306	-1007.229691	-1010.748945	7.038508	0.00798	1	0	0.005493172	1	N	dark	
25059	estExt_fgenesh1_pg.C_chr_150249	-2568.721322	-2572.238838	7.035032	0.00799	1	0	0.005500529	1	N	white	PF01593;
34559	e_gw1.5.292.1	-1078.997312	-1082.494697	6.99477	0.00817	1	0	0.005622234	1	N	white	PF00069;
10460	fgenesh1_pg.C_chr_16a000141	-557.679717	-561.17248	6.985526	0.00822	1	0	0.005647946	1	N	dark	
23044	estExt_fgenesh1_pg.C_chr_60208	-3791.260984	-3794.746142	6.970316	0.00829	1	0	0.005692727	1	N	dark	
5909	fgenesh1_pg.C_chr_6000064	-2016.007969	-2019.486648	6.957358	0.00835	1	0	0.005730658	1	N	white	PF00447;
2600	fgenesh1_pg.C_chr_2000555	-2189.853763	-2193.330096	6.952666	0.00837	1	0	0.005742256	1	N	dark	
22521	estExt_fgenesh1_pg.C_chr_50025	-2492.807181	-2496.277213	6.940064	0.00843	1	0	0.00577938	1	N	dark	
1882	fgenesh1_pg.C_chr_1001016	-3295.992317	-3299.459666	6.934698	0.00845	1	0	0.005793267	1	N	white	PF00733;
1385	fgenesh1_pg.C_chr_1000519	-1705.067724	-1708.532451	6.929454	0.00848	1	0	0.005806794	1	N	white	PF13593;
262535	thaps1_ua_kg.chr_5000174	-3887.973095	-3891.437147	6.928104	0.00849	1	0	0.005807697	1	N	white	PF13374;PF13424;PF13181;
25478	estExt_fgenesh1_pg.C_chr_19a_190104	-2579.465011	-2582.923309	6.916596	0.00854	1	0	0.005841691	1	N	white	PF16983;
261746	thaps1_ua_kg.chr_3000124	-1549.624998	-1553.061091	6.872186	0.00875	1	0	0.005985048	1	N	white	PF00849;
268793	estExt_thaps1_ua_kg.C_chr_40355	-2445.561733	-2448.99467	6.865874	0.00879	1	0	0.006002632	1	N	white	PF00909;
269169	estExt_thaps1_ua_kg.C_chr_60323	-2704.233849	-2707.663687	6.859676	0.00882	1	0	0.006019888	1	N	white	PF02138;PF25400;
20715	estExt_fgenesh1_pg.C_chr_10342	-2001.643241	-2005.068644	6.850806	0.00886	1	0	0.006046233	1	N	white	PF04777;
36929	e_gw1.12.134.1	-1252.912199	-1256.33438	6.844362	0.00889	1	0	0.006064459	1	N	white	PF00013;
20740	estExt_fgenesh1_pg.C_chr_10392	-820.59797	-824.016288	6.836636	0.00893	1	0	0.00608711	1	N	dark	
8235	fgenesh1_pg.C_chr_10000005	-3276.927948	-3280.342984	6.830072	0.00896	1	0	0.006105876	1	N	dark	
4551	fgenesh1_pg.C_chr_4000501	-2550.630602	-2554.040641	6.820078	0.00901	1	0	0.006135325	1	N	dark	
10925	fgenesh1_pg.C_chr_18000168	-2092.418595	-2095.82827	6.81935	0.00902	1	0	0.006135325	1	N	dark	
263984	thaps1_ua_kg.chr_13000032	-1086.751623	-1090.156732	6.810218	0.00906	1	0	0.00616311	1	N	white	PF10263;
2865	fgenesh1_pg.C_chr_2000820	-4182.345519	-4185.738933	6.786828	0.00918	1	0	0.006240668	1	N	dark	
5820	fgenesh1_pg.C_chr_5000862	-1752.793432	-1756.180097	6.77333	0.00925	1	0	0.006284302	1	N	dark	
12403	gw1.5.5.1	-3378.953085	-3382.337923	6.769676	0.00927	1	0	0.00629344	1	N	white	PF00271;PF09111;PF00176;
7851	fgenesh1_pg.C_chr_9000019	-717.637939	-721.018327	6.760776	0.00932	1	0	0.006321148	1	N	dark	
3592	fgenesh1_pg.C_chr_3000526	-837.015299	-840.389106	6.747614	0.00939	1	0	0.006361066	1	N	dark	
21256	estExt_fgenesh1_pg.C_chr_20349	-1079.480453	-1082.852638	6.74437	0.0094	1	0	0.006361066	1	N	dark	
260914	thaps1_ua_kg.chr_1000174	-838.263505	-841.635665	6.74432	0.0094	1	0	0.006361066	1	N	white	PF00083;
261719	thaps1_ua_kg.chr_3000097	-642.463425	-645.836123	6.745396	0.0094	1	0	0.006361066	1	N	white	PF01596;
25910	estExt_fgenesh1_pg.C_chr_240066	-933.634762	-937.006889	6.744254	0.00941	1	0	0.006361066	1	N	dark	
23385	estExt_fgenesh1_pg.C_chr_70157	-3607.866977	-3611.235298	6.736642	0.00945	1	0	0.006384486	1	N	white	PF03457;
269434	estExt_thaps1_ua_kg.C_chr_90083	-1703.47212	-1706.836471	6.728702	0.00949	1	0	0.006409175	1	N	white	PF10672;
23888	estExt_fgenesh1_pg.C_chr_80475	-3490.834173	-3494.190768	6.71319	0.00957	1	0	0.006461341	1	N	dark	
10547	fgenesh1_pg.C_chr_17000010	-1895.494962	-1898.847085	6.704246	0.00962	1	0	0.006489995	1	N	white	PF04179;PF17184;
8858	fgenesh1_pg.C_chr_11a000244	-1725.682724	-1729.018387	6.671326	0.0098	1	0	0.006605897	1	N	dark	
23363	estExt_fgenesh1_pg.C_chr_70112	-566.747612	-570.082905	6.670586	0.0098	1	0	0.006605897	1	N	dark	
23966	estExt_fgenesh1_pg.C_chr_90159	-6748.026068	-6751.359298	6.66646	0.00982	1	0	0.006617304	1	N	white	PF12796;
8248	fgenesh1_pg.C_chr_10000018	-792.278357	-795.610781	6.664848	0.00983	1	0	0.00661939	1	N	white	PF08888;
23356	estExt_fgenesh1_pg.C_chr_70084	-1195.643795	-1198.959199	6.630808	0.01	1	0	0.006743097	1	N	white	PF13410;PF13417;
23698	estExt_fgenesh1_pg.C_chr_80110	-1631.062715	-1634.374898	6.624366	0.0101	1	0	0.006763546	1	N	white	PF14234;
24876	estExt_fgenesh1_pg.C_chr_140224	-1384.529743	-1387.839993	6.6205	0.0101	1	0	0.006774256	1	N	dark	
6288	fgenesh1_pg.C_chr_6000443	-2313.880971	-2317.183755	6.605568	0.0102	1	0	0.00682728	1	N	dark	
262570	thaps1_ua_kg.chr_5000209	-326.895773	-330.189719	6.587892	0.0103	1	0	0.006891347	1	N	white	PF14931;
3149	fgenesh1_pg.C_chr_3000083	-1632.215018	-1635.494519	6.559002	0.0104	1	0	0.006995898	1	N	white	PF13410;PF13409;
11588	fgenesh1_pg.C_chr_20000184	-2829.19359	-2832.474659	6.562138	0.0104	1	0	0.006987681	1	N	white	PF02178;
268451	estExt_thaps1_ua_kg.C_chr_30111	-1264.684111	-1267.962957	6.557692	0.0104	1	0	0.006996944	1	N	white	PF00270;
16241	gw1.3.402.1	-1298.174544	-1301.451903	6.554718	0.0105	1	0	0.00700454	1	N	white	PF00676;
20771	estExt_fgenesh1_pg.C_chr_10451	-1838.006793	-1841.283589	6.553592	0.0105	1	0	0.007004867	1	N	dark	
3302	fgenesh1_pg.C_chr_3000236	-545.047464	-548.31445	6.533972	0.0106	1	0	0.007074258	1	N	dark	
23834	estExt_fgenesh1_pg.C_chr_80392	-3147.177779	-3150.447408	6.539258	0.0106	1	0	0.007057397	1	N	white	PF00397;
9103	fgenesh1_pg.C_chr_12000184	-3853.904418	-3857.157771	6.506706	0.0107	1	0	0.007179348	1	N	dark	
2052	fgenesh1_pg.C_chr_2000007	-914.602379	-917.852485	6.500212	0.0108	1	0	0.007201406	1	N	dark	
20807	estExt_fgenesh1_pg.C_chr_10517	-1279.075886	-1282.323567	6.495362	0.0108	1	0	0.00721686	1	N	white	PF13911;
23018	estExt_fgenesh1_pg.C_chr_60168	-889.954106	-893.200087	6.491962	0.0108	1	0	0.007226454	1	N	white	PF01138;
10942	fgenesh1_pg.C_chr_18000185	-489.202078	-492.446876	6.489596	0.0109	1	0	0.007231856	1	N	white	PF06865;
38800	e_gw1.23.70.1	-971.715873	-974.957251	6.482756	0.0109	1	0	0.007251276	1	N	white	PF00141;
262675	thaps1_ua_kg.chr_5000314	-1141.904506	-1145.147831	6.48665	0.0109	1	0	0.007239627	1	N	unmapped	
6373	fgenesh1_pg.C_chr_6000528	-758.951444	-762.184312	6.465736	0.011	1	0	0.007316786	1	N	dark	
8980	fgenesh1_pg.C_chr_12000061	-2643.455907	-2646.686156	6.460498	0.011	1	0	0.007334114	1	N	dark	
2218	fgenesh1_pg.C_chr_2000173	-1455.418798	-1458.643359	6.449122	0.0111	1	0	0.007372639	1	N	white	PF00447;
24140	estExt_fgenesh1_pg.C_chr_100108	-1956.115242	-1959.342479	6.454474	0.0111	1	0	0.00735474	1	N	dark	
1852	fgenesh1_pg.C_chr_1000986	-1035.605785	-1038.826283	6.440996	0.0112	1	0	0.007402135	1	N	white	PF00179;
25904	estExt_fgenesh1_pg.C_chr_240051	-773.872509	-777.08945	6.433882	0.0112	1	0	0.007427524	1	N	dark	
2557	fgenesh1_pg.C_chr_2000512	-1379.944604	-1383.154972	6.420736	0.0113	1	0	0.007478361	1	N	white	PF13621;
14555	gw1.19a.37.1	-1803.304235	-1806.512183	6.415896	0.0113	1	0	0.007494421	1	N	white	PF02492;PF07683;
4267	fgenesh1_pg.C_chr_4000217	-1093.637289	-1096.840684	6.40679	0.0114	1	0	0.007528587	1	N	white	PF08238;
24592	estExt_fgenesh1_pg.C_chr_130046	-4891.561046	-4894.761627	6.401162	0.0114	1	0	0.007548114	1	N	dark	
879	fgenesh1_pg.C_chr_1000013	-1761.843872	-1765.038333	6.388922	0.0115	1	0	0.00759154	1	N	dark	
22359	estExt_fgenesh1_pg.C_chr_40593	-2773.498915	-2776.688724	6.379618	0.0115	1	0	0.007627025	1	N	white	PF13634;
24072	estExt_fgenesh1_pg.C_chr_90360	-3467.669206	-3470.865181	6.39195	0.0115	1	0	0.00758299	1	N	dark	
10595	fgenesh1_pg.C_chr_17000058	-2156.38448	-2159.568034	6.367108	0.0116	1	0	0.00767654	1	N	white	PF08512;
28125	estExt_Genewise1.C_chr_40732	-1880.143193	-1883.325073	6.36376	0.0116	1	0	0.007686594	1	N	unmapped	
2996	fgenesh1_pg.C_chr_2000951	-1633.365111	-1636.546102	6.361982	0.0117	1	0	0.007689858	1	N	dark	
21957	estExt_fgenesh1_pg.C_chr_30773	-1063.384233	-1066.55656	6.344654	0.0118	1	0	0.007760853	1	N	white	PF04755;
22702	estExt_fgenesh1_pg.C_chr_50399	-1553.604323	-1556.775415	6.342184	0.0118	1	0	0.007767185	1	N	dark	
9522	fgenesh1_pg.C_chr_13000242	-1425.699745	-1428.858438	6.317386	0.012	1	0	0.007872013	1	N	white	PF03457;
11327	fgenesh1_pg.C_chr_19c_29000013	-858.049045	-861.196333	6.294576	0.0121	1	0	0.00795561	1	N	dark	
23444	estExt_fgenesh1_pg.C_chr_70292	-1984.141998	-1987.289448	6.2949	0.0121	1	0	0.00795561	1	N	dark	
261803	thaps1_ua_kg.chr_3000181	-938.417076	-941.563066	6.29198	0.0121	1	0	0.007962692	1	N	white	PF13516;
264318	thaps1_ua_kg.chr_15000056	-611.315947	-614.465928	6.299962	0.0121	1	0	0.007940606	1	N	white	PF12874;
269333	estExt_thaps1_ua_kg.C_chr_80028	-2364.946509	-2368.098172	6.303326	0.0121	1	0	0.007930118	1	N	white	PF00854;
6481	fgenesh1_pg.C_chr_6000636	-1032.370206	-1035.514105	6.287798	0.0122	1	0	0.007976917	1	N	white	PF08766;
34514	e_gw1.5.144.1	-1998.453779	-2001.578314	6.24907	0.0124	1	0	0.008148513	1	N	white	PF02781;PF00479;
6045	fgenesh1_pg.C_chr_6000200	-3227.312587	-3230.414506	6.203838	0.0127	1	0	0.008354552	1	N	white	PF05450;
36511	e_gw1.10.96.1	-1112.144769	-1115.241227	6.192916	0.0128	1	0	0.008401447	1	N	white	PF00849;
5519	fgenesh1_pg.C_chr_5000561	-1703.36169	-1706.455135	6.18689	0.0129	1	0	0.008425273	1	N	dark	
10835	fgenesh1_pg.C_chr_18000078	-1684.427991	-1687.518039	6.180096	0.0129	1	0	0.008448002	1	N	dark	
260818	thaps1_ua_kg.chr_1000078	-2175.128372	-2178.219889	6.183034	0.0129	1	0	0.008438817	1	N	white	PF06565;
9650	fgenesh1_pg.C_chr_13000370	-2672.086993	-2675.161839	6.149692	0.0131	1	0	0.008584628	1	N	white	PF00730;
263996	thaps1_ua_kg.chr_13000044	-3996.498347	-3999.573696	6.150698	0.0131	1	0	0.008584628	1	N	white	PF00271;PF00176;PF07496;
3607	fgenesh1_pg.C_chr_3000541	-2057.887492	-2060.958644	6.142304	0.0132	1	0	0.00861072	1	N	dark	
4076	fgenesh1_pg.C_chr_4000026	-1758.107932	-1761.180254	6.144644	0.0132	1	0	0.008604248	1	N	white	PF09011;
23568	estExt_fgenesh1_pg.C_chr_70566	-2787.16663	-2790.237215	6.14117	0.0132	1	0	0.008611326	1	N	white	PF25789;
22198	estExt_fgenesh1_pg.C_chr_40293	-539.742943	-542.808931	6.131976	0.0133	1	0	0.008651281	1	N	dark	
5182	fgenesh1_pg.C_chr_5000224	-4503.424897	-4506.480273	6.110752	0.0134	1	0	0.008750785	1	N	white	PF03567;
263902	thaps1_ua_kg.chr_12000053	-1222.814839	-1225.863553	6.097428	0.0135	1	0	0.008811986	1	N	white	PF01040;
25840	estExt_fgenesh1_pg.C_chr_230061	-986.32911	-989.36772	6.07722	0.0137	1	0	0.008908278	1	N	white	PF18484;
1873	fgenesh1_pg.C_chr_1001007	-3310.205948	-3313.234972	6.058048	0.0138	1	0	0.008985035	1	N	white	PF12796;
5172	fgenesh1_pg.C_chr_5000214	-2596.294318	-2599.326102	6.063568	0.0138	1	0	0.008967185	1	N	dark	
22785	estExt_fgenesh1_pg.C_chr_50560	-1666.929578	-1669.959923	6.06069	0.0138	1	0	0.008976704	1	N	white	PF03928;
25901	estExt_fgenesh1_pg.C_chr_240046	-1482.384757	-1485.418992	6.06847	0.0138	1	0	0.00894742	1	N	white	PF01408;
10904	fgenesh1_pg.C_chr_18000147	-1562.65681	-1565.680629	6.047638	0.0139	1	0	0.009033029	1	N	dark	
4116	fgenesh1_pg.C_chr_4000066	-1957.100196	-1960.113754	6.027116	0.0141	1	0	0.009133464	1	N	white	PF13679;
26031	estExt_fgenesh1_kg.C_chr_140007	-1838.58149	-1841.583543	6.004106	0.0143	1	0	0.009248085	1	N	white	PF00464;
261430	thaps1_ua_kg.chr_2000254	-896.138987	-899.138234	5.998494	0.0143	1	0	0.00927229	1	N	white	PF01490;
24764	estExt_fgenesh1_pg.C_chr_140031	-1298.125537	-1301.117818	5.984562	0.0144	1	0	0.009340516	1	N	dark	
22368	estExt_fgenesh1_pg.C_chr_40611	-1528.77606	-1531.761651	5.971182	0.0145	1	0	0.00940632	1	N	white	PF10609;
1905	fgenesh1_pg.C_chr_1001039	-1774.830612	-1777.811538	5.961852	0.0146	1	0	0.009445525	1	N	dark	
6473	fgenesh1_pg.C_chr_6000628	-1995.797916	-1998.779864	5.963896	0.0146	1	0	0.009439921	1	N	dark	
2224	fgenesh1_pg.C_chr_2000179	-907.404837	-910.380304	5.950934	0.0147	1	0	0.009488102	1	N	dark	
11752	fgenesh1_pg.C_chr_22000097	-717.219403	-720.195501	5.952196	0.0147	1	0	0.00948667	1	N	white	PF13640;
32944	e_gw1.3.541.1	-994.59979	-997.578134	5.956688	0.0147	1	0	0.009467877	1	N	white	PF00378;
9943	fgenesh1_pg.C_chr_14000288	-1486.315373	-1489.284998	5.93925	0.0148	1	0	0.00953582	1	N	dark	
23396	estExt_fgenesh1_pg.C_chr_70181	-2913.246275	-2916.218173	5.943796	0.0148	1	0	0.009521226	1	N	dark	
23667	estExt_fgenesh1_pg.C_chr_80058	-2799.576819	-2802.545374	5.93711	0.0148	1	0	0.00954126	1	N	dark	
25535	estExt_fgenesh1_pg.C_chr_19c_290026	-3093.972002	-3096.941556	5.939108	0.0148	1	0	0.00953582	1	N	dark	
3494	fgenesh1_pg.C_chr_3000428	-3983.057308	-3986.023601	5.932586	0.0149	1	0	0.009560397	1	N	white	PF07738;
9125	fgenesh1_pg.C_chr_12000206	-2131.224243	-2134.189908	5.93133	0.0149	1	0	0.00956183	1	N	white	PF03151;
1798	fgenesh1_pg.C_chr_1000932	-1060.730185	-1063.681512	5.902654	0.0151	1	0	0.00970781	1	N	dark	
8380	fgenesh1_pg.C_chr_10000150	-1473.384182	-1476.335972	5.90358	0.0151	1	0	0.00970781	1	N	dark	
10916	fgenesh1_pg.C_chr_18000159	-1436.064392	-1439.008239	5.887694	0.0152	1	0	0.009779627	1	N	white	PF20710;
22951	estExt_fgenesh1_pg.C_chr_60028	-3147.046758	-3149.992756	5.891996	0.0152	1	0	0.009761246	1	N	white	PF05199;PF00732;
8414	fgenesh1_pg.C_chr_10000184	-1777.664228	-1780.597487	5.866518	0.0154	1	0	0.009892408	1	N	dark	
8180	fgenesh1_pg.C_chr_9000348	-3264.046279	-3266.970284	5.84801	0.0156	1	0	0.009987421	1	N	dark	
8649	fgenesh1_pg.C_chr_11a000035	-2754.204892	-2757.128752	5.84772	0.0156	1	0	0.009987421	1	N	dark	
24746	estExt_fgenesh1_pg.C_chr_140003	-1130.945734	-1133.850823	5.810178	0.0159	1	0	0.01019714	0	N	white	PF04961;
10185	fgenesh1_pg.C_chr_15000175	-1392.728028	-1395.619861	5.783666	0.0162	1	0	0.01034048	0	N	dark	
269097	estExt_thaps1_ua_kg.C_chr_60206	-1808.037742	-1810.929962	5.78444	0.0162	1	0	0.01034048	0	N	white	PF03847;
3230	fgenesh1_pg.C_chr_3000164	-1412.369909	-1415.253767	5.767716	0.0163	1	0	0.01042891	0	N	white	PF06916;
20979	estExt_fgenesh1_pg.C_chr_10881	-3934.910504	-3937.780065	5.739122	0.0166	1	0	0.01059412	0	N	dark	
16828	gw1.3.482.1	-532.188023	-535.036268	5.69649	0.017	1	0	0.01084239	0	N	white	PF00069;
21313	estExt_fgenesh1_pg.C_chr_20466	-789.302857	-792.152311	5.698908	0.017	1	0	0.01083351	0	N	dark	
1856	fgenesh1_pg.C_chr_1000990	-1935.751451	-1938.594036	5.68517	0.0171	1	0	0.01090646	0	N	white	PF13679;PF00098;
8149	fgenesh1_pg.C_chr_9000317	-1083.897471	-1086.738141	5.68134	0.0171	1	0	0.0109242	0	N	white	PF03109;
5484	fgenesh1_pg.C_chr_5000526	-761.410891	-764.250441	5.6791	0.0172	1	0	0.01093206	0	N	white	PF06027;
7420	fgenesh1_pg.C_chr_8000081	-2476.09662	-2478.929304	5.665368	0.0173	1	0	0.0110057	0	N	dark	
32051	e_gw1.2.589.1	-674.082305	-676.916385	5.66816	0.0173	1	0	0.01099431	0	N	dark	
20972	estExt_fgenesh1_pg.C_chr_10863	-1251.355478	-1254.17896	5.646964	0.0175	1	0	0.01111561	0	N	white	PF24906;
5924	fgenesh1_pg.C_chr_6000079	-1307.454384	-1310.273668	5.638568	0.0176	1	0	0.01116275	0	N	white	PF00153;
20950	estExt_fgenesh1_pg.C_chr_10820	-3424.722966	-3427.528409	5.610886	0.0178	1	0	0.01133415	0	N	white	PF12697;PF03982;
7036	fgenesh1_pg.C_chr_7000419	-2295.567317	-2298.371437	5.60824	0.0179	1	0	0.01134128	0	N	white	PF00400;
7330	fgenesh1_pg.C_chr_7000713	-1674.344751	-1677.145589	5.601676	0.0179	1	0	0.0113686	0	N	white	PF05991;
7479	fgenesh1_pg.C_chr_8000140	-3406.13932	-3408.94085	5.60306	0.0179	1	0	0.01136593	0	N	white	PF01535;
11224	fgenesh1_pg.C_chr_19a_19000167	-2453.323139	-2456.127057	5.607836	0.0179	1	0	0.01134128	0	N	white	PF00646;
24988	estExt_fgenesh1_pg.C_chr_150115	-2091.971099	-2094.764146	5.586094	0.0181	1	0	0.01146382	0	N	white	PF00856;
644	fgenesh1_pm.C_chr_9000012	-1293.122448	-1295.912957	5.581018	0.0182	1	0	0.01148436	0	N	white	PF00294;
2465	fgenesh1_pg.C_chr_2000420	-4136.140038	-4138.930551	5.581026	0.0182	1	0	0.01148436	0	N	dark	
10071	fgenesh1_pg.C_chr_15000061	-1352.295766	-1355.082726	5.57392	0.0182	1	0	0.01151188	0	N	dark	
31412	e_gw1.1.481.1	-1071.571764	-1074.359337	5.575146	0.0182	1	0	0.01151018	0	N	white	PF02882;
269763	estExt_thaps1_ua_kg.C_chr_140072	-1038.437109	-1041.225023	5.575828	0.0182	1	0	0.01151018	0	N	white	PF00383;
22958	estExt_fgenesh1_pg.C_chr_60042	-678.009646	-680.793998	5.568704	0.0183	1	0	0.01153984	0	N	dark	
22424	estExt_fgenesh1_pg.C_chr_40736	-1150.287689	-1153.065446	5.555514	0.0184	1	0	0.01162069	0	N	white	PF00254;
11858	fgenesh1_pg.C_chr_22000203	-1457.127793	-1459.897604	5.539622	0.0186	1	0	0.01172021	0	N	dark	
3966	fgenesh1_pg.C_chr_3000900	-1476.102748	-1478.868412	5.531328	0.0187	1	0	0.0117694	0	N	dark	
12044	fgenesh1_pg.C_chr_23000072	-1320.471627	-1323.235497	5.52774	0.0187	1	0	0.01178706	0	N	dark	
9607	fgenesh1_pg.C_chr_13000327	-1681.421671	-1684.18116	5.518978	0.0188	1	0	0.01183971	0	N	white	PF00447;
10917	fgenesh1_pg.C_chr_18000160	-1499.210153	-1501.96897	5.517634	0.0188	1	0	0.01184229	0	N	dark	
11541	fgenesh1_pg.C_chr_20000137	-1541.955003	-1544.707051	5.504096	0.019	1	0	0.01192774	0	N	dark	
268024	estExt_thaps1_ua_kg.C_chr_10205	-1551.694639	-1554.434137	5.478996	0.0192	1	0	0.01209355	0	N	dark	
6856	fgenesh1_pg.C_chr_7000239	-2063.684464	-2066.41545	5.461972	0.0194	1	0	0.01220522	0	N	white	PF00447;
23223	estExt_fgenesh1_pg.C_chr_60552	-3865.20432	-3867.931439	5.454238	0.0195	1	0	0.01225262	0	N	dark	
8777	fgenesh1_pg.C_chr_11a000163	-2139.465361	-2142.189609	5.448496	0.0196	1	0	0.01228621	0	N	white	PF03124;PF03105;
9051	fgenesh1_pg.C_chr_12000132	-1811.164833	-1813.887698	5.44573	0.0196	1	0	0.01229893	0	N	dark	
9412	fgenesh1_pg.C_chr_13000132	-575.996193	-578.714437	5.436488	0.0197	1	0	0.01235062	0	N	dark	
261726	thaps1_ua_kg.chr_3000104	-3572.948292	-3575.667107	5.43763	0.0197	1	0	0.01234931	0	N	white	PF00149;
5967	fgenesh1_pg.C_chr_6000122	-1598.240996	-1600.955852	5.429712	0.0198	1	0	0.01239183	0	N	dark	
10592	fgenesh1_pg.C_chr_17000055	-815.340654	-818.052655	5.424002	0.0199	1	0	0.01242561	0	N	dark	
20831	estExt_fgenesh1_pg.C_chr_10571	-1497.056481	-1499.766608	5.420254	0.0199	1	0	0.0124455	0	N	dark	
24550	estExt_fgenesh1_pg.C_chr_120293	-3346.722799	-3349.429721	5.413844	0.02	1	0	0.01248444	0	N	white	PF02020;
22167	estExt_fgenesh1_pg.C_chr_40213	-2633.503288	-2636.204167	5.401758	0.0201	1	0	0.01255744	0	N	dark	
25560	estExt_fgenesh1_pg.C_chr_19c_290073	-2529.44471	-2532.146892	5.404364	0.0201	1	0	0.01254556	0	N	white	PF00849;
8885	fgenesh1_pg.C_chr_11a000271	-3842.361464	-3845.058103	5.393278	0.0202	1	0	0.01260483	0	N	white	PF12022;
21489	estExt_fgenesh1_pg.C_chr_20811	-1603.986586	-1606.683425	5.393678	0.0202	1	0	0.01260483	0	N	white	PF13350;
1817	fgenesh1_pg.C_chr_1000951	-672.065713	-674.757841	5.384256	0.0203	1	0	0.01265636	0	N	white	PF00166;
24614	estExt_fgenesh1_pg.C_chr_130085	-3038.081425	-3040.773996	5.385142	0.0203	1	0	0.01265636	0	N	white	PF12656;PF25088;
7462	fgenesh1_pg.C_chr_8000123	-2119.210699	-2121.898065	5.374732	0.0204	1	0	0.0127099	0	N	dark	
22218	estExt_fgenesh1_pg.C_chr_40332	-2672.883207	-2675.570342	5.37427	0.0204	1	0	0.0127099	0	N	dark	
25456	estExt_fgenesh1_pg.C_chr_19a_190033	-2037.954632	-2040.641483	5.373702	0.0204	1	0	0.0127099	0	N	dark	
7304	fgenesh1_pg.C_chr_7000687	-1881.405471	-1884.091221	5.3715	0.0205	1	0	0.01271134	0	N	dark	
24989	estExt_fgenesh1_pg.C_chr_150116	-1684.642326	-1687.327824	5.370996	0.0205	1	0	0.01271134	0	N	white	PF20710;
264439	thaps1_ua_kg.chr_17000037	-1755.159392	-1757.845937	5.37309	0.0205	1	0	0.0127099	0	N	white	PF01266;
8614	fgenesh1_pg.C_chr_10000384	-1113.679442	-1116.358313	5.357742	0.0206	1	0	0.01280135	0	N	dark	
263931	thaps1_ua_kg.chr_12000082	-952.142335	-954.815842	5.347014	0.0208	1	0	0.01287336	0	N	white	PF01088;
20630	estExt_fgenesh1_pg.C_chr_10162	-3986.040618	-3988.706475	5.331714	0.0209	1	0	0.01297276	0	N	white	PF02170;PF02171;
20888	estExt_fgenesh1_pg.C_chr_10691	-1019.969374	-1022.637182	5.335616	0.0209	1	0	0.01295077	0	N	dark	
6615	fgenesh1_pg.C_chr_6000770	-759.88853	-762.550154	5.323248	0.021	1	0	0.01301475	0	N	white	PF24646;
24657	estExt_fgenesh1_pg.C_chr_130175	-1073.170988	-1075.835851	5.329726	0.021	1	0	0.01298052	0	N	dark	
269452	estExt_thaps1_ua_kg.C_chr_90112	-2816.364433	-2819.028721	5.328576	0.021	1	0	0.01298205	0	N	dark	
23126	estExt_fgenesh1_pg.C_chr_60368	-1812.331205	-1814.986725	5.31104	0.0212	1	0	0.01309917	0	N	dark	
24003	estExt_fgenesh1_pg.C_chr_90228	-3673.666369	-3676.312422	5.292106	0.0214	1	0	0.01323517	0	N	white	PF00447;
24034	estExt_fgenesh1_pg.C_chr_90291	-871.36874	-874.014013	5.290546	0.0214	1	0	0.01323987	0	N	dark	
24849	estExt_fgenesh1_pg.C_chr_140178	-2522.668087	-2525.306461	5.276748	0.0216	1	0	0.01333799	0	N	dark	
22508	estExt_fgenesh1_pg.C_chr_40898	-1164.658227	-1167.288475	5.260496	0.0218	1	0	0.01344857	0	N	dark	
25499	estExt_fgenesh1_pg.C_chr_19a_190192	-4141.965882	-4144.596717	5.26167	0.0218	1	0	0.01344676	0	N	white	PF00153;
6797	fgenesh1_pg.C_chr_7000180	-1161.030134	-1163.656148	5.252028	0.0219	1	0	0.01349233	0	N	white	PF00856;
38651	e_gw1.22.177.1	-669.630319	-672.258567	5.256496	0.0219	1	0	0.01346868	0	N	white	PF05608;
264316	thaps1_ua_kg.chr_15000054	-1599.501729	-1602.129738	5.256018	0.0219	1	0	0.01346868	0	N	white	PF01180;
260890	thaps1_ua_kg.chr_1000150	-2292.960668	-2295.583189	5.245042	0.022	1	0	0.01353931	0	N	white	PF05557;
1311	fgenesh1_pg.C_chr_1000445	-2642.283432	-2644.886661	5.206458	0.0225	1	0	0.01383559	0	N	white	PF01417;
11503	fgenesh1_pg.C_chr_20000099	-1318.380816	-1320.963321	5.16501	0.023	1	0	0.01415432	0	N	dark	
23537	estExt_fgenesh1_pg.C_chr_70508	-1623.834748	-1626.420865	5.172234	0.023	1	0	0.01410316	0	N	dark	
10017	fgenesh1_pg.C_chr_15000007	-1361.7747	-1364.353985	5.15857	0.0231	1	0	0.01419815	0	N	dark	
11088	fgenesh1_pg.C_chr_19a_19000031	-2693.867436	-2696.446323	5.157774	0.0231	1	0	0.01419815	0	N	white	PF13640;
687	fgenesh1_pm.C_chr_11a000012	-1783.963296	-1786.534921	5.14325	0.0233	1	0	0.01430204	0	N	white	PF22366;PF07992;
16772	gw1.5.328.1	-1006.051605	-1008.625291	5.147372	0.0233	1	0	0.01427578	0	N	white	PF00153;
3284	fgenesh1_pg.C_chr_3000218	-2375.044717	-2377.614583	5.139732	0.0234	1	0	0.01432337	0	N	white	PF09995;
22888	estExt_fgenesh1_pg.C_chr_50772	-2047.848058	-2050.416489	5.136862	0.0234	1	0	0.01433938	0	N	dark	
7903	fgenesh1_pg.C_chr_9000071	-709.712811	-712.275357	5.125092	0.0236	1	0	0.01442921	0	N	dark	
268059	estExt_thaps1_ua_kg.C_chr_10267	-569.121094	-571.677794	5.1134	0.0237	1	0	0.01451083	0	N	dark	
2767	fgenesh1_pg.C_chr_2000722	-2877.528697	-2880.084492	5.11159	0.0238	1	0	0.01451083	0	N	white	PF03109;
8749	fgenesh1_pg.C_chr_11a000135	-672.438685	-674.99463	5.11189	0.0238	1	0	0.01451083	0	N	dark	
8866	fgenesh1_pg.C_chr_11a000252	-1341.067579	-1343.623809	5.11246	0.0238	1	0	0.01451083	0	N	white	PF13639;
3524	fgenesh1_pg.C_chr_3000458	-893.705723	-896.252099	5.092752	0.024	1	0	0.01464579	0	N	white	PF00153;
8036	fgenesh1_pg.C_chr_9000204	-1159.441164	-1161.989768	5.097208	0.024	1	0	0.01462382	0	N	dark	
10082	fgenesh1_pg.C_chr_15000072	-3207.880682	-3210.42835	5.095336	0.024	1	0	0.01463179	0	N	dark	
460	fgenesh1_pm.C_chr_5000027	-1836.675205	-1839.219355	5.0883	0.0241	1	0	0.01466778	0	N	white	PF00155;
6284	fgenesh1_pg.C_chr_6000439	-1598.51742	-1601.061746	5.088652	0.0241	1	0	0.01466778	0	N	dark	
1195	fgenesh1_pg.C_chr_1000329	-920.050516	-922.581942	5.062852	0.0244	1	0	0.01487675	0	N	dark	
268167	estExt_thaps1_ua_kg.C_chr_20030	-514.065698	-516.588232	5.045068	0.0247	1	0	0.01502221	0	N	dark	
2253	fgenesh1_pg.C_chr_2000208	-2530.904502	-2533.424255	5.039506	0.0248	1	0	0.01505448	0	N	dark	
9417	fgenesh1_pg.C_chr_13000137	-638.387178	-640.904373	5.03439	0.0248	1	0	0.01509098	0	N	white	PF08648;
35206	e_gw1.6.376.1	-1082.956578	-1085.476933	5.04071	0.0248	1	0	0.01505203	0	N	white	PF00560;PF13855;
2027	fgenesh1_pg.C_chr_1001161	-2721.440515	-2723.953079	5.025128	0.025	1	0	0.01515843	0	N	dark	
7929	fgenesh1_pg.C_chr_9000097	-1047.902934	-1050.415347	5.024826	0.025	1	0	0.01515843	0	N	dark	
32933	e_gw1.3.178.1	-1542.326228	-1544.838151	5.023846	0.025	1	0	0.01515896	0	N	white	PF01925;
8446	fgenesh1_pg.C_chr_10000216	-1693.321084	-1695.827524	5.01288	0.0252	1	0	0.01524718	0	N	dark	
1101	fgenesh1_pg.C_chr_1000235	-3072.456574	-3074.959737	5.006326	0.0253	1	0	0.0152969	0	N	dark	
8654	fgenesh1_pg.C_chr_11a000040	-1807.014072	-1809.511992	4.99584	0.0254	1	0	0.0153817	0	N	white	PF00447;
24758	estExt_fgenesh1_pg.C_chr_140021	-827.003433	-829.49948	4.992094	0.0255	1	0	0.01540687	0	N	dark	
6341	fgenesh1_pg.C_chr_6000496	-809.061088	-811.552097	4.982018	0.0256	1	0	0.01548864	0	N	white	PF14933;
10871	fgenesh1_pg.C_chr_18000114	-1042.39392	-1044.880132	4.972424	0.0258	1	0	0.01556654	0	N	dark	
24491	estExt_fgenesh1_pg.C_chr_120175	-1555.302023	-1557.779248	4.95445	0.026	1	0	0.01572086	0	N	dark	
7343	fgenesh1_pg.C_chr_8000004	-1694.237945	-1696.701434	4.926978	0.0264	1	0	0.01595584	0	N	white	PF00447;
261631	thaps1_ua_kg.chr_3000009	-598.874173	-601.338785	4.929224	0.0264	1	0	0.01594354	0	N	white	PF13426;
264072	thaps1_ua_kg.chr_13000120	-856.81529	-859.276042	4.921504	0.0265	1	0	0.01599802	0	N	white	PF00447;
4518	fgenesh1_pg.C_chr_4000468	-1530.130372	-1532.588013	4.915282	0.0266	1	0	0.01604727	0	N	dark	
31845	e_gw1.2.278.1	-1541.781882	-1544.237358	4.910952	0.0267	1	0	0.01607906	0	N	white	PF16881;PF04055;
10892	fgenesh1_pg.C_chr_18000135	-1127.67121	-1130.122499	4.902578	0.0268	1	0	0.01614869	0	N	white	PF03798;
1941	fgenesh1_pg.C_chr_1001075	-1279.742481	-1282.187229	4.889496	0.027	1	0	0.01626229	0	N	dark	
6472	fgenesh1_pg.C_chr_6000627	-1460.953583	-1463.39791	4.888654	0.027	1	0	0.01626229	0	N	dark	
8707	fgenesh1_pg.C_chr_11a000093	-704.907244	-707.34772	4.880952	0.0272	1	0	0.01632641	0	N	white	PF04603;
11710	fgenesh1_pg.C_chr_22000055	-1345.000502	-1347.438941	4.876878	0.0272	1	0	0.01635638	0	N	dark	
3389	fgenesh1_pg.C_chr_3000323	-1015.913731	-1018.347993	4.868524	0.0274	1	0	0.01642711	0	N	dark	
5106	fgenesh1_pg.C_chr_5000148	-1954.62327	-1957.050168	4.853796	0.0276	1	0	0.01655053	0	N	white	PF09409;
25567	estExt_fgenesh1_pg.C_chr_200006	-4142.695181	-4145.123084	4.855806	0.0276	1	0	0.01653995	0	N	dark	
22548	estExt_fgenesh1_pg.C_chr_50074	-2603.947881	-2606.369563	4.843364	0.0278	1	0	0.0166422	0	N	white	PF00583;
25182	estExt_fgenesh1_pg.C_chr_16b0026	-623.046351	-625.464827	4.836952	0.0279	1	0	0.01669543	0	N	dark	
18775	gw1.15.136.1	-300.955792	-303.370463	4.829342	0.028	1	0	0.01676048	0	N	white	PF02493;
4086	fgenesh1_pg.C_chr_4000036	-1692.900618	-1695.310596	4.819956	0.0281	1	0	0.01684316	0	N	white	PF12796;
18530	gw1.4.569.1	-725.558797	-727.961233	4.804872	0.0284	1	0	0.01698233	0	N	white	PF01351;
4182	fgenesh1_pg.C_chr_4000132	-2096.406483	-2098.805134	4.797302	0.0285	1	0	0.01704048	0	N	white	PF12315;
20569	estExt_fgenesh1_pg.C_chr_10018	-887.885955	-890.284544	4.797178	0.0285	1	0	0.01704048	0	N	white	PF00583;
23766	estExt_fgenesh1_pg.C_chr_80251	-1929.95334	-1932.348313	4.789946	0.0286	1	0	0.01710322	0	N	dark	
22385	estExt_fgenesh1_pg.C_chr_40641	-2903.059965	-2905.446909	4.773888	0.0289	1	0	0.01725443	0	N	white	PF03399;
268213	estExt_thaps1_ua_kg.C_chr_20110	-805.046053	-807.428892	4.765678	0.029	1	0	0.01732785	0	N	white	PF20710;
5456	fgenesh1_pg.C_chr_5000498	-1160.585549	-1162.965029	4.75896	0.0291	1	0	0.01736839	0	N	dark	
11034	fgenesh1_pg.C_chr_18000277	-2487.299202	-2489.678911	4.759418	0.0291	1	0	0.01736839	0	N	white	PF22042;PF00009;PF16658;
262722	thaps1_ua_kg.chr_6000046	-2110.370304	-2112.75094	4.761272	0.0291	1	0	0.01736319	0	N	white	PF00270;PF00271;
3069	fgenesh1_pg.C_chr_3000003	-682.006149	-684.383617	4.754936	0.0292	1	0	0.01739996	0	N	dark	
25523	estExt_fgenesh1_pg.C_chr_19b_310053	-1473.997175	-1476.369986	4.745622	0.0294	1	0	0.01748528	0	N	dark	
4333	fgenesh1_pg.C_chr_4000283	-3057.42741	-3059.792843	4.730866	0.0296	1	0	0.01762672	0	N	dark	
23129	estExt_fgenesh1_pg.C_chr_60374	-1215.468894	-1217.828764	4.71974	0.0298	1	0	0.01773189	0	N	dark	
270116	estExt_thaps1_ua_kg.C_chr_230002	-6037.503825	-6039.862576	4.717502	0.0299	1	0	0.01774575	0	N	white	PF02985;PF24984;PF24987;PF23271;
5626	fgenesh1_pg.C_chr_5000668	-1446.58132	-1448.936273	4.709906	0.03	1	0	0.01779655	0	N	dark	
17582	gw1.17.116.1	-965.848325	-968.204323	4.711996	0.03	1	0	0.01779052	0	N	white	PF13344;PF13242;
30683	estExt_Genewise1.C_chr_220116	-938.617513	-940.973204	4.711382	0.03	1	0	0.01779052	0	N	white	PF00227;PF10584;
268863	estExt_thaps1_ua_kg.C_chr_50101	-2893.390098	-2895.741201	4.702206	0.0301	1	0	0.01786716	0	N	white	PF06472;PF00005;
1053	fgenesh1_pg.C_chr_1000187	-761.951954	-764.299669	4.69543	0.0302	1	0	0.01792844	0	N	dark	
4175	fgenesh1_pg.C_chr_4000125	-1245.080229	-1247.425004	4.68955	0.0303	1	0	0.01798056	0	N	dark	
17956	gw1.10.179.1	-179.726908	-182.06892	4.684024	0.0304	1	0	0.01802913	0	N	dark	
11725	fgenesh1_pg.C_chr_22000070	-3323.717569	-3326.055623	4.676108	0.0306	1	0	0.01810302	0	N	dark	
268338	estExt_thaps1_ua_kg.C_chr_20331	-3158.472415	-3160.806073	4.667316	0.0307	1	0	0.0181865	0	N	white	PF00725;PF02737;PF00378;
7545	fgenesh1_pg.C_chr_8000206	-4509.765492	-4512.095068	4.659152	0.0309	1	0	0.01826372	0	N	dark	
25332	estExt_fgenesh1_pg.C_chr_180047	-3347.821817	-3350.148414	4.653194	0.031	1	0	0.01831773	0	N	white	PF00447;
8573	fgenesh1_pg.C_chr_10000343	-1423.413834	-1425.734958	4.642248	0.0312	1	0	0.01842538	0	N	dark	
23198	estExt_fgenesh1_pg.C_chr_60495	-1692.295727	-1694.610713	4.629972	0.0314	1	0	0.01854808	0	N	dark	
12091	fgenesh1_pg.C_chr_23000119	-1867.172592	-1869.481907	4.61863	0.0316	1	0	0.01866147	0	N	white	PF13225;
7607	fgenesh1_pg.C_chr_8000268	-1640.257662	-1642.55988	4.604436	0.0319	1	0	0.01880686	0	N	white	PF13847;
262320	thaps1_ua_kg.chr_4000330	-1278.787979	-1281.089612	4.603266	0.0319	1	0	0.01880998	0	N	white	PF03151;
6558	fgenesh1_pg.C_chr_6000713	-4003.27872	-4005.565752	4.574064	0.0325	1	0	0.01912335	0	N	white	PF13639;
23851	estExt_fgenesh1_pg.C_chr_80415	-1418.594903	-1420.881295	4.572784	0.0325	1	0	0.01912778	0	N	dark	
41690	estExt_gwp_gw1.C_chr_90046	-2776.731921	-2779.015526	4.56721	0.0326	1	0	0.01918023	0	N	white	PF06241;PF22614;
22648	estExt_fgenesh1_pg.C_chr_50272	-3208.15662	-3210.428942	4.544644	0.033	1	0	0.01942464	0	N	dark	
24418	estExt_fgenesh1_pg.C_chr_120029	-4148.532661	-4150.795664	4.526006	0.0334	1	0	0.01962721	0	N	dark	
268248	estExt_thaps1_ua_kg.C_chr_20169	-1686.076247	-1688.333087	4.51368	0.0336	1	0	0.01975896	0	N	dark	
10542	fgenesh1_pg.C_chr_17000005	-683.055454	-685.306667	4.502426	0.0338	1	0	0.01986837	0	N	dark	
269725	estExt_thaps1_ua_kg.C_chr_140012	-2108.10746	-2110.359493	4.504066	0.0338	1	0	0.01986012	0	N	white	PF00560;
11621	fgenesh1_pg.C_chr_20000217	-786.160357	-788.411156	4.501598	0.0339	1	0	0.01986837	0	N	dark	
24028	estExt_fgenesh1_pg.C_chr_90277	-1911.301495	-1913.55094	4.49889	0.0339	1	0	0.01988964	0	N	dark	
4744	fgenesh1_pg.C_chr_4000694	-2285.23598	-2287.4816	4.49124	0.0341	1	0	0.01996066	0	N	dark	
21149	estExt_fgenesh1_pg.C_chr_20129	-1863.280285	-1865.525806	4.491042	0.0341	1	0	0.01996066	0	N	white	PF13202;
25023	estExt_fgenesh1_pg.C_chr_150183	-5448.288178	-5450.532557	4.488758	0.0341	1	0	0.0199771	0	N	white	PF04091;
4589	fgenesh1_pg.C_chr_4000539	-1396.262853	-1398.50627	4.486834	0.0342	1	0	0.01998935	0	N	dark	
2731	fgenesh1_pg.C_chr_2000686	-503.758322	-505.997956	4.479268	0.0343	1	0	0.02006775	0	N	dark	
25138	estExt_fgenesh1_pg.C_chr_16a0096	-2580.360237	-2582.589576	4.458678	0.0347	1	0	0.02030065	0	N	white	PF13679;
2792	fgenesh1_pg.C_chr_2000747	-1750.540774	-1752.768376	4.455204	0.0348	1	0	0.02033158	0	N	dark	
37574	e_gw1.15.135.1	-462.383138	-464.60571	4.445144	0.035	1	0	0.02044125	0	N	white	PF00639;
261747	thaps1_ua_kg.chr_3000125	-235.927227	-238.139636	4.424818	0.0354	1	0	0.02067553	0	N	dark	
1681	fgenesh1_pg.C_chr_1000815	-3983.234228	-3985.43884	4.409224	0.0357	1	0	0.02085471	0	N	white	PF10193;
20899	estExt_fgenesh1_pg.C_chr_10711	-3508.819574	-3511.022276	4.405404	0.0358	1	0	0.02089079	0	N	white	PF00010;PF13188;
3752	fgenesh1_pg.C_chr_3000686	-1044.248024	-1046.443411	4.390774	0.0361	1	0	0.02106004	0	N	white	PF00561;
22876	estExt_fgenesh1_pg.C_chr_50745	-2160.433117	-2162.627986	4.389738	0.0362	1	0	0.02106209	0	N	dark	
26293	estExt_fgenesh1_pm.C_chr_60036	-2278.14736	-2280.341335	4.38795	0.0362	1	0	0.02107345	0	N	white	PF20659;PF20656;PF01274;
263640	thaps1_ua_kg.chr_10000030	-657.072277	-659.264005	4.383456	0.0363	1	0	0.02111831	0	N	white	PF05958;
34824	e_gw1.6.79.1	-2381.113806	-2383.301879	4.376146	0.0364	1	0	0.02119828	0	N	white	PF00004;PF17862;PF01434;
269557	estExt_thaps1_ua_kg.C_chr_11a0019	-1083.779775	-1085.965598	4.371646	0.0365	1	0	0.02124351	0	N	white	PF13460;
262926	thaps1_ua_kg.chr_6000250	-1429.151168	-1431.33586	4.369384	0.0366	1	0	0.02126091	0	N	white	PF03147;PF01409;
13909	gw1.6.162.1	-1558.288646	-1560.468912	4.360532	0.0368	1	0	0.02136079	0	N	white	PF18150;PF00350;
23986	estExt_fgenesh1_pg.C_chr_90197	-775.330428	-777.509255	4.357654	0.0368	1	0	0.02138604	0	N	dark	
25076	estExt_fgenesh1_pg.C_chr_150283	-1282.604446	-1284.777222	4.345552	0.0371	1	0	0.0215276	0	N	white	PF00575;
1785	fgenesh1_pg.C_chr_1000919	-1957.487478	-1959.653302	4.331648	0.0374	1	0	0.02168211	0	N	white	PF00447;
9101	fgenesh1_pg.C_chr_12000182	-761.705486	-763.872262	4.333552	0.0374	1	0	0.02166886	0	N	dark	
4002	fgenesh1_pg.C_chr_3000936	-1206.833045	-1208.994205	4.32232	0.0376	1	0	0.02178137	0	N	white	PF24827;
10128	fgenesh1_pg.C_chr_15000118	-1141.903395	-1144.064469	4.322148	0.0376	1	0	0.02178137	0	N	dark	
4800	fgenesh1_pg.C_chr_4000750	-2326.7592	-2328.916004	4.313608	0.0378	1	0	0.02187987	0	N	white	PF08588;
9747	fgenesh1_pg.C_chr_14000092	-1023.230983	-1025.386313	4.31066	0.0379	1	0	0.02190672	0	N	dark	
10886	fgenesh1_pg.C_chr_18000129	-2181.952718	-2184.107408	4.30938	0.0379	1	0	0.02191212	0	N	dark	
8324	fgenesh1_pg.C_chr_10000094	-3116.929269	-3119.080885	4.303232	0.038	1	0	0.02198034	0	N	dark	
928	fgenesh1_pg.C_chr_1000062	-1530.15457	-1532.291878	4.274616	0.0387	1	0	0.02234213	0	N	white	PF03982;
24777	estExt_fgenesh1_pg.C_chr_140054	-990.974209	-993.110107	4.271796	0.0388	1	0	0.02236792	0	N	white	PF10273;
23184	estExt_fgenesh1_pg.C_chr_60474	-1460.92204	-1463.049792	4.255504	0.0391	1	0	0.02257205	0	N	white	PF01408;PF22725;
25292	estExt_fgenesh1_pg.C_chr_170171	-2198.87298	-2200.998317	4.250674	0.0392	1	0	0.02262491	0	N	dark	
1906	fgenesh1_pg.C_chr_1001040	-1400.808053	-1402.929479	4.242852	0.0394	1	0	0.0227179	0	N	dark	
23820	estExt_fgenesh1_pg.C_chr_80364	-1512.063208	-1514.18384	4.241264	0.0395	1	0	0.02272769	0	N	white	PF00106;
2479	fgenesh1_pg.C_chr_2000434	-2071.035842	-2073.154362	4.23704	0.0396	1	0	0.02277282	0	N	dark	
12192	fgenesh1_pg.C_chr_24000068	-915.510225	-917.622639	4.224828	0.0398	1	0	0.0229238	0	N	dark	
25407	estExt_fgenesh1_pg.C_chr_180237	-1209.64354	-1211.755597	4.224114	0.0399	1	0	0.0229238	0	N	dark	
8692	fgenesh1_pg.C_chr_11a000078	-668.116214	-670.223452	4.214476	0.0401	1	0	0.02304278	0	N	dark	
31126	e_gw1.1.488.1	-1415.789281	-1417.89056	4.202558	0.0404	1	0	0.02319359	0	N	white	PF00153;
9958	fgenesh1_pg.C_chr_14000303	-1196.333635	-1198.42808	4.18889	0.0407	1	0	0.02336955	0	N	dark	
10961	fgenesh1_pg.C_chr_18000204	-1279.044688	-1281.131435	4.173494	0.0411	1	0	0.02355912	0	N	dark	
24390	estExt_fgenesh1_pg.C_chr_11a0265	-1807.410183	-1809.497029	4.173692	0.0411	1	0	0.02355912	0	N	dark	
10585	fgenesh1_pg.C_chr_17000048	-5085.189537	-5087.274076	4.169078	0.0412	1	0	0.02360874	0	N	dark	
10833	fgenesh1_pg.C_chr_18000076	-422.192752	-424.275637	4.16577	0.0412	1	0	0.02364301	0	N	dark	
25231	estExt_fgenesh1_pg.C_chr_170063	-990.151393	-992.233288	4.16379	0.0413	1	0	0.02365879	0	N	white	PF13508;
21537	estExt_fgenesh1_pg.C_chr_20914	-3344.472	-3346.551357	4.158714	0.0414	1	0	0.0237179	0	N	white	PF20179;
12131	fgenesh1_pg.C_chr_24000007	-1513.127512	-1515.206248	4.157472	0.0415	1	0	0.02372341	0	N	dark	
24149	estExt_fgenesh1_pg.C_chr_100130	-1290.445798	-1292.519492	4.147388	0.0417	1	0	0.02385315	0	N	white	PF13857;
22024	estExt_fgenesh1_pg.C_chr_30918	-2325.054665	-2327.117661	4.125992	0.0422	1	0	0.0241445	0	N	dark	
7092	fgenesh1_pg.C_chr_7000475	-3827.008075	-3829.065695	4.11524	0.0425	1	0	0.02428628	0	N	white	PF24517;
9303	fgenesh1_pg.C_chr_13000023	-1044.324281	-1046.380611	4.11266	0.0426	1	0	0.02431119	0	N	dark	
269348	estExt_thaps1_ua_kg.C_chr_80059	-1003.060542	-1005.116227	4.11137	0.0426	1	0	0.02431759	0	N	white	PF00719;
21991	estExt_fgenesh1_pg.C_chr_30847	-742.696757	-744.740199	4.086884	0.0432	1	0	0.02466001	0	N	dark	
10433	fgenesh1_pg.C_chr_16a000114	-4640.041572	-4642.082391	4.081638	0.0434	1	0	0.02472434	0	N	dark	
4048	fgenesh1_pg.C_chr_3000982	-1231.556459	-1233.590147	4.067376	0.0437	1	0	0.0249215	0	N	white	PF04445;
9803	fgenesh1_pg.C_chr_14000148	-1330.657297	-1332.687673	4.060752	0.0439	1	0	0.02500696	0	N	dark	
263251	thaps1_ua_kg.chr_7000208	-2327.729678	-2329.757032	4.054708	0.044	1	0	0.02507997	0	N	white	PF00069;PF03105;
21022	estExt_fgenesh1_pg.C_chr_10975	-1350.47766	-1352.504733	4.054146	0.0441	1	0	0.02507997	0	N	white	PF00856;
1964	fgenesh1_pg.C_chr_1001098	-4142.978113	-4145.003469	4.050712	0.0442	1	0	0.02511852	0	N	dark	
264305	thaps1_ua_kg.chr_15000043	-1289.389872	-1291.412028	4.044312	0.0443	1	0	0.02520139	0	N	white	PF03253;
10673	fgenesh1_pg.C_chr_17000136	-1223.441866	-1225.462038	4.040344	0.0444	1	0	0.02524814	0	N	white	PF00570;
5167	fgenesh1_pg.C_chr_5000209	-2126.670368	-2128.689165	4.037594	0.0445	1	0	0.02526418	0	N	dark	
25037	estExt_fgenesh1_pg.C_chr_150205	-1985.008464	-1987.028023	4.039118	0.0445	1	0	0.02525392	0	N	dark	
33256	e_gw1.3.414.1	-1305.727621	-1307.738902	4.022562	0.0449	1	0	0.02547763	0	N	white	PF02374;
2150	fgenesh1_pg.C_chr_2000105	-1147.504296	-1149.510944	4.013296	0.0451	1	0	0.02559257	0	N	dark	
2526	fgenesh1_pg.C_chr_2000481	-1017.838191	-1019.845128	4.013874	0.0451	1	0	0.02559257	0	N	white	PF03351;
11184	fgenesh1_pg.C_chr_19a_19000127	-1619.290148	-1621.292181	4.004066	0.0454	1	0	0.0257203	0	N	dark	
4300	fgenesh1_pg.C_chr_4000250	-1895.726402	-1897.722212	3.99162	0.0457	1	0	0.0258981	0	N	white	PF17963;PF00188;
4411	fgenesh1_pg.C_chr_4000361	-1433.053633	-1435.034868	3.96247	0.0465	1	0	0.02633717	0	N	dark	
8190	fgenesh1_pg.C_chr_9000358	-1943.341906	-1945.317055	3.950298	0.0469	1	0	0.02651519	0	N	dark	
23188	estExt_fgenesh1_pg.C_chr_60479	-1650.111269	-1652.083096	3.943654	0.047	1	0	0.02660691	0	N	white	PF00447;
1440	fgenesh1_pg.C_chr_1000574	-1201.926186	-1203.892379	3.932386	0.0474	1	0	0.02677249	0	N	dark	
4959	fgenesh1_pg.C_chr_5000001	-1568.747017	-1570.711715	3.929396	0.0474	1	0	0.02680687	0	N	dark	
261271	thaps1_ua_kg.chr_2000095	-1349.67928	-1351.639536	3.920512	0.0477	1	0	0.02693556	0	N	white	PF01066;
24044	estExt_fgenesh1_pg.C_chr_90308	-1557.375798	-1559.328946	3.906296	0.0481	1	0	0.02713752	0	N	white	PF07209;
33696	e_gw1.4.480.1	-950.574633	-952.528304	3.907342	0.0481	1	0	0.02713403	0	N	white	PF05495;PF13639;PF14599;
37523	e_gw1.14.112.1	-1420.091109	-1422.040805	3.899392	0.0483	1	0	0.02723581	0	N	white	PF00069;
1052	fgenesh1_pg.C_chr_1000186	-1307.498881	-1309.447758	3.897754	0.0484	1	0	0.02724893	0	N	dark	
5205	fgenesh1_pg.C_chr_5000247	-668.229544	-670.176186	3.893284	0.0485	1	0	0.02730806	0	N	white	PF13259;
25635	estExt_fgenesh1_pg.C_chr_200140	-1162.693832	-1164.636479	3.885294	0.0487	1	0	0.02742477	0	N	dark	
264206	thaps1_ua_kg.chr_14000113	-1752.382878	-1754.323342	3.880928	0.0488	1	0	0.02748262	0	N	white	PF00004;PF17862;PF21236;
5370	fgenesh1_pg.C_chr_5000412	-3181.42113	-3183.360527	3.878794	0.0489	1	0	0.02750403	0	N	dark	
2100	fgenesh1_pg.C_chr_2000055	-1155.042907	-1156.981417	3.87702	0.049	1	0	0.02751956	0	N	dark	
264268	thaps1_ua_kg.chr_15000006	-682.978506	-684.914969	3.872926	0.0491	1	0	0.02757319	0	N	white	PF00072;
268346	estExt_thaps1_ua_kg.C_chr_20341	-3578.164978	-3580.100626	3.871296	0.0491	1	0	0.02758641	0	N	white	PF13424;PF13181;
9057	fgenesh1_pg.C_chr_12000138	-1846.355751	-1848.290212	3.868922	0.0492	1	0	0.02761188	0	N	dark	
1665	fgenesh1_pg.C_chr_1000799	-1014.339744	-1016.259002	3.838516	0.0501	0	0	0.02808934	0	N	white	PF00111;
4136	fgenesh1_pg.C_chr_4000086	-610.626987	-612.546648	3.839322	0.0501	0	0	0.02808934	0	N	dark	
23593	estExt_fgenesh1_pg.C_chr_70610	-1084.312547	-1086.228805	3.832516	0.0503	0	0	0.02817622	0	N	white	PF25197;
42543	estExt_gwp_gw1.C_chr_150150	-905.043838	-906.957886	3.828096	0.0504	0	0	0.02823677	0	N	white	PF13532;
264690	thaps1_ua_kg.chr_20000031	-2765.525796	-2767.437513	3.823434	0.0505	0	0	0.02830155	0	N	white	PF02984;PF00134;PF21948;
21003	estExt_fgenesh1_pg.C_chr_10937	-1567.918668	-1569.82281	3.808284	0.051	0	0	0.02854465	0	N	dark	
6032	fgenesh1_pg.C_chr_6000187	-1130.988206	-1132.888154	3.799896	0.0513	0	0	0.02867393	0	N	white	PF04564;
24971	estExt_fgenesh1_pg.C_chr_150062	-5488.142788	-5490.037412	3.789248	0.0516	0	0	0.02884277	0	N	white	PF05794;
2107	fgenesh1_pg.C_chr_2000062	-1754.369932	-1756.252925	3.765986	0.0523	0	0	0.02923228	0	N	dark	
2992	fgenesh1_pg.C_chr_2000947	-2542.507761	-2544.388044	3.760566	0.0525	0	0	0.02931284	0	N	dark	
10479	fgenesh1_pg.C_chr_16a000160	-1735.950129	-1737.821309	3.74236	0.053	0	0	0.02961936	0	N	white	PF12697;
21453	estExt_fgenesh1_pg.C_chr_20739	-796.630538	-798.498181	3.735286	0.0533	0	0	0.0297305	0	N	dark	
11733	fgenesh1_pg.C_chr_22000078	-685.299171	-687.164805	3.731268	0.0534	0	0	0.02978754	0	N	dark	
267971	estExt_thaps1_ua_kg.C_chr_10103	-990.72499	-992.586686	3.723392	0.0537	0	0	0.02991374	0	N	white	PF02493;
42804	estExt_gwp_gw1.C_chr_180171	-2048.641081	-2050.495834	3.709506	0.0541	0	0	0.03014887	0	N	white	PF00089;
1219	fgenesh1_pg.C_chr_1000353	-1257.380032	-1259.229562	3.69906	0.0544	0	0	0.03032339	0	N	white	PF04755;
33717	e_gw1.4.553.1	-901.392919	-903.240183	3.694528	0.0546	0	0	0.03039106	0	N	white	PF13409;
5046	fgenesh1_pg.C_chr_5000088	-1701.314254	-1703.159211	3.689914	0.0547	0	0	0.03046039	0	N	white	PF01026;
25264	estExt_fgenesh1_pg.C_chr_170123	-2086.026975	-2087.869091	3.684232	0.0549	0	0	0.03054947	0	N	white	PF18884;
25623	estExt_fgenesh1_pg.C_chr_200117	-775.330872	-777.159394	3.657044	0.0558	0	0	0.03103676	0	N	white	PF24517;
7699	fgenesh1_pg.C_chr_8000360	-1719.685354	-1721.511132	3.651556	0.056	0	0	0.03109379	0	N	white	PF20398;PF04143;
23127	estExt_fgenesh1_pg.C_chr_60369	-4261.670701	-4263.497039	3.652676	0.056	0	0	0.03109379	0	N	white	PF07534;
24178	estExt_fgenesh1_pg.C_chr_100190	-2294.766221	-2296.592335	3.652228	0.056	0	0	0.03109379	0	N	white	PF05920;
7608	fgenesh1_pg.C_chr_8000269	-1441.622552	-1443.443415	3.641726	0.0563	0	0	0.03126268	0	N	dark	
8860	fgenesh1_pg.C_chr_11a000246	-1385.155911	-1386.972676	3.63353	0.0566	0	0	0.03140172	0	N	dark	
1310	fgenesh1_pg.C_chr_1000444	-1532.714939	-1534.519563	3.609248	0.0575	0	0	0.03184792	0	N	white	PF01266;
23051	estExt_fgenesh1_pg.C_chr_60216	-5817.503393	-5819.30741	3.608034	0.0575	0	0	0.03185572	0	N	dark	
23950	estExt_fgenesh1_pg.C_chr_90119	-3418.344295	-3420.146241	3.603892	0.0576	0	0	0.03190423	0	N	dark	
269858	estExt_thaps1_ua_kg.C_chr_150089	-2251.202823	-2253.00541	3.605174	0.0576	0	0	0.03189509	0	N	dark	
264601	thaps1_ua_kg.chr_19a_19000044	-1324.10984	-1325.910623	3.601566	0.0577	0	0	0.03193342	0	N	white	PF00704;
23566	estExt_fgenesh1_pg.C_chr_70563	-2185.07047	-2186.864218	3.587496	0.0582	0	0	0.03218931	0	N	dark	
269328	estExt_thaps1_ua_kg.C_chr_80018	-2032.883992	-2034.677057	3.58613	0.0583	0	0	0.03220019	0	N	white	PF01039;
10157	fgenesh1_pg.C_chr_15000147	-943.348616	-945.137691	3.57815	0.0585	0	0	0.03233959	0	N	dark	
3773	fgenesh1_pg.C_chr_3000707	-1704.173445	-1705.958036	3.569182	0.0589	0	0	0.03249897	0	N	dark	
5039	fgenesh1_pg.C_chr_5000081	-525.923769	-527.705463	3.563388	0.0591	0	0	0.0325924	0	N	dark	
11869	fgenesh1_pg.C_chr_22000214	-4922.657703	-4924.438297	3.561188	0.0591	0	0	0.03260855	0	N	white	PF10152;PF00169;
21739	estExt_fgenesh1_pg.C_chr_30344	-911.439514	-913.22092	3.562812	0.0591	0	0	0.0325924	0	N	dark	
24947	estExt_fgenesh1_pg.C_chr_150001	-2052.249873	-2054.026106	3.552466	0.0595	0	0	0.03276455	0	N	white	PF01529;
25775	estExt_fgenesh1_pg.C_chr_220240	-2445.513826	-2447.288382	3.549112	0.0596	0	0	0.03281501	0	N	white	PF13639;
263315	thaps1_ua_kg.chr_7000272	-1109.66021	-1111.429047	3.537674	0.06	0	0	0.03302613	0	N	white	PF10275;
1091	fgenesh1_pg.C_chr_1000225	-1545.779247	-1547.542389	3.526284	0.0604	0	0	0.03323775	0	N	white	PF13640;
263722	thaps1_ua_kg.chr_10000112	-1242.089458	-1243.851641	3.524366	0.0605	0	0	0.03326021	0	N	white	PF00459;
12137	fgenesh1_pg.C_chr_24000013	-742.994396	-744.751048	3.513304	0.0609	0	0	0.03346684	0	N	dark	
264341	thaps1_ua_kg.chr_15000079	-633.048535	-634.80477	3.51247	0.0609	0	0	0.03346758	0	N	white	PF13561;
11793	fgenesh1_pg.C_chr_22000138	-1293.129688	-1294.880248	3.50112	0.0613	0	0	0.03368148	0	N	white	PF04087;
4349	fgenesh1_pg.C_chr_4000299	-1853.519546	-1855.269312	3.499532	0.0614	0	0	0.03369759	0	N	white	PF12796;
4192	fgenesh1_pg.C_chr_4000142	-2666.19524	-2667.943474	3.496468	0.0615	0	0	0.03374378	0	N	dark	
9298	fgenesh1_pg.C_chr_13000018	-1194.137324	-1195.884165	3.493682	0.0616	0	0	0.03378438	0	N	dark	
22108	estExt_fgenesh1_pg.C_chr_40100	-5935.025124	-5936.769505	3.488762	0.0618	0	0	0.03386867	0	N	white	PF17389;PF08531;
11739	fgenesh1_pg.C_chr_22000084	-2445.68874	-2447.431384	3.485288	0.0619	0	0	0.03392355	0	N	dark	
21530	estExt_fgenesh1_pg.C_chr_20894	-3664.970186	-3666.707688	3.475004	0.0623	0	0	0.03411866	0	N	dark	
11424	fgenesh1_pg.C_chr_20000020	-2262.642396	-2264.375785	3.466778	0.0626	0	0	0.03427232	0	N	dark	
3261	fgenesh1_pg.C_chr_3000195	-990.565329	-992.296872	3.463086	0.0628	0	0	0.03433246	0	N	dark	
7245	fgenesh1_pg.C_chr_7000628	-610.502911	-612.233752	3.461682	0.0628	0	0	0.03434517	0	N	white	PF00595;
23309	estExt_fgenesh1_pg.C_chr_60714	-2367.901853	-2369.630699	3.457692	0.063	0	0	0.03441168	0	N	dark	
974	fgenesh1_pg.C_chr_1000108	-1778.218796	-1779.9457	3.453808	0.0631	0	0	0.03447613	0	N	white	PF01575;PF22622;
2892	fgenesh1_pg.C_chr_2000847	-1349.378929	-1351.103806	3.449754	0.0633	0	0	0.03454426	0	N	white	PF00889;
24101	estExt_fgenesh1_pg.C_chr_100021	-4149.2702	-4150.986738	3.433076	0.0639	0	0	0.03487805	0	N	dark	
8515	fgenesh1_pg.C_chr_10000285	-774.301561	-776.009824	3.416526	0.0645	0	0	0.03521257	0	N	dark	
11718	fgenesh1_pg.C_chr_22000063	-2979.097491	-2980.802446	3.40991	0.0648	0	0	0.03533714	0	N	dark	
4352	fgenesh1_pg.C_chr_4000302	-621.190045	-622.892671	3.405252	0.065	0	0	0.03538735	0	N	dark	
10498	fgenesh1_pg.C_chr_16b000017	-864.690206	-866.392809	3.405206	0.065	0	0	0.03538735	0	N	white	PF04488;
261018	thaps1_ua_kg.chr_1000278	-2297.873303	-2299.576038	3.40547	0.065	0	0	0.03538735	0	N	white	PF01590;PF00233;
4713	fgenesh1_pg.C_chr_4000663	-1971.880153	-1973.580468	3.40063	0.0652	0	0	0.03546874	0	N	dark	
11185	fgenesh1_pg.C_chr_19a_19000128	-924.902982	-926.602238	3.398512	0.0653	0	0	0.0354974	0	N	white	PF22784;
24220	estExt_fgenesh1_pg.C_chr_100276	-2263.341404	-2265.027786	3.372764	0.0663	0	0	0.03603901	0	N	dark	
23420	estExt_fgenesh1_pg.C_chr_70240	-3190.478302	-3192.161028	3.365452	0.0666	0	0	0.03618211	0	N	dark	
15539	gw1.18.70.1	-1299.347712	-1301.02901	3.362596	0.0667	0	0	0.03622767	0	N	white	PF01406;
5533	fgenesh1_pg.C_chr_5000575	-781.931885	-783.61063	3.35749	0.0669	0	0	0.03632289	0	N	unmapped	
6678	fgenesh1_pg.C_chr_7000061	-4085.503574	-4087.178023	3.348898	0.0673	0	0	0.03649561	0	N	white	PF00092;
7729	fgenesh1_pg.C_chr_8000390	-4225.710506	-4227.380466	3.33992	0.0676	0	0	0.03667783	0	N	dark	
8879	fgenesh1_pg.C_chr_11a000265	-2511.038751	-2512.705117	3.332732	0.0679	0	0	0.03682095	0	N	white	PF00069;
23887	estExt_fgenesh1_pg.C_chr_80474	-3059.543781	-3061.208204	3.328846	0.0681	0	0	0.03689053	0	N	white	PF01535;PF13812;
21122	estExt_fgenesh1_pg.C_chr_20072	-8167.51068	-8169.172235	3.32311	0.0683	0	0	0.03700188	0	N	white	PF12765;PF12830;PF00628;
3622	fgenesh1_pg.C_chr_3000556	-1321.446857	-1323.107183	3.320652	0.0684	0	0	0.03703968	0	N	white	PF01128;
23428	estExt_fgenesh1_pg.C_chr_70248	-3023.039144	-3024.698056	3.317824	0.0685	0	0	0.03706831	0	N	dark	
25351	estExt_fgenesh1_pg.C_chr_180101	-1617.374699	-1619.033679	3.31796	0.0685	0	0	0.03706831	0	N	white	PF04488;
22816	estExt_fgenesh1_pg.C_chr_50615	-1578.183595	-1579.841425	3.31566	0.0686	0	0	0.03709958	0	N	white	PF08241;
20678	estExt_fgenesh1_pg.C_chr_10256	-3315.893879	-3317.548091	3.308424	0.0689	0	0	0.03724566	0	N	white	PF08007;
3017	fgenesh1_pg.C_chr_2000972	-664.178292	-665.831871	3.307158	0.069	0	0	0.0372457	0	N	white	PF09335;
25246	estExt_fgenesh1_pg.C_chr_170090	-3342.981631	-3344.634677	3.306092	0.069	0	0	0.0372457	0	N	white	PF00076;
34344	e_gw1.5.280.1	-1164.289156	-1165.942474	3.306636	0.069	0	0	0.0372457	0	N	white	PF00153;
5094	fgenesh1_pg.C_chr_5000136	-1043.64249	-1045.291425	3.29787	0.0694	0	0	0.03741491	0	N	dark	
24347	estExt_fgenesh1_pg.C_chr_11a0156	-5585.64457	-5587.289738	3.290336	0.0697	0	0	0.03756921	0	N	white	PF13191;
19837	gw1.1.826.1	-267.38323	-269.018336	3.270212	0.0705	0	0	0.03801476	0	N	white	PF01564;
34390	e_gw1.5.396.1	-1113.324643	-1114.956765	3.264244	0.0708	0	0	0.03813533	0	N	white	PF00459;
23270	estExt_fgenesh1_pg.C_chr_60641	-2935.866106	-2937.493646	3.25508	0.0712	0	0	0.03833098	0	N	white	PF16969;
10732	fgenesh1_pg.C_chr_17000195	-2180.619197	-2182.240789	3.243184	0.0717	0	0	0.03859201	0	N	dark	
10189	fgenesh1_pg.C_chr_15000179	-2757.268194	-2758.872609	3.20883	0.0732	0	0	0.03939173	0	N	white	PF17820;
5298	fgenesh1_pg.C_chr_5000340	-6576.723304	-6578.321136	3.195664	0.0738	0	0	0.03968502	0	N	white	PF13424;
8952	fgenesh1_pg.C_chr_12000033	-2613.889708	-2615.487287	3.195158	0.0739	0	0	0.03968502	0	N	white	PF13522;PF01380;
12123	fgenesh1_pg.C_chr_23000151	-590.530992	-592.127613	3.193242	0.0739	0	0	0.03971287	0	N	white	PF24646;
11059	fgenesh1_pg.C_chr_19a_19000002	-1625.803339	-1627.398917	3.191156	0.074	0	0	0.03974488	0	N	dark	
24808	estExt_fgenesh1_pg.C_chr_140112	-453.510453	-455.100108	3.17931	0.0746	0	0	0.0400152	0	N	dark	
17228	gw1.13.128.1	-849.283576	-850.872388	3.177624	0.0747	0	0	0.04003771	0	N	white	PF00089;
3926	fgenesh1_pg.C_chr_3000860	-3708.82486	-3710.410718	3.171716	0.0749	0	0	0.04014507	0	N	white	PF20653;
262378	thaps1_ua_kg.chr_5000017	-1592.079477	-1593.665493	3.172032	0.0749	0	0	0.04014507	0	N	dark	
10945	fgenesh1_pg.C_chr_18000188	-1125.274674	-1126.858512	3.167676	0.0751	0	0	0.04022563	0	N	white	PF12796;
9243	fgenesh1_pg.C_chr_12000324	-3425.468982	-3427.042843	3.147722	0.076	0	0	0.0407013	0	N	white	PF13582;
16777	gw1.14.157.1	-1207.818774	-1209.387513	3.137478	0.0765	0	0	0.04093852	0	N	white	PF12146;
5695	fgenesh1_pg.C_chr_5000737	-1406.422277	-1407.987004	3.129454	0.0769	0	0	0.04112122	0	N	white	PF01694;
25788	estExt_fgenesh1_pg.C_chr_220270	-1413.826312	-1415.390209	3.127794	0.077	0	0	0.04114386	0	N	white	PF01980;
261176	thaps1_ua_kg.chr_1000436	-1170.753775	-1172.314701	3.121852	0.0772	0	0	0.04126149	0	N	white	PF00561;
21333	estExt_fgenesh1_pg.C_chr_20515	-3739.893149	-3741.453957	3.121616	0.0773	0	0	0.04126149	0	N	white	PF13582;
6620	fgenesh1_pg.C_chr_7000003	-1015.024821	-1016.578241	3.10684	0.078	0	0	0.04161799	0	N	dark	
2003	fgenesh1_pg.C_chr_1001137	-568.143577	-569.687728	3.088302	0.0789	0	0	0.04207501	0	N	dark	
268412	estExt_thaps1_ua_kg.C_chr_30029	-716.051739	-717.583085	3.062692	0.0801	0	0	0.04272296	0	N	white	PF00849;
20989	estExt_fgenesh1_pg.C_chr_10912	-3544.071124	-3545.599068	3.055888	0.0804	0	0	0.04288222	0	N	white	PF20710;
23907	estExt_fgenesh1_pg.C_chr_90026	-2377.175108	-2378.700701	3.051186	0.0807	0	0	0.04298647	0	N	dark	
4046	fgenesh1_pg.C_chr_3000980	-1686.270016	-1687.788594	3.037156	0.0814	0	0	0.04333931	0	N	white	PF04445;
9162	fgenesh1_pg.C_chr_12000243	-3908.863656	-3910.381375	3.035438	0.0815	0	0	0.043365	0	N	dark	
268904	estExt_thaps1_ua_kg.C_chr_50175	-1280.517781	-1282.03366	3.031758	0.0817	0	0	0.0434432	0	N	white	PF13469;
5340	fgenesh1_pg.C_chr_5000382	-982.185967	-983.69583	3.019726	0.0823	0	0	0.04374625	0	N	dark	
7136	fgenesh1_pg.C_chr_7000519	-1637.958184	-1639.460377	3.004386	0.083	0	0	0.04414162	0	N	white	PF06945;PF00903;
4370	fgenesh1_pg.C_chr_4000320	-2091.943142	-2093.442836	2.999388	0.0833	0	0	0.0442574	0	N	dark	
2635	fgenesh1_pg.C_chr_2000590	-3212.344744	-3213.839191	2.988894	0.0838	0	0	0.04450368	0	N	white	PF00415;
260982	thaps1_ua_kg.chr_1000242	-223.252198	-224.74709	2.989784	0.0838	0	0	0.0444999	0	N	dark	
10314	fgenesh1_pg.C_chr_15000304	-2706.286142	-2707.77364	2.974996	0.0846	0	0	0.04484575	0	N	white	PF12697;
11174	fgenesh1_pg.C_chr_19a_19000117	-1692.511599	-1693.999162	2.975126	0.0846	0	0	0.04484575	0	N	dark	
5262	fgenesh1_pg.C_chr_5000304	-1816.338531	-1817.819639	2.962216	0.0852	0	0	0.04515953	0	N	white	PF21743;
6010	fgenesh1_pg.C_chr_6000165	-1936.481554	-1937.962997	2.962886	0.0852	0	0	0.04515953	0	N	dark	
7367	fgenesh1_pg.C_chr_8000028	-672.807149	-674.28729	2.960282	0.0853	0	0	0.04519252	0	N	dark	
10762	fgenesh1_pg.C_chr_18000005	-1622.202272	-1623.68204	2.959536	0.0854	0	0	0.04519252	0	N	dark	
10519	fgenesh1_pg.C_chr_16b000038	-1079.907835	-1081.385566	2.955462	0.0856	0	0	0.04528556	0	N	dark	
7087	fgenesh1_pg.C_chr_7000470	-435.153471	-436.628274	2.949606	0.0859	0	0	0.04541523	0	N	dark	
7839	fgenesh1_pg.C_chr_9000007	-3541.63285	-3543.107522	2.949344	0.0859	0	0	0.04541523	0	N	white	PF00003;PF22673;
11664	fgenesh1_pg.C_chr_22000009	-3801.505519	-3802.978108	2.945178	0.0861	0	0	0.04551141	0	N	white	PF12022;
8732	fgenesh1_pg.C_chr_11a000118	-6422.380363	-6423.847042	2.933358	0.0868	0	0	0.04582449	0	N	dark	
14971	gw1.19a.43.1	-1291.09194	-1292.555114	2.926348	0.0871	0	0	0.04600262	0	N	white	PF14671;PF22785;
37615	e_gw1.15.62.1	-1298.374598	-1299.833837	2.918478	0.0876	0	0	0.04620616	0	N	white	PF13460;
22044	estExt_fgenesh1_pg.C_chr_30946	-3546.935246	-3548.390863	2.911234	0.088	0	0	0.04639269	0	N	dark	
7376	fgenesh1_pg.C_chr_8000037	-1956.100755	-1957.551537	2.901564	0.0885	0	0	0.0466502	0	N	white	PF12239;
7516	fgenesh1_pg.C_chr_8000177	-1331.054872	-1332.505065	2.900386	0.0886	0	0	0.04666277	0	N	white	PF00248;
25396	estExt_fgenesh1_pg.C_chr_180212	-712.397304	-713.844901	2.895194	0.0888	0	0	0.04679175	0	N	dark	
4512	fgenesh1_pg.C_chr_4000462	-2053.956611	-2055.401873	2.890524	0.0891	0	0	0.04690593	0	N	dark	
2119	fgenesh1_pg.C_chr_2000074	-2953.769048	-2955.212116	2.886136	0.0893	0	0	0.04699056	0	N	white	PF08235;
24744	estExt_fgenesh1_pg.C_chr_130366	-1108.809765	-1110.253088	2.886646	0.0893	0	0	0.04699056	0	N	white	PF01149;PF06831;
9396	fgenesh1_pg.C_chr_13000116	-979.820018	-981.259855	2.879674	0.0897	0	0	0.04713608	0	N	dark	
11719	fgenesh1_pg.C_chr_22000064	-958.481034	-959.921147	2.880226	0.0897	0	0	0.04713608	0	N	dark	
21535	estExt_fgenesh1_pg.C_chr_20906	-2436.595729	-2438.034715	2.877972	0.0898	0	0	0.04716424	0	N	dark	
9918	fgenesh1_pg.C_chr_14000263	-1293.295786	-1294.732481	2.87339	0.0901	0	0	0.04727195	0	N	white	PF05899;
23364	estExt_fgenesh1_pg.C_chr_70114	-1466.665198	-1468.101608	2.87282	0.0901	0	0	0.04727195	0	N	white	PF03747;
12207	fgenesh1_pg.C_chr_24000083	-3484.217217	-3485.652093	2.869752	0.0903	0	0	0.0473329	0	N	dark	
269412	estExt_thaps1_ua_kg.C_chr_90025	-1236.007191	-1237.441825	2.869268	0.0903	0	0	0.0473329	0	N	white	PF14938;
25087	estExt_fgenesh1_pg.C_chr_150300	-3910.774995	-3912.20727	2.86455	0.0906	0	0	0.04745011	0	N	dark	
21750	estExt_fgenesh1_pg.C_chr_30367	-1702.694564	-1704.119997	2.850866	0.0913	0	0	0.0478336	0	N	white	PF02317;
7335	fgenesh1_pg.C_chr_7000718	-670.023228	-671.445451	2.844446	0.0917	0	0	0.04798102	0	N	dark	
269917	estExt_thaps1_ua_kg.C_chr_170057	-2229.985154	-2231.407723	2.845138	0.0917	0	0	0.04798102	0	N	white	PF05958;
6922	fgenesh1_pg.C_chr_7000305	-3563.092666	-3564.51041	2.835488	0.0922	0	0	0.04822716	0	N	dark	
24373	estExt_fgenesh1_pg.C_chr_11a0221	-624.829362	-626.245474	2.832224	0.0924	0	0	0.04830314	0	N	white	PF10251;
38510	e_gw1.20.92.1	-1085.406326	-1086.818423	2.824194	0.0929	0	0	0.04852308	0	N	dark	
24940	estExt_fgenesh1_pg.C_chr_140333	-2627.061285	-2628.472249	2.821928	0.093	0	0	0.04856941	0	N	white	PF05686;
21050	estExt_fgenesh1_pg.C_chr_11029	-2032.045529	-2033.447755	2.804452	0.094	0	0	0.04907887	0	N	white	PF06858;PF17835;
25123	estExt_fgenesh1_pg.C_chr_16a0057	-2400.571351	-2401.971424	2.800146	0.0943	0	0	0.04918153	0	N	dark	
269456	estExt_thaps1_ua_kg.C_chr_90117	-2537.601935	-2539.001753	2.799636	0.0943	0	0	0.04918153	0	N	white	PF01595;
4742	fgenesh1_pg.C_chr_4000692	-3842.395656	-3843.789934	2.788556	0.0949	0	0	0.04950009	0	N	white	PF00867;PF00752;
5880	fgenesh1_pg.C_chr_6000035	-763.536844	-764.926708	2.779728	0.0955	0	0	0.04975092	0	N	dark	
11794	fgenesh1_pg.C_chr_22000139	-1987.326175	-1988.713072	2.773794	0.0958	0	0	0.04991286	0	N	dark	
24904	estExt_fgenesh1_pg.C_chr_140277	-1136.52678	-1137.910621	2.767682	0.0962	0	0	0.05008096	0	N	white	PF04900;PF24779;
264344	thaps1_ua_kg.chr_15000082	-1366.227925	-1367.610221	2.764592	0.0964	0	0	0.05015489	0	N	white	PF00233;
7900	fgenesh1_pg.C_chr_9000068	-2440.140823	-2441.522455	2.763264	0.0965	0	0	0.05017368	0	N	white	PF00188;
11299	fgenesh1_pg.C_chr_19b_31000042	-609.864434	-611.242547	2.756226	0.0969	0	0	0.05037196	0	N	dark	
8183	fgenesh1_pg.C_chr_9000351	-1518.08571	-1519.453494	2.735568	0.0981	0	0	0.05100052	0	N	dark	
37362	e_gw1.14.31.1	-1949.360788	-1950.728262	2.734948	0.0982	0	0	0.05100052	0	N	white	PF00493;PF17855;PF17207;
11817	fgenesh1_pg.C_chr_22000162	-1380.09019	-1381.453426	2.726472	0.0987	0	0	0.0512486	0	N	dark	
11939	fgenesh1_pg.C_chr_22000284	-866.329118	-867.69178	2.725324	0.0988	0	0	0.05126216	0	N	dark	
11194	fgenesh1_pg.C_chr_19a_19000137	-1779.334597	-1780.69411	2.719026	0.0992	0	0	0.05144142	0	N	dark	
3462	fgenesh1_pg.C_chr_3000396	-1906.984116	-1908.342342	2.716452	0.0993	0	0	0.05150107	0	N	dark	
7859	fgenesh1_pg.C_chr_9000027	-591.581691	-592.939357	2.715332	0.0994	0	0	0.05151384	0	N	dark	
3035	fgenesh1_pg.C_chr_2000990	-1221.016582	-1222.37259	2.712016	0.0996	0	0	0.05159607	0	N	white	PF00134;
5051	fgenesh1_pg.C_chr_5000093	-3402.89981	-3404.25548	2.71134	0.0996	0	0	0.05159607	0	N	dark	
21259	estExt_fgenesh1_pg.C_chr_20355	-2065.579328	-2066.929736	2.700816	0.1	0	0	0.05191412	0	N	white	PF08449;
24431	estExt_fgenesh1_pg.C_chr_120052	-1591.329197	-1592.662385	2.666376	0.102	0	0	0.05302481	0	N	white	PF01903;
9187	fgenesh1_pg.C_chr_12000268	-2531.732748	-2533.060986	2.656476	0.103	0	0	0.05333169	0	N	dark	
20874	estExt_fgenesh1_pg.C_chr_10666	-2486.091036	-2487.416639	2.651206	0.103	0	0	0.05348454	0	N	white	PF00005;PF03649;
2241	fgenesh1_pg.C_chr_2000196	-913.752741	-915.073911	2.64234	0.104	0	0	0.0537351	0	N	white	PF05050;
11557	fgenesh1_pg.C_chr_20000153	-1882.029323	-1883.354364	2.650082	0.104	0	0	0.05349816	0	N	white	PF05721;
264838	thaps1_ua_kg.chr_22000091	-508.13649	-509.45563	2.63828	0.104	0	0	0.05384825	0	N	white	PF00447;
3579	fgenesh1_pg.C_chr_3000513	-1066.829499	-1068.142136	2.625274	0.105	0	0	0.05419316	0	N	dark	
24285	estExt_fgenesh1_pg.C_chr_11a0027	-3765.524017	-3766.837811	2.627588	0.105	0	0	0.05418754	0	N	white	PF20330;
25172	estExt_fgenesh1_pg.C_chr_16b0005	-1888.239687	-1889.552807	2.62624	0.105	0	0	0.05419316	0	N	dark	
262976	thaps1_ua_kg.chr_6000300	-1325.532145	-1326.844802	2.625314	0.105	0	0	0.05419316	0	N	white	PF00233;
7372	fgenesh1_pg.C_chr_8000033	-2134.117904	-2135.427397	2.618986	0.106	0	0	0.05438378	0	N	white	PF00089;
23415	estExt_fgenesh1_pg.C_chr_70231	-2605.789647	-2607.093881	2.608468	0.106	0	0	0.05472092	0	N	white	PF01535;PF13041;
11061	fgenesh1_pg.C_chr_19a_19000004	-4641.94454	-4643.240922	2.592764	0.107	0	0	0.05524092	0	N	dark	
9221	fgenesh1_pg.C_chr_12000302	-1193.594572	-1194.88732	2.585496	0.108	0	0	0.05545724	0	N	dark	
39953	estExt_gwp_gw1.C_chr_30403	-2031.776999	-2033.069573	2.585148	0.108	0	0	0.05545724	0	N	white	PF13959;PF00270;PF00271;
5192	fgenesh1_pg.C_chr_5000234	-1497.598173	-1498.879277	2.562208	0.109	0	0	0.05621652	0	N	dark	
9458	fgenesh1_pg.C_chr_13000178	-1829.627531	-1830.911034	2.567006	0.109	0	0	0.05607143	0	N	white	PF01734;
20220	gw1.22.206.1	-322.799908	-324.069888	2.53996	0.111	0	0	0.05698806	0	N	white	PF11976;
269889	estExt_thaps1_ua_kg.C_chr_170002	-823.135901	-824.403736	2.53567	0.111	0	0	0.05711746	0	N	dark	
11273	fgenesh1_pg.C_chr_19b_31000016	-901.717309	-902.978099	2.52158	0.112	0	0	0.05757808	0	N	dark	
22847	estExt_fgenesh1_pg.C_chr_50682	-2195.757271	-2197.018828	2.523114	0.112	0	0	0.05754794	0	N	dark	
4821	fgenesh1_pg.C_chr_4000771	-1893.218494	-1894.475557	2.514126	0.113	0	0	0.05777314	0	N	dark	
5586	fgenesh1_pg.C_chr_5000628	-2753.128963	-2754.387782	2.517638	0.113	0	0	0.05767043	0	N	white	PF07156;
10830	fgenesh1_pg.C_chr_18000073	-1727.573474	-1728.832736	2.518524	0.113	0	0	0.05766389	0	N	dark	
24074	estExt_fgenesh1_pg.C_chr_90362	-2039.604853	-2040.858871	2.508036	0.113	0	0	0.05797084	0	N	white	PF13516;
2126	fgenesh1_pg.C_chr_2000081	-1644.926809	-1646.175576	2.497534	0.114	0	0	0.05830629	0	N	dark	
20963	estExt_fgenesh1_pg.C_chr_10842	-1425.872303	-1427.122316	2.500026	0.114	0	0	0.05824026	0	N	dark	
269633	estExt_thaps1_ua_kg.C_chr_120072	-1722.776071	-1724.024487	2.496832	0.114	0	0	0.05830629	0	N	dark	
9339	fgenesh1_pg.C_chr_13000059	-854.29649	-855.541941	2.490902	0.115	0	0	0.05850016	0	N	dark	
10803	fgenesh1_pg.C_chr_18000046	-2161.965034	-2163.207326	2.484584	0.115	0	0	0.05870925	0	N	white	PF00447;
23010	estExt_fgenesh1_pg.C_chr_60157	-2357.186716	-2358.426432	2.479432	0.115	0	0	0.05887553	0	N	white	PF03372;
22723	estExt_fgenesh1_pg.C_chr_50443	-4876.502983	-4877.739442	2.472918	0.116	0	0	0.0590408	0	N	white	PF16016;
24046	estExt_fgenesh1_pg.C_chr_90313	-911.932956	-913.170157	2.474402	0.116	0	0	0.05901143	0	N	dark	
264623	thaps1_ua_kg.chr_19b_31000014	-1015.574741	-1016.812708	2.475934	0.116	0	0	0.05898029	0	N	white	PF00004;
18089	gw1.8.258.1	-950.240383	-951.47015	2.459534	0.117	0	0	0.05949272	0	N	white	PF10417;PF00578;
37810	e_gw1.16a.58.1	-803.949959	-805.181576	2.463234	0.117	0	0	0.05937923	0	N	white	PF00625;
5470	fgenesh1_pg.C_chr_5000512	-1546.516874	-1547.738438	2.443128	0.118	0	0	0.06002379	0	N	white	PF00571;
7140	fgenesh1_pg.C_chr_7000523	-2134.744077	-2135.968138	2.448122	0.118	0	0	0.0599	0	N	white	PF06268;PF06140;
22994	estExt_fgenesh1_pg.C_chr_60131	-1372.693942	-1373.917618	2.447352	0.118	0	0	0.0599027	0	N	white	PF06966;
25423	estExt_fgenesh1_pg.C_chr_180259	-2813.699625	-2814.921018	2.442786	0.118	0	0	0.06002379	0	N	dark	
262568	thaps1_ua_kg.chr_5000207	-3369.174036	-3370.39315	2.438228	0.118	0	0	0.06017167	0	N	white	PF00004;PF17862;PF02933;PF02359;
6608	fgenesh1_pg.C_chr_6000763	-3140.80186	-3142.011915	2.42011	0.12	0	0	0.06084415	0	N	white	PF05686;
6759	fgenesh1_pg.C_chr_7000142	-853.310243	-854.517067	2.413648	0.12	0	0	0.06098724	0	N	dark	
24361	estExt_fgenesh1_pg.C_chr_11a0187	-2231.458795	-2232.666227	2.414864	0.12	0	0	0.06098724	0	N	white	PF17773;
24615	estExt_fgenesh1_pg.C_chr_130089	-726.717043	-727.924191	2.414296	0.12	0	0	0.06098724	0	N	dark	
263072	thaps1_ua_kg.chr_7000029	-1987.449835	-1988.657625	2.41558	0.12	0	0	0.06098724	0	N	white	PF01743;
9009	fgenesh1_pg.C_chr_12000090	-1408.003603	-1409.204096	2.400986	0.121	0	0	0.06141138	0	N	dark	
12186	fgenesh1_pg.C_chr_24000062	-623.292097	-624.49395	2.403706	0.121	0	0	0.0613486	0	N	dark	
21455	estExt_fgenesh1_pg.C_chr_20741	-1855.563431	-1856.76379	2.400718	0.121	0	0	0.06141138	0	N	dark	
25382	estExt_fgenesh1_pg.C_chr_180173	-3338.505283	-3339.704939	2.399312	0.121	0	0	0.06143937	0	N	white	PF00852;
6816	fgenesh1_pg.C_chr_7000199	-1399.033848	-1400.228906	2.390116	0.122	0	0	0.06177436	0	N	white	PF13410;PF13417;
22374	estExt_fgenesh1_pg.C_chr_40621	-893.795158	-894.984353	2.37839	0.123	0	0	0.0622121	0	N	dark	
9007	fgenesh1_pg.C_chr_12000088	-1127.556425	-1128.739938	2.367026	0.124	0	0	0.06261111	0	N	dark	
10073	fgenesh1_pg.C_chr_15000063	-920.569415	-921.753358	2.367886	0.124	0	0	0.06260431	0	N	dark	
270069	estExt_thaps1_ua_kg.C_chr_220037	-1339.338205	-1340.518344	2.360278	0.124	0	0	0.06285467	0	N	white	PF01504;
7265	fgenesh1_pg.C_chr_7000648	-2927.19451	-2928.364788	2.340556	0.126	0	0	0.06359866	0	N	white	PF17146;PF08772;
20879	estExt_fgenesh1_pg.C_chr_10674	-965.975205	-967.148677	2.346944	0.126	0	0	0.06336645	0	N	white	PF00642;PF13696;
21316	estExt_fgenesh1_pg.C_chr_20481	-1946.855375	-1948.024251	2.337752	0.126	0	0	0.06368512	0	N	dark	
24580	estExt_fgenesh1_pg.C_chr_130014	-3485.528516	-3486.696585	2.336138	0.126	0	0	0.06372302	0	N	white	PF12906;
10474	fgenesh1_pg.C_chr_16a000155	-1907.75893	-1908.925168	2.332476	0.127	0	0	0.06384488	0	N	dark	
11698	fgenesh1_pg.C_chr_22000043	-647.737431	-648.90231	2.329758	0.127	0	0	0.06392825	0	N	dark	
7365	fgenesh1_pg.C_chr_8000026	-2282.239126	-2283.39836	2.318468	0.128	0	0	0.06433706	0	N	white	PF13621;
8897	fgenesh1_pg.C_chr_11b000006	-742.408124	-743.567487	2.318726	0.128	0	0	0.06433706	0	N	dark	
22220	estExt_fgenesh1_pg.C_chr_40337	-2277.555385	-2278.712496	2.314222	0.128	0	0	0.06448455	0	N	dark	
23116	estExt_fgenesh1_pg.C_chr_60347	-2713.599748	-2714.752433	2.30537	0.129	0	0	0.0648243	0	N	white	PF04577;
9632	fgenesh1_pg.C_chr_13000352	-721.592387	-722.740882	2.29699	0.13	0	0	0.06514627	0	N	dark	
3202	fgenesh1_pg.C_chr_3000136	-1700.208124	-1701.345805	2.275362	0.131	0	0	0.06603163	0	N	dark	
8812	fgenesh1_pg.C_chr_11a000198	-666.163717	-667.298971	2.270508	0.132	0	0	0.06620961	0	N	dark	
17008	gw1.5.355.1	-1040.347891	-1041.48163	2.267478	0.132	0	0	0.06631005	0	N	white	PF01351;
2293	fgenesh1_pg.C_chr_2000248	-764.940629	-766.070133	2.259008	0.133	0	0	0.06664434	0	N	dark	
24963	estExt_fgenesh1_pg.C_chr_150034	-701.51776	-702.640763	2.246006	0.134	0	0	0.06717705	0	N	dark	
10740	fgenesh1_pg.C_chr_17000203	-995.283211	-996.398475	2.230528	0.135	0	0	0.06779344	0	N	dark	
261623	thaps1_ua_kg.chr_3000001	-1305.292233	-1306.412125	2.239784	0.135	0	0	0.06741826	0	N	white	PF00153;
1779	fgenesh1_pg.C_chr_1000913	-3386.288336	-3387.397894	2.219116	0.136	0	0	0.06820647	0	N	white	PF03105;
8896	fgenesh1_pg.C_chr_11b000005	-650.253964	-651.366393	2.224858	0.136	0	0	0.06801289	0	N	dark	
24414	estExt_fgenesh1_pg.C_chr_120022	-1720.356323	-1721.466953	2.22126	0.136	0	0	0.06814167	0	N	white	PF00557;
2487	fgenesh1_pg.C_chr_2000442	-5332.25031	-5333.354336	2.208052	0.137	0	0	0.06860711	0	N	white	PF02985;
9342	fgenesh1_pg.C_chr_13000062	-738.539943	-739.644677	2.209468	0.137	0	0	0.06857416	0	N	dark	
26239	estExt_fgenesh1_pm.C_chr_50018	-3651.388247	-3652.4952	2.213906	0.137	0	0	0.06840713	0	N	white	PF01851;PF18051;PF17781;
9992	fgenesh1_pg.C_chr_14000337	-760.719291	-761.818269	2.197956	0.138	0	0	0.06902763	0	N	white	PF00538;
1959	fgenesh1_pg.C_chr_1001093	-3851.740821	-3852.836093	2.190544	0.139	0	0	0.06929988	0	N	white	PF00635;
4315	fgenesh1_pg.C_chr_4000265	-1127.867225	-1128.963276	2.192102	0.139	0	0	0.06926009	0	N	white	PF00447;
12570	gw1.15.8.1	-3404.095951	-3405.18905	2.186198	0.139	0	0	0.06943505	0	N	white	PF00270;PF21010;PF00271;PF07717;PF26026;
19913	gw1.10.243.1	-346.604567	-347.698737	2.18834	0.139	0	0	0.06936882	0	N	unmapped	
8726	fgenesh1_pg.C_chr_11a000112	-1753.611206	-1754.700787	2.179162	0.14	0	0	0.06972271	0	N	white	PF03770;
6348	fgenesh1_pg.C_chr_6000503	-872.985347	-874.064747	2.1588	0.142	0	0	0.0706213	0	N	white	PF06094;
1836	fgenesh1_pg.C_chr_1000970	-1089.419836	-1090.490487	2.141302	0.143	0	0	0.07133743	0	N	dark	
13482	gw1.6.106.1	-2439.115721	-2440.189934	2.148426	0.143	0	0	0.07106762	0	N	white	PF01704;
24063	estExt_fgenesh1_pg.C_chr_90346	-6398.652065	-6399.725958	2.147786	0.143	0	0	0.07106762	0	N	white	PF13191;
10400	fgenesh1_pg.C_chr_16a000081	-2001.960803	-2003.028308	2.13501	0.144	0	0	0.0715372	0	N	dark	
11431	fgenesh1_pg.C_chr_20000027	-670.311079	-671.380548	2.138938	0.144	0	0	0.07141634	0	N	dark	
23340	estExt_fgenesh1_pg.C_chr_70048	-2944.229424	-2945.297681	2.136514	0.144	0	0	0.07149817	0	N	dark	
5881	fgenesh1_pg.C_chr_6000036	-690.043403	-691.107153	2.1275	0.145	0	0	0.07185725	0	N	dark	
9953	fgenesh1_pg.C_chr_14000298	-2045.035722	-2046.098184	2.124924	0.145	0	0	0.07194687	0	N	dark	
9552	fgenesh1_pg.C_chr_13000272	-3759.823917	-3760.882893	2.117952	0.146	0	0	0.0722437	0	N	dark	
24596	estExt_fgenesh1_pg.C_chr_130053	-7796.859586	-7797.917224	2.115276	0.146	0	0	0.07233865	0	N	white	PF00595;PF00069;
21239	estExt_fgenesh1_pg.C_chr_20314	-1746.780854	-1747.832616	2.103524	0.147	0	0	0.07286471	0	N	dark	
22279	estExt_fgenesh1_pg.C_chr_40441	-1037.64658	-1038.695424	2.097688	0.148	0	0	0.07311161	0	N	white	PF02037;
25575	estExt_fgenesh1_pg.C_chr_200019	-2238.342125	-2239.390313	2.096376	0.148	0	0	0.07314265	0	N	dark	
6935	fgenesh1_pg.C_chr_7000318	-2106.558712	-2107.6017	2.085976	0.149	0	0	0.07357841	0	N	white	PF00447;
23725	estExt_fgenesh1_pg.C_chr_80165	-2255.499398	-2256.542864	2.086932	0.149	0	0	0.07356424	0	N	white	PF09273;
25730	estExt_fgenesh1_pg.C_chr_220147	-1728.43455	-1729.476793	2.084486	0.149	0	0	0.07361834	0	N	white	PF10262;
263534	thaps1_ua_kg.chr_9000062	-2226.551539	-2227.587164	2.07125	0.15	0	0	0.07422745	0	N	white	PF03155;
3649	fgenesh1_pg.C_chr_3000583	-2027.620014	-2028.653603	2.067178	0.151	0	0	0.07439371	0	N	dark	
4049	fgenesh1_pg.C_chr_3000983	-1380.262833	-1381.291743	2.05782	0.151	0	0	0.07480592	0	N	white	PF06108;
21351	estExt_fgenesh1_pg.C_chr_20562	-1386.716062	-1387.744781	2.057438	0.151	0	0	0.07480592	0	N	dark	
9571	fgenesh1_pg.C_chr_13000291	-2115.486325	-2116.510357	2.048064	0.152	0	0	0.07523528	0	N	white	PF00447;
4495	fgenesh1_pg.C_chr_4000445	-1163.478935	-1164.501297	2.044724	0.153	0	0	0.07532353	0	N	dark	
5992	fgenesh1_pg.C_chr_6000147	-1378.799879	-1379.822033	2.044308	0.153	0	0	0.07532353	0	N	white	PF14811;
11341	fgenesh1_pg.C_chr_19c_29000027	-1608.792907	-1609.814436	2.043058	0.153	0	0	0.07535291	0	N	white	PF00155;
33685	e_gw1.4.70.1	-2941.783291	-2942.80592	2.045258	0.153	0	0	0.07532353	0	N	white	PF02310;PF01642;
7889	fgenesh1_pg.C_chr_9000057	-1077.468801	-1078.487014	2.036426	0.154	0	0	0.07564953	0	N	dark	
22794	estExt_fgenesh1_pg.C_chr_50574	-1605.212927	-1606.224412	2.02297	0.155	0	0	0.0762894	0	N	dark	
8522	fgenesh1_pg.C_chr_10000292	-1162.046066	-1163.04385	1.995568	0.158	0	0	0.07764649	0	N	white	PF00268;
31629	e_gw1.1.645.1	-661.179238	-662.168783	1.97909	0.159	0	0	0.0784286	0	N	white	PF07974;PF00053;
262099	thaps1_ua_kg.chr_4000109	-1652.575792	-1653.566817	1.98205	0.159	0	0	0.07830904	0	N	white	PF00842;PF01168;
1965	fgenesh1_pg.C_chr_1001099	-5640.555389	-5641.543351	1.975924	0.16	0	0	0.07855911	0	N	dark	
5409	fgenesh1_pg.C_chr_5000451	-1437.470648	-1438.458069	1.974842	0.16	0	0	0.07858152	0	N	dark	
10023	fgenesh1_pg.C_chr_15000013	-760.348998	-761.315412	1.932828	0.164	0	0	0.08072116	0	N	dark	
31737	e_gw1.2.462.1	-1000.339319	-1001.309864	1.94109	0.164	0	0	0.08032334	0	N	white	PF01557;
24659	estExt_fgenesh1_pg.C_chr_130177	-1199.268028	-1200.234203	1.93235	0.165	0	0	0.08072116	0	N	white	PF01612;
9280	fgenesh1_pg.C_chr_12000361	-698.295499	-699.256066	1.921134	0.166	0	0	0.08128987	0	N	dark	
35637	e_gw1.7.220.1	-1169.94582	-1170.895444	1.899248	0.168	0	0	0.08244676	0	N	white	PF00233;
3034	fgenesh1_pg.C_chr_2000989	-1661.488744	-1662.43257	1.887652	0.169	0	0	0.08294392	0	N	dark	
6956	fgenesh1_pg.C_chr_7000339	-4948.980096	-4949.92717	1.894148	0.169	0	0	0.08269185	0	N	white	PF02891;
9524	fgenesh1_pg.C_chr_13000244	-1251.437322	-1252.382535	1.890426	0.169	0	0	0.08282616	0	N	white	PF04755;
34742	e_gw1.6.530.1	-693.142242	-694.088656	1.892828	0.169	0	0	0.08272913	0	N	white	PF00160;
267957	estExt_thaps1_ua_kg.C_chr_10071	-4420.989415	-4421.925404	1.871978	0.171	0	0	0.08378007	0	N	dark	
22530	estExt_fgenesh1_pg.C_chr_50037	-3066.543542	-3067.47683	1.866576	0.172	0	0	0.0840259	0	N	dark	
264718	thaps1_ua_kg.chr_20000059	-643.947517	-644.880672	1.86631	0.172	0	0	0.0840259	0	N	white	PF15963;
4853	fgenesh1_pg.C_chr_4000803	-1500.033642	-1500.963153	1.859022	0.173	0	0	0.0844001	0	N	white	PF01805;
11559	fgenesh1_pg.C_chr_20000155	-671.530535	-672.456059	1.851048	0.174	0	0	0.08481522	0	N	dark	
36322	e_gw1.10.63.1	-1528.411932	-1529.334717	1.84557	0.174	0	0	0.08509041	0	N	white	PF05958;
32399	e_gw1.2.583.1	-790.748274	-791.670183	1.843818	0.175	0	0	0.0851539	0	N	white	PF00300;
36303	e_gw1.9.106.1	-1151.687073	-1152.603169	1.832192	0.176	0	0	0.08578322	0	N	white	PF00481;
4896	fgenesh1_pg.C_chr_4000846	-2127.936638	-2128.842043	1.81081	0.178	0	0	0.0869861	0	N	dark	
9447	fgenesh1_pg.C_chr_13000167	-1778.630595	-1779.531385	1.80158	0.18	0	0	0.0874902	0	N	white	PF10294;
15472	gw1.17.74.1	-1032.876403	-1033.765774	1.778742	0.182	0	0	0.08880826	0	N	white	PF00481;
3064	fgenesh1_pg.C_chr_2001019	-1299.861486	-1300.748896	1.77482	0.183	0	0	0.0890055	0	N	dark	
4758	fgenesh1_pg.C_chr_4000708	-2269.832889	-2270.701407	1.737036	0.188	0	0	0.0912689	0	N	white	PF00447;
11660	fgenesh1_pg.C_chr_22000005	-1842.964236	-1843.827521	1.72657	0.189	0	0	0.0918794	0	N	dark	
25393	estExt_fgenesh1_pg.C_chr_180208	-673.675775	-674.53492	1.71829	0.19	0	0	0.09235761	0	N	dark	
23483	estExt_fgenesh1_pg.C_chr_70391	-2058.331693	-2059.185845	1.708304	0.191	0	0	0.09294649	0	N	white	PF00651;
1716	fgenesh1_pg.C_chr_1000850	-837.904751	-838.75171	1.693918	0.193	0	0	0.09378042	0	N	dark	
12179	fgenesh1_pg.C_chr_24000055	-995.027065	-995.874702	1.695274	0.193	0	0	0.09373377	0	N	dark	
2467	fgenesh1_pg.C_chr_2000422	-1562.086151	-1562.931433	1.690564	0.194	0	0	0.09395483	0	N	white	PF05739;
3408	fgenesh1_pg.C_chr_3000342	-2437.207979	-2438.052478	1.688998	0.194	0	0	0.09401512	0	N	white	PF11793;PF18891;
5487	fgenesh1_pg.C_chr_5000529	-1179.614034	-1180.454222	1.680376	0.195	0	0	0.09452886	0	N	dark	
268859	estExt_thaps1_ua_kg.C_chr_50085	-1567.741224	-1568.580835	1.679222	0.195	0	0	0.0945631	0	N	white	PF00432;
5971	fgenesh1_pg.C_chr_6000126	-806.036779	-806.87362	1.673682	0.196	0	0	0.09488077	0	N	dark	
268044	estExt_thaps1_ua_kg.C_chr_10245	-1029.923484	-1030.755979	1.66499	0.197	0	0	0.09540485	0	N	dark	
32996	e_gw1.3.110.1	-1610.378868	-1611.208667	1.659598	0.198	0	0	0.0957163	0	N	white	PF01207;
15961	gw1.18.85.1	-1180.6861	-1181.511382	1.650564	0.199	0	0	0.09623997	0	N	white	PF01812;
23274	estExt_fgenesh1_pg.C_chr_60647	-4690.964177	-4691.788404	1.648454	0.199	0	0	0.09632593	0	N	white	PF17868;PF20030;PF13519;
25252	estExt_fgenesh1_pg.C_chr_170102	-1746.173686	-1746.998875	1.650378	0.199	0	0	0.09623997	0	N	dark	
24558	estExt_fgenesh1_pg.C_chr_120309	-3176.3472	-3177.168639	1.642878	0.2	0	0	0.09665333	0	N	dark	
6932	fgenesh1_pg.C_chr_7000315	-525.344623	-526.163737	1.638228	0.201	0	0	0.0969206	0	N	dark	
3037	fgenesh1_pg.C_chr_2000992	-846.863838	-847.677063	1.62645	0.202	0	0	0.09762375	0	N	white	PF05648;
11295	fgenesh1_pg.C_chr_19b_31000038	-2419.503687	-2420.31694	1.626506	0.202	0	0	0.09762375	0	N	dark	
2575	fgenesh1_pg.C_chr_2000530	-3217.172182	-3217.980351	1.616338	0.204	0	0	0.09822072	0	N	white	PF01163;
21131	estExt_fgenesh1_pg.C_chr_20098	-969.065684	-969.87414	1.616912	0.204	0	0	0.09822072	0	N	white	PF00654;
263012	thaps1_ua_kg.chr_6000336	-2554.328341	-2555.134742	1.612802	0.204	0	0	0.09841806	0	N	white	PF13202;PF13405;PF08356;PF00071;
263538	thaps1_ua_kg.chr_9000066	-1091.785928	-1092.586157	1.600458	0.206	0	0	0.0992152	0	N	white	PF12146;
269400	estExt_thaps1_ua_kg.C_chr_90006	-1964.169936	-1964.965717	1.591562	0.207	0	0	0.09978273	0	N	white	PF00067;
24538	estExt_fgenesh1_pg.C_chr_120268	-2535.615245	-2536.407708	1.584926	0.208	0	0	0.1001979	0	N	dark	
1241	fgenesh1_pg.C_chr_1000375	-811.555958	-812.345886	1.579856	0.209	0	0	0.100485	0	N	dark	
12066	fgenesh1_pg.C_chr_23000094	-2286.529617	-2287.319395	1.579556	0.209	0	0	0.100485	0	N	white	PF00447;
261453	thaps1_ua_kg.chr_2000277	-236.279637	-237.066713	1.574152	0.21	0	0	0.1008181	0	N	white	PF05920;
21152	estExt_fgenesh1_pg.C_chr_20132	-1914.512086	-1915.294913	1.565654	0.211	0	0	0.1013691	0	N	white	PF13639;
268296	estExt_thaps1_ua_kg.C_chr_20258	-410.276348	-411.058404	1.564112	0.211	0	0	0.1014345	0	N	white	PF00542;
10371	fgenesh1_pg.C_chr_16a000052	-1101.315367	-1102.08959	1.548446	0.213	0	0	0.1024971	0	N	dark	
23848	estExt_fgenesh1_pg.C_chr_80412	-1854.323304	-1855.096848	1.547088	0.214	0	0	0.1025505	0	N	white	PF00447;
262941	thaps1_ua_kg.chr_6000265	-363.389621	-364.157177	1.535112	0.215	0	0	0.1033622	0	N	white	PF00447;
5110	fgenesh1_pg.C_chr_5000152	-1048.078959	-1048.838115	1.518312	0.218	0	0	0.1045318	0	N	dark	
9652	fgenesh1_pg.C_chr_13000372	-2670.677509	-2671.435648	1.516278	0.218	0	0	0.1046359	0	N	white	PF08240;
22601	estExt_fgenesh1_pg.C_chr_50179	-1161.06149	-1161.811578	1.500176	0.221	0	0	0.1057716	0	N	dark	
797	fgenesh1_pm.C_chr_18000001	-658.060661	-658.805981	1.49064	0.222	0	0	0.1063884	0	N	white	PF00160;
9002	fgenesh1_pg.C_chr_12000083	-1402.644121	-1403.391022	1.493802	0.222	0	0	0.1061983	0	N	white	PF00494;
25102	estExt_fgenesh1_pg.C_chr_16a0022	-2248.566186	-2249.308744	1.485116	0.223	0	0	0.1067548	0	N	dark	
12130	fgenesh1_pg.C_chr_24000006	-783.900201	-784.640701	1.481	0.224	0	0	0.1070175	0	N	white	PF13911;
5927	fgenesh1_pg.C_chr_6000082	-1568.216006	-1568.944627	1.457242	0.227	0	0	0.1086762	0	N	white	PF00789;
12074	fgenesh1_pg.C_chr_23000102	-1265.035096	-1265.765119	1.460046	0.227	0	0	0.1085081	0	N	dark	
25687	estExt_fgenesh1_pg.C_chr_220031	-8924.58906	-8925.319686	1.461252	0.227	0	0	0.1084618	0	N	white	PF07926;
6838	fgenesh1_pg.C_chr_7000221	-3433.708593	-3434.436082	1.454978	0.228	0	0	0.1088034	0	N	white	PF12576;
21929	estExt_fgenesh1_pg.C_chr_30731	-2523.885694	-2524.610772	1.450156	0.229	0	0	0.1091267	0	N	white	PF22020;PF02926;PF01170;
23719	estExt_fgenesh1_pg.C_chr_80157	-1813.389679	-1814.112127	1.444896	0.229	0	0	0.1094848	0	N	dark	
25789	estExt_fgenesh1_pg.C_chr_220273	-1984.468133	-1985.188957	1.441648	0.23	0	0	0.1096434	0	N	dark	
264395	thaps1_ua_kg.chr_16b000007	-1072.00594	-1072.72788	1.44388	0.23	0	0	0.1095172	0	N	white	PF00454;
2369	fgenesh1_pg.C_chr_2000324	-725.902522	-726.618709	1.432374	0.231	0	0	0.1102689	0	N	dark	
5330	fgenesh1_pg.C_chr_5000372	-2268.989835	-2269.707347	1.435024	0.231	0	0	0.1101094	0	N	white	PF00612;
24561	estExt_fgenesh1_pg.C_chr_120315	-2332.455295	-2333.166405	1.42222	0.233	0	0	0.1110142	0	N	dark	
10536	fgenesh1_pg.C_chr_16b000055	-1609.069801	-1609.776609	1.413616	0.234	0	0	0.1115927	0	N	dark	
10723	fgenesh1_pg.C_chr_17000186	-528.390846	-529.099069	1.416446	0.234	0	0	0.1114207	0	N	dark	
11214	fgenesh1_pg.C_chr_19a_19000157	-764.765015	-765.470955	1.41188	0.235	0	0	0.1116408	0	N	white	PF04832;
24499	estExt_fgenesh1_pg.C_chr_120187	-1071.396727	-1072.101719	1.409984	0.235	0	0	0.1117438	0	N	dark	
25905	estExt_fgenesh1_pg.C_chr_240052	-1740.125794	-1740.832334	1.41308	0.235	0	0	0.1115927	0	N	white	PF01697;
10313	fgenesh1_pg.C_chr_15000303	-597.104802	-597.808021	1.406438	0.236	0	0	0.1119775	0	N	dark	
11510	fgenesh1_pg.C_chr_20000106	-2863.981702	-2864.681409	1.399414	0.237	0	0	0.1124881	0	N	dark	
1031	fgenesh1_pg.C_chr_1000165	-1929.928376	-1930.620315	1.383878	0.239	0	0	0.113623	0	N	dark	
24435	estExt_fgenesh1_pg.C_chr_120062	-2398.42555	-2399.118228	1.385356	0.239	0	0	0.1135663	0	N	white	PF02690;
8136	fgenesh1_pg.C_chr_9000304	-1569.89496	-1570.58448	1.37904	0.24	0	0	0.1138868	0	N	dark	
22703	estExt_fgenesh1_pg.C_chr_50403	-1414.767498	-1415.459238	1.38348	0.24	0	0	0.113623	0	N	dark	
24412	estExt_fgenesh1_pg.C_chr_120019	-2436.094893	-2436.784954	1.380122	0.24	0	0	0.1138466	0	N	dark	
5585	fgenesh1_pg.C_chr_5000627	-1757.39596	-1758.066451	1.340982	0.247	0	0	0.1169648	0	N	white	PF01239;
10419	fgenesh1_pg.C_chr_16a000100	-1626.594651	-1627.263262	1.337222	0.248	0	0	0.1172306	0	N	dark	
21368	estExt_fgenesh1_pg.C_chr_20598	-3973.741412	-3974.408567	1.33431	0.248	0	0	0.1174261	0	N	dark	
26403	estExt_fgenesh1_pm.C_chr_130007	-1048.964999	-1049.630133	1.330268	0.249	0	0	0.117717	0	N	dark	
25739	estExt_fgenesh1_pg.C_chr_220161	-3461.758058	-3462.413349	1.310582	0.252	0	0	0.1193389	0	N	white	PF00092;
7603	fgenesh1_pg.C_chr_8000264	-1618.396486	-1619.051024	1.309076	0.253	0	0	0.1194184	0	N	dark	
19106	gw1.10.217.1	-658.578455	-659.22624	1.29557	0.255	0	0	0.1204828	0	N	white	PF00160;
23243	estExt_fgenesh1_pg.C_chr_60590	-2153.484967	-2154.133448	1.296962	0.255	0	0	0.1204121	0	N	dark	
270148	estExt_thaps1_ua_kg.C_chr_240019	-2465.41205	-2466.054782	1.285464	0.257	0	0	0.1213121	0	N	white	PF00012;PF14559;
2959	fgenesh1_pg.C_chr_2000914	-1569.848758	-1570.485333	1.27315	0.259	0	0	0.1223434	0	N	dark	
4061	fgenesh1_pg.C_chr_4000011	-1832.654214	-1833.287863	1.267298	0.26	0	0	0.1228108	0	N	dark	
5838	fgenesh1_pg.C_chr_5000880	-639.4454	-640.073735	1.25667	0.262	0	0	0.1237073	0	N	dark	
7613	fgenesh1_pg.C_chr_8000274	-616.092705	-616.719346	1.253282	0.263	0	0	0.1239469	0	N	dark	
24294	estExt_fgenesh1_pg.C_chr_11a0042	-2190.975002	-2191.601431	1.252858	0.263	0	0	0.1239469	0	N	dark	
2641	fgenesh1_pg.C_chr_2000596	-1251.538602	-1252.162103	1.247002	0.264	0	0	0.1244227	0	N	dark	
3848	fgenesh1_pg.C_chr_3000782	-1156.031609	-1156.651603	1.239988	0.265	0	0	0.1249029	0	N	white	PF13561;
6395	fgenesh1_pg.C_chr_6000550	-2622.705221	-2623.326295	1.242148	0.265	0	0	0.1247586	0	N	white	PF01494;
20461	gw1.5.590.1	-236.93289	-237.555179	1.244578	0.265	0	0	0.1245902	0	N	white	PF00226;
1827	fgenesh1_pg.C_chr_1000961	-981.234679	-981.852138	1.234918	0.266	0	0	0.1253121	0	N	white	PF04278;
25311	estExt_fgenesh1_pg.C_chr_170208	-2057.78836	-2058.405015	1.23331	0.267	0	0	0.125407	0	N	dark	
20847	estExt_fgenesh1_pg.C_chr_10614	-655.935954	-656.548506	1.225104	0.268	0	0	0.126054	0	N	dark	
261400	thaps1_ua_kg.chr_2000224	-1010.641032	-1011.254229	1.226394	0.268	0	0	0.1259875	0	N	unmapped	
2060	fgenesh1_pg.C_chr_2000015	-685.102328	-685.707158	1.20966	0.271	0	0	0.1273763	0	N	dark	
10903	fgenesh1_pg.C_chr_18000146	-1950.088228	-1950.695215	1.213974	0.271	0	0	0.1270282	0	N	dark	
5337	fgenesh1_pg.C_chr_5000379	-4752.754317	-4753.357398	1.206162	0.272	0	0	0.1276496	0	N	dark	
25776	estExt_fgenesh1_pg.C_chr_220243	-3722.84754	-3723.443798	1.192516	0.275	0	0	0.128877	0	N	dark	
4751	fgenesh1_pg.C_chr_4000701	-1685.895152	-1686.487945	1.185586	0.276	0	0	0.1294269	0	N	white	PF13650;
22245	estExt_fgenesh1_pg.C_chr_40376	-4044.460517	-4045.054908	1.188782	0.276	0	0	0.129177	0	N	white	PF00083;
11145	fgenesh1_pg.C_chr_19a_19000088	-3349.420036	-3350.012069	1.184066	0.277	0	0	0.1295181	0	N	dark	
22316	estExt_fgenesh1_pg.C_chr_40512	-2312.771498	-2313.362462	1.181928	0.277	0	0	0.1296682	0	N	white	PF01479;
7460	fgenesh1_pg.C_chr_8000121	-1899.38236	-1899.96415	1.16358	0.281	0	0	0.1313502	0	N	dark	
23934	estExt_fgenesh1_pg.C_chr_90082	-2765.304449	-2765.886089	1.16328	0.281	0	0	0.1313502	0	N	dark	
1720	fgenesh1_pg.C_chr_1000854	-2870.424523	-2871.004314	1.159582	0.282	0	0	0.1316545	0	N	dark	
4058	fgenesh1_pg.C_chr_4000008	-1253.035102	-1253.611489	1.152774	0.283	0	0	0.132263	0	N	white	PF00134;
25495	estExt_fgenesh1_pg.C_chr_19a_190183	-2315.523703	-2316.095076	1.142746	0.285	0	0	0.1331917	0	N	white	PF00171;
11770	fgenesh1_pg.C_chr_22000115	-623.099541	-623.668117	1.137152	0.286	0	0	0.1336894	0	N	dark	
10264	fgenesh1_pg.C_chr_15000254	-994.856135	-995.423397	1.134524	0.287	0	0	0.133895	0	N	white	PF20710;
4917	fgenesh1_pg.C_chr_4000867	-2386.64188	-2387.203609	1.123458	0.289	0	0	0.1349428	0	N	dark	
263887	thaps1_ua_kg.chr_12000038	-599.771589	-600.329507	1.115836	0.291	0	0	0.1356476	0	N	white	PF00069;
264730	thaps1_ua_kg.chr_20000071	-672.689205	-673.246878	1.115346	0.291	0	0	0.1356476	0	N	white	PF01564;
264295	thaps1_ua_kg.chr_15000033	-333.983763	-334.537866	1.108206	0.292	0	0	0.1363144	0	N	white	PF00481;
11515	fgenesh1_pg.C_chr_20000111	-1447.937361	-1448.485539	1.096356	0.295	0	0	0.1374677	0	N	white	PF00447;
7771	fgenesh1_pg.C_chr_8000432	-5391.723979	-5392.269436	1.090914	0.296	0	0	0.1379713	0	N	dark	
7936	fgenesh1_pg.C_chr_9000104	-1605.254146	-1605.795297	1.082302	0.298	0	0	0.1388062	0	N	white	PF05176;
23714	estExt_fgenesh1_pg.C_chr_80149	-3333.217924	-3333.75423	1.072612	0.3	0	0	0.1397039	0	N	dark	
260861	thaps1_ua_kg.chr_1000121	-710.524577	-711.061697	1.07424	0.3	0	0	0.1395903	0	N	white	PF00004;
18109	gw1.6.493.1	-737.642494	-738.177113	1.069238	0.301	0	0	0.1400011	0	N	white	PF01169;
6819	fgenesh1_pg.C_chr_7000202	-1479.089487	-1479.617719	1.056464	0.304	0	0	0.1412944	0	N	white	PF02666;
8438	fgenesh1_pg.C_chr_10000208	-3874.49106	-3874.998117	1.014114	0.314	0	0	0.1458343	0	N	white	PF01535;PF17177;
21300	estExt_fgenesh1_pg.C_chr_20434	-1388.663278	-1389.168584	1.010612	0.315	0	0	0.1461637	0	N	white	PF01370;
5788	fgenesh1_pg.C_chr_5000830	-10261.05119	-10261.55352	1.004658	0.316	0	0	0.146768	0	N	white	PF07500;
4980	fgenesh1_pg.C_chr_5000022	-1403.1795	-1403.669422	0.979844	0.322	0	0	0.1495161	0	N	white	PF03798;
20611	estExt_fgenesh1_pg.C_chr_10120	-4929.824209	-4930.312996	0.977574	0.323	0	0	0.1496549	0	N	white	PF13374;PF13424;PF13181;
25450	estExt_fgenesh1_pg.C_chr_19a_190010	-1789.722754	-1790.211632	0.977756	0.323	0	0	0.1496549	0	N	dark	
5774	fgenesh1_pg.C_chr_5000816	-1527.45988	-1527.944543	0.969326	0.325	0	0	0.1505442	0	N	white	PF00447;
30921	e_gw1.1.655.1	-787.600568	-788.083077	0.965018	0.326	0	0	0.1509823	0	N	white	PF03083;
38317	e_gw1.19b.35.1	-281.044221	-281.524191	0.95994	0.327	0	0	0.151512	0	N	white	PF05347;
22682	estExt_fgenesh1_pg.C_chr_50350	-1185.094977	-1185.569537	0.94912	0.33	0	0	0.1527195	0	N	dark	
8119	fgenesh1_pg.C_chr_9000287	-1243.903644	-1244.373413	0.939538	0.332	0	0	0.1537928	0	N	dark	
22689	estExt_fgenesh1_pg.C_chr_50371	-842.989825	-843.455987	0.932324	0.334	0	0	0.1545296	0	N	white	PF16036;
269028	estExt_thaps1_ua_kg.C_chr_60092	-550.814053	-551.280844	0.933582	0.334	0	0	0.1544414	0	N	white	PF04452;
5795	fgenesh1_pg.C_chr_5000837	-603.044507	-603.509836	0.930658	0.335	0	0	0.1546668	0	N	dark	
1470	fgenesh1_pg.C_chr_1000604	-2734.051875	-2734.51564	0.92753	0.336	0	0	0.1549801	0	N	dark	
262844	thaps1_ua_kg.chr_6000168	-401.576199	-402.039538	0.926678	0.336	0	0	0.15502	0	N	white	PF00226;
6668	fgenesh1_pg.C_chr_7000051	-1591.199224	-1591.658585	0.918722	0.338	0	0	0.1559188	0	N	dark	
11684	fgenesh1_pg.C_chr_22000029	-1076.889619	-1077.348142	0.917046	0.338	0	0	0.1560593	0	N	dark	
20964	estExt_fgenesh1_pg.C_chr_10844	-1777.630263	-1778.084102	0.907678	0.341	0	0	0.1571398	0	N	dark	
10535	fgenesh1_pg.C_chr_16b000054	-3044.598651	-3045.044253	0.891204	0.345	0	0	0.159114	0	N	dark	
21476	estExt_fgenesh1_pg.C_chr_20782	-3116.835932	-3117.279926	0.887988	0.346	0	0	0.1594516	0	N	white	PF06677;
11028	fgenesh1_pg.C_chr_18000271	-1305.514556	-1305.952666	0.87622	0.349	0	0	0.1608687	0	N	white	PF02984;PF00134;
23806	estExt_fgenesh1_pg.C_chr_80329	-1786.877433	-1787.314581	0.874296	0.35	0	0	0.1609998	0	N	white	PF04142;
263627	thaps1_ua_kg.chr_10000017	-1307.383208	-1307.820289	0.874162	0.35	0	0	0.1609998	0	N	white	PF14312;
23308	estExt_fgenesh1_pg.C_chr_60712	-999.401129	-999.834696	0.867134	0.352	0	0	0.1618295	0	N	white	PF20710;
23421	estExt_fgenesh1_pg.C_chr_70241	-1788.433105	-1788.865504	0.864798	0.352	0	0	0.162063	0	N	dark	
7806	fgenesh1_pg.C_chr_8000467	-1756.753387	-1757.182554	0.858334	0.354	0	0	0.162828	0	N	dark	
8290	fgenesh1_pg.C_chr_10000060	-729.178577	-729.607299	0.857444	0.354	0	0	0.1628772	0	N	dark	
8232	fgenesh1_pg.C_chr_10000002	-401.081387	-401.505349	0.847924	0.357	0	0	0.1640451	0	N	white	PF01480;
1294	fgenesh1_pg.C_chr_1000428	-373.944712	-374.36645	0.843476	0.358	0	0	0.1645087	0	N	white	PF08661;
36958	e_gw1.12.215.1	-355.468866	-355.890546	0.84336	0.358	0	0	0.1645087	0	N	white	PF07714;
7458	fgenesh1_pg.C_chr_8000119	-1684.401744	-1684.818969	0.83445	0.361	0	0	0.1656132	0	N	white	PF05118;
24377	estExt_fgenesh1_pg.C_chr_11a0232	-2270.904311	-2271.314188	0.819754	0.365	0	0	0.1675017	0	N	white	PF13640;PF01549;
263540	thaps1_ua_kg.chr_9000068	-470.625506	-471.033722	0.816432	0.366	0	0	0.1678807	0	N	white	PF01150;
7655	fgenesh1_pg.C_chr_8000316	-1035.454861	-1035.85677	0.803818	0.37	0	0	0.169522	0	N	dark	
36407	e_gw1.10.167.1	-665.234575	-665.634489	0.799828	0.371	0	0	0.1699993	0	N	white	PF00218;
5675	fgenesh1_pg.C_chr_5000717	-563.817467	-564.216709	0.798484	0.372	0	0	0.1701154	0	N	dark	
21659	estExt_fgenesh1_pg.C_chr_30174	-2342.056533	-2342.455035	0.797004	0.372	0	0	0.1702502	0	N	dark	
25556	estExt_fgenesh1_pg.C_chr_19c_290066	-1141.343849	-1141.740195	0.792692	0.373	0	0	0.1707753	0	N	dark	
2637	fgenesh1_pg.C_chr_2000592	-2057.600725	-2057.992998	0.784546	0.376	0	0	0.1718351	0	N	dark	
10129	fgenesh1_pg.C_chr_15000119	-681.805756	-682.192468	0.773424	0.379	0	0	0.1733231	0	N	white	PF02580;
6104	fgenesh1_pg.C_chr_6000259	-1015.478887	-1015.863909	0.770044	0.38	0	0	0.1737306	0	N	dark	
1444	fgenesh1_pg.C_chr_1000578	-1677.154525	-1677.536908	0.764766	0.382	0	0	0.1744092	0	N	dark	
270065	estExt_thaps1_ua_kg.C_chr_220025	-1979.960369	-1980.339225	0.757712	0.384	0	0	0.1753459	0	N	white	PF00400;
24762	estExt_fgenesh1_pg.C_chr_140028	-2626.717466	-2627.094452	0.753972	0.385	0	0	0.1758126	0	N	dark	
268204	estExt_thaps1_ua_kg.C_chr_20093	-578.923381	-579.299571	0.75238	0.386	0	0	0.1759715	0	N	dark	
11727	fgenesh1_pg.C_chr_22000072	-1776.289195	-1776.663037	0.747684	0.387	0	0	0.1765793	0	N	dark	
21655	estExt_fgenesh1_pg.C_chr_30165	-4303.820428	-4304.19145	0.742044	0.389	0	0	0.1773277	0	N	dark	
4824	fgenesh1_pg.C_chr_4000774	-627.806802	-628.176309	0.739014	0.39	0	0	0.1776281	0	N	dark	
5328	fgenesh1_pg.C_chr_5000370	-618.287561	-618.656526	0.73793	0.39	0	0	0.1777157	0	N	dark	
24698	estExt_fgenesh1_pg.C_chr_130273	-3106.668746	-3107.038926	0.74036	0.39	0	0	0.1775024	0	N	dark	
31749	e_gw1.2.682.1	-672.415553	-672.77882	0.726534	0.394	0	0	0.1793216	0	N	unmapped	
9338	fgenesh1_pg.C_chr_13000058	-355.947181	-356.304254	0.714146	0.398	0	0	0.1810981	0	N	dark	
23433	estExt_fgenesh1_pg.C_chr_70259	-2238.919419	-2239.275019	0.7112	0.399	0	0	0.1814694	0	N	dark	
6413	fgenesh1_pg.C_chr_6000568	-440.181001	-440.525633	0.689264	0.406	0	0	0.184747	0	N	white	PF00364;
23288	estExt_fgenesh1_pg.C_chr_60671	-1270.258363	-1270.600937	0.685148	0.408	0	0	0.1853118	0	N	white	PF01694;PF00627;
3001	fgenesh1_pg.C_chr_2000956	-2646.903492	-2647.244367	0.68175	0.409	0	0	0.1857674	0	N	dark	
33680	e_gw1.4.252.1	-1499.573411	-1499.913891	0.68096	0.409	0	0	0.1858168	0	N	white	PF00368;
2452	fgenesh1_pg.C_chr_2000407	-856.171851	-856.510377	0.677052	0.411	0	0	0.1862805	0	N	white	PF06844;
5431	fgenesh1_pg.C_chr_5000473	-4582.764912	-4583.10354	0.677256	0.411	0	0	0.1862805	0	N	dark	
24888	estExt_fgenesh1_pg.C_chr_140246	-1525.15683	-1525.485788	0.657916	0.417	0	0	0.1892418	0	N	white	PF01454;
20838	estExt_fgenesh1_pg.C_chr_10591	-3672.068876	-3672.395499	0.653246	0.419	0	0	0.1899182	0	N	dark	
2936	fgenesh1_pg.C_chr_2000891	-1636.770005	-1637.090251	0.640492	0.424	0	0	0.1919174	0	N	white	PF01553;
19058	gw1.4.613.1	-489.32843	-489.643484	0.630108	0.427	0	0	0.1935549	0	N	white	PF01148;
10805	fgenesh1_pg.C_chr_18000048	-1110.355721	-1110.663586	0.61573	0.433	0	0	0.1958882	0	N	dark	
10806	fgenesh1_pg.C_chr_18000049	-1406.11534	-1406.422734	0.614788	0.433	0	0	0.19597	0	N	white	PF00447;
10589	fgenesh1_pg.C_chr_17000052	-1386.754168	-1387.057349	0.606362	0.436	0	0	0.1973266	0	N	dark	
19351	gw1.10.225.1	-598.506306	-598.799229	0.585846	0.444	0	0	0.2008072	0	N	white	PF12799;PF13516;
264010	thaps1_ua_kg.chr_13000058	-995.154283	-995.443638	0.57871	0.447	0	0	0.2019883	0	N	white	PF13640;
8608	fgenesh1_pg.C_chr_10000378	-2269.882796	-2270.166545	0.567498	0.451	0	0	0.2039131	0	N	dark	
940	fgenesh1_pg.C_chr_1000074	-2576.357449	-2576.636721	0.558544	0.455	0	0	0.2054553	0	N	white	PF00612;
24702	estExt_fgenesh1_pg.C_chr_130281	-4100.567124	-4100.844037	0.553826	0.457	0	0	0.206237	0	N	white	PF03959;
5336	fgenesh1_pg.C_chr_5000378	-1132.042792	-1132.3176	0.549616	0.458	0	0	0.20693	0	N	white	PF09756;
5178	fgenesh1_pg.C_chr_5000220	-1152.359303	-1152.630563	0.54252	0.461	0	0	0.2081637	0	N	white	PF03665;
24623	estExt_fgenesh1_pg.C_chr_130106	-3357.20291	-3357.469166	0.532512	0.466	0	0	0.2099587	0	N	dark	
16584	gw1.9.133.1	-295.671796	-295.932515	0.521438	0.47	0	0	0.211984	0	N	white	PF00069;
915	fgenesh1_pg.C_chr_1000049	-1026.926081	-1027.185864	0.519566	0.471	0	0	0.2121762	0	N	dark	
40733	estExt_gwp_gw1.C_chr_50307	-544.188048	-544.448116	0.520136	0.471	0	0	0.2121503	0	N	white	PF01138;
263463	thaps1_ua_kg.chr_8000139	-334.453669	-334.713201	0.519064	0.471	0	0	0.2121891	0	N	white	PF05920;
11039	fgenesh1_pg.C_chr_18000282	-2364.593497	-2364.850271	0.513548	0.474	0	0	0.2131703	0	N	white	PF02214;PF07647;PF07534;
10018	fgenesh1_pg.C_chr_15000008	-826.029811	-826.271971	0.48432	0.486	0	0	0.2188747	0	N	white	PF09011;
10893	fgenesh1_pg.C_chr_18000136	-516.12295	-516.364725	0.48355	0.487	0	0	0.2189444	0	N	dark	
1432	fgenesh1_pg.C_chr_1000566	-774.577632	-774.818343	0.481422	0.488	0	0	0.2192899	0	N	dark	
5961	fgenesh1_pg.C_chr_6000116	-2572.880281	-2573.115521	0.47048	0.493	0	0	0.2213654	0	N	white	PF03407;
263034	thaps1_ua_kg.chr_6000358	-437.007072	-437.242294	0.470444	0.493	0	0	0.2213654	0	N	white	PF00400;
32093	e_gw1.2.791.1	-451.271293	-451.505247	0.467908	0.494	0	0	0.2218029	0	N	white	PF00254;
9684	fgenesh1_pg.C_chr_14000029	-4697.137737	-4697.353528	0.431582	0.511	0	0	0.2294642	0	N	white	PF04821;
5662	fgenesh1_pg.C_chr_5000704	-4504.22694	-4504.4413	0.42872	0.513	0	0	0.2300041	0	N	dark	
263354	thaps1_ua_kg.chr_8000030	-823.861262	-824.074596	0.426668	0.514	0	0	0.2303671	0	N	white	PF02492;
9866	fgenesh1_pg.C_chr_14000211	-745.766925	-745.978548	0.423246	0.515	0	0	0.2310359	0	N	dark	
269403	estExt_thaps1_ua_kg.C_chr_90009	-721.942095	-722.150788	0.417386	0.518	0	0	0.2322549	0	N	white	PF00852;
23230	estExt_fgenesh1_pg.C_chr_60568	-1611.103538	-1611.310174	0.413272	0.52	0	0	0.2330908	0	N	dark	
264346	thaps1_ua_kg.chr_15000084	-926.996035	-927.192495	0.39292	0.531	0	0	0.2376813	0	N	white	PF00447;
10180	fgenesh1_pg.C_chr_15000170	-728.524995	-728.715385	0.38078	0.537	0	0	0.2404609	0	N	dark	
9143	fgenesh1_pg.C_chr_12000224	-1876.045312	-1876.233115	0.375606	0.54	0	0	0.2416098	0	N	dark	
1446	fgenesh1_pg.C_chr_1000580	-2083.344741	-2083.527267	0.365052	0.546	0	0	0.2440868	0	N	white	PF13500;
268315	estExt_thaps1_ua_kg.C_chr_20291	-908.075997	-908.258121	0.364248	0.546	0	0	0.2441892	0	N	dark	
23554	estExt_fgenesh1_pg.C_chr_70544	-2955.873296	-2956.050055	0.353518	0.552	0	0	0.2467627	0	N	dark	
22441	estExt_fgenesh1_pg.C_chr_40770	-1853.367289	-1853.542353	0.350128	0.554	0	0	0.2475205	0	N	dark	
9566	fgenesh1_pg.C_chr_13000286	-1009.464189	-1009.638203	0.348028	0.555	0	0	0.2479556	0	N	dark	
6140	fgenesh1_pg.C_chr_6000295	-546.527467	-546.699354	0.343774	0.558	0	0	0.248845	0	N	dark	
25688	estExt_fgenesh1_pg.C_chr_220034	-5328.695137	-5328.867054	0.343834	0.558	0	0	0.248845	0	N	white	PF07569;PF00400;
1942	fgenesh1_pg.C_chr_1001076	-1871.245782	-1871.416897	0.34223	0.559	0	0	0.249143	0	N	dark	
16372	gw1.14.139.1	-1199.772719	-1199.943065	0.340692	0.559	0	0	0.2494239	0	N	white	PF00248;
10878	fgenesh1_pg.C_chr_18000121	-1897.874577	-1898.044766	0.340378	0.56	0	0	0.2494239	0	N	white	PF01465;
1692	fgenesh1_pg.C_chr_1000826	-1138.518505	-1138.687511	0.338012	0.561	0	0	0.249936	0	N	dark	
262517	thaps1_ua_kg.chr_5000156	-1460.362324	-1460.531049	0.33745	0.561	0	0	0.2499837	0	N	white	PF00704;
24348	estExt_fgenesh1_pg.C_chr_11a0158	-1649.318761	-1649.486196	0.33487	0.563	0	0	0.2505543	0	N	white	PF13714;
4130	fgenesh1_pg.C_chr_4000080	-408.322561	-408.487248	0.329374	0.566	0	0	0.2518908	0	N	dark	
24180	estExt_fgenesh1_pg.C_chr_100193	-1459.512878	-1459.670668	0.31558	0.574	0	0	0.2554618	0	N	white	PF05721;
3075	fgenesh1_pg.C_chr_3000009	-1837.057083	-1837.214428	0.31469	0.575	0	0	0.2556026	0	N	dark	
11685	fgenesh1_pg.C_chr_22000030	-1974.350199	-1974.505319	0.31024	0.578	0	0	0.2567107	0	N	white	PF24646;
25422	estExt_fgenesh1_pg.C_chr_180258	-2753.162736	-2753.317562	0.309652	0.578	0	0	0.2567712	0	N	white	PF01607;
9549	fgenesh1_pg.C_chr_13000269	-4408.887325	-4409.038703	0.302756	0.582	0	0	0.2584656	0	N	dark	
261470	thaps1_ua_kg.chr_2000294	-1155.222118	-1155.373736	0.303236	0.582	0	0	0.2584333	0	N	white	PF20772;PF01709;
11256	fgenesh1_pg.C_chr_19a_19000199	-923.79794	-923.940627	0.285374	0.593	0	0	0.263265	0	N	dark	
15916	gw1.6.324.1	-958.77598	-958.911176	0.270392	0.603	0	0	0.2674524	0	N	white	PF00069;
38030	e_gw1.18.183.1	-351.774015	-351.909185	0.27034	0.603	0	0	0.2674524	0	N	white	PF03992;
3067	fgenesh1_pg.C_chr_3000001	-608.245344	-608.3791	0.267512	0.605	0	0	0.2681917	0	N	dark	
8519	fgenesh1_pg.C_chr_10000289	-564.006256	-564.139469	0.266426	0.606	0	0	0.2684128	0	N	dark	
25375	estExt_fgenesh1_pg.C_chr_180157	-1379.218684	-1379.350842	0.264316	0.607	0	0	0.2689426	0	N	white	PF01105;
10715	fgenesh1_pg.C_chr_17000178	-1152.527037	-1152.65801	0.261946	0.609	0	0	0.2694936	0	N	dark	
23159	estExt_fgenesh1_pg.C_chr_60429	-910.489391	-910.620291	0.2618	0.609	0	0	0.2694936	0	N	dark	
3591	fgenesh1_pg.C_chr_3000525	-1216.82159	-1216.951506	0.259832	0.61	0	0	0.2698817	0	N	white	PF00134;
7872	fgenesh1_pg.C_chr_9000040	-1694.094227	-1694.224651	0.260848	0.61	0	0	0.2696777	0	N	dark	
22679	estExt_fgenesh1_pg.C_chr_50343	-1774.877594	-1775.006588	0.257988	0.612	0	0	0.2703388	0	N	white	PF00005;
23434	estExt_fgenesh1_pg.C_chr_70260	-3646.24402	-3646.371006	0.253972	0.614	0	0	0.2714655	0	N	dark	
9575	fgenesh1_pg.C_chr_13000295	-2934.65707	-2934.782256	0.250372	0.617	0	0	0.2724743	0	N	dark	
5672	fgenesh1_pg.C_chr_5000714	-1475.979516	-1476.103335	0.247638	0.619	0	0	0.2732211	0	N	white	PF03457;
7333	fgenesh1_pg.C_chr_7000716	-3922.595661	-3922.71674	0.242158	0.623	0	0	0.2748409	0	N	dark	
29842	estExt_Genewise1.C_chr_130094	-593.286993	-593.407621	0.241256	0.623	0	0	0.2750209	0	N	white	PF13806;
12087	fgenesh1_pg.C_chr_23000115	-775.023089	-775.142413	0.238648	0.625	0	0	0.2757456	0	N	dark	
4402	fgenesh1_pg.C_chr_4000352	-444.591834	-444.70901	0.234352	0.628	0	0	0.2769522	0	N	white	PF00639;
25340	estExt_fgenesh1_pg.C_chr_180072	-1801.355788	-1801.472903	0.23423	0.628	0	0	0.2769522	0	N	white	PF12697;
5815	fgenesh1_pg.C_chr_5000857	-835.257649	-835.3732	0.231102	0.631	0	0	0.2777529	0	N	white	PF04755;
20810	estExt_fgenesh1_pg.C_chr_10523	-1487.429869	-1487.5455	0.231262	0.631	0	0	0.2777529	0	N	white	PF03239;
25777	estExt_fgenesh1_pg.C_chr_220244	-1691.12124	-1691.235545	0.22861	0.633	0	0	0.2784596	0	N	white	PF24325;
262762	thaps1_ua_kg.chr_6000086	-1661.582157	-1661.695637	0.22696	0.634	0	0	0.2788939	0	N	white	PF01239;
8782	fgenesh1_pg.C_chr_11a000168	-491.91947	-492.031984	0.225028	0.635	0	0	0.279316	0	N	dark	
23603	estExt_fgenesh1_pg.C_chr_70630	-3308.273577	-3308.386281	0.225408	0.635	0	0	0.279298	0	N	dark	
9655	fgenesh1_pg.C_chr_13000375	-1294.842102	-1294.953967	0.22373	0.636	0	0	0.279638	0	N	dark	
3101	fgenesh1_pg.C_chr_3000035	-700.959097	-701.070695	0.223196	0.637	0	0	0.2797075	0	N	dark	
261910	thaps1_ua_kg.chr_3000288	-798.336842	-798.446155	0.218626	0.64	0	0	0.2811255	0	N	dark	
4051	fgenesh1_pg.C_chr_4000001	-613.915142	-614.019035	0.207786	0.649	0	0	0.2847138	0	N	dark	
24950	estExt_fgenesh1_pg.C_chr_150005	-1221.471246	-1221.574366	0.20624	0.65	0	0	0.2851408	0	N	white	PF00134;
4818	fgenesh1_pg.C_chr_4000768	-3636.718579	-3636.821116	0.205074	0.651	0	0	0.2854374	0	N	dark	
22249	estExt_fgenesh1_pg.C_chr_40382	-1797.436831	-1797.536304	0.198946	0.656	0	0	0.287484	0	N	white	PF07542;
7628	fgenesh1_pg.C_chr_8000289	-1248.138849	-1248.235021	0.192344	0.661	0	0	0.2897407	0	N	dark	
35390	e_gw1.7.276.1	-1157.57591	-1157.664574	0.177328	0.674	0	0	0.2951975	0	N	white	PF13561;
10818	fgenesh1_pg.C_chr_18000061	-825.204145	-825.292074	0.175858	0.675	0	0	0.2956439	0	N	dark	
37979	e_gw1.17.93.1	-1242.011187	-1242.098411	0.174448	0.676	0	0	0.2960698	0	N	white	PF00400;
11902	fgenesh1_pg.C_chr_22000247	-5560.105076	-5560.189423	0.168694	0.681	0	0	0.2981826	0	N	white	PF02765;
12196	fgenesh1_pg.C_chr_24000072	-471.031246	-471.11454	0.166588	0.683	0	0	0.298894	0	N	dark	
8038	fgenesh1_pg.C_chr_9000206	-1400.146982	-1400.228461	0.162958	0.686	0	0	0.3002165	0	N	dark	
21850	estExt_fgenesh1_pg.C_chr_30576	-1202.889947	-1202.97127	0.162646	0.687	0	0	0.3002259	0	N	white	PF00134;
10577	fgenesh1_pg.C_chr_17000040	-1009.965121	-1010.043383	0.156524	0.692	0	0	0.3025781	0	N	dark	
23865	estExt_fgenesh1_pg.C_chr_80433	-2292.041792	-2292.119232	0.15488	0.694	0	0	0.3031341	0	N	white	PF04115;
25335	estExt_fgenesh1_pg.C_chr_180063	-1368.511923	-1368.587551	0.151256	0.697	0	0	0.304513	0	N	dark	
10837	fgenesh1_pg.C_chr_18000080	-1817.443204	-1817.51837	0.150332	0.698	0	0	0.3047809	0	N	white	PF01793;
7919	fgenesh1_pg.C_chr_9000087	-1274.891704	-1274.966123	0.148838	0.7	0	0	0.3052885	0	N	dark	
8416	fgenesh1_pg.C_chr_10000186	-1232.398045	-1232.472275	0.14846	0.7	0	0	0.3053303	0	N	white	PF01758;
4608	fgenesh1_pg.C_chr_4000558	-537.417537	-537.490272	0.14547	0.703	0	0	0.3064743	0	N	dark	
4813	fgenesh1_pg.C_chr_4000763	-6273.900425	-6273.966659	0.132468	0.716	0	0	0.3118975	0	N	dark	
7778	fgenesh1_pg.C_chr_8000439	-1206.540095	-1206.606469	0.132748	0.716	0	0	0.3118914	0	N	dark	
22961	estExt_fgenesh1_pg.C_chr_60048	-1509.012048	-1509.077459	0.130822	0.718	0	0	0.3125166	0	N	white	PF03060;
6357	fgenesh1_pg.C_chr_6000512	-3042.363159	-3042.427217	0.128116	0.72	0	0	0.3136218	0	N	white	PF01764;
262217	thaps1_ua_kg.chr_4000227	-1428.609058	-1428.672636	0.127156	0.721	0	0	0.31394	0	N	white	PF23598;
10270	fgenesh1_pg.C_chr_15000260	-1683.764042	-1683.824274	0.120464	0.729	0	0	0.3169232	0	N	white	PF13767;
918	fgenesh1_pg.C_chr_1000052	-810.175687	-810.235284	0.119194	0.73	0	0	0.3174021	0	N	dark	
4878	fgenesh1_pg.C_chr_4000828	-391.950341	-392.003637	0.106592	0.744	0	0	0.3234311	0	N	dark	
2983	fgenesh1_pg.C_chr_2000938	-1300.364604	-1300.415423	0.101638	0.75	0	0	0.3258347	0	N	dark	
10537	fgenesh1_pg.C_chr_16b000056	-4019.476981	-4019.525908	0.097854	0.754	0	0	0.3275615	0	N	white	PF00270;
269896	estExt_thaps1_ua_kg.C_chr_170022	-1316.831163	-1316.880352	0.098378	0.754	0	0	0.32741	0	N	white	PF21719;
7484	fgenesh1_pg.C_chr_8000145	-5271.967788	-5272.016564	0.097552	0.755	0	0	0.3275963	0	N	dark	
6458	fgenesh1_pg.C_chr_6000613	-3782.51306	-3782.561505	0.09689	0.756	0	0	0.327822	0	N	white	PF04722;
25346	estExt_fgenesh1_pg.C_chr_180091	-806.891504	-806.936823	0.090638	0.763	0	0	0.3310688	0	N	dark	
2711	fgenesh1_pg.C_chr_2000666	-1377.605364	-1377.648424	0.08612	0.769	0	0	0.3334582	0	N	dark	
6628	fgenesh1_pg.C_chr_7000011	-2172.588491	-2172.627699	0.078416	0.779	0	0	0.3377896	0	N	dark	
11266	fgenesh1_pg.C_chr_19b_31000009	-916.736414	-916.774449	0.07607	0.783	0	0	0.3390651	0	N	white	PF00134;
22857	estExt_fgenesh1_pg.C_chr_50703	-3301.914422	-3301.950701	0.072558	0.788	0	0	0.3410812	0	N	white	PF00169;
35182	e_gw1.6.529.1	-729.814822	-729.849875	0.070106	0.791	0	0	0.3424819	0	N	white	PF00856;
21020	estExt_fgenesh1_pg.C_chr_10968	-1134.667667	-1134.701759	0.068184	0.794	0	0	0.3435711	0	N	dark	
23737	estExt_fgenesh1_pg.C_chr_80192	-1679.234583	-1679.264726	0.060286	0.806	0	0	0.3482783	0	N	dark	
21357	estExt_fgenesh1_pg.C_chr_20572	-976.762201	-976.791113	0.057824	0.81	0	0	0.3482783	0	N	dark	
25467	estExt_fgenesh1_pg.C_chr_19a_190068	-635.841606	-635.870595	0.057978	0.81	0	0	0.3482783	0	N	dark	
20577	estExt_fgenesh1_pg.C_chr_10032	-1479.112309	-1479.140526	0.056434	0.812	0	0	0.3482783	0	N	dark	
10414	fgenesh1_pg.C_chr_16a000095	-1848.895843	-1848.923835	0.055984	0.813	0	0	0.3482783	0	N	dark	
2514	fgenesh1_pg.C_chr_2000469	-1471.60162	-1471.629185	0.05513	0.814	0	0	0.3482783	0	N	white	PF00226;
1407	fgenesh1_pg.C_chr_1000541	-677.863586	-677.890088	0.053004	0.818	0	0	0.3482783	0	N	dark	
261577	thaps1_ua_kg.chr_2000401	-1151.955163	-1151.978696	0.047066	0.828	0	0	0.3482783	0	N	white	PF08423;
20404	gw1.9.218.1	-254.174787	-254.197826	0.046078	0.83	0	0	0.3482783	0	N	white	PF00397;
5301	fgenesh1_pg.C_chr_5000343	-771.877139	-771.89907	0.043862	0.834	0	0	0.3482783	0	N	dark	
24226	estExt_fgenesh1_pg.C_chr_100298	-1350.181127	-1350.201773	0.041292	0.839	0	0	0.3482783	0	N	dark	
7035	fgenesh1_pg.C_chr_7000418	-1023.698782	-1023.718953	0.040342	0.841	0	0	0.3482783	0	N	dark	
10850	fgenesh1_pg.C_chr_18000093	-1608.737921	-1608.755332	0.034822	0.852	0	0	0.3482783	0	N	white	PF04116;
20578	estExt_fgenesh1_pg.C_chr_10035	-1584.540638	-1584.556995	0.032714	0.856	0	0	0.3482783	0	N	dark	
9499	fgenesh1_pg.C_chr_13000219	-2088.671118	-2088.686353	0.03047	0.861	0	0	0.3482783	0	N	white	PF08282;
17704	gw1.2.528.1	-772.64428	-772.659137	0.029714	0.863	0	0	0.3482783	0	N	white	PF01088;
2999	fgenesh1_pg.C_chr_2000954	-2726.121186	-2726.133519	0.024666	0.875	0	0	0.3482783	0	N	white	PF00867;
11905	fgenesh1_pg.C_chr_22000250	-3182.051017	-3182.063053	0.024072	0.877	0	0	0.3482783	0	N	dark	
33287	e_gw1.4.24.1	-3801.127619	-3801.139585	0.023932	0.877	0	0	0.3482783	0	N	white	PF16191;PF16190;PF00899;PF10585;
2877	fgenesh1_pg.C_chr_2000832	-689.40077	-689.411934	0.022328	0.881	0	0	0.3482783	0	N	dark	
24362	estExt_fgenesh1_pg.C_chr_11a0188	-1735.002355	-1735.013168	0.021626	0.883	0	0	0.3482783	0	N	dark	
10207	fgenesh1_pg.C_chr_15000197	-3899.71889	-3899.729065	0.02035	0.887	0	0	0.3482783	0	N	dark	
25364	estExt_fgenesh1_pg.C_chr_180133	-2894.087398	-2894.097126	0.019456	0.889	0	0	0.3482783	0	N	white	PF00651;PF01344;PF24681;
7356	fgenesh1_pg.C_chr_8000017	-1478.317014	-1478.32486	0.015692	0.9	0	0	0.3482783	0	N	dark	
2990	fgenesh1_pg.C_chr_2000945	-2088.503595	-2088.511398	0.015606	0.901	0	0	0.3482783	0	N	dark	
24834	estExt_fgenesh1_pg.C_chr_140155	-1627.337213	-1627.344755	0.015084	0.902	0	0	0.3482783	0	N	dark	
34785	e_gw1.6.299.1	-1337.182524	-1337.190069	0.01509	0.902	0	0	0.3482783	0	N	white	PF03462;PF00472;
22008	estExt_fgenesh1_pg.C_chr_30882	-4312.334295	-4312.341331	0.014072	0.906	0	0	0.3482783	0	N	white	PF04840;PF04841;
2991	fgenesh1_pg.C_chr_2000946	-3047.341397	-3047.34773	0.012666	0.91	0	0	0.3482783	0	N	white	PF00642;
7801	fgenesh1_pg.C_chr_8000462	-1928.535747	-1928.541996	0.012498	0.911	0	0	0.3482783	0	N	dark	
24923	estExt_fgenesh1_pg.C_chr_140302	-1030.762933	-1030.769204	0.012542	0.911	0	0	0.3482783	0	N	dark	
8237	fgenesh1_pg.C_chr_10000007	-783.67198	-783.677935	0.01191	0.913	0	0	0.3482783	0	N	dark	
5957	fgenesh1_pg.C_chr_6000112	-719.311535	-719.316791	0.010512	0.918	0	0	0.3482783	0	N	dark	
9465	fgenesh1_pg.C_chr_13000185	-959.473711	-959.478927	0.010432	0.919	0	0	0.3482783	0	N	dark	
2987	fgenesh1_pg.C_chr_2000942	-5948.064285	-5948.069111	0.009652	0.922	0	0	0.3482783	0	N	dark	
7926	fgenesh1_pg.C_chr_9000094	-457.569761	-457.574522	0.009522	0.922	0	0	0.3482783	0	N	dark	
10146	fgenesh1_pg.C_chr_15000136	-1556.799846	-1556.804664	0.009636	0.922	0	0	0.3482783	0	N	white	PF09725;
20854	estExt_fgenesh1_pg.C_chr_10625	-3387.322157	-3387.326859	0.009404	0.923	0	0	0.3482783	0	N	white	PF20253;
9328	fgenesh1_pg.C_chr_13000048	-1079.275332	-1079.279805	0.008946	0.925	0	0	0.3482783	0	N	dark	
2623	fgenesh1_pg.C_chr_2000578	-2076.089343	-2076.09331	0.007934	0.929	0	0	0.3482783	0	N	dark	
25781	estExt_fgenesh1_pg.C_chr_220254	-5958.162161	-5958.165693	0.007064	0.933	0	0	0.3482783	0	N	dark	
268403	estExt_thaps1_ua_kg.C_chr_20445	-583.816262	-583.819512	0.0065	0.936	0	0	0.3482783	0	N	white	PF00134;
22017	estExt_fgenesh1_pg.C_chr_30900	-2309.059115	-2309.062241	0.006252	0.937	0	0	0.3482783	0	N	dark	
261078	thaps1_ua_kg.chr_1000338	-1406.066021	-1406.068934	0.005826	0.939	0	0	0.3482783	0	N	white	PF00999;
5658	fgenesh1_pg.C_chr_5000700	-1182.127237	-1182.130002	0.00553	0.941	0	0	0.3482783	0	N	white	PF00628;
6880	fgenesh1_pg.C_chr_7000263	-3565.269977	-3565.272643	0.005332	0.942	0	0	0.3482783	0	N	dark	
4395	fgenesh1_pg.C_chr_4000345	-1971.196916	-1971.199339	0.004846	0.945	0	0	0.3482783	0	N	dark	
24953	estExt_fgenesh1_pg.C_chr_150011	-1157.271799	-1157.273996	0.004394	0.947	0	0	0.3482783	0	N	white	PF00134;
7776	fgenesh1_pg.C_chr_8000437	-907.501229	-907.503372	0.004286	0.948	0	0	0.3482783	0	N	dark	
24626	estExt_fgenesh1_pg.C_chr_130112	-2236.805231	-2236.80696	0.003458	0.953	0	0	0.3482783	0	N	white	PF13639;
33231	e_gw1.3.472.1	-841.123212	-841.124841	0.003258	0.954	0	0	0.3482783	0	N	white	PF00702;
267929	estExt_thaps1_ua_kg.C_chr_10019	-781.009868	-781.011171	0.002606	0.959	0	0	0.3482783	0	N	white	PF01466;
6607	fgenesh1_pg.C_chr_6000762	-676.419687	-676.420926	0.002478	0.96	0	0	0.3482783	0	N	white	PF00588;
39936	estExt_gwp_gw1.C_chr_30380	-1295.669591	-1295.670851	0.00252	0.96	0	0	0.3482783	0	N	white	PF00149;PF16891;
909	fgenesh1_pg.C_chr_1000043	-562.18565	-562.186619	0.001938	0.965	0	0	0.3482783	0	N	dark	
2371	fgenesh1_pg.C_chr_2000326	-1212.719823	-1212.72078	0.001914	0.965	0	0	0.3482783	0	N	dark	
11514	fgenesh1_pg.C_chr_20000110	-2767.872748	-2767.873644	0.001792	0.966	0	0	0.3482783	0	N	dark	
7999	fgenesh1_pg.C_chr_9000167	-657.411927	-657.412661	0.001468	0.969	0	0	0.3482783	0	N	dark	
21580	estExt_fgenesh1_pg.C_chr_21015	-3697.678481	-3697.679188	0.001414	0.97	0	0	0.3482783	0	N	white	PF00773;
2684	fgenesh1_pg.C_chr_2000639	-1415.397411	-1415.398095	0.001368	0.971	0	0	0.3482783	0	N	dark	
24395	estExt_fgenesh1_pg.C_chr_11a0271	-5266.970947	-5266.971576	0.001258	0.972	0	0	0.3482783	0	N	dark	
270023	estExt_thaps1_ua_kg.C_chr_200023	-1310.68255	-1310.683159	0.001218	0.972	0	0	0.3482783	0	N	white	PF04969;PF14050;
30105	estExt_Genewise1.C_chr_150021	-1372.449807	-1372.450396	0.001178	0.973	0	0	0.3482783	0	N	white	PF00348;
25308	estExt_fgenesh1_pg.C_chr_170200	-2782.911372	-2782.911895	0.001046	0.974	0	0	0.3482783	0	N	white	PF13532;
22673	estExt_fgenesh1_pg.C_chr_50331	-573.381119	-573.381618	0.000998	0.975	0	0	0.3482783	0	N	unmapped	
4972	fgenesh1_pg.C_chr_5000014	-2873.447109	-2873.447487	0.000756	0.978	0	0	0.3482783	0	N	dark	
39255	estExt_gwp_gw1.C_chr_10736	-2714.530202	-2714.530575	0.000746	0.978	0	0	0.3482783	0	N	white	PF03129;PF00587;
1931	fgenesh1_pg.C_chr_1001065	-2273.554993	-2273.555302	0.000618	0.98	0	0	0.3482783	0	N	dark	
8134	fgenesh1_pg.C_chr_9000302	-3380.934475	-3380.934699	0.000448	0.983	0	0	0.3482783	0	N	white	PF00628;
8408	fgenesh1_pg.C_chr_10000178	-3912.038731	-3912.038954	0.000446	0.983	0	0	0.3482783	0	N	white	PF03457;
10266	fgenesh1_pg.C_chr_15000256	-1719.662858	-1719.663093	0.00047	0.983	0	0	0.3482783	0	N	white	PF03464;PF03465;PF26356;
16511	gw1.9.129.1	-1172.166077	-1172.166316	0.000478	0.983	0	0	0.3482783	0	N	white	PF04142;
23494	estExt_fgenesh1_pg.C_chr_70423	-7045.978691	-7045.978881	0.00038	0.984	0	0	0.3482783	0	N	dark	
262126	thaps1_ua_kg.chr_4000136	-1917.976178	-1917.976376	0.000396	0.984	0	0	0.3482783	0	N	white	PF02906;
6817	fgenesh1_pg.C_chr_7000200	-2119.63104	-2119.631191	0.000302	0.986	0	0	0.3482783	0	N	white	PF04755;PF04191;
20845	estExt_fgenesh1_pg.C_chr_10608	-1821.751185	-1821.751331	0.000292	0.986	0	0	0.3482783	0	N	white	PF04278;
3330	fgenesh1_pg.C_chr_3000264	-1955.917362	-1955.917502	0.00028	0.987	0	0	0.3482783	0	N	white	PF00027;PF00615;
7672	fgenesh1_pg.C_chr_8000333	-967.593022	-967.593143	0.000242	0.988	0	0	0.3482783	0	N	white	PF25539;
22918	estExt_fgenesh1_pg.C_chr_50827	-2292.100697	-2292.100818	0.000242	0.988	0	0	0.3482783	0	N	white	PF05625;
5878	fgenesh1_pg.C_chr_6000033	-782.645327	-782.645416	0.000178	0.989	0	0	0.3482783	0	N	dark	
9529	fgenesh1_pg.C_chr_13000249	-894.972485	-894.972572	0.000174	0.989	0	0	0.3482783	0	N	dark	
4465	fgenesh1_pg.C_chr_4000415	-2054.220102	-2054.220182	0.00016	0.99	0	0	0.3482783	0	N	dark	
21475	estExt_fgenesh1_pg.C_chr_20779	-978.178363	-978.178432	0.000138	0.991	0	0	0.3482783	0	N	white	PF08597;
22799	estExt_fgenesh1_pg.C_chr_50579	-4919.765188	-4919.765245	0.000114	0.991	0	0	0.3482783	0	N	white	PF10250;
40767	estExt_gwp_gw1.C_chr_50371	-2197.658305	-2197.658372	0.000134	0.991	0	0	0.3482783	0	N	white	PF00004;PF12037;
264492	thaps1_ua_kg.chr_18000014	-801.288544	-801.288605	0.000122	0.991	0	0	0.3482783	0	N	white	PF00112;
8979	fgenesh1_pg.C_chr_12000060	-6609.11747	-6609.117522	0.000104	0.992	0	0	0.3482783	0	N	dark	
24601	estExt_fgenesh1_pg.C_chr_130061	-3816.986976	-3816.987022	9.2e-05	0.992	0	0	0.3482783	0	N	white	PF01903;
25470	estExt_fgenesh1_pg.C_chr_19a_190083	-4858.728151	-4858.728207	0.000112	0.992	0	0	0.3482783	0	N	white	PF08588;PF04784;
1394	fgenesh1_pg.C_chr_1000528	-1608.73333	-1608.733368	7.6e-05	0.993	0	0	0.3482783	0	N	white	PF08240;PF00107;
4066	fgenesh1_pg.C_chr_4000016	-2948.239944	-2948.239982	7.6e-05	0.993	0	0	0.3482783	0	N	dark	
6416	fgenesh1_pg.C_chr_6000571	-1659.468659	-1659.468696	7.4e-05	0.993	0	0	0.3482783	0	N	white	PF01467;
11135	fgenesh1_pg.C_chr_19a_19000078	-4821.282554	-4821.282594	8e-05	0.993	0	0	0.3482783	0	N	white	PF08637;
11534	fgenesh1_pg.C_chr_20000130	-749.374442	-749.374481	7.8e-05	0.993	0	0	0.3482783	0	N	dark	
268351	estExt_thaps1_ua_kg.C_chr_20350	-2063.419562	-2063.419599	7.4e-05	0.993	0	0	0.3482783	0	N	white	PF05920;
991	fgenesh1_pg.C_chr_1000125	-6875.955132	-6875.955162	6e-05	0.994	0	0	0.3482783	0	N	white	PF08082;PF08083;PF10598;
5204	fgenesh1_pg.C_chr_5000246	-456.550507	-456.550539	6.4e-05	0.994	0	0	0.3482783	0	N	white	PF09446;
8506	fgenesh1_pg.C_chr_10000276	-1732.233979	-1732.234009	6e-05	0.994	0	0	0.3482783	0	N	white	PF24646;
3056	fgenesh1_pg.C_chr_2001011	-2944.55098	-2944.550996	3.2e-05	0.995	0	0	0.3482783	0	N	dark	
6552	fgenesh1_pg.C_chr_6000707	-3552.730384	-3552.730403	3.8e-05	0.995	0	0	0.3482783	0	N	dark	
12055	fgenesh1_pg.C_chr_23000083	-1075.311907	-1075.31193	4.6e-05	0.995	0	0	0.3482783	0	N	dark	
269863	estExt_thaps1_ua_kg.C_chr_16a0006	-2635.369903	-2635.369923	4e-05	0.995	0	0	0.3482783	0	N	white	PF01431;PF05649;
9155	fgenesh1_pg.C_chr_12000236	-2036.8465	-2036.846511	2.2e-05	0.996	0	0	0.3482783	0	N	white	PF00439;
9720	fgenesh1_pg.C_chr_14000065	-859.309189	-859.3092	2.2e-05	0.996	0	0	0.3482783	0	N	white	PF05697;
11871	fgenesh1_pg.C_chr_22000216	-626.121956	-626.121967	2.2e-05	0.996	0	0	0.3482783	0	N	dark	
23000	estExt_fgenesh1_pg.C_chr_60138	-2460.33953	-2460.339542	2.4e-05	0.996	0	0	0.3482783	0	N	dark	
23915	estExt_fgenesh1_pg.C_chr_90037	-4447.710507	-4447.71052	2.6e-05	0.996	0	0	0.3482783	0	N	white	PF13921;
24293	estExt_fgenesh1_pg.C_chr_11a0038	-1079.471062	-1079.471072	2e-05	0.996	0	0	0.3482783	0	N	dark	
25304	estExt_fgenesh1_pg.C_chr_170196	-2133.447634	-2133.447644	2e-05	0.996	0	0	0.3482783	0	N	dark	
25331	estExt_fgenesh1_pg.C_chr_180042	-2656.026571	-2656.026586	3e-05	0.996	0	0	0.3482783	0	N	dark	
35668	e_gw1.7.255.1	-1165.589079	-1165.589094	3e-05	0.996	0	0	0.3482783	0	N	white	PF00106;
269034	estExt_thaps1_ua_kg.C_chr_60098	-761.717394	-761.717408	2.8e-05	0.996	0	0	0.3482783	0	N	dark	
900	fgenesh1_pg.C_chr_1000034	-3450.869987	-3450.869994	1.4e-05	0.997	0	0	0.3482783	0	N	white	PF06978;PF08170;
914	fgenesh1_pg.C_chr_1000048	-2280.624563	-2280.62457	1.4e-05	0.997	0	0	0.3482783	0	N	white	PF04724;
1086	fgenesh1_pg.C_chr_1000220	-1499.359247	-1499.359256	1.8e-05	0.997	0	0	0.3482783	0	N	white	PF13896;
1954	fgenesh1_pg.C_chr_1001088	-688.831225	-688.83123	1e-05	0.997	0	0	0.3482783	0	N	dark	
3803	fgenesh1_pg.C_chr_3000737	-1965.941911	-1965.941918	1.4e-05	0.997	0	0	0.3482783	0	N	white	PF12832;
4567	fgenesh1_pg.C_chr_4000517	-2624.086126	-2624.086131	1e-05	0.997	0	0	0.3482783	0	N	white	PF02622;
5653	fgenesh1_pg.C_chr_5000695	-2065.490344	-2065.49035	1.2e-05	0.997	0	0	0.3482783	0	N	white	PF04218;PF03221;
10340	fgenesh1_pg.C_chr_16a000021	-2761.67913	-2761.679138	1.6e-05	0.997	0	0	0.3482783	0	N	dark	
10366	fgenesh1_pg.C_chr_16a000047	-1401.943469	-1401.943478	1.8e-05	0.997	0	0	0.3482783	0	N	dark	
10853	fgenesh1_pg.C_chr_18000096	-931.081413	-931.081421	1.6e-05	0.997	0	0	0.3482783	0	N	dark	
24613	estExt_fgenesh1_pg.C_chr_130083	-4735.705749	-4735.705756	1.4e-05	0.997	0	0	0.3482783	0	N	white	PF07738;
268447	estExt_thaps1_ua_kg.C_chr_30106	-1104.26178	-1104.261788	1.6e-05	0.997	0	0	0.3482783	0	N	white	PF00085;
896	fgenesh1_pg.C_chr_1000030	-2919.512786	-2919.512788	4e-06	0.998	0	0	0.3482783	0	N	white	PF24646;
908	fgenesh1_pg.C_chr_1000042	-2270.721333	-2270.721335	4e-06	0.998	0	0	0.3482783	0	N	dark	
4278	fgenesh1_pg.C_chr_4000228	-714.802045	-714.802048	6e-06	0.998	0	0	0.3482783	0	N	dark	
5668	fgenesh1_pg.C_chr_5000710	-425.860378	-425.86038	4e-06	0.998	0	0	0.3482783	0	N	white	PF05839;
6699	fgenesh1_pg.C_chr_7000082	-998.879416	-998.879419	6e-06	0.998	0	0	0.3482783	0	N	dark	
7497	fgenesh1_pg.C_chr_8000158	-1116.048983	-1116.048985	4e-06	0.998	0	0	0.3482783	0	N	white	PF07572;
8199	fgenesh1_pg.C_chr_9000367	-2667.377239	-2667.377242	6e-06	0.998	0	0	0.3482783	0	N	white	PF13516;
10654	fgenesh1_pg.C_chr_17000117	-1549.65304	-1549.653044	8e-06	0.998	0	0	0.3482783	0	N	dark	
14378	gw1.16b.6.1	-1469.34997	-1469.349972	4e-06	0.998	0	0	0.3482783	0	N	white	PF13499;PF00069;
20292	gw1.8.333.1	-381.411076	-381.411079	6e-06	0.998	0	0	0.3482783	0	N	white	PF08285;
22490	estExt_fgenesh1_pg.C_chr_40864	-2450.957693	-2450.957696	6e-06	0.998	0	0	0.3482783	0	N	white	PF03188;PF03351;
22993	estExt_fgenesh1_pg.C_chr_60130	-1741.888322	-1741.888326	8e-06	0.998	0	0	0.3482783	0	N	white	PF13535;
23828	estExt_fgenesh1_pg.C_chr_80381	-1373.001654	-1373.001657	6e-06	0.998	0	0	0.3482783	0	N	dark	
24466	estExt_fgenesh1_pg.C_chr_120134	-1372.030932	-1372.030934	4e-06	0.998	0	0	0.3482783	0	N	dark	
24514	estExt_fgenesh1_pg.C_chr_120216	-809.754467	-809.754469	4e-06	0.998	0	0	0.3482783	0	N	white	PF06658;
24760	estExt_fgenesh1_pg.C_chr_140026	-801.705333	-801.705336	6e-06	0.998	0	0	0.3482783	0	N	dark	
28441	estExt_Genewise1.C_chr_50575	-2891.893315	-2891.893318	6e-06	0.998	0	0	0.3482783	0	N	white	PF05470;PF26569;PF01399;
261595	thaps1_ua_kg.chr_2000419	-867.50607	-867.506072	4e-06	0.998	0	0	0.3482783	0	N	white	PF00560;PF13855;
264440	thaps1_ua_kg.chr_17000038	-2295.061761	-2295.061763	4e-06	0.998	0	0	0.3482783	0	N	white	PF07992;PF02852;
5285	fgenesh1_pg.C_chr_5000327	-1751.737691	-1751.737692	2e-06	0.999	0	0	0.3482783	0	N	white	PF09011;
6710	fgenesh1_pg.C_chr_7000093	-1680.150831	-1680.150832	2e-06	0.999	0	0	0.3482783	0	N	dark	
7822	fgenesh1_pg.C_chr_8000483	-727.024185	-727.024186	2e-06	0.999	0	0	0.3482783	0	N	dark	
9364	fgenesh1_pg.C_chr_13000084	-4691.119598	-4691.119599	2e-06	0.999	0	0	0.3482783	0	N	dark	
11665	fgenesh1_pg.C_chr_22000010	-2777.647882	-2777.647883	2e-06	0.999	0	0	0.3482783	0	N	white	PF02622;
11984	fgenesh1_pg.C_chr_23000012	-901.671213	-901.671214	2e-06	0.999	0	0	0.3482783	0	N	white	PF00856;
12193	fgenesh1_pg.C_chr_24000069	-1349.201872	-1349.201873	2e-06	0.999	0	0	0.3482783	0	N	dark	
14708	gw1.19b.7.1	-1254.380056	-1254.380057	2e-06	0.999	0	0	0.3482783	0	N	white	PF04055;
20641	estExt_fgenesh1_pg.C_chr_10181	-1895.845266	-1895.845267	2e-06	0.999	0	0	0.3482783	0	N	dark	
20648	estExt_fgenesh1_pg.C_chr_10201	-1277.127768	-1277.127769	2e-06	0.999	0	0	0.3482783	0	N	dark	
22852	estExt_fgenesh1_pg.C_chr_50689	-1393.077283	-1393.077284	2e-06	0.999	0	0	0.3482783	0	N	dark	
24037	estExt_fgenesh1_pg.C_chr_90294	-2512.578778	-2512.578779	2e-06	0.999	0	0	0.3482783	0	N	dark	
25453	estExt_fgenesh1_pg.C_chr_19a_190016	-1706.063845	-1706.063846	2e-06	0.999	0	0	0.3482783	0	N	white	PF00856;
25725	estExt_fgenesh1_pg.C_chr_220127	-645.887443	-645.887444	2e-06	0.999	0	0	0.3482783	0	N	white	PF02416;
262856	thaps1_ua_kg.chr_6000180	-957.146602	-957.146603	2e-06	0.999	0	0	0.3482783	0	N	white	PF00089;
263246	thaps1_ua_kg.chr_7000203	-1738.597099	-1738.5971	2e-06	0.999	0	0	0.3482783	0	N	white	PF00168;PF00388;PF00387;
263511	thaps1_ua_kg.chr_9000039	-1071.617273	-1071.617274	2e-06	0.999	0	0	0.3482783	0	N	white	PF04493;
264064	thaps1_ua_kg.chr_13000112	-3923.251606	-3923.251607	2e-06	0.999	0	0	0.3482783	0	N	white	PF13476;PF00149;
268773	estExt_thaps1_ua_kg.C_chr_40319	-1989.894466	-1989.894467	2e-06	0.999	0	0	0.3482783	0	N	white	PF13410;PF13409;
269030	estExt_thaps1_ua_kg.C_chr_60094	-2689.608103	-2689.608104	2e-06	0.999	0	0	0.3482783	0	N	white	PF09384;PF00400;
225	fgenesh1_pm.C_chr_1000070	-673.981742	-673.981723	-3.8e-05	1	0	0	0.3482783	0	N	white	PF01765;
669	fgenesh1_pm.C_chr_10000016	-868.121576	-868.121576	0	1	0	0	0.3482783	0	N	white	PF00071;
919	fgenesh1_pg.C_chr_1000053	-1321.223787	-1321.223787	0	1	0	0	0.3482783	0	N	dark	
1145	fgenesh1_pg.C_chr_1000279	-871.405833	-871.405831	-4e-06	1	0	0	0.3482783	0	N	white	PF25017;
1170	fgenesh1_pg.C_chr_1000304	-507.197708	-507.197708	0	1	0	0	0.3482783	0	N	dark	
1196	fgenesh1_pg.C_chr_1000330	-1055.150192	-1055.150192	0	1	0	0	0.3482783	0	N	dark	
1388	fgenesh1_pg.C_chr_1000522	-1001.100891	-1001.100891	0	1	0	0	0.3482783	0	N	white	PF17963;
1420	fgenesh1_pg.C_chr_1000554	-2037.896573	-2037.896573	0	1	0	0	0.3482783	0	N	dark	
1436	fgenesh1_pg.C_chr_1000570	-2525.359732	-2525.359732	0	1	0	0	0.3482783	0	N	white	PF02415;PF00149;
1449	fgenesh1_pg.C_chr_1000583	-560.374597	-560.374597	0	1	0	0	0.3482783	0	N	dark	
1464	fgenesh1_pg.C_chr_1000598	-611.732322	-611.732322	0	1	0	0	0.3482783	0	N	dark	
1465	fgenesh1_pg.C_chr_1000599	-2706.220761	-2706.22076	-2e-06	1	0	0	0.3482783	0	N	white	PF07534;
1479	fgenesh1_pg.C_chr_1000613	-3420.638754	-3420.638689	-0.00013	1	0	0	0.3482783	0	N	white	PF02816;
1495	fgenesh1_pg.C_chr_1000629	-1434.323879	-1434.323879	0	1	0	0	0.3482783	0	N	white	PF05914;
1502	fgenesh1_pg.C_chr_1000636	-3208.621934	-3208.620825	-0.002218	1	0	0	0.3482783	0	N	dark	
1555	fgenesh1_pg.C_chr_1000689	-1807.550651	-1807.550651	0	1	0	0	0.3482783	0	N	dark	
1584	fgenesh1_pg.C_chr_1000718	-1048.276009	-1048.276009	0	1	0	0	0.3482783	0	N	white	PF00160;
1672	fgenesh1_pg.C_chr_1000806	-1859.145219	-1859.145216	-6e-06	1	0	0	0.3482783	0	N	white	PF03403;
1706	fgenesh1_pg.C_chr_1000840	-884.693366	-884.693366	0	1	0	0	0.3482783	0	N	dark	
1871	fgenesh1_pg.C_chr_1001005	-800.852993	-800.852992	-2e-06	1	0	0	0.3482783	0	N	dark	
1921	fgenesh1_pg.C_chr_1001055	-1245.360113	-1245.360113	0	1	0	0	0.3482783	0	N	white	PF08241;
1930	fgenesh1_pg.C_chr_1001064	-1246.276798	-1246.276798	0	1	0	0	0.3482783	0	N	dark	
1940	fgenesh1_pg.C_chr_1001074	-1417.81381	-1417.81381	0	1	0	0	0.3482783	0	N	dark	
1953	fgenesh1_pg.C_chr_1001087	-864.871097	-864.871097	0	1	0	0	0.3482783	0	N	dark	
1962	fgenesh1_pg.C_chr_1001096	-1052.42948	-1052.42948	0	1	0	0	0.3482783	0	N	white	PF01435;
2009	fgenesh1_pg.C_chr_1001143	-925.795318	-925.795318	0	1	0	0	0.3482783	0	N	dark	
2050	fgenesh1_pg.C_chr_2000005	-3207.093615	-3207.093614	-2e-06	1	0	0	0.3482783	0	N	dark	
2073	fgenesh1_pg.C_chr_2000028	-831.193126	-831.193126	0	1	0	0	0.3482783	0	N	dark	
2160	fgenesh1_pg.C_chr_2000115	-778.759782	-778.759782	0	1	0	0	0.3482783	0	N	white	PF04969;
2190	fgenesh1_pg.C_chr_2000145	-643.475538	-643.475538	0	1	0	0	0.3482783	0	N	dark	
2194	fgenesh1_pg.C_chr_2000149	-1857.679907	-1857.679907	0	1	0	0	0.3482783	0	N	white	PF03372;
2219	fgenesh1_pg.C_chr_2000174	-1435.063904	-1435.063904	0	1	0	0	0.3482783	0	N	white	PF00447;
2227	fgenesh1_pg.C_chr_2000182	-1172.128615	-1172.128615	0	1	0	0	0.3482783	0	N	white	PF12400;
2267	fgenesh1_pg.C_chr_2000222	-1681.139632	-1681.139632	0	1	0	0	0.3482783	0	N	dark	
2447	fgenesh1_pg.C_chr_2000402	-1596.84503	-1596.84503	0	1	0	0	0.3482783	0	N	dark	
2462	fgenesh1_pg.C_chr_2000417	-1236.649334	-1236.649334	0	1	0	0	0.3482783	0	N	dark	
2484	fgenesh1_pg.C_chr_2000439	-1534.857547	-1534.857546	-2e-06	1	0	0	0.3482783	0	N	dark	
2516	fgenesh1_pg.C_chr_2000471	-750.362314	-750.362314	0	1	0	0	0.3482783	0	N	dark	
2569	fgenesh1_pg.C_chr_2000524	-1648.168457	-1648.168456	-2e-06	1	0	0	0.3482783	0	N	white	PF13679;
2587	fgenesh1_pg.C_chr_2000542	-7248.016771	-7248.01677	-2e-06	1	0	0	0.3482783	0	N	white	PF10250;
2611	fgenesh1_pg.C_chr_2000566	-2634.234224	-2634.234222	-4e-06	1	0	0	0.3482783	0	N	dark	
2632	fgenesh1_pg.C_chr_2000587	-1396.926909	-1396.926909	0	1	0	0	0.3482783	0	N	dark	
2634	fgenesh1_pg.C_chr_2000589	-860.915497	-860.915497	0	1	0	0	0.3482783	0	N	dark	
2645	fgenesh1_pg.C_chr_2000600	-3189.405926	-3189.405881	-9e-05	1	0	0	0.3482783	0	N	dark	
2666	fgenesh1_pg.C_chr_2000621	-2531.653222	-2531.652784	-0.000876	1	0	0	0.3482783	0	N	dark	
2777	fgenesh1_pg.C_chr_2000732	-1793.477396	-1793.477396	0	1	0	0	0.3482783	0	N	white	PF18297;PF05833;
3049	fgenesh1_pg.C_chr_2001004	-1709.511837	-1709.511836	-2e-06	1	0	0	0.3482783	0	N	dark	
3244	fgenesh1_pg.C_chr_3000178	-969.465224	-969.465224	0	1	0	0	0.3482783	0	N	white	PF06951;
3255	fgenesh1_pg.C_chr_3000189	-931.070592	-931.070591	-2e-06	1	0	0	0.3482783	0	N	dark	
3426	fgenesh1_pg.C_chr_3000360	-379.007279	-379.007279	0	1	0	0	0.3482783	0	N	white	PF05180;
3435	fgenesh1_pg.C_chr_3000369	-465.370679	-465.370679	0	1	0	0	0.3482783	0	N	white	PF00639;
3453	fgenesh1_pg.C_chr_3000387	-1078.560128	-1078.560085	-8.6e-05	1	0	0	0.3482783	0	N	dark	
3537	fgenesh1_pg.C_chr_3000471	-1315.821034	-1315.821034	0	1	0	0	0.3482783	0	N	dark	
3553	fgenesh1_pg.C_chr_3000487	-949.985543	-949.985542	-2e-06	1	0	0	0.3482783	0	N	dark	
3554	fgenesh1_pg.C_chr_3000488	-1412.538333	-1412.538333	0	1	0	0	0.3482783	0	N	white	PF24906;
3560	fgenesh1_pg.C_chr_3000494	-758.612126	-758.612126	0	1	0	0	0.3482783	0	N	dark	
3674	fgenesh1_pg.C_chr_3000608	-1487.091727	-1487.091727	0	1	0	0	0.3482783	0	N	dark	
3693	fgenesh1_pg.C_chr_3000627	-1170.159372	-1170.159372	0	1	0	0	0.3482783	0	N	white	PF08766;PF02201;
3694	fgenesh1_pg.C_chr_3000628	-6558.535483	-6558.535123	-0.00072	1	0	0	0.3482783	0	N	dark	
3730	fgenesh1_pg.C_chr_3000664	-900.883664	-900.883663	-2e-06	1	0	0	0.3482783	0	N	dark	
3797	fgenesh1_pg.C_chr_3000731	-2252.256031	-2252.256031	0	1	0	0	0.3482783	0	N	dark	
3839	fgenesh1_pg.C_chr_3000773	-582.321174	-582.321174	0	1	0	0	0.3482783	0	N	dark	
4026	fgenesh1_pg.C_chr_3000960	-511.166732	-511.166732	0	1	0	0	0.3482783	0	N	white	PF16672;
4064	fgenesh1_pg.C_chr_4000014	-1600.187925	-1600.187925	0	1	0	0	0.3482783	0	N	white	PF04321;
4126	fgenesh1_pg.C_chr_4000076	-1953.928562	-1953.928554	-1.6e-05	1	0	0	0.3482783	0	N	white	PF07884;
4254	fgenesh1_pg.C_chr_4000204	-2084.7107	-2084.710697	-6e-06	1	0	0	0.3482783	0	N	white	PF00628;
4302	fgenesh1_pg.C_chr_4000252	-848.086715	-848.086715	0	1	0	0	0.3482783	0	N	white	PF05620;
4415	fgenesh1_pg.C_chr_4000365	-1376.267195	-1376.267195	0	1	0	0	0.3482783	0	N	white	PF00505;
4448	fgenesh1_pg.C_chr_4000398	-2065.953371	-2065.953371	0	1	0	0	0.3482783	0	N	white	PF06027;
4462	fgenesh1_pg.C_chr_4000412	-1280.096402	-1280.096402	0	1	0	0	0.3482783	0	N	dark	
4563	fgenesh1_pg.C_chr_4000513	-2266.81628	-2266.81628	0	1	0	0	0.3482783	0	N	dark	
4573	fgenesh1_pg.C_chr_4000523	-2916.274851	-2916.274851	0	1	0	0	0.3482783	0	N	dark	
4609	fgenesh1_pg.C_chr_4000559	-1266.843859	-1266.843859	0	1	0	0	0.3482783	0	N	dark	
4679	fgenesh1_pg.C_chr_4000629	-754.551034	-754.551034	0	1	0	0	0.3482783	0	N	white	PF20479;
4829	fgenesh1_pg.C_chr_4000779	-1360.870867	-1360.870867	0	1	0	0	0.3482783	0	N	white	PF15867;PF13877;
4842	fgenesh1_pg.C_chr_4000792	-4813.721996	-4813.721994	-4e-06	1	0	0	0.3482783	0	N	white	PF07779;
4921	fgenesh1_pg.C_chr_4000871	-2908.380076	-2908.380076	0	1	0	0	0.3482783	0	N	white	PF11074;
5004	fgenesh1_pg.C_chr_5000046	-455.796751	-455.796751	0	1	0	0	0.3482783	0	N	dark	
5036	fgenesh1_pg.C_chr_5000078	-1818.228625	-1818.228625	0	1	0	0	0.3482783	0	N	white	PF02099;PF00789;
5144	fgenesh1_pg.C_chr_5000186	-759.733457	-759.733457	0	1	0	0	0.3482783	0	N	dark	
5286	fgenesh1_pg.C_chr_5000328	-2471.68509	-2471.68509	0	1	0	0	0.3482783	0	N	white	PF13621;
5288	fgenesh1_pg.C_chr_5000330	-1160.477312	-1160.477312	0	1	0	0	0.3482783	0	N	white	PF04134;
5304	fgenesh1_pg.C_chr_5000346	-1061.888364	-1061.888364	0	1	0	0	0.3482783	0	N	dark	
5317	fgenesh1_pg.C_chr_5000359	-920.059037	-920.059035	-4e-06	1	0	0	0.3482783	0	N	dark	
5322	fgenesh1_pg.C_chr_5000364	-3678.052866	-3678.052856	-2e-05	1	0	0	0.3482783	0	N	dark	
5323	fgenesh1_pg.C_chr_5000365	-1727.635035	-1727.635035	0	1	0	0	0.3482783	0	N	white	PF02367;
5332	fgenesh1_pg.C_chr_5000374	-2576.148453	-2576.148453	0	1	0	0	0.3482783	0	N	white	PF03357;
5405	fgenesh1_pg.C_chr_5000447	-1443.999459	-1443.999459	0	1	0	0	0.3482783	0	N	white	PF01789;
5545	fgenesh1_pg.C_chr_5000587	-950.163891	-950.163891	0	1	0	0	0.3482783	0	N	dark	
5563	fgenesh1_pg.C_chr_5000605	-627.593187	-627.593187	0	1	0	0	0.3482783	0	N	white	PF02416;
5641	fgenesh1_pg.C_chr_5000683	-1319.71029	-1319.71029	0	1	0	0	0.3482783	0	N	white	PF03083;
5647	fgenesh1_pg.C_chr_5000689	-3558.270966	-3558.270966	0	1	0	0	0.3482783	0	N	white	PF13202;PF13499;PF18599;
5659	fgenesh1_pg.C_chr_5000701	-1877.728109	-1877.728048	-0.000122	1	0	0	0.3482783	0	N	white	PF05653;
5701	fgenesh1_pg.C_chr_5000743	-664.175398	-664.175398	0	1	0	0	0.3482783	0	N	dark	
5717	fgenesh1_pg.C_chr_5000759	-901.817389	-901.817389	0	1	0	0	0.3482783	0	N	white	PF00808;
5790	fgenesh1_pg.C_chr_5000832	-1647.715454	-1647.715454	0	1	0	0	0.3482783	0	N	dark	
5828	fgenesh1_pg.C_chr_5000870	-2015.846743	-2015.846713	-6e-05	1	0	0	0.3482783	0	N	white	PF00781;
5844	fgenesh1_pg.C_chr_5000886	-715.844211	-715.844211	0	1	0	0	0.3482783	0	N	dark	
5845	fgenesh1_pg.C_chr_5000887	-2275.361589	-2275.361589	0	1	0	0	0.3482783	0	N	dark	
5977	fgenesh1_pg.C_chr_6000132	-1629.829315	-1629.829315	0	1	0	0	0.3482783	0	N	dark	
6174	fgenesh1_pg.C_chr_6000329	-1155.233667	-1155.233667	0	1	0	0	0.3482783	0	N	dark	
6255	fgenesh1_pg.C_chr_6000410	-1748.307365	-1748.307365	0	1	0	0	0.3482783	0	N	dark	
6264	fgenesh1_pg.C_chr_6000419	-1504.769123	-1504.769123	0	1	0	0	0.3482783	0	N	white	PF02153;PF26213;
6396	fgenesh1_pg.C_chr_6000551	-450.079543	-450.079543	0	1	0	0	0.3482783	0	N	white	PF07876;
6445	fgenesh1_pg.C_chr_6000600	-1744.864552	-1744.864552	0	1	0	0	0.3482783	0	N	dark	
6446	fgenesh1_pg.C_chr_6000601	-1189.189676	-1189.189676	0	1	0	0	0.3482783	0	N	dark	
6457	fgenesh1_pg.C_chr_6000612	-2792.754799	-2792.754799	0	1	0	0	0.3482783	0	N	white	PF01595;
6535	fgenesh1_pg.C_chr_6000690	-1857.3868	-1857.3868	0	1	0	0	0.3482783	0	N	white	PF25197;PF00856;
6595	fgenesh1_pg.C_chr_6000750	-2232.177267	-2232.177192	-0.00015	1	0	0	0.3482783	0	N	dark	
6692	fgenesh1_pg.C_chr_7000075	-1826.362307	-1826.362307	0	1	0	0	0.3482783	0	N	white	PF00651;
6735	fgenesh1_pg.C_chr_7000118	-719.421001	-719.421001	0	1	0	0	0.3482783	0	N	dark	
6771	fgenesh1_pg.C_chr_7000154	-1869.823586	-1869.823586	0	1	0	0	0.3482783	0	N	white	PF00505;
6802	fgenesh1_pg.C_chr_7000185	-1059.072726	-1059.072725	-2e-06	1	0	0	0.3482783	0	N	dark	
6808	fgenesh1_pg.C_chr_7000191	-1402.61041	-1402.61041	0	1	0	0	0.3482783	0	N	dark	
6837	fgenesh1_pg.C_chr_7000220	-2004.510256	-2004.510249	-1.4e-05	1	0	0	0.3482783	0	N	dark	
6876	fgenesh1_pg.C_chr_7000259	-1009.934985	-1009.934985	0	1	0	0	0.3482783	0	N	white	PF13460;
6931	fgenesh1_pg.C_chr_7000314	-1409.659112	-1409.659112	0	1	0	0	0.3482783	0	N	white	PF04117;
6980	fgenesh1_pg.C_chr_7000363	-1729.242461	-1729.24233	-0.000262	1	0	0	0.3482783	0	N	dark	
7037	fgenesh1_pg.C_chr_7000420	-1459.532634	-1459.53263	-8e-06	1	0	0	0.3482783	0	N	white	PF00248;
7059	fgenesh1_pg.C_chr_7000442	-1146.929317	-1146.929317	0	1	0	0	0.3482783	0	N	white	PF08238;
7070	fgenesh1_pg.C_chr_7000453	-3379.903877	-3379.903877	0	1	0	0	0.3482783	0	N	dark	
7090	fgenesh1_pg.C_chr_7000473	-2700.551399	-2700.551398	-2e-06	1	0	0	0.3482783	0	N	dark	
7091	fgenesh1_pg.C_chr_7000474	-610.799722	-610.799722	0	1	0	0	0.3482783	0	N	dark	
7138	fgenesh1_pg.C_chr_7000521	-1802.824012	-1802.824012	0	1	0	0	0.3482783	0	N	white	PF00388;
7166	fgenesh1_pg.C_chr_7000549	-1559.517042	-1559.51704	-4e-06	1	0	0	0.3482783	0	N	white	PF00300;
7193	fgenesh1_pg.C_chr_7000576	-2824.896428	-2824.89636	-0.000136	1	0	0	0.3482783	0	N	dark	
7307	fgenesh1_pg.C_chr_7000690	-1741.303823	-1741.303823	0	1	0	0	0.3482783	0	N	dark	
7401	fgenesh1_pg.C_chr_8000062	-1038.309557	-1038.309557	0	1	0	0	0.3482783	0	N	dark	
7444	fgenesh1_pg.C_chr_8000105	-1760.069366	-1760.069366	0	1	0	0	0.3482783	0	N	dark	
7445	fgenesh1_pg.C_chr_8000106	-1286.403803	-1286.403802	-2e-06	1	0	0	0.3482783	0	N	dark	
7446	fgenesh1_pg.C_chr_8000107	-1532.196732	-1532.196731	-2e-06	1	0	0	0.3482783	0	N	white	PF00856;
7448	fgenesh1_pg.C_chr_8000109	-1097.987881	-1097.987881	0	1	0	0	0.3482783	0	N	white	PF08670;
7478	fgenesh1_pg.C_chr_8000139	-1503.032184	-1503.032179	-1e-05	1	0	0	0.3482783	0	N	white	PF00581;
7569	fgenesh1_pg.C_chr_8000230	-880.268501	-880.268501	0	1	0	0	0.3482783	0	N	dark	
7642	fgenesh1_pg.C_chr_8000303	-1325.050659	-1325.050656	-6e-06	1	0	0	0.3482783	0	N	white	PF12697;
7652	fgenesh1_pg.C_chr_8000313	-951.133564	-951.133564	0	1	0	0	0.3482783	0	N	dark	
7767	fgenesh1_pg.C_chr_8000428	-632.823554	-632.823553	-2e-06	1	0	0	0.3482783	0	N	dark	
7790	fgenesh1_pg.C_chr_8000451	-2686.422386	-2686.422386	0	1	0	0	0.3482783	0	N	white	PF05721;
7796	fgenesh1_pg.C_chr_8000457	-3360.120172	-3360.120172	0	1	0	0	0.3482783	0	N	white	PF12796;
7798	fgenesh1_pg.C_chr_8000459	-1536.080713	-1536.080713	0	1	0	0	0.3482783	0	N	white	PF03567;
7873	fgenesh1_pg.C_chr_9000041	-1982.750349	-1982.750349	0	1	0	0	0.3482783	0	N	dark	
7902	fgenesh1_pg.C_chr_9000070	-658.301408	-658.301408	0	1	0	0	0.3482783	0	N	white	PF08315;
7928	fgenesh1_pg.C_chr_9000096	-1054.200032	-1054.200032	0	1	0	0	0.3482783	0	N	white	PF14775;
7935	fgenesh1_pg.C_chr_9000103	-2061.292576	-2061.292576	0	1	0	0	0.3482783	0	N	white	PF03567;
7973	fgenesh1_pg.C_chr_9000141	-3071.327104	-3071.327051	-0.000106	1	0	0	0.3482783	0	N	dark	
7974	fgenesh1_pg.C_chr_9000142	-931.499402	-931.499402	0	1	0	0	0.3482783	0	N	dark	
8065	fgenesh1_pg.C_chr_9000233	-793.475177	-793.475168	-1.8e-05	1	0	0	0.3482783	0	N	white	PF00173;
8129	fgenesh1_pg.C_chr_9000297	-2793.998444	-2793.998444	0	1	0	0	0.3482783	0	N	white	PF09814;
8140	fgenesh1_pg.C_chr_9000308	-2946.51745	-2946.51745	0	1	0	0	0.3482783	0	N	dark	
8145	fgenesh1_pg.C_chr_9000313	-6064.876184	-6064.876184	0	1	0	0	0.3482783	0	N	white	PF13191;
8153	fgenesh1_pg.C_chr_9000321	-2951.069959	-2951.069959	0	1	0	0	0.3482783	0	N	dark	
8206	fgenesh1_pg.C_chr_9000374	-4206.162334	-4206.162334	0	1	0	0	0.3482783	0	N	dark	
8243	fgenesh1_pg.C_chr_10000013	-871.849995	-871.849995	0	1	0	0	0.3482783	0	N	dark	
8327	fgenesh1_pg.C_chr_10000097	-1198.149108	-1198.149108	0	1	0	0	0.3482783	0	N	dark	
8338	fgenesh1_pg.C_chr_10000108	-1163.305304	-1163.305304	0	1	0	0	0.3482783	0	N	dark	
8344	fgenesh1_pg.C_chr_10000114	-1158.825143	-1158.825143	0	1	0	0	0.3482783	0	N	dark	
8376	fgenesh1_pg.C_chr_10000146	-1347.453905	-1347.453905	0	1	0	0	0.3482783	0	N	dark	
8410	fgenesh1_pg.C_chr_10000180	-1855.104561	-1855.104555	-1.2e-05	1	0	0	0.3482783	0	N	dark	
8560	fgenesh1_pg.C_chr_10000330	-1871.020088	-1871.020088	0	1	0	0	0.3482783	0	N	white	PF20179;
8868	fgenesh1_pg.C_chr_11a000254	-404.410308	-404.410308	0	1	0	0	0.3482783	0	N	white	PF00415;
8872	fgenesh1_pg.C_chr_11a000258	-894.092772	-894.092769	-6e-06	1	0	0	0.3482783	0	N	white	PF09353;
8895	fgenesh1_pg.C_chr_11b000004	-930.816309	-930.816309	0	1	0	0	0.3482783	0	N	dark	
9029	fgenesh1_pg.C_chr_12000110	-716.936601	-716.936601	0	1	0	0	0.3482783	0	N	dark	
9110	fgenesh1_pg.C_chr_12000191	-1255.062623	-1255.062622	-2e-06	1	0	0	0.3482783	0	N	dark	
9242	fgenesh1_pg.C_chr_12000323	-1926.55167	-1926.551658	-2.4e-05	1	0	0	0.3482783	0	N	dark	
9262	fgenesh1_pg.C_chr_12000343	-1498.497137	-1498.497039	-0.000196	1	0	0	0.3482783	0	N	dark	
9311	fgenesh1_pg.C_chr_13000031	-757.047753	-757.047753	0	1	0	0	0.3482783	0	N	dark	
9323	fgenesh1_pg.C_chr_13000043	-487.307918	-487.307918	0	1	0	0	0.3482783	0	N	dark	
9351	fgenesh1_pg.C_chr_13000071	-1364.131408	-1364.131408	0	1	0	0	0.3482783	0	N	dark	
9360	fgenesh1_pg.C_chr_13000080	-1956.435127	-1956.435127	0	1	0	0	0.3482783	0	N	dark	
9384	fgenesh1_pg.C_chr_13000104	-512.48989	-512.48989	0	1	0	0	0.3482783	0	N	dark	
9475	fgenesh1_pg.C_chr_13000195	-1037.238396	-1037.238396	0	1	0	0	0.3482783	0	N	dark	
9485	fgenesh1_pg.C_chr_13000205	-2866.629663	-2866.629476	-0.000374	1	0	0	0.3482783	0	N	white	PF02536;
9495	fgenesh1_pg.C_chr_13000215	-2943.945513	-2943.945513	0	1	0	0	0.3482783	0	N	dark	
9500	fgenesh1_pg.C_chr_13000220	-1970.47662	-1970.47662	0	1	0	0	0.3482783	0	N	dark	
9503	fgenesh1_pg.C_chr_13000223	-3571.313046	-3571.313046	0	1	0	0	0.3482783	0	N	dark	
9576	fgenesh1_pg.C_chr_13000296	-1980.988693	-1980.988693	0	1	0	0	0.3482783	0	N	dark	
10010	fgenesh1_pg.C_chr_14000355	-661.859731	-661.859731	0	1	0	0	0.3482783	0	N	dark	
10024	fgenesh1_pg.C_chr_15000014	-1634.314931	-1634.314931	0	1	0	0	0.3482783	0	N	dark	
10096	fgenesh1_pg.C_chr_15000086	-1275.98334	-1275.983336	-8e-06	1	0	0	0.3482783	0	N	dark	
10099	fgenesh1_pg.C_chr_15000089	-1542.02553	-1542.02553	0	1	0	0	0.3482783	0	N	white	PF09011;
10195	fgenesh1_pg.C_chr_15000185	-1276.538577	-1276.538577	0	1	0	0	0.3482783	0	N	dark	
10336	fgenesh1_pg.C_chr_16a000017	-1755.879897	-1755.879897	0	1	0	0	0.3482783	0	N	white	PF12014;
10339	fgenesh1_pg.C_chr_16a000020	-2536.668811	-2536.668811	0	1	0	0	0.3482783	0	N	white	PF01753;
10346	fgenesh1_pg.C_chr_16a000027	-874.34144	-874.34144	0	1	0	0	0.3482783	0	N	dark	
10452	fgenesh1_pg.C_chr_16a000133	-1141.074369	-1141.074369	0	1	0	0	0.3482783	0	N	dark	
10551	fgenesh1_pg.C_chr_17000014	-1373.537165	-1373.537165	0	1	0	0	0.3482783	0	N	white	PF13344;PF13242;
10552	fgenesh1_pg.C_chr_17000015	-3835.764244	-3835.764243	-2e-06	1	0	0	0.3482783	0	N	white	PF09826;
10558	fgenesh1_pg.C_chr_17000021	-1358.25148	-1358.25148	0	1	0	0	0.3482783	0	N	white	PF13344;PF13242;
10712	fgenesh1_pg.C_chr_17000175	-953.995278	-953.995278	0	1	0	0	0.3482783	0	N	dark	
10814	fgenesh1_pg.C_chr_18000057	-2956.150164	-2956.150164	0	1	0	0	0.3482783	0	N	dark	
10816	fgenesh1_pg.C_chr_18000059	-2529.400422	-2529.400422	0	1	0	0	0.3482783	0	N	dark	
10817	fgenesh1_pg.C_chr_18000060	-645.062164	-645.062164	0	1	0	0	0.3482783	0	N	dark	
10823	fgenesh1_pg.C_chr_18000066	-1362.323308	-1362.323308	0	1	0	0	0.3482783	0	N	white	PF01880;
10889	fgenesh1_pg.C_chr_18000132	-1722.116805	-1722.116805	0	1	0	0	0.3482783	0	N	dark	
10906	fgenesh1_pg.C_chr_18000149	-528.645646	-528.645646	0	1	0	0	0.3482783	0	N	white	PF09415;
10927	fgenesh1_pg.C_chr_18000170	-982.170038	-982.170038	0	1	0	0	0.3482783	0	N	dark	
10963	fgenesh1_pg.C_chr_18000206	-1562.502952	-1562.502952	0	1	0	0	0.3482783	0	N	dark	
10996	fgenesh1_pg.C_chr_18000239	-758.069371	-758.069371	0	1	0	0	0.3482783	0	N	dark	
11069	fgenesh1_pg.C_chr_19a_19000012	-1891.814444	-1891.814444	0	1	0	0	0.3482783	0	N	white	PF08449;
11089	fgenesh1_pg.C_chr_19a_19000032	-1651.75044	-1651.750438	-4e-06	1	0	0	0.3482783	0	N	dark	
11138	fgenesh1_pg.C_chr_19a_19000081	-2036.883485	-2036.883478	-1.4e-05	1	0	0	0.3482783	0	N	white	PF00134;
11169	fgenesh1_pg.C_chr_19a_19000112	-519.01085	-519.01085	0	1	0	0	0.3482783	0	N	white	PF02936;
11265	fgenesh1_pg.C_chr_19b_31000008	-2496.616425	-2496.616425	0	1	0	0	0.3482783	0	N	dark	
11275	fgenesh1_pg.C_chr_19b_31000018	-625.258316	-625.258316	0	1	0	0	0.3482783	0	N	dark	
11373	fgenesh1_pg.C_chr_19c_29000059	-2408.862383	-2408.862383	0	1	0	0	0.3482783	0	N	dark	
11403	fgenesh1_pg.C_chr_19c_29000089	-686.388291	-686.388291	0	1	0	0	0.3482783	0	N	dark	
11461	fgenesh1_pg.C_chr_20000057	-2859.954627	-2859.954627	0	1	0	0	0.3482783	0	N	dark	
11505	fgenesh1_pg.C_chr_20000101	-468.915511	-468.915511	0	1	0	0	0.3482783	0	N	dark	
11508	fgenesh1_pg.C_chr_20000104	-1111.526427	-1111.526427	0	1	0	0	0.3482783	0	N	white	PF01920;
11592	fgenesh1_pg.C_chr_20000188	-1447.4402	-1447.4402	0	1	0	0	0.3482783	0	N	white	PF13445;
11594	fgenesh1_pg.C_chr_20000190	-3762.166422	-3762.166421	-2e-06	1	0	0	0.3482783	0	N	white	PF09743;
11680	fgenesh1_pg.C_chr_22000025	-621.682526	-621.682526	0	1	0	0	0.3482783	0	N	dark	
11691	fgenesh1_pg.C_chr_22000036	-756.436928	-756.436928	0	1	0	0	0.3482783	0	N	dark	
11695	fgenesh1_pg.C_chr_22000040	-517.031044	-517.031044	0	1	0	0	0.3482783	0	N	dark	
11707	fgenesh1_pg.C_chr_22000052	-2443.809043	-2443.809041	-4e-06	1	0	0	0.3482783	0	N	white	PF07137;
11750	fgenesh1_pg.C_chr_22000095	-5081.998426	-5081.99842	-1.2e-05	1	0	0	0.3482783	0	N	white	PF02204;
11757	fgenesh1_pg.C_chr_22000102	-811.721697	-811.721697	0	1	0	0	0.3482783	0	N	dark	
11887	fgenesh1_pg.C_chr_22000232	-1191.069569	-1191.069569	0	1	0	0	0.3482783	0	N	dark	
12206	fgenesh1_pg.C_chr_24000082	-2887.21308	-2887.21308	0	1	0	0	0.3482783	0	N	white	PF25539;
14106	gw1.7.120.1	-1658.539568	-1658.539527	-8.2e-05	1	0	0	0.3482783	0	N	white	PF04172;
14225	gw1.22.38.1	-1553.893982	-1553.893982	0	1	0	0	0.3482783	0	N	white	PF00270;PF00271;
14924	gw1.1.311.1	-1042.264647	-1042.264647	0	1	0	0	0.3482783	0	N	white	PF06814;
15267	gw1.6.276.1	-1512.455882	-1512.455882	0	1	0	0	0.3482783	0	N	white	PF00248;
16193	gw1.19b.16.1	-830.213731	-830.213731	0	1	0	0	0.3482783	0	N	white	PF01343;PF08496;
16304	gw1.1.462.1	-1334.609108	-1334.609082	-5.2e-05	1	0	0	0.3482783	0	N	white	PF00294;
17242	gw1.6.426.1	-1042.24767	-1042.24767	0	1	0	0	0.3482783	0	N	white	PF01145;
17961	gw1.13.152.1	-791.935607	-791.935607	0	1	0	0	0.3482783	0	N	white	PF01027;
18407	gw1.9.173.1	-729.683347	-729.683347	0	1	0	0	0.3482783	0	N	white	PF00227;
18796	gw1.4.589.1	-674.562832	-674.562832	0	1	0	0	0.3482783	0	N	white	PF00406;
19601	gw1.2.752.1	-489.173022	-489.173022	0	1	0	0	0.3482783	0	N	white	PF04134;
20583	estExt_fgenesh1_pg.C_chr_10051	-908.405999	-908.405999	0	1	0	0	0.3482783	0	N	white	PF01585;
20644	estExt_fgenesh1_pg.C_chr_10197	-3615.158788	-3615.158788	0	1	0	0	0.3482783	0	N	dark	
20813	estExt_fgenesh1_pg.C_chr_10528	-1712.288519	-1712.288519	0	1	0	0	0.3482783	0	N	dark	
20819	estExt_fgenesh1_pg.C_chr_10543	-865.42025	-865.42025	0	1	0	0	0.3482783	0	N	dark	
20827	estExt_fgenesh1_pg.C_chr_10566	-1737.543977	-1737.543976	-2e-06	1	0	0	0.3482783	0	N	white	PF01925;
20832	estExt_fgenesh1_pg.C_chr_10573	-3072.525786	-3072.525786	0	1	0	0	0.3482783	0	N	white	PF04982;
20848	estExt_fgenesh1_pg.C_chr_10615	-4334.048838	-4334.048833	-1e-05	1	0	0	0.3482783	0	N	white	PF00650;
20866	estExt_fgenesh1_pg.C_chr_10650	-1171.003299	-1171.003296	-6e-06	1	0	0	0.3482783	0	N	white	PF08536;
20951	estExt_fgenesh1_pg.C_chr_10821	-2269.702825	-2269.702825	0	1	0	0	0.3482783	0	N	dark	
21066	estExt_fgenesh1_pg.C_chr_11083	-2756.068703	-2756.068703	0	1	0	0	0.3482783	0	N	white	PF05721;
21092	estExt_fgenesh1_pg.C_chr_20001	-3876.14752	-3876.147514	-1.2e-05	1	0	0	0.3482783	0	N	dark	
21094	estExt_fgenesh1_pg.C_chr_20009	-893.762395	-893.762395	0	1	0	0	0.3482783	0	N	dark	
21126	estExt_fgenesh1_pg.C_chr_20090	-1946.588772	-1946.588772	0	1	0	0	0.3482783	0	N	dark	
21133	estExt_fgenesh1_pg.C_chr_20101	-5349.630171	-5349.630166	-1e-05	1	0	0	0.3482783	0	N	white	PF13191;
21145	estExt_fgenesh1_pg.C_chr_20120	-1302.768808	-1302.768808	0	1	0	0	0.3482783	0	N	dark	
21165	estExt_fgenesh1_pg.C_chr_20154	-2197.283016	-2197.283016	0	1	0	0	0.3482783	0	N	white	PF02291;
21200	estExt_fgenesh1_pg.C_chr_20223	-1397.709103	-1397.709103	0	1	0	0	0.3482783	0	N	dark	
21257	estExt_fgenesh1_pg.C_chr_20350	-2424.630198	-2424.486106	-0.288184	1	0	0	0.3482783	0	N	dark	
21280	estExt_fgenesh1_pg.C_chr_20393	-907.03042	-907.03042	0	1	0	0	0.3482783	0	N	white	PF00397;PF06220;
21291	estExt_fgenesh1_pg.C_chr_20422	-5226.512772	-5226.512772	0	1	0	0	0.3482783	0	N	dark	
21299	estExt_fgenesh1_pg.C_chr_20432	-2870.894143	-2870.894141	-4e-06	1	0	0	0.3482783	0	N	white	PF00501;PF13193;
21349	estExt_fgenesh1_pg.C_chr_20557	-1598.749435	-1598.1827	-1.13347	1	0	0	0.3482783	0	N	white	PF01636;
21355	estExt_fgenesh1_pg.C_chr_20570	-3163.407745	-3163.407745	0	1	0	0	0.3482783	0	N	white	PF03121;
21363	estExt_fgenesh1_pg.C_chr_20584	-1037.757796	-1037.757796	0	1	0	0	0.3482783	0	N	white	PF10213;
21364	estExt_fgenesh1_pg.C_chr_20585	-6614.548583	-6614.548053	-0.00106	1	0	0	0.3482783	0	N	white	PF00443;
21383	estExt_fgenesh1_pg.C_chr_20626	-1328.93852	-1328.938508	-2.4e-05	1	0	0	0.3482783	0	N	dark	
21457	estExt_fgenesh1_pg.C_chr_20747	-1695.055381	-1695.055381	0	1	0	0	0.3482783	0	N	white	PF11977;
21459	estExt_fgenesh1_pg.C_chr_20750	-2013.67227	-2013.67227	0	1	0	0	0.3482783	0	N	dark	
21524	estExt_fgenesh1_pg.C_chr_20879	-2029.571176	-2029.571176	0	1	0	0	0.3482783	0	N	white	PF08007;
21549	estExt_fgenesh1_pg.C_chr_20934	-3266.287932	-3266.287932	0	1	0	0	0.3482783	0	N	dark	
21554	estExt_fgenesh1_pg.C_chr_20951	-2238.779409	-2238.779409	0	1	0	0	0.3482783	0	N	dark	
21558	estExt_fgenesh1_pg.C_chr_20957	-3004.615085	-3004.615085	0	1	0	0	0.3482783	0	N	dark	
21708	estExt_fgenesh1_pg.C_chr_30285	-1421.995776	-1421.995776	0	1	0	0	0.3482783	0	N	dark	
21771	estExt_fgenesh1_pg.C_chr_30412	-1305.346073	-1305.346073	0	1	0	0	0.3482783	0	N	dark	
21785	estExt_fgenesh1_pg.C_chr_30445	-1544.771264	-1544.771264	0	1	0	0	0.3482783	0	N	white	PF07992;
21877	estExt_fgenesh1_pg.C_chr_30628	-1897.779075	-1897.779075	0	1	0	0	0.3482783	0	N	dark	
21910	estExt_fgenesh1_pg.C_chr_30691	-1344.281132	-1344.281132	0	1	0	0	0.3482783	0	N	white	PF15906;
22097	estExt_fgenesh1_pg.C_chr_40082	-2169.9318	-2169.9318	0	1	0	0	0.3482783	0	N	dark	
22124	estExt_fgenesh1_pg.C_chr_40132	-1835.245434	-1835.244931	-0.001006	1	0	0	0.3482783	0	N	white	PF00447;
22261	estExt_fgenesh1_pg.C_chr_40406	-757.28219	-757.28219	0	1	0	0	0.3482783	0	N	dark	
22443	estExt_fgenesh1_pg.C_chr_40774	-2446.812965	-2446.807578	-0.010774	1	0	0	0.3482783	0	N	dark	
22454	estExt_fgenesh1_pg.C_chr_40792	-1840.924111	-1840.924111	0	1	0	0	0.3482783	0	N	white	PF00447;
22488	estExt_fgenesh1_pg.C_chr_40858	-1040.856924	-1040.856924	0	1	0	0	0.3482783	0	N	white	PF13881;
22559	estExt_fgenesh1_pg.C_chr_50097	-3123.886801	-3123.8868	-2e-06	1	0	0	0.3482783	0	N	dark	
22610	estExt_fgenesh1_pg.C_chr_50191	-1360.826471	-1360.82647	-2e-06	1	0	0	0.3482783	0	N	white	PF14374;PF00573;
22672	estExt_fgenesh1_pg.C_chr_50323	-2472.979774	-2472.979764	-2e-05	1	0	0	0.3482783	0	N	white	PF00856;
22685	estExt_fgenesh1_pg.C_chr_50364	-1586.241501	-1586.241501	0	1	0	0	0.3482783	0	N	white	PF02475;PF25133;
22744	estExt_fgenesh1_pg.C_chr_50487	-1452.120493	-1452.119851	-0.001284	1	0	0	0.3482783	0	N	dark	
22850	estExt_fgenesh1_pg.C_chr_50686	-3777.092937	-3777.092931	-1.2e-05	1	0	0	0.3482783	0	N	white	PF14023;
22855	estExt_fgenesh1_pg.C_chr_50694	-3140.515334	-3140.515334	0	1	0	0	0.3482783	0	N	white	PF24517;
22890	estExt_fgenesh1_pg.C_chr_50775	-1733.599969	-1733.599969	0	1	0	0	0.3482783	0	N	white	PF04137;
22922	estExt_fgenesh1_pg.C_chr_50838	-12887.05085	-12887.04647	-0.008756	1	0	0	0.3482783	0	N	dark	
23001	estExt_fgenesh1_pg.C_chr_60139	-1228.118465	-1228.118465	0	1	0	0	0.3482783	0	N	dark	
23050	estExt_fgenesh1_pg.C_chr_60215	-916.32315	-916.32315	0	1	0	0	0.3482783	0	N	white	PF01217;
23083	estExt_fgenesh1_pg.C_chr_60281	-1434.805813	-1434.805813	0	1	0	0	0.3482783	0	N	dark	
23177	estExt_fgenesh1_pg.C_chr_60466	-1019.575358	-1019.575358	0	1	0	0	0.3482783	0	N	white	PF06705;
23232	estExt_fgenesh1_pg.C_chr_60576	-1884.754942	-1884.754929	-2.6e-05	1	0	0	0.3482783	0	N	dark	
23240	estExt_fgenesh1_pg.C_chr_60586	-1229.368397	-1229.368397	0	1	0	0	0.3482783	0	N	dark	
23303	estExt_fgenesh1_pg.C_chr_60702	-1966.942508	-1966.942508	0	1	0	0	0.3482783	0	N	dark	
23374	estExt_fgenesh1_pg.C_chr_70130	-1453.491887	-1453.491887	0	1	0	0	0.3482783	0	N	dark	
23377	estExt_fgenesh1_pg.C_chr_70137	-3502.518596	-3502.518579	-3.4e-05	1	0	0	0.3482783	0	N	white	PF00092;
23408	estExt_fgenesh1_pg.C_chr_70211	-2488.80123	-2488.80123	0	1	0	0	0.3482783	0	N	dark	
23411	estExt_fgenesh1_pg.C_chr_70216	-3096.434327	-3096.434327	0	1	0	0	0.3482783	0	N	white	PF00447;
23471	estExt_fgenesh1_pg.C_chr_70367	-955.999945	-955.999945	0	1	0	0	0.3482783	0	N	white	PF01940;
23484	estExt_fgenesh1_pg.C_chr_70392	-2342.772986	-2342.772986	0	1	0	0	0.3482783	0	N	dark	
23486	estExt_fgenesh1_pg.C_chr_70400	-1091.621661	-1091.621661	0	1	0	0	0.3482783	0	N	white	PF13516;
23511	estExt_fgenesh1_pg.C_chr_70456	-3450.947821	-3450.947821	0	1	0	0	0.3482783	0	N	dark	
23516	estExt_fgenesh1_pg.C_chr_70468	-1728.663143	-1728.663143	0	1	0	0	0.3482783	0	N	dark	
23544	estExt_fgenesh1_pg.C_chr_70524	-3278.194041	-3278.194041	0	1	0	0	0.3482783	0	N	dark	
23724	estExt_fgenesh1_pg.C_chr_80163	-1250.333163	-1250.333163	0	1	0	0	0.3482783	0	N	dark	
23775	estExt_fgenesh1_pg.C_chr_80273	-1741.395059	-1741.395059	0	1	0	0	0.3482783	0	N	dark	
23802	estExt_fgenesh1_pg.C_chr_80323	-1953.617097	-1953.617084	-2.6e-05	1	0	0	0.3482783	0	N	white	PF00447;
23803	estExt_fgenesh1_pg.C_chr_80324	-1530.808845	-1530.808845	0	1	0	0	0.3482783	0	N	white	PF00447;
23812	estExt_fgenesh1_pg.C_chr_80349	-2829.992755	-2829.992755	0	1	0	0	0.3482783	0	N	dark	
23872	estExt_fgenesh1_pg.C_chr_80445	-1462.761275	-1462.761275	0	1	0	0	0.3482783	0	N	white	PF08718;
23878	estExt_fgenesh1_pg.C_chr_80458	-3130.31345	-3130.31345	0	1	0	0	0.3482783	0	N	dark	
23881	estExt_fgenesh1_pg.C_chr_80464	-4213.936686	-4213.936686	0	1	0	0	0.3482783	0	N	dark	
24051	estExt_fgenesh1_pg.C_chr_90325	-2055.458418	-2055.458418	0	1	0	0	0.3482783	0	N	white	PF20710;
24053	estExt_fgenesh1_pg.C_chr_90334	-3559.807575	-3559.807554	-4.2e-05	1	0	0	0.3482783	0	N	dark	
24076	estExt_fgenesh1_pg.C_chr_90364	-8549.584599	-8549.584599	0	1	0	0	0.3482783	0	N	white	PF13516;
24078	estExt_fgenesh1_pg.C_chr_90367	-6868.690503	-6868.690096	-0.000814	1	0	0	0.3482783	0	N	white	PF00628;
24260	estExt_fgenesh1_pg.C_chr_100369	-829.664901	-829.664901	0	1	0	0	0.3482783	0	N	dark	
24283	estExt_fgenesh1_pg.C_chr_11a0025	-1775.772726	-1775.772726	0	1	0	0	0.3482783	0	N	dark	
24327	estExt_fgenesh1_pg.C_chr_11a0119	-3382.586776	-3382.586776	0	1	0	0	0.3482783	0	N	dark	
24339	estExt_fgenesh1_pg.C_chr_11a0141	-3680.490256	-3680.490256	0	1	0	0	0.3482783	0	N	dark	
24343	estExt_fgenesh1_pg.C_chr_11a0148	-1075.847266	-1075.847266	0	1	0	0	0.3482783	0	N	dark	
24363	estExt_fgenesh1_pg.C_chr_11a0189	-4789.486039	-4789.486037	-4e-06	1	0	0	0.3482783	0	N	dark	
24479	estExt_fgenesh1_pg.C_chr_120154	-1575.952341	-1575.952341	0	1	0	0	0.3482783	0	N	white	PF13516;
24548	estExt_fgenesh1_pg.C_chr_120291	-1565.156547	-1565.156547	0	1	0	0	0.3482783	0	N	dark	
24599	estExt_fgenesh1_pg.C_chr_130057	-3737.646668	-3737.646668	0	1	0	0	0.3482783	0	N	dark	
24610	estExt_fgenesh1_pg.C_chr_130077	-1453.18039	-1453.18039	0	1	0	0	0.3482783	0	N	dark	
24635	estExt_fgenesh1_pg.C_chr_130128	-2105.888189	-2105.888188	-2e-06	1	0	0	0.3482783	0	N	white	PF00400;
24666	estExt_fgenesh1_pg.C_chr_130194	-1406.559666	-1406.559666	0	1	0	0	0.3482783	0	N	white	PF01223;
24689	estExt_fgenesh1_pg.C_chr_130257	-2839.500277	-2839.500275	-4e-06	1	0	0	0.3482783	0	N	dark	
24699	estExt_fgenesh1_pg.C_chr_130276	-1366.931683	-1366.931683	0	1	0	0	0.3482783	0	N	dark	
24816	estExt_fgenesh1_pg.C_chr_140126	-1429.702572	-1429.702572	0	1	0	0	0.3482783	0	N	white	PF03590;
25030	estExt_fgenesh1_pg.C_chr_150196	-3334.917299	-3334.917299	0	1	0	0	0.3482783	0	N	dark	
25040	estExt_fgenesh1_pg.C_chr_150211	-794.966486	-794.966486	0	1	0	0	0.3482783	0	N	unmapped	
25075	estExt_fgenesh1_pg.C_chr_150281	-1378.053522	-1378.053522	0	1	0	0	0.3482783	0	N	dark	
25143	estExt_fgenesh1_pg.C_chr_16a0110	-1481.907819	-1481.907819	0	1	0	0	0.3482783	0	N	white	PF07209;
25212	estExt_fgenesh1_pg.C_chr_170035	-1796.167918	-1796.167918	0	1	0	0	0.3482783	0	N	dark	
25247	estExt_fgenesh1_pg.C_chr_170093	-1073.416548	-1073.416548	0	1	0	0	0.3482783	0	N	dark	
25280	estExt_fgenesh1_pg.C_chr_170151	-761.469706	-761.469705	-2e-06	1	0	0	0.3482783	0	N	dark	
25338	estExt_fgenesh1_pg.C_chr_180068	-2971.255441	-2971.255441	0	1	0	0	0.3482783	0	N	dark	
25349	estExt_fgenesh1_pg.C_chr_180097	-2396.622417	-2396.622417	0	1	0	0	0.3482783	0	N	white	PF04230;
25409	estExt_fgenesh1_pg.C_chr_180241	-1376.560036	-1376.560036	0	1	0	0	0.3482783	0	N	dark	
25441	estExt_fgenesh1_pg.C_chr_180293	-1655.814493	-1655.814492	-2e-06	1	0	0	0.3482783	0	N	dark	
25452	estExt_fgenesh1_pg.C_chr_19a_190014	-2191.27555	-2191.27555	0	1	0	0	0.3482783	0	N	dark	
25494	estExt_fgenesh1_pg.C_chr_19a_190182	-2175.247583	-2175.247579	-8e-06	1	0	0	0.3482783	0	N	white	PF13640;
25513	estExt_fgenesh1_pg.C_chr_19b_310032	-829.166952	-829.166952	0	1	0	0	0.3482783	0	N	white	PF18517;PF03962;
25649	estExt_fgenesh1_pg.C_chr_200163	-1955.937258	-1955.937258	0	1	0	0	0.3482783	0	N	dark	
25695	estExt_fgenesh1_pg.C_chr_220053	-3307.936883	-3307.936883	0	1	0	0	0.3482783	0	N	dark	
25697	estExt_fgenesh1_pg.C_chr_220060	-4323.507471	-4323.507471	0	1	0	0	0.3482783	0	N	white	PF12796;
25721	estExt_fgenesh1_pg.C_chr_220121	-2252.587859	-2252.587859	0	1	0	0	0.3482783	0	N	white	PF00856;
25748	estExt_fgenesh1_pg.C_chr_220188	-2489.458303	-2489.458303	0	1	0	0	0.3482783	0	N	dark	
25762	estExt_fgenesh1_pg.C_chr_220220	-6077.394007	-6077.393992	-3e-05	1	0	0	0.3482783	0	N	dark	
25767	estExt_fgenesh1_pg.C_chr_220229	-2568.826194	-2568.826194	0	1	0	0	0.3482783	0	N	white	PF22749;
25782	estExt_fgenesh1_pg.C_chr_220255	-6381.352357	-6381.352357	0	1	0	0	0.3482783	0	N	dark	
25800	estExt_fgenesh1_pg.C_chr_220297	-515.40554	-515.40554	0	1	0	0	0.3482783	0	N	dark	
26136	estExt_fgenesh1_pm.C_chr_20063	-1735.726518	-1735.726518	0	1	0	0	0.3482783	0	N	white	PF00996;
26398	estExt_fgenesh1_pm.C_chr_120030	-1388.220262	-1388.220257	-1e-05	1	0	0	0.3482783	0	N	white	PF01088;PF18031;
26436	estExt_fgenesh1_pm.C_chr_170004	-2862.93046	-2862.9302	-0.00052	1	0	0	0.3482783	0	N	white	PF01432;PF19310;
27414	estExt_Genewise1.C_chr_30231	-1908.905001	-1908.905001	0	1	0	0	0.3482783	0	N	white	PF07690;
27773	estExt_Genewise1.C_chr_40120	-709.441897	-709.441897	0	1	0	0	0.3482783	0	N	white	PF00027;
28148	estExt_Genewise1.C_chr_50022	-1324.87506	-1324.87503	-6e-05	1	0	0	0.3482783	0	N	white	PF00795;
28998	estExt_Genewise1.C_chr_70411	-1536.626037	-1536.626037	0	1	0	0	0.3482783	0	N	white	PF00248;
30310	estExt_Genewise1.C_chr_170133	-1088.028897	-1088.028897	0	1	0	0	0.3482783	0	N	white	PF00248;
30478	estExt_Genewise1.C_chr_19b_310028	-2381.523469	-2381.523469	0	1	0	0	0.3482783	0	N	white	PF00117;PF00977;
30887	e_gw1.1.832.1	-320.567509	-320.567509	0	1	0	0	0.3482783	0	N	white	PF00173;
31128	e_gw1.1.623.1	-873.10488	-873.104839	-8.2e-05	1	0	0	0.3482783	0	N	white	PF00504;
31265	e_gw1.1.560.1	-1163.837565	-1163.837564	-2e-06	1	0	0	0.3482783	0	N	white	PF00153;
31622	e_gw1.1.167.1	-1622.729736	-1622.729736	0	1	0	0	0.3482783	0	N	white	PF01554;
31690	e_gw1.2.66.1	-2310.699747	-2310.699746	-2e-06	1	0	0	0.3482783	0	N	white	PF00004;PF17862;
31803	e_gw1.2.25.1	-3325.840026	-3325.840026	0	1	0	0	0.3482783	0	N	white	PF00063;
31819	e_gw1.2.439.1	-1118.64615	-1118.64615	0	1	0	0	0.3482783	0	N	white	PF10343;
31929	e_gw1.2.422.1	-1287.715259	-1287.715259	0	1	0	0	0.3482783	0	N	white	PF00348;
32003	e_gw1.2.546.1	-881.130622	-880.71192	-0.837404	1	0	0	0.3482783	0	N	white	PF13472;
32191	e_gw1.2.530.1	-882.734334	-882.734334	0	1	0	0	0.3482783	0	N	white	PF04157;
32252	e_gw1.2.426.1	-920.613629	-920.613629	0	1	0	0	0.3482783	0	N	white	PF06026;
32859	e_gw1.3.177.1	-1842.023148	-1842.023128	-4e-05	1	0	0	0.3482783	0	N	white	PF02127;
33377	e_gw1.4.290.1	-1045.294811	-1045.294811	0	1	0	0	0.3482783	0	N	white	PF02984;PF00134;
34021	e_gw1.5.226.1	-1348.351306	-1348.351306	0	1	0	0	0.3482783	0	N	white	PF02598;
34418	e_gw1.5.231.1	-943.167534	-943.167534	0	1	0	0	0.3482783	0	N	white	PF05023;
34551	e_gw1.5.179.1	-1036.879323	-1036.879323	0	1	0	0	0.3482783	0	N	unmapped	
34595	e_gw1.6.288.1	-1344.771789	-1344.771789	0	1	0	0	0.3482783	0	N	white	PF00185;PF02729;
34629	e_gw1.6.490.1	-751.409185	-751.409185	0	1	0	0	0.3482783	0	N	white	PF14520;PF03834;
34809	e_gw1.6.273.1	-1564.768211	-1564.76821	-2e-06	1	0	0	0.3482783	0	N	white	PF02803;PF00108;
35005	e_gw1.6.161.1	-1709.38092	-1709.38092	0	1	0	0	0.3482783	0	N	white	PF00875;PF03441;
35022	e_gw1.6.349.1	-1204.268285	-1204.268285	0	1	0	0	0.3482783	0	N	white	PF13714;
35091	e_gw1.6.594.1	-370.340069	-370.340069	0	1	0	0	0.3482783	0	N	white	PF00076;
35094	e_gw1.6.578.1	-387.024517	-387.024517	0	1	0	0	0.3482783	0	N	white	PF02826;
35323	e_gw1.7.186.1	-1495.361217	-1495.361217	0	1	0	0	0.3482783	0	N	white	PF00076;PF01805;
35584	e_gw1.7.318.1	-1097.921278	-1097.921278	0	1	0	0	0.3482783	0	N	white	PF02540;
36310	e_gw1.10.92.1	-1749.502618	-1749.502618	0	1	0	0	0.3482783	0	N	white	PF01435;PF16491;
36494	e_gw1.10.105.1	-1754.244735	-1754.244735	0	1	0	0	0.3482783	0	N	dark	
36553	e_gw1.10.199.1	-889.241955	-889.241955	0	1	0	0	0.3482783	0	N	white	PF00071;
36641	e_gw1.11a.106.1	-1438.536806	-1438.536806	0	1	0	0	0.3482783	0	N	unmapped	
36702	e_gw1.11a.12.1	-3001.927076	-3001.927076	0	1	0	0	0.3482783	0	N	white	PF01228;PF02901;
36960	e_gw1.12.161.1	-673.814513	-673.814513	0	1	0	0	0.3482783	0	N	white	PF00106;
37302	e_gw1.14.164.1	-810.43481	-810.43481	0	1	0	0	0.3482783	0	N	white	PF00561;
37607	e_gw1.15.67.1	-1481.726829	-1481.726829	0	1	0	0	0.3482783	0	N	white	PF13410;
37803	e_gw1.16a.62.1	-354.08786	-354.08786	0	1	0	0	0.3482783	0	N	white	PF02677;
37944	e_gw1.17.26.1	-2390.341714	-2390.341709	-1e-05	1	0	0	0.3482783	0	N	white	PF02696;
38225	e_gw1.19a.64.1	-1100.012479	-1100.012476	-6e-06	1	0	0	0.3482783	0	N	white	PF01398;PF13012;
38359	e_gw1.19c.8.1	-1772.624356	-1772.624356	0	1	0	0	0.3482783	0	N	white	PF00208;PF02812;
38602	e_gw1.22.70.1	-1785.044137	-1785.044137	0	1	0	0	0.3482783	0	N	white	PF07992;
38616	e_gw1.22.174.1	-620.140837	-620.140837	0	1	0	0	0.3482783	0	N	white	PF13499;
38724	e_gw1.22.138.1	-1060.485982	-1060.485982	0	1	0	0	0.3482783	0	N	white	PF00141;
38861	e_gw1.23.118.1	-419.715453	-419.715453	0	1	0	0	0.3482783	0	N	white	PF03795;
39592	estExt_gwp_gw1.C_chr_20485	-1971.088309	-1971.088274	-7e-05	1	0	0	0.3482783	0	N	white	PF07690;
39979	estExt_gwp_gw1.C_chr_30471	-4380.782568	-4380.781741	-0.001654	1	0	0	0.3482783	0	N	white	PF08264;PF24810;PF00133;
40788	estExt_gwp_gw1.C_chr_50428	-1265.475847	-1265.475847	0	1	0	0	0.3482783	0	N	white	PF04321;
41425	estExt_gwp_gw1.C_chr_70437	-1551.973132	-1551.973132	0	1	0	0	0.3482783	0	N	white	PF02866;PF00056;
41733	estExt_gwp_gw1.C_chr_90143	-2510.60755	-2510.607468	-0.000164	1	0	0	0.3482783	0	N	white	PF13667;PF01964;
260749	thaps1_ua_kg.chr_1000009	-975.448113	-975.448107	-1.2e-05	1	0	0	0.3482783	0	N	white	PF03568;
260852	thaps1_ua_kg.chr_1000112	-1596.456022	-1596.456022	0	1	0	0	0.3482783	0	N	white	PF01969;
260939	thaps1_ua_kg.chr_1000199	-504.807557	-504.807557	0	1	0	0	0.3482783	0	N	white	PF00782;
260962	thaps1_ua_kg.chr_1000222	-414.791154	-414.791154	0	1	0	0	0.3482783	0	N	white	PF00581;
260965	thaps1_ua_kg.chr_1000225	-2237.505326	-2237.505304	-4.4e-05	1	0	0	0.3482783	0	N	white	PF09818;PF20446;PF21117;
261102	thaps1_ua_kg.chr_1000362	-1564.368573	-1564.368573	0	1	0	0	0.3482783	0	N	white	PF17820;PF03572;PF14684;
261414	thaps1_ua_kg.chr_2000238	-1538.307031	-1538.307031	0	1	0	0	0.3482783	0	N	white	PF00083;
261447	thaps1_ua_kg.chr_2000271	-1215.639967	-1215.639967	0	1	0	0	0.3482783	0	N	white	PF01266;
261491	thaps1_ua_kg.chr_2000315	-1367.520681	-1367.520591	-0.00018	1	0	0	0.3482783	0	N	white	PF02065;
261582	thaps1_ua_kg.chr_2000406	-392.595395	-392.595395	0	1	0	0	0.3482783	0	N	white	PF13417;
261641	thaps1_ua_kg.chr_3000019	-1500.070764	-1500.070764	0	1	0	0	0.3482783	0	N	white	PF08022;PF01794;PF08030;
261650	thaps1_ua_kg.chr_3000028	-1036.610826	-1036.60322	-0.015212	1	0	0	0.3482783	0	N	white	PF00892;
261817	thaps1_ua_kg.chr_3000195	-776.616148	-776.616148	0	1	0	0	0.3482783	0	N	white	PF01553;
262031	thaps1_ua_kg.chr_4000041	-1445.199588	-1445.199529	-0.000118	1	0	0	0.3482783	0	N	white	PF02181;
262041	thaps1_ua_kg.chr_4000051	-1714.659231	-1714.65923	-2e-06	1	0	0	0.3482783	0	N	white	PF02847;PF02854;
262152	thaps1_ua_kg.chr_4000162	-275.912073	-275.912073	0	1	0	0	0.3482783	0	N	dark	
262363	thaps1_ua_kg.chr_5000002	-444.309738	-444.309738	0	1	0	0	0.3482783	0	N	white	PF00560;
262464	thaps1_ua_kg.chr_5000103	-2342.475285	-2342.475285	0	1	0	0	0.3482783	0	N	white	PF13432;PF13181;
262575	thaps1_ua_kg.chr_5000214	-1298.466366	-1298.466366	0	1	0	0	0.3482783	0	N	white	PF01180;
262632	thaps1_ua_kg.chr_5000271	-614.872355	-614.872355	0	1	0	0	0.3482783	0	N	white	PF02709;PF13733;
262644	thaps1_ua_kg.chr_5000283	-699.861297	-699.861297	0	1	0	0	0.3482783	0	N	white	PF01607;
262747	thaps1_ua_kg.chr_6000071	-302.567095	-302.567095	0	1	0	0	0.3482783	0	N	dark	
262764	thaps1_ua_kg.chr_6000088	-503.256686	-503.256686	0	1	0	0	0.3482783	0	N	dark	
262862	thaps1_ua_kg.chr_6000186	-1130.517288	-1130.517288	0	1	0	0	0.3482783	0	N	white	PF01782;
262949	thaps1_ua_kg.chr_6000273	-763.1719	-763.1719	0	1	0	0	0.3482783	0	N	white	PF13516;
263108	thaps1_ua_kg.chr_7000065	-474.101753	-474.101753	0	1	0	0	0.3482783	0	N	dark	
263361	thaps1_ua_kg.chr_8000037	-1023.607698	-1023.607698	0	1	0	0	0.3482783	0	N	white	PF00211;
263427	thaps1_ua_kg.chr_8000103	-1206.367473	-1206.367467	-1.2e-05	1	0	0	0.3482783	0	N	unmapped	
263499	thaps1_ua_kg.chr_9000027	-584.54496	-584.54496	0	1	0	0	0.3482783	0	N	white	PF01148;
263661	thaps1_ua_kg.chr_10000051	-1121.359431	-1121.359423	-1.6e-05	1	0	0	0.3482783	0	N	white	PF00153;
263726	thaps1_ua_kg.chr_10000116	-1407.665158	-1407.665158	0	1	0	0	0.3482783	0	N	white	PF00004;PF17862;
263745	thaps1_ua_kg.chr_10000135	-848.388874	-848.388874	0	1	0	0	0.3482783	0	N	white	PF00233;
263766	thaps1_ua_kg.chr_11a000021	-835.67248	-835.672479	-2e-06	1	0	0	0.3482783	0	N	white	PF01758;
263782	thaps1_ua_kg.chr_11a000037	-1191.433514	-1191.433514	0	1	0	0	0.3482783	0	N	white	PF00704;
263924	thaps1_ua_kg.chr_12000075	-639.117309	-639.117308	-2e-06	1	0	0	0.3482783	0	N	white	PF07690;
263936	thaps1_ua_kg.chr_12000087	-1478.292233	-1478.292232	-2e-06	1	0	0	0.3482783	0	N	white	PF00082;
264018	thaps1_ua_kg.chr_13000066	-1386.358196	-1386.358196	0	1	0	0	0.3482783	0	N	white	PF00560;PF13855;
264048	thaps1_ua_kg.chr_13000096	-670.070157	-670.070157	0	1	0	0	0.3482783	0	N	dark	
264184	thaps1_ua_kg.chr_14000091	-1442.964971	-1442.964964	-1.4e-05	1	0	0	0.3482783	0	N	unmapped	
264237	thaps1_ua_kg.chr_14000144	-924.509184	-924.509184	0	1	0	0	0.3482783	0	N	white	PF02675;PF01564;
264289	thaps1_ua_kg.chr_15000027	-386.451096	-386.451096	0	1	0	0	0.3482783	0	N	white	PF00011;
264366	thaps1_ua_kg.chr_16a000013	-496.042476	-496.042476	0	1	0	0	0.3482783	0	N	white	PF03457;
264384	thaps1_ua_kg.chr_16a000031	-1130.064085	-1130.064081	-8e-06	1	0	0	0.3482783	0	N	dark	
264430	thaps1_ua_kg.chr_17000028	-1407.436694	-1407.436694	0	1	0	0	0.3482783	0	N	white	PF00348;
264498	thaps1_ua_kg.chr_18000020	-1696.426409	-1696.426409	0	1	0	0	0.3482783	0	N	white	PF00581;PF12368;
264575	thaps1_ua_kg.chr_19a_19000018	-760.947763	-760.947763	0	1	0	0	0.3482783	0	N	white	PF00447;
264691	thaps1_ua_kg.chr_20000032	-702.49911	-702.49911	0	1	0	0	0.3482783	0	N	white	PF07162;
264761	thaps1_ua_kg.chr_22000014	-940.771033	-940.771033	0	1	0	0	0.3482783	0	N	white	PF04675;
264773	thaps1_ua_kg.chr_22000026	-4771.771797	-4771.771797	0	1	0	0	0.3482783	0	N	white	PF01061;PF00005;
264846	thaps1_ua_kg.chr_22000099	-1295.415771	-1295.415771	0	1	0	0	0.3482783	0	N	white	PF08246;PF00112;
264865	thaps1_ua_kg.chr_22000118	-380.391324	-380.391324	0	1	0	0	0.3482783	0	N	white	PF00313;
264885	thaps1_ua_kg.chr_23000003	-881.056158	-881.056158	0	1	0	0	0.3482783	0	N	white	PF00566;
264954	thaps1_ua_kg.chr_24000026	-534.03587	-534.03587	0	1	0	0	0.3482783	0	N	white	PF14312;
268048	estExt_thaps1_ua_kg.C_chr_10249	-1938.906115	-1938.906104	-2.2e-05	1	0	0	0.3482783	0	N	white	PF12832;
268136	estExt_thaps1_ua_kg.C_chr_10408	-1369.19345	-1369.19345	0	1	0	0	0.3482783	0	N	white	PF17773;
268279	estExt_thaps1_ua_kg.C_chr_20228	-445.999702	-445.999702	0	1	0	0	0.3482783	0	N	dark	
268316	estExt_thaps1_ua_kg.C_chr_20292	-1261.834288	-1261.834288	0	1	0	0	0.3482783	0	N	white	PF00191;
268358	estExt_thaps1_ua_kg.C_chr_20362	-1062.736042	-1062.736042	0	1	0	0	0.3482783	0	N	white	PF09445;
268449	estExt_thaps1_ua_kg.C_chr_30109	-877.277404	-877.277404	0	1	0	0	0.3482783	0	N	white	PF14497;PF02798;
268519	estExt_thaps1_ua_kg.C_chr_30247	-2032.638397	-2032.637978	-0.000838	1	0	0	0.3482783	0	N	dark	
268867	estExt_thaps1_ua_kg.C_chr_50108	-1594.459494	-1594.459494	0	1	0	0	0.3482783	0	N	white	PF05577;
269127	estExt_thaps1_ua_kg.C_chr_60252	-1536.132448	-1536.132389	-0.000118	1	0	0	0.3482783	0	N	white	PF00441;PF02770;PF02771;
269159	estExt_thaps1_ua_kg.C_chr_60306	-1512.986894	-1512.986894	0	1	0	0	0.3482783	0	N	white	PF00535;
269232	estExt_thaps1_ua_kg.C_chr_70092	-1756.54398	-1756.54398	0	1	0	0	0.3482783	0	N	white	PF13499;PF01699;
269448	estExt_thaps1_ua_kg.C_chr_90102	-2052.474001	-2052.473998	-6e-06	1	0	0	0.3482783	0	N	white	PF01554;
269475	estExt_thaps1_ua_kg.C_chr_100004	-1142.48369	-1142.48369	0	1	0	0	0.3482783	0	N	white	PF02146;
269504	estExt_thaps1_ua_kg.C_chr_100057	-1532.869098	-1532.869098	0	1	0	0	0.3482783	0	N	white	PF00022;
269575	estExt_thaps1_ua_kg.C_chr_11a0069	-1275.38049	-1275.380489	-2e-06	1	0	0	0.3482783	0	N	white	PF13639;
269690	estExt_thaps1_ua_kg.C_chr_130079	-869.728422	-869.728422	0	1	0	0	0.3482783	0	N	white	PF05920;
269726	estExt_thaps1_ua_kg.C_chr_140013	-1547.036256	-1547.036256	0	1	0	0	0.3482783	0	N	white	PF00089;
269876	estExt_thaps1_ua_kg.C_chr_16a0028	-1088.296474	-1088.296474	0	1	0	0	0.3482783	0	N	dark	
270110	estExt_thaps1_ua_kg.C_chr_220112	-2413.718483	-2413.718483	0	1	0	0	0.3482783	0	N	white	PF01933;
