protein_id	locus_tag	has_interpro	n_interpro_domains	interpro_ids
XP_002285935.1	THAPSDRAFT_31076	yes	1	IPR001993
XP_002285936.1	THAPSDRAFT_874	no	0	none
XP_002285937.1	THAPSDRAFT_875	no	0	none
XP_002285938.1	THAPSDRAFT_30854	yes	1	IPR001623
XP_002285939.1	THAPSDRAFT_879	no	0	none
XP_002285940.1	THAPSDRAFT_20365	no	0	none
XP_002285941.1	THAPSDRAFT_260744	yes	1	IPR005814
XP_002285942.1	THAPSDRAFT_885	yes	1	IPR007518
XP_002285943.1	THAPSDRAFT_20570	yes	1	IPR006861
XP_002285944.1	THAPSDRAFT_889	no	0	none
XP_002285945.1	THAPSDRAFT_16912	yes	1	IPR000760
XP_002285946.1	THAPSDRAFT_20572	no	0	none
XP_002285947.1	THAPSDRAFT_38933	yes	1	IPR004147
XP_002285948.1	THAPSDRAFT_20576	no	0	none
XP_002285949.1	THAPSDRAFT_20577	no	0	none
XP_002285950.1	THAPSDRAFT_899	no	0	none
XP_002285951.1	THAPSDRAFT_900	yes	1	IPR009723
XP_002285952.1	THAPSDRAFT_20579	no	0	none
XP_002285953.1	THAPSDRAFT_20580	yes	4	IPR000115,IPR000728,IPR002376,IPR010918
XP_002285954.1	THAPSDRAFT_904	no	0	none
XP_002285955.1	THAPSDRAFT_908	no	0	none
XP_002285956.1	THAPSDRAFT_909	no	0	none
XP_002285957.1	THAPSDRAFT_20582	yes	1	IPR002610
XP_002285958.1	THAPSDRAFT_260754	yes	1	IPR002073
XP_002285959.1	THAPSDRAFT_913	no	0	none
XP_002285960.1	THAPSDRAFT_915	no	0	none
XP_002285961.1	THAPSDRAFT_20583	yes	1	IPR000467
XP_002285962.1	THAPSDRAFT_919	no	0	none
XP_002285963.1	THAPSDRAFT_31160	yes	1	IPR007258
XP_002285964.1	THAPSDRAFT_20584	no	0	none
XP_002285965.1	THAPSDRAFT_924	yes	1	IPR000425
XP_002285966.1	THAPSDRAFT_20585	no	0	none
XP_002285967.1	THAPSDRAFT_260757	no	0	none
XP_002285968.1	THAPSDRAFT_38945	yes	1	IPR007194
XP_002285969.1	THAPSDRAFT_20587	no	0	none
XP_002285970.1	THAPSDRAFT_38948	yes	1	IPR008580
XP_002285971.1	THAPSDRAFT_934	no	0	none
XP_002285972.1	THAPSDRAFT_260758	yes	1	IPR007766
XP_002285973.1	THAPSDRAFT_267929	yes	1	IPR001232
XP_002285974.1	THAPSDRAFT_943	no	0	none
XP_002285975.1	THAPSDRAFT_15791	yes	1	IPR000719
XP_002285976.1	THAPSDRAFT_260762	yes	1	IPR000782
XP_002285977.1	THAPSDRAFT_38957	yes	1	IPR001078
XP_002285978.1	THAPSDRAFT_953	no	0	none
XP_002285979.1	THAPSDRAFT_31499	yes	1	IPR000340
XP_002285980.1	THAPSDRAFT_31200	yes	1	IPR000340
XP_002285981.1	THAPSDRAFT_957	yes	1	IPR002562
XP_002285982.1	THAPSDRAFT_20598	no	0	none
XP_002285983.1	THAPSDRAFT_20601	no	0	none
XP_002285984.1	THAPSDRAFT_20602	yes	1	IPR001063
XP_002285985.1	THAPSDRAFT_31674	no	0	none
XP_002285986.1	THAPSDRAFT_20605	yes	4	IPR001159,IPR001650,IPR006935,IPR011545
XP_002285987.1	THAPSDRAFT_16344	yes	1	IPR007271
XP_002285988.1	THAPSDRAFT_260772	yes	1	IPR003834
XP_002285989.1	THAPSDRAFT_979	no	0	none
XP_002285990.1	THAPSDRAFT_980	no	0	none
XP_002285991.1	THAPSDRAFT_31110	yes	1	IPR002059
XP_002285992.1	THAPSDRAFT_31394	yes	1	IPR004839
XP_002285993.1	THAPSDRAFT_985	no	0	none
XP_002285994.1	THAPSDRAFT_20611	yes	1	IPR001440
XP_002285995.1	THAPSDRAFT_38973	yes	1	IPR000195
XP_002285996.1	THAPSDRAFT_13578	yes	2	IPR001650,IPR011545
XP_002285997.1	THAPSDRAFT_31415	yes	1	IPR004398
XP_002285998.1	THAPSDRAFT_260784	yes	1	IPR001251
XP_002285999.1	THAPSDRAFT_1000	no	0	none
XP_002286000.1	THAPSDRAFT_31652	yes	1	IPR000910
XP_002286001.1	THAPSDRAFT_20618	no	0	none
XP_002286002.1	THAPSDRAFT_1005	no	0	none
XP_002286003.1	THAPSDRAFT_260786	yes	2	IPR006109,IPR011128
XP_002286004.1	THAPSDRAFT_20619	yes	1	IPR001680
XP_002286005.1	THAPSDRAFT_260787	no	0	none
XP_002286006.1	THAPSDRAFT_1009	no	0	none
XP_002286007.1	THAPSDRAFT_1011	yes	1	IPR000340
XP_002286008.1	THAPSDRAFT_260789	yes	1	IPR002524
XP_002286009.1	THAPSDRAFT_1014	no	0	none
XP_002286010.1	THAPSDRAFT_20621	no	0	none
XP_002286011.1	THAPSDRAFT_20622	yes	1	IPR006076
XP_002286012.1	THAPSDRAFT_1020	no	0	none
XP_002286013.1	THAPSDRAFT_26536	yes	2	IPR000719,IPR001772
XP_002286014.1	THAPSDRAFT_1023	no	0	none
XP_002286015.1	THAPSDRAFT_20626	yes	1	IPR003034
XP_002286016.1	THAPSDRAFT_38987	yes	2	IPR001140,IPR003439
XP_002286017.1	THAPSDRAFT_1031	no	0	none
XP_002286018.1	THAPSDRAFT_30804	no	0	none
XP_002286019.1	THAPSDRAFT_267946	no	0	none
XP_002286020.1	THAPSDRAFT_38991	yes	1	IPR003788
XP_002286021.1	THAPSDRAFT_1036	no	0	none
XP_002286022.1	THAPSDRAFT_1038	no	0	none
XP_002286023.1	THAPSDRAFT_1040	no	0	none
XP_002286024.1	THAPSDRAFT_1044	no	0	none
XP_002286025.1	THAPSDRAFT_20639	no	0	none
XP_002286026.1	THAPSDRAFT_26548	yes	2	IPR000683,IPR004104
XP_002286027.1	THAPSDRAFT_1052	no	0	none
XP_002286028.1	THAPSDRAFT_1053	no	0	none
XP_002286029.1	THAPSDRAFT_1055	no	0	none
XP_002286030.1	THAPSDRAFT_1056	no	0	none
XP_002286031.1	THAPSDRAFT_1058	no	0	none
XP_002286032.1	THAPSDRAFT_31412	yes	1	IPR000672
XP_002286033.1	THAPSDRAFT_1060	yes	1	IPR006913
XP_002286034.1	THAPSDRAFT_31665	yes	3	IPR000640,IPR000795,IPR006297
XP_002286035.1	THAPSDRAFT_1063	no	0	none
XP_002286036.1	THAPSDRAFT_20644	no	0	none
XP_002286037.1	THAPSDRAFT_20648	no	0	none
XP_002286038.1	THAPSDRAFT_1069	no	0	none
XP_002286039.1	THAPSDRAFT_20649	no	0	none
XP_002286040.1	THAPSDRAFT_26553	yes	2	IPR001140,IPR003439
XP_002286041.1	THAPSDRAFT_20651	yes	1	IPR002528
XP_002286042.1	THAPSDRAFT_1075	yes	1	IPR003690
XP_002286043.1	THAPSDRAFT_20653	no	0	none
XP_002286044.1	THAPSDRAFT_1077	no	0	none
XP_002286045.1	THAPSDRAFT_20654	no	0	none
XP_002286046.1	THAPSDRAFT_1079	no	0	none
XP_002286047.1	THAPSDRAFT_1081	no	0	none
XP_002286048.1	THAPSDRAFT_267957	no	0	none
XP_002286049.1	THAPSDRAFT_20659	no	0	none
XP_002286050.1	THAPSDRAFT_1091	no	0	none
XP_002286051.1	THAPSDRAFT_1093	no	0	none
XP_002286052.1	THAPSDRAFT_1095	yes	1	IPR001353
XP_002286053.1	THAPSDRAFT_20661	no	0	none
XP_002286054.1	THAPSDRAFT_20663	yes	1	IPR000733
XP_002286055.1	THAPSDRAFT_20665	no	0	none
XP_002286056.1	THAPSDRAFT_1102	no	0	none
XP_002286057.1	THAPSDRAFT_26560	yes	1	IPR004839
XP_002286058.1	THAPSDRAFT_20670	no	0	none
XP_002286059.1	THAPSDRAFT_20671	no	0	none
XP_002286060.1	THAPSDRAFT_168	yes	7	IPR000722,IPR007066,IPR007073,IPR007075,IPR007080,IPR007081,IPR007083
XP_002286061.1	THAPSDRAFT_260816	yes	2	IPR000756,IPR001206
XP_002286062.1	THAPSDRAFT_31627	yes	1	IPR006145
XP_002286063.1	THAPSDRAFT_20675	yes	1	IPR001680
XP_002286064.1	THAPSDRAFT_1118	no	0	none
XP_002286065.1	THAPSDRAFT_1122	no	0	none
XP_002286066.1	THAPSDRAFT_26573	yes	1	IPR003672
XP_002286067.1	THAPSDRAFT_1125	no	0	none
XP_002286068.1	THAPSDRAFT_20680	no	0	none
XP_002286069.1	THAPSDRAFT_20681	no	0	none
XP_002286070.1	THAPSDRAFT_20683	yes	1	IPR000182
XP_002286071.1	THAPSDRAFT_39022	yes	1	IPR001680
XP_002286072.1	THAPSDRAFT_1134	yes	1	IPR000340
XP_002286073.1	THAPSDRAFT_1137	no	0	none
XP_002286074.1	THAPSDRAFT_267963	no	0	none
XP_002286075.1	THAPSDRAFT_14655	yes	1	IPR001214
XP_002286076.1	THAPSDRAFT_1145	no	0	none
XP_002286077.1	THAPSDRAFT_20689	yes	1	IPR005123
XP_002286078.1	THAPSDRAFT_20690	no	0	none
XP_002286079.1	THAPSDRAFT_1150	yes	1	IPR006145
XP_002286080.1	THAPSDRAFT_20692	yes	1	IPR008676
XP_002286081.1	THAPSDRAFT_31001	yes	1	IPR000312
XP_002286082.1	THAPSDRAFT_14616	yes	1	IPR001752
XP_002286083.1	THAPSDRAFT_1160	yes	1	IPR001179
XP_002286084.1	THAPSDRAFT_16304	yes	1	IPR002173
XP_002286085.1	THAPSDRAFT_1165	yes	1	IPR002637
XP_002286086.1	THAPSDRAFT_1166	no	0	none
XP_002286087.1	THAPSDRAFT_39038	yes	1	IPR001269
XP_002286088.1	THAPSDRAFT_31242	yes	2	IPR001375,IPR004106
XP_002286089.1	THAPSDRAFT_260832	yes	1	IPR006198
XP_002286090.1	THAPSDRAFT_1173	yes	1	IPR000232
XP_002286091.1	THAPSDRAFT_20702	no	0	none
XP_002286092.1	THAPSDRAFT_260835	no	0	none
XP_002286093.1	THAPSDRAFT_30913	yes	1	IPR002569
XP_002286094.1	THAPSDRAFT_1181	yes	1	IPR001849
XP_002286095.1	THAPSDRAFT_26063	yes	1	IPR001680
XP_002286096.1	THAPSDRAFT_267971	yes	1	IPR003409
XP_002286097.1	THAPSDRAFT_20708	yes	1	IPR004843
XP_002286098.1	THAPSDRAFT_1195	no	0	none
XP_002286099.1	THAPSDRAFT_31085	yes	1	IPR002422
XP_002286100.1	THAPSDRAFT_1202	no	0	none
XP_002286101.1	THAPSDRAFT_1203	yes	1	IPR011107
XP_002286102.1	THAPSDRAFT_1205	yes	1	IPR000719
XP_002286103.1	THAPSDRAFT_260850	yes	1	IPR003689
XP_002286104.1	THAPSDRAFT_1210	no	0	none
XP_002286105.1	THAPSDRAFT_267977	no	0	none
XP_002286106.1	THAPSDRAFT_20718	no	0	none
XP_002286107.1	THAPSDRAFT_1215	no	0	none
XP_002286108.1	THAPSDRAFT_1216	no	0	none
XP_002286109.1	THAPSDRAFT_1218	yes	1	IPR002422
XP_002286110.1	THAPSDRAFT_174	no	0	none
XP_002286111.1	THAPSDRAFT_260856	no	0	none
XP_002286112.1	THAPSDRAFT_1224	no	0	none
XP_002286113.1	THAPSDRAFT_1225	yes	1	IPR003594
XP_002286114.1	THAPSDRAFT_31193	yes	1	IPR007342
XP_002286115.1	THAPSDRAFT_20723	yes	1	IPR002893
XP_002286116.1	THAPSDRAFT_20726	yes	1	IPR001236
XP_002286117.1	THAPSDRAFT_260866	no	0	none
XP_002286118.1	THAPSDRAFT_1238	no	0	none
XP_002286119.1	THAPSDRAFT_20731	yes	1	IPR001993
XP_002286120.1	THAPSDRAFT_1243	yes	1	IPR001623
XP_002286121.1	THAPSDRAFT_1244	no	0	none
XP_002286122.1	THAPSDRAFT_267987	yes	1	IPR001926
XP_002286123.1	THAPSDRAFT_1248	no	0	none
XP_002286124.1	THAPSDRAFT_20734	no	0	none
XP_002286125.1	THAPSDRAFT_39062	yes	1	IPR001537
XP_002286126.1	THAPSDRAFT_1254	no	0	none
XP_002286127.1	THAPSDRAFT_1255	no	0	none
XP_002286128.1	THAPSDRAFT_260874	yes	1	IPR000403
XP_002286129.1	THAPSDRAFT_20739	no	0	none
XP_002286130.1	THAPSDRAFT_31032	no	0	none
XP_002286131.1	THAPSDRAFT_20742	no	0	none
XP_002286132.1	THAPSDRAFT_31226	yes	1	IPR005828
XP_002286133.1	THAPSDRAFT_20746	no	0	none
XP_002286134.1	THAPSDRAFT_20747	yes	1	IPR006671
XP_002286135.1	THAPSDRAFT_31136	yes	1	IPR000719
XP_002286136.1	THAPSDRAFT_20750	no	0	none
XP_002286137.1	THAPSDRAFT_20751	yes	1	IPR003409
XP_002286138.1	THAPSDRAFT_20752	no	0	none
XP_002286139.1	THAPSDRAFT_20753	no	0	none
XP_002286140.1	THAPSDRAFT_20754	no	0	none
XP_002286141.1	THAPSDRAFT_260879	no	0	none
XP_002286142.1	THAPSDRAFT_260880	no	0	none
XP_002286143.1	THAPSDRAFT_267997	yes	2	IPR000330,IPR001650
XP_002286144.1	THAPSDRAFT_1283	yes	1	IPR002616
XP_002286145.1	THAPSDRAFT_25918	yes	1	IPR001925
XP_002286146.1	THAPSDRAFT_1288	no	0	none
XP_002286147.1	THAPSDRAFT_260886	yes	1	IPR001841
XP_002286148.1	THAPSDRAFT_1291	no	0	none
XP_002286149.1	THAPSDRAFT_1294	no	0	none
XP_002286150.1	THAPSDRAFT_20763	yes	1	IPR006941
XP_002286151.1	THAPSDRAFT_260891	yes	1	IPR001680
XP_002286152.1	THAPSDRAFT_181	yes	1	IPR001296
XP_002286153.1	THAPSDRAFT_1302	no	0	none
XP_002286154.1	THAPSDRAFT_1303	yes	1	IPR001680
XP_002286155.1	THAPSDRAFT_30963	yes	1	IPR000719
XP_002286156.1	THAPSDRAFT_1309	no	0	none
XP_002286157.1	THAPSDRAFT_1310	yes	1	IPR006076
XP_002286158.1	THAPSDRAFT_31402	no	0	none
XP_002286159.1	THAPSDRAFT_20769	yes	1	IPR004294
XP_002286160.1	THAPSDRAFT_20771	no	0	none
XP_002286161.1	THAPSDRAFT_31599	yes	1	IPR001453
XP_002286162.1	THAPSDRAFT_15351	yes	1	IPR000719
XP_002286163.1	THAPSDRAFT_1324	no	0	none
XP_002286164.1	THAPSDRAFT_268009	no	0	none
XP_002286165.1	THAPSDRAFT_260906	no	0	none
XP_002286166.1	THAPSDRAFT_20778	yes	1	IPR000197
XP_002286167.1	THAPSDRAFT_12637	yes	2	IPR000048,IPR001609
XP_002286168.1	THAPSDRAFT_268011	yes	1	IPR001577
XP_002286169.1	THAPSDRAFT_31259	yes	1	IPR005114
XP_002286170.1	THAPSDRAFT_20783	no	0	none
XP_002286171.1	THAPSDRAFT_1338	no	0	none
XP_002286172.1	THAPSDRAFT_1341	yes	1	IPR005114
XP_002286173.1	THAPSDRAFT_1344	yes	1	IPR001283
XP_002286174.1	THAPSDRAFT_39110	yes	1	IPR005129
XP_002286175.1	THAPSDRAFT_260914	no	0	none
XP_002286176.1	THAPSDRAFT_31232	yes	1	IPR000023
XP_002286177.1	THAPSDRAFT_260917	yes	1	IPR002073
XP_002286178.1	THAPSDRAFT_1354	no	0	none
XP_002286179.1	THAPSDRAFT_1356	no	0	none
XP_002286180.1	THAPSDRAFT_20793	no	0	none
XP_002286181.1	THAPSDRAFT_20794	no	0	none
XP_002286182.1	THAPSDRAFT_20796	yes	1	IPR006900
XP_002286183.1	THAPSDRAFT_20798	yes	1	IPR007673
XP_002286184.1	THAPSDRAFT_20799	yes	1	IPR004882
XP_002286185.1	THAPSDRAFT_1366	yes	1	IPR003675
XP_002286186.1	THAPSDRAFT_20800	no	0	none
XP_002286187.1	THAPSDRAFT_30939	no	0	none
XP_002286188.1	THAPSDRAFT_1372	yes	1	IPR000048
XP_002286189.1	THAPSDRAFT_1373	no	0	none
XP_002286190.1	THAPSDRAFT_31424	yes	1	IPR004839
XP_002286191.1	THAPSDRAFT_1376	no	0	none
XP_002286192.1	THAPSDRAFT_260922	yes	1	IPR004616
XP_002286193.1	THAPSDRAFT_31222	yes	1	IPR000589
XP_002286194.1	THAPSDRAFT_1382	no	0	none
XP_002286195.1	THAPSDRAFT_20807	no	0	none
XP_002286196.1	THAPSDRAFT_1385	yes	1	IPR002657
XP_002286197.1	THAPSDRAFT_20808	no	0	none
XP_002286198.1	THAPSDRAFT_260926	yes	1	IPR001611
XP_002286199.1	THAPSDRAFT_20810	no	0	none
XP_002286200.1	THAPSDRAFT_30924	yes	1	IPR002587
XP_002286201.1	THAPSDRAFT_1393	yes	3	IPR003395,IPR003405,IPR010935
XP_002286202.1	THAPSDRAFT_20813	no	0	none
XP_002286203.1	THAPSDRAFT_20814	yes	1	IPR000504
XP_002286204.1	THAPSDRAFT_1397	no	0	none
XP_002286205.1	THAPSDRAFT_31383	yes	1	IPR000173
XP_002286206.1	THAPSDRAFT_26678	yes	3	IPR005474,IPR005475,IPR005476
XP_002286207.1	THAPSDRAFT_270240	yes	1	IPR011531
XP_002286208.1	THAPSDRAFT_20817	no	0	none
XP_002286209.1	THAPSDRAFT_1408	no	0	none
XP_002286210.1	THAPSDRAFT_260939	yes	1	IPR000340
XP_002286211.1	THAPSDRAFT_20819	no	0	none
XP_002286212.1	THAPSDRAFT_31046	no	0	none
XP_002286213.1	THAPSDRAFT_1412	no	0	none
XP_002286214.1	THAPSDRAFT_30960	yes	1	IPR004274
XP_002286215.1	THAPSDRAFT_260943	yes	1	IPR004598
XP_002286216.1	THAPSDRAFT_1417	no	0	none
XP_002286217.1	THAPSDRAFT_1420	no	0	none
XP_002286218.1	THAPSDRAFT_31034	yes	1	IPR002130
XP_002286219.1	THAPSDRAFT_1422	yes	1	IPR007283
XP_002286220.1	THAPSDRAFT_26686	yes	1	IPR001680
XP_002286221.1	THAPSDRAFT_1426	no	0	none
XP_002286222.1	THAPSDRAFT_1428	no	0	none
XP_002286223.1	THAPSDRAFT_31223	yes	1	IPR000403
XP_002286224.1	THAPSDRAFT_20825	no	0	none
XP_002286225.1	THAPSDRAFT_31142	yes	1	IPR000910
XP_002286226.1	THAPSDRAFT_20828	no	0	none
XP_002286227.1	THAPSDRAFT_1436	no	0	none
XP_002286228.1	THAPSDRAFT_20832	no	0	none
XP_002286229.1	THAPSDRAFT_31216	yes	1	IPR004839
XP_002286230.1	THAPSDRAFT_260953	yes	1	IPR003462
XP_002286231.1	THAPSDRAFT_31035	yes	1	IPR001254
XP_002286232.1	THAPSDRAFT_1446	no	0	none
XP_002286233.1	THAPSDRAFT_12821	no	0	none
XP_002286234.1	THAPSDRAFT_1450	no	0	none
XP_002286235.1	THAPSDRAFT_20834	no	0	none
XP_002286236.1	THAPSDRAFT_20835	no	0	none
XP_002286237.1	THAPSDRAFT_1455	no	0	none
XP_002286238.1	THAPSDRAFT_1456	yes	1	IPR004436
XP_002286239.1	THAPSDRAFT_1457	yes	1	IPR003961
XP_002286240.1	THAPSDRAFT_20837	no	0	none
XP_002286241.1	THAPSDRAFT_20838	no	0	none
XP_002286242.1	THAPSDRAFT_260958	yes	1	IPR005844
XP_002286243.1	THAPSDRAFT_1463	no	0	none
XP_002286244.1	THAPSDRAFT_1465	yes	1	IPR006571
XP_002286245.1	THAPSDRAFT_1467	yes	1	IPR003409
XP_002286246.1	THAPSDRAFT_31404	yes	1	IPR004859
XP_002286247.1	THAPSDRAFT_26071	yes	1	IPR001353
XP_002286248.1	THAPSDRAFT_1471	no	0	none
XP_002286249.1	THAPSDRAFT_30979	yes	1	IPR001310
XP_002286250.1	THAPSDRAFT_20845	no	0	none
XP_002286251.1	THAPSDRAFT_260965	no	0	none
XP_002286252.1	THAPSDRAFT_20846	yes	1	IPR007130
XP_002286253.1	THAPSDRAFT_20847	no	0	none
XP_002286254.1	THAPSDRAFT_20848	yes	1	IPR001251
XP_002286255.1	THAPSDRAFT_39143	yes	1	IPR001993
XP_002286256.1	THAPSDRAFT_26702	no	0	none
XP_002286257.1	THAPSDRAFT_31535	yes	3	IPR001179,IPR001440,IPR002130
XP_002286258.1	THAPSDRAFT_260974	no	0	none
XP_002286259.1	THAPSDRAFT_260975	no	0	none
XP_002286260.1	THAPSDRAFT_1492	no	0	none
XP_002286261.1	THAPSDRAFT_31622	no	0	none
XP_002286262.1	THAPSDRAFT_26706	yes	1	IPR001353
XP_002286263.1	THAPSDRAFT_260980	yes	1	IPR001752
XP_002286264.1	THAPSDRAFT_1500	no	0	none
XP_002286265.1	THAPSDRAFT_1502	no	0	none
XP_002286266.1	THAPSDRAFT_31037	yes	2	IPR001650,IPR011545
XP_002286267.1	THAPSDRAFT_1505	yes	1	IPR003137
XP_002286268.1	THAPSDRAFT_20859	yes	1	IPR003000
XP_002286269.1	THAPSDRAFT_268049	yes	3	IPR001650,IPR007502,IPR011545
XP_002286270.1	THAPSDRAFT_260991	yes	2	IPR001623,IPR002939
XP_002286271.1	THAPSDRAFT_30976	yes	1	IPR001179
XP_002286272.1	THAPSDRAFT_1515	yes	1	IPR001075
XP_002286273.1	THAPSDRAFT_31108	yes	2	IPR001830,IPR003337
XP_002286274.1	THAPSDRAFT_20868	no	0	none
XP_002286275.1	THAPSDRAFT_1526	yes	1	IPR001251
XP_002286276.1	THAPSDRAFT_1533	no	0	none
XP_002286277.1	THAPSDRAFT_20875	no	0	none
XP_002286278.1	THAPSDRAFT_261001	no	0	none
XP_002286279.1	THAPSDRAFT_261002	yes	1	IPR001680
XP_002286280.1	THAPSDRAFT_20877	yes	2	IPR001202,IPR007129
XP_002286281.1	THAPSDRAFT_26726	yes	2	IPR002300,IPR010663
XP_002286282.1	THAPSDRAFT_20880	no	0	none
XP_002286283.1	THAPSDRAFT_1549	yes	1	IPR001128
XP_002286284.1	THAPSDRAFT_1551	no	0	none
XP_002286285.1	THAPSDRAFT_1554	yes	1	IPR005200
XP_002286286.1	THAPSDRAFT_268061	no	0	none
XP_002286287.1	THAPSDRAFT_1557	no	0	none
XP_002286288.1	THAPSDRAFT_20889	yes	1	IPR002422
XP_002286289.1	THAPSDRAFT_1563	no	0	none
XP_002286290.1	THAPSDRAFT_1564	yes	1	IPR007714
XP_002286291.1	THAPSDRAFT_1568	no	0	none
XP_002286292.1	THAPSDRAFT_20892	no	0	none
XP_002286293.1	THAPSDRAFT_20893	no	0	none
XP_002286294.1	THAPSDRAFT_261024	yes	1	IPR001563
XP_002286295.1	THAPSDRAFT_20899	yes	1	IPR001092
XP_002286296.1	THAPSDRAFT_31247	yes	1	IPR009283
XP_002286297.1	THAPSDRAFT_26743	yes	1	IPR000649
XP_002286298.1	THAPSDRAFT_1584	yes	1	IPR002130
XP_002286299.1	THAPSDRAFT_1587	no	0	none
XP_002286300.1	THAPSDRAFT_20904	no	0	none
XP_002286301.1	THAPSDRAFT_261036	yes	1	IPR001611
XP_002286302.1	THAPSDRAFT_20906	no	0	none
XP_002286303.1	THAPSDRAFT_1594	no	0	none
XP_002286304.1	THAPSDRAFT_1595	yes	1	IPR001478
XP_002286305.1	THAPSDRAFT_1597	no	0	none
XP_002286306.1	THAPSDRAFT_1599	no	0	none
XP_002286307.1	THAPSDRAFT_1602	yes	1	IPR010378
XP_002286308.1	THAPSDRAFT_30915	no	0	none
XP_002286309.1	THAPSDRAFT_20912	no	0	none
XP_002286310.1	THAPSDRAFT_261047	yes	1	IPR001993
XP_002286311.1	THAPSDRAFT_268078	no	0	none
XP_002286312.1	THAPSDRAFT_1620	yes	1	IPR008915
XP_002286313.1	THAPSDRAFT_20920	yes	1	IPR008915
XP_002286314.1	THAPSDRAFT_30851	yes	1	IPR003959
XP_002286315.1	THAPSDRAFT_20922	no	0	none
XP_002286316.1	THAPSDRAFT_1629	no	0	none
XP_002286317.1	THAPSDRAFT_20923	yes	1	IPR009688
XP_002286318.1	THAPSDRAFT_20924	no	0	none
XP_002286319.1	THAPSDRAFT_1637	no	0	none
XP_002286320.1	THAPSDRAFT_1638	no	0	none
XP_002286321.1	THAPSDRAFT_13134	yes	1	IPR004147
XP_002286322.1	THAPSDRAFT_20927	yes	1	IPR000620
XP_002286323.1	THAPSDRAFT_20928	yes	1	IPR000891
XP_002286324.1	THAPSDRAFT_261056	yes	1	IPR002553
XP_002286325.1	THAPSDRAFT_1644	yes	1	IPR000719
XP_002286326.1	THAPSDRAFT_20930	no	0	none
XP_002286327.1	THAPSDRAFT_20931	no	0	none
XP_002286328.1	THAPSDRAFT_1649	no	0	none
XP_002286329.1	THAPSDRAFT_31598	yes	1	IPR002130
XP_002286330.1	THAPSDRAFT_1653	no	0	none
XP_002286331.1	THAPSDRAFT_268084	yes	1	IPR004015
XP_002286332.1	THAPSDRAFT_30981	yes	1	IPR002198
XP_002286333.1	THAPSDRAFT_261063	no	0	none
XP_002286334.1	THAPSDRAFT_261064	no	0	none
XP_002286335.1	THAPSDRAFT_261065	yes	1	IPR003018
XP_002286336.1	THAPSDRAFT_1665	yes	1	IPR001041
XP_002286337.1	THAPSDRAFT_1666	no	0	none
XP_002286338.1	THAPSDRAFT_31132	yes	1	IPR004843
XP_002286339.1	THAPSDRAFT_261067	yes	1	IPR001952
XP_002286340.1	THAPSDRAFT_1672	yes	1	IPR005065
XP_002286341.1	THAPSDRAFT_1674	no	0	none
XP_002286342.1	THAPSDRAFT_20944	no	0	none
XP_002286343.1	THAPSDRAFT_20945	yes	1	IPR003397
XP_002286344.1	THAPSDRAFT_31121	yes	1	IPR000504
XP_002286345.1	THAPSDRAFT_1680	yes	1	IPR002903
XP_002286346.1	THAPSDRAFT_261072	yes	1	IPR003959
XP_002286347.1	THAPSDRAFT_1684	yes	1	IPR002048
XP_002286348.1	THAPSDRAFT_1685	no	0	none
XP_002286349.1	THAPSDRAFT_20950	no	0	none
XP_002286350.1	THAPSDRAFT_1692	no	0	none
XP_002286351.1	THAPSDRAFT_20954	yes	1	IPR005172
XP_002286352.1	THAPSDRAFT_1696	yes	1	IPR001202
XP_002286353.1	THAPSDRAFT_20955	yes	1	IPR001202
XP_002286354.1	THAPSDRAFT_31358	yes	1	IPR001440
XP_002286355.1	THAPSDRAFT_30980	yes	1	IPR002917
XP_002286356.1	THAPSDRAFT_20959	yes	1	IPR001005
XP_002286357.1	THAPSDRAFT_1706	no	0	none
XP_002286358.1	THAPSDRAFT_20962	no	0	none
XP_002286359.1	THAPSDRAFT_20965	no	0	none
XP_002286360.1	THAPSDRAFT_31564	yes	1	IPR001163
XP_002286361.1	THAPSDRAFT_261078	no	0	none
XP_002286362.1	THAPSDRAFT_31569	yes	2	IPR003008,IPR008280
XP_002286363.1	THAPSDRAFT_1724	no	0	none
XP_002286364.1	THAPSDRAFT_1727	no	0	none
XP_002286365.1	THAPSDRAFT_20971	no	0	none
XP_002286366.1	THAPSDRAFT_20972	no	0	none
XP_002286367.1	THAPSDRAFT_1732	yes	1	IPR001876
XP_002286368.1	THAPSDRAFT_30832	yes	1	IPR000911
XP_002286369.1	THAPSDRAFT_20974	no	0	none
XP_002286370.1	THAPSDRAFT_20975	no	0	none
XP_002286371.1	THAPSDRAFT_1741	no	0	none
XP_002286372.1	THAPSDRAFT_1743	yes	1	IPR003395
XP_002286373.1	THAPSDRAFT_13444	yes	1	IPR003171
XP_002286374.1	THAPSDRAFT_1747	yes	1	IPR005123
XP_002286375.1	THAPSDRAFT_20979	no	0	none
XP_002286376.1	THAPSDRAFT_31406	yes	1	IPR006689
XP_002286377.1	THAPSDRAFT_1753	no	0	none
XP_002286378.1	THAPSDRAFT_1755	no	0	none
XP_002286379.1	THAPSDRAFT_261093	yes	1	IPR002142
XP_002286380.1	THAPSDRAFT_16236	yes	1	IPR007271
XP_002286381.1	THAPSDRAFT_1758	no	0	none
XP_002286382.1	THAPSDRAFT_20982	yes	1	IPR000791
XP_002286383.1	THAPSDRAFT_1762	no	0	none
XP_002286384.1	THAPSDRAFT_1764	no	0	none
XP_002286385.1	THAPSDRAFT_20984	yes	1	IPR001683
XP_002286386.1	THAPSDRAFT_20985	yes	1	IPR005612
XP_002286387.1	THAPSDRAFT_31609	yes	1	IPR001208
XP_002286388.1	THAPSDRAFT_1771	yes	1	IPR002220
XP_002286389.1	THAPSDRAFT_31437	yes	1	IPR001431
XP_002286390.1	THAPSDRAFT_19928	yes	1	IPR005813
XP_002286391.1	THAPSDRAFT_20988	yes	1	IPR001623
XP_002286392.1	THAPSDRAFT_1779	yes	1	IPR004331
XP_002286393.1	THAPSDRAFT_16613	yes	1	IPR000719
XP_002286394.1	THAPSDRAFT_1786	no	0	none
XP_002286395.1	THAPSDRAFT_20993	no	0	none
XP_002286396.1	THAPSDRAFT_1791	no	0	none
XP_002286397.1	THAPSDRAFT_20996	no	0	none
XP_002286398.1	THAPSDRAFT_20998	no	0	none
XP_002286399.1	THAPSDRAFT_1798	no	0	none
XP_002286400.1	THAPSDRAFT_21000	yes	2	IPR004367,IPR006671
XP_002286401.1	THAPSDRAFT_21001	yes	1	IPR006671
XP_002286402.1	THAPSDRAFT_1804	yes	1	IPR007632
XP_002286403.1	THAPSDRAFT_1806	no	0	none
XP_002286404.1	THAPSDRAFT_21004	no	0	none
XP_002286405.1	THAPSDRAFT_31362	yes	2	IPR003135,IPR005811
XP_002286406.1	THAPSDRAFT_1814	no	0	none
XP_002286407.1	THAPSDRAFT_1817	yes	1	IPR001476
XP_002286408.1	THAPSDRAFT_1819	no	0	none
XP_002286409.1	THAPSDRAFT_1820	no	0	none
XP_002286410.1	THAPSDRAFT_1822	no	0	none
XP_002286411.1	THAPSDRAFT_21014	no	0	none
XP_002286412.1	THAPSDRAFT_21016	yes	1	IPR000048
XP_002286413.1	THAPSDRAFT_268117	yes	1	IPR007125
XP_002286414.1	THAPSDRAFT_31145	yes	2	IPR001650,IPR011545
XP_002286415.1	THAPSDRAFT_21021	no	0	none
XP_002286416.1	THAPSDRAFT_1840	no	0	none
XP_002286417.1	THAPSDRAFT_1842	no	0	none
XP_002286418.1	THAPSDRAFT_1845	yes	1	IPR000717
XP_002286419.1	THAPSDRAFT_261124	yes	3	IPR005097,IPR007698,IPR007886
XP_002286420.1	THAPSDRAFT_1849	yes	2	IPR000719,IPR001611
XP_002286421.1	THAPSDRAFT_1850	yes	2	IPR000719,IPR001611
XP_002286422.1	THAPSDRAFT_1852	yes	1	IPR000608
XP_002286423.1	THAPSDRAFT_1855	yes	1	IPR004776
XP_002286424.1	THAPSDRAFT_1857	yes	1	IPR005307
XP_002286425.1	THAPSDRAFT_261126	no	0	none
XP_002286426.1	THAPSDRAFT_31014	yes	1	IPR001392
XP_002286427.1	THAPSDRAFT_31438	yes	1	IPR004155
XP_002286428.1	THAPSDRAFT_39278	yes	1	IPR002379
XP_002286429.1	THAPSDRAFT_39282	yes	1	IPR000439
XP_002286430.1	THAPSDRAFT_21033	yes	1	IPR000089
XP_002286431.1	THAPSDRAFT_1870	no	0	none
XP_002286432.1	THAPSDRAFT_1873	yes	1	IPR002110
XP_002286433.1	THAPSDRAFT_261132	yes	1	IPR003386
XP_002286434.1	THAPSDRAFT_1875	no	0	none
XP_002286435.1	THAPSDRAFT_39286	yes	1	IPR003439
XP_002286436.1	THAPSDRAFT_268127	yes	1	IPR001344
XP_002286437.1	THAPSDRAFT_21040	no	0	none
XP_002286438.1	THAPSDRAFT_21042	no	0	none
XP_002286439.1	THAPSDRAFT_1889	yes	1	IPR001059
XP_002286440.1	THAPSDRAFT_21044	no	0	none
XP_002286441.1	THAPSDRAFT_21046	no	0	none
XP_002286442.1	THAPSDRAFT_268130	yes	1	IPR001680
XP_002286443.1	THAPSDRAFT_39299	yes	1	IPR006689
XP_002286444.1	THAPSDRAFT_21050	yes	1	IPR010674
XP_002286445.1	THAPSDRAFT_1900	no	0	none
XP_002286446.1	THAPSDRAFT_21052	no	0	none
XP_002286447.1	THAPSDRAFT_1903	no	0	none
XP_002286448.1	THAPSDRAFT_1905	no	0	none
XP_002286449.1	THAPSDRAFT_1908	no	0	none
XP_002286450.1	THAPSDRAFT_1911	no	0	none
XP_002286451.1	THAPSDRAFT_1912	yes	1	IPR005123
XP_002286452.1	THAPSDRAFT_1913	yes	2	IPR001214,IPR003959
XP_002286453.1	THAPSDRAFT_30928	yes	1	IPR005123
XP_002286454.1	THAPSDRAFT_31294	yes	1	IPR009631
XP_002286455.1	THAPSDRAFT_261145	yes	1	IPR001279
XP_002286456.1	THAPSDRAFT_1921	no	0	none
XP_002286457.1	THAPSDRAFT_261147	no	0	none
XP_002286458.1	THAPSDRAFT_1926	no	0	none
XP_002286459.1	THAPSDRAFT_21059	no	0	none
XP_002286460.1	THAPSDRAFT_1930	no	0	none
XP_002286461.1	THAPSDRAFT_1931	no	0	none
XP_002286462.1	THAPSDRAFT_21061	no	0	none
XP_002286463.1	THAPSDRAFT_1934	no	0	none
XP_002286464.1	THAPSDRAFT_268136	no	0	none
XP_002286465.1	THAPSDRAFT_1937	no	0	none
XP_002286466.1	THAPSDRAFT_30972	yes	1	IPR008509
XP_002286467.1	THAPSDRAFT_1941	no	0	none
XP_002286468.1	THAPSDRAFT_1942	no	0	none
XP_002286469.1	THAPSDRAFT_1945	yes	1	IPR001841
XP_002286470.1	THAPSDRAFT_31446	yes	1	IPR001911
XP_002286471.1	THAPSDRAFT_21066	no	0	none
XP_002286472.1	THAPSDRAFT_1953	no	0	none
XP_002286473.1	THAPSDRAFT_1955	no	0	none
XP_002286474.1	THAPSDRAFT_1957	no	0	none
XP_002286475.1	THAPSDRAFT_31007	yes	1	IPR001853
XP_002286476.1	THAPSDRAFT_1960	yes	1	IPR000535
XP_002286477.1	THAPSDRAFT_1962	yes	1	IPR001915
XP_002286478.1	THAPSDRAFT_1965	no	0	none
XP_002286479.1	THAPSDRAFT_21070	no	0	none
XP_002286480.1	THAPSDRAFT_1973	no	0	none
XP_002286481.1	THAPSDRAFT_1975	no	0	none
XP_002286482.1	THAPSDRAFT_1977	no	0	none
XP_002286483.1	THAPSDRAFT_21071	no	0	none
XP_002286484.1	THAPSDRAFT_19837	no	0	none
XP_002286485.1	THAPSDRAFT_30919	yes	1	IPR001388
XP_002286486.1	THAPSDRAFT_261158	yes	2	IPR002048,IPR005821
XP_002286487.1	THAPSDRAFT_1985	no	0	none
XP_002286488.1	THAPSDRAFT_1989	yes	1	IPR001179
XP_002286489.1	THAPSDRAFT_21074	no	0	none
XP_002286490.1	THAPSDRAFT_21076	no	0	none
XP_002286491.1	THAPSDRAFT_21078	yes	1	IPR007577
XP_002286492.1	THAPSDRAFT_31113	yes	1	IPR003213
XP_002286493.1	THAPSDRAFT_26874	yes	1	IPR008429
XP_002286494.1	THAPSDRAFT_21081	no	0	none
XP_002286495.1	THAPSDRAFT_2003	no	0	none
XP_002286496.1	THAPSDRAFT_2004	no	0	none
XP_002286497.1	THAPSDRAFT_2010	no	0	none
XP_002286498.1	THAPSDRAFT_2012	no	0	none
XP_002286499.1	THAPSDRAFT_21085	no	0	none
XP_002286500.1	THAPSDRAFT_31658	no	0	none
XP_002286501.1	THAPSDRAFT_2018	yes	1	IPR005114
XP_002286502.1	THAPSDRAFT_21087	no	0	none
XP_002286503.1	THAPSDRAFT_2022	yes	1	IPR005114
XP_002286504.1	THAPSDRAFT_2023	no	0	none
XP_002286505.1	THAPSDRAFT_21088	yes	1	IPR005114
XP_002286506.1	THAPSDRAFT_21089	no	0	none
XP_002286507.1	THAPSDRAFT_2027	no	0	none
XP_002286508.1	THAPSDRAFT_21090	no	0	none
XP_002286509.1	THAPSDRAFT_261172	yes	1	IPR002085
XP_002286510.1	THAPSDRAFT_2031	no	0	none
XP_002286511.1	THAPSDRAFT_2032	no	0	none
XP_002286512.1	THAPSDRAFT_2035	no	0	none
XP_002286513.1	THAPSDRAFT_2037	no	0	none
XP_002286514.1	THAPSDRAFT_31287	no	0	none
XP_002286515.1	THAPSDRAFT_268146	no	0	none
XP_002286516.1	THAPSDRAFT_261174	no	0	none
XP_002286517.1	THAPSDRAFT_2042	no	0	none
XP_002286518.1	THAPSDRAFT_261176	yes	1	IPR000073
XP_002286519.1	THAPSDRAFT_867	no	0	none
XP_002286520.1	THAPSDRAFT_869	yes	1	IPR006970
XP_002286521.1	THAPSDRAFT_870	yes	1	IPR003594
XP_002286522.1	THAPSDRAFT_20563	no	0	none
XP_002286523.1	THAPSDRAFT_873	no	0	none
XP_002286524.1	THAPSDRAFT_20564	no	0	none
XP_002286525.1	THAPSDRAFT_20565	no	0	none
XP_002286526.1	THAPSDRAFT_267922	yes	1	IPR001353
XP_002286527.1	THAPSDRAFT_20567	yes	1	IPR006685
XP_002286528.1	THAPSDRAFT_882	no	0	none
XP_002286529.1	THAPSDRAFT_20569	yes	1	IPR000182
XP_002286530.1	THAPSDRAFT_887	yes	1	IPR001487
XP_002286531.1	THAPSDRAFT_20571	yes	1	IPR005804
XP_002286532.1	THAPSDRAFT_31174	no	0	none
XP_002286533.1	THAPSDRAFT_260749	no	0	none
XP_002286534.1	THAPSDRAFT_896	no	0	none
XP_002286535.1	THAPSDRAFT_20578	no	0	none
XP_002286536.1	THAPSDRAFT_31266	yes	1	IPR000086
XP_002286537.1	THAPSDRAFT_30833	yes	1	IPR007955
XP_002286538.1	THAPSDRAFT_31021	no	0	none
XP_002286539.1	THAPSDRAFT_907	yes	1	IPR004843
XP_002286540.1	THAPSDRAFT_912	no	0	none
XP_002286541.1	THAPSDRAFT_914	no	0	none
XP_002286542.1	THAPSDRAFT_916	no	0	none
XP_002286543.1	THAPSDRAFT_918	no	0	none
XP_002286544.1	THAPSDRAFT_921	no	0	none
XP_002286545.1	THAPSDRAFT_923	no	0	none
XP_002286546.1	THAPSDRAFT_926	no	0	none
XP_002286547.1	THAPSDRAFT_928	yes	1	IPR007130
XP_002286548.1	THAPSDRAFT_931	no	0	none
XP_002286549.1	THAPSDRAFT_932	yes	1	IPR007603
XP_002286550.1	THAPSDRAFT_935	yes	1	IPR001611
XP_002286551.1	THAPSDRAFT_20589	yes	1	IPR001440
XP_002286552.1	THAPSDRAFT_937	no	0	none
XP_002286553.1	THAPSDRAFT_20590	yes	1	IPR000048
XP_002286554.1	THAPSDRAFT_940	yes	1	IPR000048
XP_002286555.1	THAPSDRAFT_942	no	0	none
XP_002286556.1	THAPSDRAFT_31276	yes	1	IPR003409
XP_002286557.1	THAPSDRAFT_20593	no	0	none
XP_002286558.1	THAPSDRAFT_260761	yes	1	IPR005114
XP_002286559.1	THAPSDRAFT_18104	yes	2	IPR000445,IPR003265
XP_002286560.1	THAPSDRAFT_950	no	0	none
XP_002286561.1	THAPSDRAFT_951	no	0	none
XP_002286562.1	THAPSDRAFT_954	no	0	none
XP_002286563.1	THAPSDRAFT_20595	yes	1	IPR007603
XP_002286564.1	THAPSDRAFT_20596	no	0	none
XP_002286565.1	THAPSDRAFT_960	no	0	none
XP_002286566.1	THAPSDRAFT_961	yes	1	IPR000794
XP_002286567.1	THAPSDRAFT_260768	yes	1	IPR008260
XP_002286568.1	THAPSDRAFT_20597	no	0	none
XP_002286569.1	THAPSDRAFT_20600	no	0	none
XP_002286570.1	THAPSDRAFT_968	yes	1	IPR000182
XP_002286571.1	THAPSDRAFT_20603	no	0	none
XP_002286572.1	THAPSDRAFT_972	no	0	none
XP_002286573.1	THAPSDRAFT_974	yes	1	IPR002539
XP_002286574.1	THAPSDRAFT_976	no	0	none
XP_002286575.1	THAPSDRAFT_267933	yes	1	IPR000719
XP_002286576.1	THAPSDRAFT_20607	yes	1	IPR000453
XP_002286577.1	THAPSDRAFT_20609	no	0	none
XP_002286578.1	THAPSDRAFT_26523	yes	1	IPR002085
XP_002286579.1	THAPSDRAFT_988	yes	1	IPR006175
XP_002286580.1	THAPSDRAFT_990	no	0	none
XP_002286581.1	THAPSDRAFT_991	no	0	none
XP_002286582.1	THAPSDRAFT_992	no	0	none
XP_002286583.1	THAPSDRAFT_993	no	0	none
XP_002286584.1	THAPSDRAFT_20613	yes	1	IPR000183
XP_002286585.1	THAPSDRAFT_20615	no	0	none
XP_002286586.1	THAPSDRAFT_997	yes	2	IPR006131,IPR006132
XP_002286587.1	THAPSDRAFT_20617	no	0	none
XP_002286588.1	THAPSDRAFT_30846	no	0	none
XP_002286589.1	THAPSDRAFT_260785	yes	2	IPR001433,IPR002916
XP_002286590.1	THAPSDRAFT_1010	yes	1	IPR001173
XP_002286591.1	THAPSDRAFT_20620	no	0	none
XP_002286592.1	THAPSDRAFT_1015	no	0	none
XP_002286593.1	THAPSDRAFT_1017	no	0	none
XP_002286594.1	THAPSDRAFT_26530	yes	1	IPR002524
XP_002286595.1	THAPSDRAFT_1022	no	0	none
XP_002286596.1	THAPSDRAFT_20625	no	0	none
XP_002286597.1	THAPSDRAFT_20627	yes	2	IPR006935,IPR011545
XP_002286598.1	THAPSDRAFT_20629	no	0	none
XP_002286599.1	THAPSDRAFT_20630	no	0	none
XP_002286600.1	THAPSDRAFT_31069	yes	1	IPR000719
XP_002286601.1	THAPSDRAFT_20633	yes	1	IPR002422
XP_002286602.1	THAPSDRAFT_267948	yes	1	IPR000733
XP_002286603.1	THAPSDRAFT_19059	yes	1	IPR009269
XP_002286604.1	THAPSDRAFT_260799	no	0	none
XP_002286605.1	THAPSDRAFT_20637	yes	2	IPR006021,IPR008191
XP_002286606.1	THAPSDRAFT_1042	no	0	none
XP_002286607.1	THAPSDRAFT_26545	yes	1	IPR001208
XP_002286608.1	THAPSDRAFT_31510	yes	1	IPR000361
XP_002286609.1	THAPSDRAFT_20640	yes	1	IPR000571
XP_002286610.1	THAPSDRAFT_20641	no	0	none
XP_002286611.1	THAPSDRAFT_1049	yes	2	IPR000683,IPR004104
XP_002286612.1	THAPSDRAFT_1051	no	0	none
XP_002286613.1	THAPSDRAFT_1054	no	0	none
XP_002286614.1	THAPSDRAFT_1057	no	0	none
XP_002286615.1	THAPSDRAFT_260805	yes	2	IPR000897,IPR004125
XP_002286616.1	THAPSDRAFT_20643	no	0	none
XP_002286617.1	THAPSDRAFT_267952	yes	2	IPR003338,IPR003959
XP_002286618.1	THAPSDRAFT_20647	yes	1	IPR005307
XP_002286619.1	THAPSDRAFT_1071	no	0	none
XP_002286620.1	THAPSDRAFT_1080	yes	2	IPR001258,IPR006209
XP_002286621.1	THAPSDRAFT_1082	no	0	none
XP_002286622.1	THAPSDRAFT_1083	yes	1	IPR002528
XP_002286623.1	THAPSDRAFT_20656	yes	1	IPR001734
XP_002286624.1	THAPSDRAFT_1086	no	0	none
XP_002286625.1	THAPSDRAFT_1088	no	0	none
XP_002286626.1	THAPSDRAFT_20658	no	0	none
XP_002286627.1	THAPSDRAFT_260812	yes	1	IPR002123
XP_002286628.1	THAPSDRAFT_39003	yes	1	IPR005155
XP_002286629.1	THAPSDRAFT_1094	no	0	none
XP_002286630.1	THAPSDRAFT_20662	no	0	none
XP_002286631.1	THAPSDRAFT_20664	no	0	none
XP_002286632.1	THAPSDRAFT_1101	no	0	none
XP_002286633.1	THAPSDRAFT_20666	no	0	none
XP_002286634.1	THAPSDRAFT_267958	yes	1	IPR002007
XP_002286635.1	THAPSDRAFT_1109	no	0	none
XP_002286636.1	THAPSDRAFT_1111	no	0	none
XP_002286637.1	THAPSDRAFT_20673	no	0	none
XP_002286638.1	THAPSDRAFT_20674	yes	1	IPR001680
XP_002286639.1	THAPSDRAFT_1116	no	0	none
XP_002286640.1	THAPSDRAFT_260818	yes	1	IPR010554
XP_002286641.1	THAPSDRAFT_31052	yes	2	IPR000719,IPR002048
XP_002286642.1	THAPSDRAFT_20678	no	0	none
XP_002286643.1	THAPSDRAFT_20682	no	0	none
XP_002286644.1	THAPSDRAFT_1131	no	0	none
XP_002286645.1	THAPSDRAFT_1132	no	0	none
XP_002286646.1	THAPSDRAFT_1135	yes	1	IPR001129
XP_002286647.1	THAPSDRAFT_1136	yes	1	IPR001440
XP_002286648.1	THAPSDRAFT_20686	yes	1	IPR000156
XP_002286649.1	THAPSDRAFT_1140	no	0	none
XP_002286650.1	THAPSDRAFT_31673	yes	1	IPR007197
XP_002286651.1	THAPSDRAFT_20086	yes	1	IPR000504
XP_002286652.1	THAPSDRAFT_20688	yes	1	IPR000910
XP_002286653.1	THAPSDRAFT_1149	no	0	none
XP_002286654.1	THAPSDRAFT_267964	yes	1	IPR001373
XP_002286655.1	THAPSDRAFT_31064	yes	1	IPR000626
XP_002286656.1	THAPSDRAFT_39032	yes	1	IPR000361
XP_002286657.1	THAPSDRAFT_1155	no	0	none
XP_002286658.1	THAPSDRAFT_260829	yes	1	IPR006204
XP_002286659.1	THAPSDRAFT_20696	yes	1	IPR000719
XP_002286660.1	THAPSDRAFT_1161	yes	1	IPR007087
XP_002286661.1	THAPSDRAFT_20698	no	0	none
XP_002286662.1	THAPSDRAFT_13922	yes	1	IPR004841
XP_002286663.1	THAPSDRAFT_1170	no	0	none
XP_002286664.1	THAPSDRAFT_1172	no	0	none
XP_002286665.1	THAPSDRAFT_30866	no	0	none
XP_002286666.1	THAPSDRAFT_1175	no	0	none
XP_002286667.1	THAPSDRAFT_260833	yes	1	IPR003439
XP_002286668.1	THAPSDRAFT_20703	no	0	none
XP_002286669.1	THAPSDRAFT_260838	no	0	none
XP_002286670.1	THAPSDRAFT_31084	yes	1	IPR001971
XP_002286671.1	THAPSDRAFT_260841	yes	3	IPR001433,IPR003097,IPR008254
XP_002286672.1	THAPSDRAFT_31316	yes	4	IPR000399,IPR001450,IPR002869,IPR002880
XP_002286673.1	THAPSDRAFT_1186	yes	1	IPR000620
XP_002286674.1	THAPSDRAFT_260844	yes	1	IPR002048
XP_002286675.1	THAPSDRAFT_20707	no	0	none
XP_002286676.1	THAPSDRAFT_260846	yes	1	IPR001199
XP_002286677.1	THAPSDRAFT_1192	no	0	none
XP_002286678.1	THAPSDRAFT_1193	yes	1	IPR000719
XP_002286679.1	THAPSDRAFT_1194	no	0	none
XP_002286680.1	THAPSDRAFT_1196	no	0	none
XP_002286681.1	THAPSDRAFT_1197	no	0	none
XP_002286682.1	THAPSDRAFT_267973	no	0	none
XP_002286683.1	THAPSDRAFT_20710	no	0	none
XP_002286684.1	THAPSDRAFT_1201	no	0	none
XP_002286685.1	THAPSDRAFT_1204	no	0	none
XP_002286686.1	THAPSDRAFT_20712	no	0	none
XP_002286687.1	THAPSDRAFT_20714	yes	1	IPR006662
XP_002286688.1	THAPSDRAFT_20715	no	0	none
XP_002286689.1	THAPSDRAFT_260852	yes	1	IPR002822
XP_002286690.1	THAPSDRAFT_1214	no	0	none
XP_002286691.1	THAPSDRAFT_1217	yes	1	IPR001005
XP_002286692.1	THAPSDRAFT_1219	no	0	none
XP_002286693.1	THAPSDRAFT_31256	yes	1	IPR002616
XP_002286694.1	THAPSDRAFT_20719	yes	1	IPR001164
XP_002286695.1	THAPSDRAFT_20720	no	0	none
XP_002286696.1	THAPSDRAFT_270361	no	0	none
XP_002286697.1	THAPSDRAFT_1230	yes	1	IPR001841
XP_002286698.1	THAPSDRAFT_260861	yes	1	IPR003959
XP_002286699.1	THAPSDRAFT_260862	yes	1	IPR000740
XP_002286700.1	THAPSDRAFT_19421	no	0	none
XP_002286701.1	THAPSDRAFT_20728	yes	1	IPR001440
XP_002286702.1	THAPSDRAFT_1237	no	0	none
XP_002286703.1	THAPSDRAFT_30871	yes	1	IPR002637
XP_002286704.1	THAPSDRAFT_31575	no	0	none
XP_002286705.1	THAPSDRAFT_1241	no	0	none
XP_002286706.1	THAPSDRAFT_20732	no	0	none
XP_002286707.1	THAPSDRAFT_1247	yes	1	IPR001926
XP_002286708.1	THAPSDRAFT_1249	no	0	none
XP_002286709.1	THAPSDRAFT_1252	no	0	none
XP_002286710.1	THAPSDRAFT_20737	yes	1	IPR001678
XP_002286711.1	THAPSDRAFT_20740	no	0	none
XP_002286712.1	THAPSDRAFT_260875	no	0	none
XP_002286713.1	THAPSDRAFT_20743	no	0	none
XP_002286714.1	THAPSDRAFT_20745	yes	1	IPR003903
XP_002286715.1	THAPSDRAFT_1268	no	0	none
XP_002286716.1	THAPSDRAFT_31047	yes	1	IPR007109
XP_002286717.1	THAPSDRAFT_1274	no	0	none
XP_002286718.1	THAPSDRAFT_1275	no	0	none
XP_002286719.1	THAPSDRAFT_31003	yes	2	IPR006109,IPR011128
XP_002286720.1	THAPSDRAFT_1280	no	0	none
XP_002286721.1	THAPSDRAFT_31551	yes	1	IPR004839
XP_002286722.1	THAPSDRAFT_39075	yes	2	IPR000583,IPR000836
XP_002286723.1	THAPSDRAFT_31126	yes	1	IPR001993
XP_002286724.1	THAPSDRAFT_260885	yes	1	IPR001086
XP_002286725.1	THAPSDRAFT_20504	no	0	none
XP_002286726.1	THAPSDRAFT_26635	yes	1	IPR002422
XP_002286727.1	THAPSDRAFT_31465	yes	1	IPR007109
XP_002286728.1	THAPSDRAFT_31636	yes	1	IPR008183
XP_002286729.1	THAPSDRAFT_260890	no	0	none
XP_002286730.1	THAPSDRAFT_15417	yes	1	IPR003959
XP_002286731.1	THAPSDRAFT_31011	yes	1	IPR001993
XP_002286732.1	THAPSDRAFT_268003	no	0	none
XP_002286733.1	THAPSDRAFT_31091	yes	1	IPR001564
XP_002286734.1	THAPSDRAFT_20766	yes	1	IPR005828
XP_002286735.1	THAPSDRAFT_1305	no	0	none
XP_002286736.1	THAPSDRAFT_31515	yes	1	IPR001878
XP_002286737.1	THAPSDRAFT_1308	yes	1	IPR002110
XP_002286738.1	THAPSDRAFT_1311	yes	1	IPR001026
XP_002286739.1	THAPSDRAFT_260899	yes	1	IPR006746
XP_002286740.1	THAPSDRAFT_20768	no	0	none
XP_002286741.1	THAPSDRAFT_1316	no	0	none
XP_002286742.1	THAPSDRAFT_260900	yes	1	IPR000924
XP_002286743.1	THAPSDRAFT_39098	yes	1	IPR001023
XP_002286744.1	THAPSDRAFT_20773	no	0	none
XP_002286745.1	THAPSDRAFT_1322	yes	1	IPR000048
XP_002286746.1	THAPSDRAFT_1326	yes	1	IPR002650
XP_002286747.1	THAPSDRAFT_20776	no	0	none
XP_002286748.1	THAPSDRAFT_20777	yes	1	IPR000197
XP_002286749.1	THAPSDRAFT_268010	yes	7	IPR007120,IPR007641,IPR007642,IPR007644,IPR007645,IPR007646,IPR007647
XP_002286750.1	THAPSDRAFT_20782	no	0	none
XP_002286751.1	THAPSDRAFT_1337	yes	1	IPR001680
XP_002286752.1	THAPSDRAFT_1339	no	0	none
XP_002286753.1	THAPSDRAFT_20784	yes	1	IPR002885
XP_002286754.1	THAPSDRAFT_15819	yes	1	IPR000286
XP_002286755.1	THAPSDRAFT_20786	no	0	none
XP_002286756.1	THAPSDRAFT_20788	yes	1	IPR000878
XP_002286757.1	THAPSDRAFT_31382	no	0	none
XP_002286758.1	THAPSDRAFT_20791	yes	1	IPR001932
XP_002286759.1	THAPSDRAFT_20792	yes	1	IPR000048
XP_002286760.1	THAPSDRAFT_1353	no	0	none
XP_002286761.1	THAPSDRAFT_1355	no	0	none
XP_002286762.1	THAPSDRAFT_1357	yes	1	IPR001179
XP_002286763.1	THAPSDRAFT_20795	yes	1	IPR001283
XP_002286764.1	THAPSDRAFT_20797	no	0	none
XP_002286765.1	THAPSDRAFT_1365	no	0	none
XP_002286766.1	THAPSDRAFT_1367	yes	1	IPR001440
XP_002286767.1	THAPSDRAFT_31380	no	0	none
XP_002286768.1	THAPSDRAFT_31150	yes	1	IPR000754
XP_002286769.1	THAPSDRAFT_260919	yes	1	IPR001345
XP_002286770.1	THAPSDRAFT_31317	yes	1	IPR001732
XP_002286771.1	THAPSDRAFT_1374	yes	1	IPR000504
XP_002286772.1	THAPSDRAFT_20804	no	0	none
XP_002286773.1	THAPSDRAFT_260923	yes	1	IPR003696
XP_002286774.1	THAPSDRAFT_1381	no	0	none
XP_002286775.1	THAPSDRAFT_1383	yes	1	IPR002937
XP_002286776.1	THAPSDRAFT_260925	yes	1	IPR002125
XP_002286777.1	THAPSDRAFT_1388	no	0	none
XP_002286778.1	THAPSDRAFT_30887	yes	1	IPR001199
XP_002286779.1	THAPSDRAFT_20812	no	0	none
XP_002286780.1	THAPSDRAFT_1394	yes	1	IPR002085
XP_002286781.1	THAPSDRAFT_260934	yes	1	IPR001544
XP_002286782.1	THAPSDRAFT_20816	yes	1	IPR001544
XP_002286783.1	THAPSDRAFT_260937	yes	1	IPR000719
XP_002286784.1	THAPSDRAFT_30969	yes	1	IPR000433
XP_002286785.1	THAPSDRAFT_1407	no	0	none
XP_002286786.1	THAPSDRAFT_30990	yes	1	IPR001395
XP_002286787.1	THAPSDRAFT_260941	yes	1	IPR000462
XP_002286788.1	THAPSDRAFT_260942	yes	1	IPR006175
XP_002286789.1	THAPSDRAFT_1415	no	0	none
XP_002286790.1	THAPSDRAFT_30971	yes	1	IPR003608
XP_002286791.1	THAPSDRAFT_1418	yes	1	IPR002130
XP_002286792.1	THAPSDRAFT_20821	yes	1	IPR001283
XP_002286793.1	THAPSDRAFT_268024	no	0	none
XP_002286794.1	THAPSDRAFT_20823	yes	1	IPR004820
XP_002286795.1	THAPSDRAFT_20824	no	0	none
XP_002286796.1	THAPSDRAFT_1429	no	0	none
XP_002286797.1	THAPSDRAFT_31277	yes	1	IPR006846
XP_002286798.1	THAPSDRAFT_1432	no	0	none
XP_002286799.1	THAPSDRAFT_20827	no	0	none
XP_002286800.1	THAPSDRAFT_20829	no	0	none
XP_002286801.1	THAPSDRAFT_268027	yes	1	IPR003402
XP_002286802.1	THAPSDRAFT_20831	no	0	none
XP_002286803.1	THAPSDRAFT_1440	no	0	none
XP_002286804.1	THAPSDRAFT_1444	no	0	none
XP_002286805.1	THAPSDRAFT_30921	yes	1	IPR004316
XP_002286806.1	THAPSDRAFT_20833	no	0	none
XP_002286807.1	THAPSDRAFT_1449	no	0	none
XP_002286808.1	THAPSDRAFT_1451	no	0	none
XP_002286809.1	THAPSDRAFT_1460	no	0	none
XP_002286810.1	THAPSDRAFT_1464	no	0	none
XP_002286811.1	THAPSDRAFT_260959	yes	1	IPR001650
XP_002286812.1	THAPSDRAFT_1470	no	0	none
XP_002286813.1	THAPSDRAFT_20843	no	0	none
XP_002286814.1	THAPSDRAFT_260962	no	0	none
XP_002286815.1	THAPSDRAFT_39141	no	0	none
XP_002286816.1	THAPSDRAFT_1477	no	0	none
XP_002286817.1	THAPSDRAFT_1479	yes	1	IPR004166
XP_002286818.1	THAPSDRAFT_1481	no	0	none
XP_002286819.1	THAPSDRAFT_31472	yes	1	IPR000719
XP_002286820.1	THAPSDRAFT_1487	yes	1	IPR008580
XP_002286821.1	THAPSDRAFT_39149	yes	2	IPR001404,IPR003594
XP_002286822.1	THAPSDRAFT_20854	no	0	none
XP_002286823.1	THAPSDRAFT_1495	no	0	none
XP_002286824.1	THAPSDRAFT_268040	yes	1	IPR000569
XP_002286825.1	THAPSDRAFT_1499	yes	1	IPR002308
XP_002286826.1	THAPSDRAFT_12960	no	0	none
XP_002286827.1	THAPSDRAFT_260982	no	0	none
XP_002286828.1	THAPSDRAFT_268043	no	0	none
XP_002286829.1	THAPSDRAFT_268044	no	0	none
XP_002286830.1	THAPSDRAFT_1506	no	0	none
XP_002286831.1	THAPSDRAFT_39157	yes	1	IPR003959
XP_002286832.1	THAPSDRAFT_268048	no	0	none
XP_002286833.1	THAPSDRAFT_1512	no	0	none
XP_002286834.1	THAPSDRAFT_20864	no	0	none
XP_002286835.1	THAPSDRAFT_20865	no	0	none
XP_002286836.1	THAPSDRAFT_20866	no	0	none
XP_002286837.1	THAPSDRAFT_1520	no	0	none
XP_002286838.1	THAPSDRAFT_20869	no	0	none
XP_002286839.1	THAPSDRAFT_14924	yes	1	IPR009637
XP_002286840.1	THAPSDRAFT_20870	no	0	none
XP_002286841.1	THAPSDRAFT_31562	yes	1	IPR002696
XP_002286842.1	THAPSDRAFT_1527	no	0	none
XP_002286843.1	THAPSDRAFT_1528	no	0	none
XP_002286844.1	THAPSDRAFT_260998	yes	1	IPR002422
XP_002286845.1	THAPSDRAFT_268054	no	0	none
XP_002286846.1	THAPSDRAFT_20873	no	0	none
XP_002286847.1	THAPSDRAFT_20874	yes	2	IPR003439,IPR005226
XP_002286848.1	THAPSDRAFT_1537	no	0	none
XP_002286849.1	THAPSDRAFT_1539	no	0	none
XP_002286850.1	THAPSDRAFT_20879	yes	1	IPR000571
XP_002286851.1	THAPSDRAFT_1543	no	0	none
XP_002286852.1	THAPSDRAFT_20881	no	0	none
XP_002286853.1	THAPSDRAFT_39173	yes	1	IPR002699
XP_002286854.1	THAPSDRAFT_268059	yes	1	IPR010625
XP_002286855.1	THAPSDRAFT_20884	no	0	none
XP_002286856.1	THAPSDRAFT_268060	no	0	none
XP_002286857.1	THAPSDRAFT_1553	yes	2	IPR000595,IPR000719
XP_002286858.1	THAPSDRAFT_1555	no	0	none
XP_002286859.1	THAPSDRAFT_31375	yes	1	IPR001310
XP_002286860.1	THAPSDRAFT_20887	yes	1	IPR000504
XP_002286861.1	THAPSDRAFT_20888	no	0	none
XP_002286862.1	THAPSDRAFT_268064	no	0	none
XP_002286863.1	THAPSDRAFT_261017	no	0	none
XP_002286864.1	THAPSDRAFT_31075	no	0	none
XP_002286865.1	THAPSDRAFT_261018	yes	2	IPR002073,IPR003018
XP_002286866.1	THAPSDRAFT_1566	no	0	none
XP_002286867.1	THAPSDRAFT_261019	yes	1	IPR000569
XP_002286868.1	THAPSDRAFT_1569	no	0	none
XP_002286869.1	THAPSDRAFT_20891	no	0	none
XP_002286870.1	THAPSDRAFT_30862	yes	1	IPR001878
XP_002286871.1	THAPSDRAFT_261023	yes	1	IPR001611
XP_002286872.1	THAPSDRAFT_31215	yes	1	IPR001451
XP_002286873.1	THAPSDRAFT_268068	yes	2	IPR004364,IPR004365
XP_002286874.1	THAPSDRAFT_261027	no	0	none
XP_002286875.1	THAPSDRAFT_268070	yes	1	IPR001926
XP_002286876.1	THAPSDRAFT_31451	yes	1	IPR001196
XP_002286877.1	THAPSDRAFT_39187	yes	1	IPR002423
XP_002286878.1	THAPSDRAFT_1585	yes	1	IPR004843
XP_002286879.1	THAPSDRAFT_1586	no	0	none
XP_002286880.1	THAPSDRAFT_1588	yes	1	IPR001611
XP_002286881.1	THAPSDRAFT_20903	no	0	none
XP_002286882.1	THAPSDRAFT_1591	no	0	none
XP_002286883.1	THAPSDRAFT_20907	no	0	none
XP_002286884.1	THAPSDRAFT_31006	yes	1	IPR003489
XP_002286885.1	THAPSDRAFT_1600	yes	1	IPR004139
XP_002286886.1	THAPSDRAFT_261040	no	0	none
XP_002286887.1	THAPSDRAFT_261041	yes	1	IPR007472
XP_002286888.1	THAPSDRAFT_20909	no	0	none
XP_002286889.1	THAPSDRAFT_13156	yes	1	IPR000873
XP_002286890.1	THAPSDRAFT_204	yes	4	IPR004014,IPR005834,IPR006068,IPR008250
XP_002286891.1	THAPSDRAFT_20911	no	0	none
XP_002286892.1	THAPSDRAFT_1611	no	0	none
XP_002286893.1	THAPSDRAFT_261045	yes	3	IPR000403,IPR003151,IPR003152
XP_002286894.1	THAPSDRAFT_20915	no	0	none
XP_002286895.1	THAPSDRAFT_1615	no	0	none
XP_002286896.1	THAPSDRAFT_20916	no	0	none
XP_002286897.1	THAPSDRAFT_268080	yes	1	IPR002075
XP_002286898.1	THAPSDRAFT_20919	no	0	none
XP_002286899.1	THAPSDRAFT_1621	no	0	none
XP_002286900.1	THAPSDRAFT_1622	yes	1	IPR002755
XP_002286901.1	THAPSDRAFT_20921	yes	1	IPR008915
XP_002286902.1	THAPSDRAFT_1626	no	0	none
XP_002286903.1	THAPSDRAFT_1628	no	0	none
XP_002286904.1	THAPSDRAFT_31629	no	0	none
XP_002286905.1	THAPSDRAFT_20925	yes	1	IPR006671
XP_002286906.1	THAPSDRAFT_1634	no	0	none
XP_002286907.1	THAPSDRAFT_1636	no	0	none
XP_002286908.1	THAPSDRAFT_1643	no	0	none
XP_002286909.1	THAPSDRAFT_1645	no	0	none
XP_002286910.1	THAPSDRAFT_20932	yes	1	IPR005135
XP_002286911.1	THAPSDRAFT_1650	no	0	none
XP_002286912.1	THAPSDRAFT_20933	no	0	none
XP_002286913.1	THAPSDRAFT_17110	yes	1	IPR002917
XP_002286914.1	THAPSDRAFT_261059	no	0	none
XP_002286915.1	THAPSDRAFT_20935	no	0	none
XP_002286916.1	THAPSDRAFT_30950	yes	1	IPR001382
XP_002286917.1	THAPSDRAFT_25921	no	0	none
XP_002286918.1	THAPSDRAFT_20940	yes	1	IPR002198
XP_002286919.1	THAPSDRAFT_1668	yes	1	IPR001623
XP_002286920.1	THAPSDRAFT_268092	yes	1	IPR003462
XP_002286921.1	THAPSDRAFT_30895	yes	1	IPR001395
XP_002286922.1	THAPSDRAFT_1676	no	0	none
XP_002286923.1	THAPSDRAFT_20946	yes	1	IPR002110
XP_002286924.1	THAPSDRAFT_1681	no	0	none
XP_002286925.1	THAPSDRAFT_31661	yes	1	IPR008811
XP_002286926.1	THAPSDRAFT_1687	no	0	none
XP_002286927.1	THAPSDRAFT_20951	yes	1	IPR000225
XP_002286928.1	THAPSDRAFT_20952	yes	1	IPR006685
XP_002286929.1	THAPSDRAFT_31372	yes	1	IPR004324
XP_002286930.1	THAPSDRAFT_1693	no	0	none
XP_002286931.1	THAPSDRAFT_20953	yes	1	IPR001254
XP_002286932.1	THAPSDRAFT_30986	yes	1	IPR003782
XP_002286933.1	THAPSDRAFT_30882	no	0	none
XP_002286934.1	THAPSDRAFT_1701	no	0	none
XP_002286935.1	THAPSDRAFT_26082	yes	1	IPR000225
XP_002286936.1	THAPSDRAFT_1704	yes	1	IPR003348
XP_002286937.1	THAPSDRAFT_20960	no	0	none
XP_002286938.1	THAPSDRAFT_39225	yes	1	IPR005024
XP_002286939.1	THAPSDRAFT_20963	no	0	none
XP_002286940.1	THAPSDRAFT_1711	yes	1	IPR001251
XP_002286941.1	THAPSDRAFT_20964	no	0	none
XP_002286942.1	THAPSDRAFT_1713	no	0	none
XP_002286943.1	THAPSDRAFT_20966	no	0	none
XP_002286944.1	THAPSDRAFT_1716	no	0	none
XP_002286945.1	THAPSDRAFT_14293	no	0	none
XP_002286946.1	THAPSDRAFT_31543	yes	1	IPR003959
XP_002286947.1	THAPSDRAFT_1720	no	0	none
XP_002286948.1	THAPSDRAFT_31125	yes	1	IPR002198
XP_002286949.1	THAPSDRAFT_1725	no	0	none
XP_002286950.1	THAPSDRAFT_1726	no	0	none
XP_002286951.1	THAPSDRAFT_19048	yes	1	IPR000719
XP_002286952.1	THAPSDRAFT_20970	yes	1	IPR003959
XP_002286953.1	THAPSDRAFT_261083	yes	3	IPR007624,IPR007627,IPR007630
XP_002286954.1	THAPSDRAFT_1734	no	0	none
XP_002286955.1	THAPSDRAFT_261087	no	0	none
XP_002286956.1	THAPSDRAFT_1738	yes	1	IPR001907
XP_002286957.1	THAPSDRAFT_1740	yes	1	IPR001478
XP_002286958.1	THAPSDRAFT_20977	yes	1	IPR000252
XP_002286959.1	THAPSDRAFT_1744	no	0	none
XP_002286960.1	THAPSDRAFT_20978	no	0	none
XP_002286961.1	THAPSDRAFT_1748	yes	1	IPR000048
XP_002286962.1	THAPSDRAFT_1750	no	0	none
XP_002286963.1	THAPSDRAFT_1751	yes	1	IPR003961
XP_002286964.1	THAPSDRAFT_1754	no	0	none
XP_002286965.1	THAPSDRAFT_39232	yes	1	IPR001932
XP_002286966.1	THAPSDRAFT_1761	no	0	none
XP_002286967.1	THAPSDRAFT_20983	yes	1	IPR002048
XP_002286968.1	THAPSDRAFT_1765	yes	1	IPR002110
XP_002286969.1	THAPSDRAFT_270296	yes	1	IPR002109
XP_002286970.1	THAPSDRAFT_1768	no	0	none
XP_002286971.1	THAPSDRAFT_1770	no	0	none
XP_002286972.1	THAPSDRAFT_20986	no	0	none
XP_002286973.1	THAPSDRAFT_1773	no	0	none
XP_002286974.1	THAPSDRAFT_20987	yes	1	IPR008775
XP_002286975.1	THAPSDRAFT_1778	yes	1	IPR002110
XP_002286976.1	THAPSDRAFT_20989	no	0	none
XP_002286977.1	THAPSDRAFT_20990	no	0	none
XP_002286978.1	THAPSDRAFT_1783	no	0	none
XP_002286979.1	THAPSDRAFT_20992	no	0	none
XP_002286980.1	THAPSDRAFT_1785	yes	1	IPR000232
XP_002286981.1	THAPSDRAFT_261102	yes	2	IPR001478,IPR005151
XP_002286982.1	THAPSDRAFT_1788	no	0	none
XP_002286983.1	THAPSDRAFT_39241	yes	1	IPR001806
XP_002286984.1	THAPSDRAFT_18198	yes	1	IPR000504
XP_002286985.1	THAPSDRAFT_20997	yes	1	IPR011124
XP_002286986.1	THAPSDRAFT_31391	yes	1	IPR001752
XP_002286987.1	THAPSDRAFT_1797	no	0	none
XP_002286988.1	THAPSDRAFT_1799	no	0	none
XP_002286989.1	THAPSDRAFT_20999	yes	1	IPR006671
XP_002286990.1	THAPSDRAFT_21002	no	0	none
XP_002286991.1	THAPSDRAFT_21003	no	0	none
XP_002286992.1	THAPSDRAFT_1807	no	0	none
XP_002286993.1	THAPSDRAFT_261109	no	0	none
XP_002286994.1	THAPSDRAFT_270314	no	0	none
XP_002286995.1	THAPSDRAFT_261112	yes	1	IPR000086
XP_002286996.1	THAPSDRAFT_26806	yes	4	IPR000640,IPR000795,IPR004161,IPR005517
XP_002286997.1	THAPSDRAFT_1818	no	0	none
XP_002286998.1	THAPSDRAFT_16507	no	0	none
XP_002286999.1	THAPSDRAFT_31298	yes	1	IPR000719
XP_002287000.1	THAPSDRAFT_39255	yes	3	IPR000738,IPR002314,IPR004154
XP_002287001.1	THAPSDRAFT_19631	yes	1	IPR002048
XP_002287002.1	THAPSDRAFT_1827	no	0	none
XP_002287003.1	THAPSDRAFT_31516	yes	1	IPR002687
XP_002287004.1	THAPSDRAFT_31062	yes	1	IPR001680
XP_002287005.1	THAPSDRAFT_268118	yes	1	IPR001680
XP_002287006.1	THAPSDRAFT_1833	no	0	none
XP_002287007.1	THAPSDRAFT_1835	no	0	none
XP_002287008.1	THAPSDRAFT_1836	no	0	none
XP_002287009.1	THAPSDRAFT_21020	no	0	none
XP_002287010.1	THAPSDRAFT_1838	no	0	none
XP_002287011.1	THAPSDRAFT_1841	yes	1	IPR000504
XP_002287012.1	THAPSDRAFT_1843	yes	1	IPR007913
XP_002287013.1	THAPSDRAFT_21022	no	0	none
XP_002287014.1	THAPSDRAFT_31447	yes	1	IPR001993
XP_002287015.1	THAPSDRAFT_21025	no	0	none
XP_002287016.1	THAPSDRAFT_21026	yes	1	IPR000061
XP_002287017.1	THAPSDRAFT_1856	yes	1	IPR001878
XP_002287018.1	THAPSDRAFT_21027	no	0	none
XP_002287019.1	THAPSDRAFT_1861	no	0	none
XP_002287020.1	THAPSDRAFT_1863	yes	1	IPR000953
XP_002287021.1	THAPSDRAFT_19541	yes	1	IPR002672
XP_002287022.1	THAPSDRAFT_1869	no	0	none
XP_002287023.1	THAPSDRAFT_1871	no	0	none
XP_002287024.1	THAPSDRAFT_268124	no	0	none
XP_002287025.1	THAPSDRAFT_31566	yes	1	IPR004299
XP_002287026.1	THAPSDRAFT_17349	yes	1	IPR001107
XP_002287027.1	THAPSDRAFT_1880	no	0	none
XP_002287028.1	THAPSDRAFT_21039	no	0	none
XP_002287029.1	THAPSDRAFT_1882	no	0	none
XP_002287030.1	THAPSDRAFT_1884	no	0	none
XP_002287031.1	THAPSDRAFT_15226	yes	1	IPR006204
XP_002287032.1	THAPSDRAFT_21043	no	0	none
XP_002287033.1	THAPSDRAFT_1888	no	0	none
XP_002287034.1	THAPSDRAFT_21045	no	0	none
XP_002287035.1	THAPSDRAFT_1896	no	0	none
XP_002287036.1	THAPSDRAFT_261140	no	0	none
XP_002287037.1	THAPSDRAFT_1899	no	0	none
XP_002287038.1	THAPSDRAFT_261141	yes	1	IPR003959
XP_002287039.1	THAPSDRAFT_1904	no	0	none
XP_002287040.1	THAPSDRAFT_1906	no	0	none
XP_002287041.1	THAPSDRAFT_1907	yes	1	IPR001214
XP_002287042.1	THAPSDRAFT_1909	yes	1	IPR002048
XP_002287043.1	THAPSDRAFT_21053	no	0	none
XP_002287044.1	THAPSDRAFT_1914	no	0	none
XP_002287045.1	THAPSDRAFT_1915	no	0	none
XP_002287046.1	THAPSDRAFT_30977	yes	1	IPR000181
XP_002287047.1	THAPSDRAFT_14004	yes	1	IPR000719
XP_002287048.1	THAPSDRAFT_225	yes	1	IPR002661
XP_002287049.1	THAPSDRAFT_270201	no	0	none
XP_002287050.1	THAPSDRAFT_21058	no	0	none
XP_002287051.1	THAPSDRAFT_1927	no	0	none
XP_002287052.1	THAPSDRAFT_21060	yes	1	IPR000535
XP_002287053.1	THAPSDRAFT_1932	yes	1	IPR005114
XP_002287054.1	THAPSDRAFT_1936	yes	1	IPR000866
XP_002287055.1	THAPSDRAFT_1938	yes	1	IPR000504
XP_002287056.1	THAPSDRAFT_1940	no	0	none
XP_002287057.1	THAPSDRAFT_1943	yes	1	IPR000232
XP_002287058.1	THAPSDRAFT_31156	yes	1	IPR004360
XP_002287059.1	THAPSDRAFT_1946	no	0	none
XP_002287060.1	THAPSDRAFT_1947	yes	1	IPR007734
XP_002287061.1	THAPSDRAFT_1949	no	0	none
XP_002287062.1	THAPSDRAFT_1951	no	0	none
XP_002287063.1	THAPSDRAFT_1954	no	0	none
XP_002287064.1	THAPSDRAFT_21067	no	0	none
XP_002287065.1	THAPSDRAFT_1959	yes	1	IPR000535
XP_002287066.1	THAPSDRAFT_1961	yes	1	IPR000733
XP_002287067.1	THAPSDRAFT_21068	no	0	none
XP_002287068.1	THAPSDRAFT_1964	no	0	none
XP_002287069.1	THAPSDRAFT_21069	yes	1	IPR001993
XP_002287070.1	THAPSDRAFT_1967	no	0	none
XP_002287071.1	THAPSDRAFT_1968	no	0	none
XP_002287072.1	THAPSDRAFT_1969	no	0	none
XP_002287073.1	THAPSDRAFT_1971	yes	1	IPR004263
XP_002287074.1	THAPSDRAFT_1972	yes	1	IPR002921
XP_002287075.1	THAPSDRAFT_31128	yes	1	IPR001344
XP_002287076.1	THAPSDRAFT_1976	no	0	none
XP_002287077.1	THAPSDRAFT_1979	yes	1	IPR007214
XP_002287078.1	THAPSDRAFT_1981	no	0	none
XP_002287079.1	THAPSDRAFT_26868	yes	1	IPR001353
XP_002287080.1	THAPSDRAFT_1986	yes	1	IPR002528
XP_002287081.1	THAPSDRAFT_261161	yes	1	IPR001045
XP_002287082.1	THAPSDRAFT_31166	no	0	none
XP_002287083.1	THAPSDRAFT_31637	yes	1	IPR001932
XP_002287084.1	THAPSDRAFT_17673	no	0	none
XP_002287085.1	THAPSDRAFT_39315	yes	1	IPR002933
XP_002287086.1	THAPSDRAFT_268143	yes	1	IPR000086
XP_002287087.1	THAPSDRAFT_1995	no	0	none
XP_002287088.1	THAPSDRAFT_268144	yes	1	IPR003323
XP_002287089.1	THAPSDRAFT_2000	no	0	none
XP_002287090.1	THAPSDRAFT_2001	no	0	none
XP_002287091.1	THAPSDRAFT_21082	no	0	none
XP_002287092.1	THAPSDRAFT_21083	no	0	none
XP_002287093.1	THAPSDRAFT_2006	no	0	none
XP_002287094.1	THAPSDRAFT_268145	yes	1	IPR006958
XP_002287095.1	THAPSDRAFT_2008	no	0	none
XP_002287096.1	THAPSDRAFT_2009	no	0	none
XP_002287097.1	THAPSDRAFT_31012	yes	1	IPR001260
XP_002287098.1	THAPSDRAFT_2015	no	0	none
XP_002287099.1	THAPSDRAFT_2016	no	0	none
XP_002287100.1	THAPSDRAFT_2017	yes	1	IPR005114
XP_002287101.1	THAPSDRAFT_2019	no	0	none
XP_002287102.1	THAPSDRAFT_2021	yes	1	IPR006209
XP_002287103.1	THAPSDRAFT_2024	yes	2	IPR000719,IPR006575
XP_002287104.1	THAPSDRAFT_2028	no	0	none
XP_002287105.1	THAPSDRAFT_2033	no	0	none
XP_002287106.1	THAPSDRAFT_2034	no	0	none
XP_002287107.1	THAPSDRAFT_2036	no	0	none
XP_002287108.1	THAPSDRAFT_2038	no	0	none
XP_002287109.1	THAPSDRAFT_2039	no	0	none
XP_002287110.1	THAPSDRAFT_31265	yes	1	IPR001993
XP_002287111.1	THAPSDRAFT_2045	no	0	none
XP_002287112.1	THAPSDRAFT_21092	no	0	none
XP_002287113.1	THAPSDRAFT_2049	yes	1	IPR004843
XP_002287114.1	THAPSDRAFT_2050	no	0	none
XP_002287115.1	THAPSDRAFT_15976	yes	1	IPR002305
XP_002287116.1	THAPSDRAFT_2052	no	0	none
XP_002287117.1	THAPSDRAFT_21094	no	0	none
XP_002287118.1	THAPSDRAFT_261179	yes	1	IPR010569
XP_002287119.1	THAPSDRAFT_12943	yes	1	IPR001440
XP_002287120.1	THAPSDRAFT_2058	no	0	none
XP_002287121.1	THAPSDRAFT_261180	yes	1	IPR001611
XP_002287122.1	THAPSDRAFT_2060	no	0	none
XP_002287123.1	THAPSDRAFT_261181	no	0	none
XP_002287124.1	THAPSDRAFT_21098	yes	1	IPR002610
XP_002287125.1	THAPSDRAFT_2065	no	0	none
XP_002287126.1	THAPSDRAFT_32067	yes	2	IPR005475,IPR005476
XP_002287127.1	THAPSDRAFT_26893	yes	1	IPR001892
XP_002287128.1	THAPSDRAFT_2073	no	0	none
XP_002287129.1	THAPSDRAFT_2075	no	0	none
XP_002287130.1	THAPSDRAFT_261186	no	0	none
XP_002287131.1	THAPSDRAFT_21102	no	0	none
XP_002287132.1	THAPSDRAFT_2085	yes	1	IPR001680
XP_002287133.1	THAPSDRAFT_2086	yes	1	IPR001607
XP_002287134.1	THAPSDRAFT_21105	no	0	none
XP_002287135.1	THAPSDRAFT_268160	yes	1	IPR001107
XP_002287136.1	THAPSDRAFT_21108	yes	2	IPR000595,IPR000719
XP_002287137.1	THAPSDRAFT_2095	no	0	none
XP_002287138.1	THAPSDRAFT_2097	no	0	none
XP_002287139.1	THAPSDRAFT_21110	yes	1	IPR001678
XP_002287140.1	THAPSDRAFT_31938	yes	1	IPR001313
XP_002287141.1	THAPSDRAFT_31722	yes	1	IPR000910
XP_002287142.1	THAPSDRAFT_21114	no	0	none
XP_002287143.1	THAPSDRAFT_261205	yes	1	IPR001857
XP_002287144.1	THAPSDRAFT_268167	no	0	none
XP_002287145.1	THAPSDRAFT_2107	no	0	none
XP_002287146.1	THAPSDRAFT_32507	yes	1	IPR002661
XP_002287147.1	THAPSDRAFT_26926	yes	2	IPR001650,IPR011545
XP_002287148.1	THAPSDRAFT_21122	yes	1	IPR001965
XP_002287149.1	THAPSDRAFT_2120	no	0	none
XP_002287150.1	THAPSDRAFT_31710	yes	1	IPR000687
XP_002287151.1	THAPSDRAFT_261211	yes	1	IPR005532
XP_002287152.1	THAPSDRAFT_2124	no	0	none
XP_002287153.1	THAPSDRAFT_2126	no	0	none
XP_002287154.1	THAPSDRAFT_20541	no	0	none
XP_002287155.1	THAPSDRAFT_2130	no	0	none
XP_002287156.1	THAPSDRAFT_2132	no	0	none
XP_002287157.1	THAPSDRAFT_21126	no	0	none
XP_002287158.1	THAPSDRAFT_268172	no	0	none
XP_002287159.1	THAPSDRAFT_26931	yes	1	IPR001474
XP_002287160.1	THAPSDRAFT_32037	yes	1	IPR003959
XP_002287161.1	THAPSDRAFT_21130	yes	1	IPR001214
XP_002287162.1	THAPSDRAFT_240	yes	1	IPR000192
XP_002287163.1	THAPSDRAFT_21133	no	0	none
XP_002287164.1	THAPSDRAFT_2148	no	0	none
XP_002287165.1	THAPSDRAFT_261225	no	0	none
XP_002287166.1	THAPSDRAFT_21136	no	0	none
XP_002287167.1	THAPSDRAFT_21137	no	0	none
XP_002287168.1	THAPSDRAFT_2159	no	0	none
XP_002287169.1	THAPSDRAFT_21141	yes	1	IPR002734
XP_002287170.1	THAPSDRAFT_21143	no	0	none
XP_002287171.1	THAPSDRAFT_32414	yes	1	IPR002917
XP_002287172.1	THAPSDRAFT_21145	no	0	none
XP_002287173.1	THAPSDRAFT_32176	yes	1	IPR004241
XP_002287174.1	THAPSDRAFT_268179	yes	1	IPR005636
XP_002287175.1	THAPSDRAFT_2171	no	0	none
XP_002287176.1	THAPSDRAFT_270346	no	0	none
XP_002287177.1	THAPSDRAFT_21149	yes	1	IPR002048
XP_002287178.1	THAPSDRAFT_21152	yes	1	IPR001841
XP_002287179.1	THAPSDRAFT_268185	no	0	none
XP_002287180.1	THAPSDRAFT_2182	yes	1	IPR004871
XP_002287181.1	THAPSDRAFT_2184	no	0	none
XP_002287182.1	THAPSDRAFT_261242	no	0	none
XP_002287183.1	THAPSDRAFT_2186	yes	1	IPR001171
XP_002287184.1	THAPSDRAFT_21158	no	0	none
XP_002287185.1	THAPSDRAFT_21159	yes	2	IPR004367,IPR006671
XP_002287186.1	THAPSDRAFT_21161	yes	1	IPR003392
XP_002287187.1	THAPSDRAFT_31762	yes	1	IPR000542
XP_002287188.1	THAPSDRAFT_261250	yes	1	IPR007719
XP_002287189.1	THAPSDRAFT_261251	no	0	none
XP_002287190.1	THAPSDRAFT_2200	no	0	none
XP_002287191.1	THAPSDRAFT_268192	yes	1	IPR003689
XP_002287192.1	THAPSDRAFT_32375	yes	1	IPR003689
XP_002287193.1	THAPSDRAFT_2206	yes	1	IPR000504
XP_002287194.1	THAPSDRAFT_2209	no	0	none
XP_002287195.1	THAPSDRAFT_32325	yes	1	IPR003439
XP_002287196.1	THAPSDRAFT_21172	no	0	none
XP_002287197.1	THAPSDRAFT_2220	no	0	none
XP_002287198.1	THAPSDRAFT_2222	yes	1	IPR001680
XP_002287199.1	THAPSDRAFT_2224	no	0	none
XP_002287200.1	THAPSDRAFT_21175	yes	3	IPR005474,IPR005475,IPR005476
XP_002287201.1	THAPSDRAFT_2227	no	0	none
XP_002287202.1	THAPSDRAFT_21177	yes	1	IPR000089
XP_002287203.1	THAPSDRAFT_21178	no	0	none
XP_002287204.1	THAPSDRAFT_2233	yes	1	IPR002379
XP_002287205.1	THAPSDRAFT_2237	no	0	none
XP_002287206.1	THAPSDRAFT_268204	no	0	none
XP_002287207.1	THAPSDRAFT_21184	yes	1	IPR001623
XP_002287208.1	THAPSDRAFT_2241	no	0	none
XP_002287209.1	THAPSDRAFT_2243	no	0	none
XP_002287210.1	THAPSDRAFT_2244	no	0	none
XP_002287211.1	THAPSDRAFT_32273	yes	1	IPR000717
XP_002287212.1	THAPSDRAFT_261275	no	0	none
XP_002287213.1	THAPSDRAFT_2253	no	0	none
XP_002287214.1	THAPSDRAFT_31923	no	0	none
XP_002287215.1	THAPSDRAFT_261279	yes	1	IPR004299
XP_002287216.1	THAPSDRAFT_21193	no	0	none
XP_002287217.1	THAPSDRAFT_21194	no	0	none
XP_002287218.1	THAPSDRAFT_270291	yes	1	IPR002109
XP_002287219.1	THAPSDRAFT_261284	yes	1	IPR001395
XP_002287220.1	THAPSDRAFT_261285	yes	1	IPR001023
XP_002287221.1	THAPSDRAFT_268213	no	0	none
XP_002287222.1	THAPSDRAFT_32093	yes	1	IPR001179
XP_002287223.1	THAPSDRAFT_21201	no	0	none
XP_002287224.1	THAPSDRAFT_21203	no	0	none
XP_002287225.1	THAPSDRAFT_17704	yes	1	IPR001578
XP_002287226.1	THAPSDRAFT_268220	no	0	none
XP_002287227.1	THAPSDRAFT_2284	no	0	none
XP_002287228.1	THAPSDRAFT_32108	yes	1	IPR001041
XP_002287229.1	THAPSDRAFT_261298	no	0	none
XP_002287230.1	THAPSDRAFT_2291	no	0	none
XP_002287231.1	THAPSDRAFT_2292	yes	1	IPR008775
XP_002287232.1	THAPSDRAFT_2295	no	0	none
XP_002287233.1	THAPSDRAFT_21213	no	0	none
XP_002287234.1	THAPSDRAFT_21216	no	0	none
XP_002287235.1	THAPSDRAFT_2310	no	0	none
XP_002287236.1	THAPSDRAFT_2312	no	0	none
XP_002287237.1	THAPSDRAFT_21222	yes	3	IPR001650,IPR003034,IPR011545
XP_002287238.1	THAPSDRAFT_21223	no	0	none
XP_002287239.1	THAPSDRAFT_2317	yes	1	IPR001993
XP_002287240.1	THAPSDRAFT_2321	yes	1	IPR002562
XP_002287241.1	THAPSDRAFT_21224	yes	1	IPR000504
XP_002287242.1	THAPSDRAFT_2325	no	0	none
XP_002287243.1	THAPSDRAFT_2327	no	0	none
XP_002287244.1	THAPSDRAFT_261312	yes	1	IPR005828
XP_002287245.1	THAPSDRAFT_2332	yes	1	IPR000905
XP_002287246.1	THAPSDRAFT_32261	no	0	none
XP_002287247.1	THAPSDRAFT_2335	yes	1	IPR005172
XP_002287248.1	THAPSDRAFT_268232	no	0	none
XP_002287249.1	THAPSDRAFT_21229	no	0	none
XP_002287250.1	THAPSDRAFT_261320	yes	1	IPR003836
XP_002287251.1	THAPSDRAFT_2342	yes	1	IPR001344
XP_002287252.1	THAPSDRAFT_2344	no	0	none
XP_002287253.1	THAPSDRAFT_21233	no	0	none
XP_002287254.1	THAPSDRAFT_21234	no	0	none
XP_002287255.1	THAPSDRAFT_21235	yes	1	IPR003029
XP_002287256.1	THAPSDRAFT_261327	yes	1	IPR002198
XP_002287257.1	THAPSDRAFT_2356	yes	1	IPR000425
XP_002287258.1	THAPSDRAFT_21238	yes	1	IPR002086
XP_002287259.1	THAPSDRAFT_21239	no	0	none
XP_002287260.1	THAPSDRAFT_2362	no	0	none
XP_002287261.1	THAPSDRAFT_31759	yes	2	IPR003008,IPR008280
XP_002287262.1	THAPSDRAFT_2365	no	0	none
XP_002287263.1	THAPSDRAFT_268242	no	0	none
XP_002287264.1	THAPSDRAFT_31747	yes	1	IPR002579
XP_002287265.1	THAPSDRAFT_2375	no	0	none
XP_002287266.1	THAPSDRAFT_2377	no	0	none
XP_002287267.1	THAPSDRAFT_21248	yes	1	IPR000504
XP_002287268.1	THAPSDRAFT_21250	no	0	none
XP_002287269.1	THAPSDRAFT_32216	yes	2	IPR000851,IPR005324
XP_002287270.1	THAPSDRAFT_2386	no	0	none
XP_002287271.1	THAPSDRAFT_2387	no	0	none
XP_002287272.1	THAPSDRAFT_32153	no	0	none
XP_002287273.1	THAPSDRAFT_31951	yes	1	IPR002524
XP_002287274.1	THAPSDRAFT_2392	no	0	none
XP_002287275.1	THAPSDRAFT_21255	yes	1	IPR007461
XP_002287276.1	THAPSDRAFT_21257	yes	1	IPR001849
XP_002287277.1	THAPSDRAFT_21258	yes	1	IPR003959
XP_002287278.1	THAPSDRAFT_32051	no	0	none
XP_002287279.1	THAPSDRAFT_2400	no	0	none
XP_002287280.1	THAPSDRAFT_21260	no	0	none
XP_002287281.1	THAPSDRAFT_2407	no	0	none
XP_002287282.1	THAPSDRAFT_32016	yes	1	IPR001173
XP_002287283.1	THAPSDRAFT_2412	no	0	none
XP_002287284.1	THAPSDRAFT_39499	yes	2	IPR002784,IPR005824
XP_002287285.1	THAPSDRAFT_268256	yes	2	IPR002496,IPR008179
XP_002287286.1	THAPSDRAFT_2418	no	0	none
XP_002287287.1	THAPSDRAFT_2420	yes	1	IPR003029
XP_002287288.1	THAPSDRAFT_31703	yes	1	IPR008144
XP_002287289.1	THAPSDRAFT_2425	no	0	none
XP_002287290.1	THAPSDRAFT_32140	yes	1	IPR002220
XP_002287291.1	THAPSDRAFT_21274	no	0	none
XP_002287292.1	THAPSDRAFT_261368	yes	2	IPR000432,IPR007696
XP_002287293.1	THAPSDRAFT_2434	yes	1	IPR005821
XP_002287294.1	THAPSDRAFT_2436	yes	1	IPR003675
XP_002287295.1	THAPSDRAFT_21279	no	0	none
XP_002287296.1	THAPSDRAFT_21281	no	0	none
XP_002287297.1	THAPSDRAFT_2442	yes	1	IPR000863
XP_002287298.1	THAPSDRAFT_21282	yes	1	IPR011576
XP_002287299.1	THAPSDRAFT_21284	yes	1	IPR010402
XP_002287300.1	THAPSDRAFT_39520	yes	1	IPR004131
XP_002287301.1	THAPSDRAFT_2451	no	0	none
XP_002287302.1	THAPSDRAFT_32139	no	0	none
XP_002287303.1	THAPSDRAFT_2455	no	0	none
XP_002287304.1	THAPSDRAFT_31932	yes	1	IPR001650
XP_002287305.1	THAPSDRAFT_270308	no	0	none
XP_002287306.1	THAPSDRAFT_21290	no	0	none
XP_002287307.1	THAPSDRAFT_21291	no	0	none
XP_002287308.1	THAPSDRAFT_261381	yes	1	IPR001806
XP_002287309.1	THAPSDRAFT_32145	yes	1	IPR005804
XP_002287310.1	THAPSDRAFT_261384	no	0	none
XP_002287311.1	THAPSDRAFT_268270	yes	1	IPR003392
XP_002287312.1	THAPSDRAFT_268271	yes	2	IPR000897,IPR004125
XP_002287313.1	THAPSDRAFT_261387	yes	1	IPR010591
XP_002287314.1	THAPSDRAFT_21300	no	0	none
XP_002287315.1	THAPSDRAFT_2481	yes	2	IPR000595,IPR005821
XP_002287316.1	THAPSDRAFT_2483	no	0	none
XP_002287317.1	THAPSDRAFT_261390	yes	1	IPR000733
XP_002287318.1	THAPSDRAFT_2487	no	0	none
XP_002287319.1	THAPSDRAFT_39536	yes	1	IPR001529
XP_002287320.1	THAPSDRAFT_261392	yes	1	IPR009348
XP_002287321.1	THAPSDRAFT_2492	yes	1	IPR002781
XP_002287322.1	THAPSDRAFT_2494	no	0	none
XP_002287323.1	THAPSDRAFT_2496	no	0	none
XP_002287324.1	THAPSDRAFT_261393	yes	1	IPR000286
XP_002287325.1	THAPSDRAFT_32430	yes	1	IPR009769
XP_002287326.1	THAPSDRAFT_2502	no	0	none
XP_002287327.1	THAPSDRAFT_21307	no	0	none
XP_002287328.1	THAPSDRAFT_21308	yes	1	IPR001841
XP_002287329.1	THAPSDRAFT_39539	yes	1	IPR000719
XP_002287330.1	THAPSDRAFT_21312	no	0	none
XP_002287331.1	THAPSDRAFT_2514	yes	1	IPR001623
XP_002287332.1	THAPSDRAFT_2516	no	0	none
XP_002287333.1	THAPSDRAFT_270211	no	0	none
XP_002287334.1	THAPSDRAFT_2521	no	0	none
XP_002287335.1	THAPSDRAFT_39540	no	0	none
XP_002287336.1	THAPSDRAFT_2523	no	0	none
XP_002287337.1	THAPSDRAFT_2524	yes	1	IPR004367
XP_002287338.1	THAPSDRAFT_21316	no	0	none
XP_002287339.1	THAPSDRAFT_21318	no	0	none
XP_002287340.1	THAPSDRAFT_2530	no	0	none
XP_002287341.1	THAPSDRAFT_13556	no	0	none
XP_002287342.1	THAPSDRAFT_261403	yes	1	IPR008509
XP_002287343.1	THAPSDRAFT_268280	yes	3	IPR000089,IPR001078,IPR004167
XP_002287344.1	THAPSDRAFT_2535	no	0	none
XP_002287345.1	THAPSDRAFT_2537	yes	1	IPR002641
XP_002287346.1	THAPSDRAFT_19601	yes	1	IPR007263
XP_002287347.1	THAPSDRAFT_32486	yes	1	IPR005114
XP_002287348.1	THAPSDRAFT_261414	yes	1	IPR005828
XP_002287349.1	THAPSDRAFT_17073	yes	1	IPR010721
XP_002287350.1	THAPSDRAFT_21326	yes	2	IPR005645,IPR006575
XP_002287351.1	THAPSDRAFT_2550	yes	1	IPR001594
XP_002287352.1	THAPSDRAFT_2552	yes	1	IPR001269
XP_002287353.1	THAPSDRAFT_25933	no	0	none
XP_002287354.1	THAPSDRAFT_31822	yes	1	IPR001680
XP_002287355.1	THAPSDRAFT_2557	yes	1	IPR003347
XP_002287356.1	THAPSDRAFT_31690	yes	1	IPR003959
XP_002287357.1	THAPSDRAFT_32209	yes	1	IPR001041
XP_002287358.1	THAPSDRAFT_2562	no	0	none
XP_002287359.1	THAPSDRAFT_21334	no	0	none
XP_002287360.1	THAPSDRAFT_2564	no	0	none
XP_002287361.1	THAPSDRAFT_32022	yes	1	IPR001107
XP_002287362.1	THAPSDRAFT_2569	no	0	none
XP_002287363.1	THAPSDRAFT_31705	yes	1	IPR007248
XP_002287364.1	THAPSDRAFT_2573	yes	1	IPR008011
XP_002287365.1	THAPSDRAFT_2575	yes	2	IPR000687,IPR003903
XP_002287366.1	THAPSDRAFT_2577	no	0	none
XP_002287367.1	THAPSDRAFT_31819	no	0	none
XP_002287368.1	THAPSDRAFT_2580	yes	1	IPR004147
XP_002287369.1	THAPSDRAFT_32096	yes	1	IPR001279
XP_002287370.1	THAPSDRAFT_31757	yes	1	IPR001608
XP_002287371.1	THAPSDRAFT_261430	no	0	none
XP_002287372.1	THAPSDRAFT_2593	yes	1	IPR002110
XP_002287373.1	THAPSDRAFT_2595	yes	1	IPR002156
XP_002287374.1	THAPSDRAFT_2597	no	0	none
XP_002287375.1	THAPSDRAFT_32314	yes	1	IPR001163
XP_002287376.1	THAPSDRAFT_261431	yes	1	IPR003439
XP_002287377.1	THAPSDRAFT_2601	yes	1	IPR001344
XP_002287378.1	THAPSDRAFT_261433	yes	1	IPR004166
XP_002287379.1	THAPSDRAFT_2604	yes	1	IPR006671
XP_002287380.1	THAPSDRAFT_31921	yes	1	IPR002161
XP_002287381.1	THAPSDRAFT_21351	no	0	none
XP_002287382.1	THAPSDRAFT_2611	yes	1	IPR005123
XP_002287383.1	THAPSDRAFT_2613	no	0	none
XP_002287384.1	THAPSDRAFT_21355	no	0	none
XP_002287385.1	THAPSDRAFT_13996	yes	1	IPR010256
XP_002287386.1	THAPSDRAFT_268304	no	0	none
XP_002287387.1	THAPSDRAFT_2622	no	0	none
XP_002287388.1	THAPSDRAFT_21360	no	0	none
XP_002287389.1	THAPSDRAFT_16265	yes	1	IPR000719
XP_002287390.1	THAPSDRAFT_32230	yes	1	IPR000719
XP_002287391.1	THAPSDRAFT_21362	no	0	none
XP_002287392.1	THAPSDRAFT_21364	yes	1	IPR001394
XP_002287393.1	THAPSDRAFT_2632	no	0	none
XP_002287394.1	THAPSDRAFT_261447	no	0	none
XP_002287395.1	THAPSDRAFT_2637	no	0	none
XP_002287396.1	THAPSDRAFT_15972	yes	1	IPR000504
XP_002287397.1	THAPSDRAFT_2641	no	0	none
XP_002287398.1	THAPSDRAFT_39592	no	0	none
XP_002287399.1	THAPSDRAFT_2645	no	0	none
XP_002287400.1	THAPSDRAFT_2646	no	0	none
XP_002287401.1	THAPSDRAFT_2647	yes	1	IPR000726
XP_002287402.1	THAPSDRAFT_261453	no	0	none
XP_002287403.1	THAPSDRAFT_2653	yes	2	IPR000048,IPR001715
XP_002287404.1	THAPSDRAFT_268311	no	0	none
XP_002287405.1	THAPSDRAFT_261462	no	0	none
XP_002287406.1	THAPSDRAFT_2657	no	0	none
XP_002287407.1	THAPSDRAFT_2659	no	0	none
XP_002287408.1	THAPSDRAFT_2660	no	0	none
XP_002287409.1	THAPSDRAFT_2663	yes	1	IPR010347
XP_002287410.1	THAPSDRAFT_268314	no	0	none
XP_002287411.1	THAPSDRAFT_268315	no	0	none
XP_002287412.1	THAPSDRAFT_2666	yes	1	IPR002048
XP_002287413.1	THAPSDRAFT_2669	yes	1	IPR006115
XP_002287414.1	THAPSDRAFT_2671	yes	1	IPR000086
XP_002287415.1	THAPSDRAFT_2673	yes	1	IPR005806
XP_002287416.1	THAPSDRAFT_21386	yes	1	IPR001395
XP_002287417.1	THAPSDRAFT_2679	no	0	none
XP_002287418.1	THAPSDRAFT_21387	yes	1	IPR001915
XP_002287419.1	THAPSDRAFT_21390	no	0	none
XP_002287420.1	THAPSDRAFT_2684	no	0	none
XP_002287421.1	THAPSDRAFT_21392	no	0	none
XP_002287422.1	THAPSDRAFT_32053	yes	2	IPR002314,IPR004154
XP_002287423.1	THAPSDRAFT_14563	yes	2	IPR001345,IPR003094
XP_002287424.1	THAPSDRAFT_21398	no	0	none
XP_002287425.1	THAPSDRAFT_32295	yes	1	IPR007177
XP_002287426.1	THAPSDRAFT_2698	yes	1	IPR001810
XP_002287427.1	THAPSDRAFT_21400	no	0	none
XP_002287428.1	THAPSDRAFT_2702	yes	1	IPR002130
XP_002287429.1	THAPSDRAFT_21403	no	0	none
XP_002287430.1	THAPSDRAFT_21405	no	0	none
XP_002287431.1	THAPSDRAFT_261479	yes	1	IPR003316
XP_002287432.1	THAPSDRAFT_277	yes	1	IPR001330
XP_002287433.1	THAPSDRAFT_2714	yes	1	IPR002885
XP_002287434.1	THAPSDRAFT_2717	no	0	none
XP_002287435.1	THAPSDRAFT_268324	yes	1	IPR001708
XP_002287436.1	THAPSDRAFT_2720	yes	1	IPR000232
XP_002287437.1	THAPSDRAFT_21416	no	0	none
XP_002287438.1	THAPSDRAFT_39615	no	0	none
XP_002287439.1	THAPSDRAFT_2725	no	0	none
XP_002287440.1	THAPSDRAFT_14030	yes	2	IPR000719,IPR002048
XP_002287441.1	THAPSDRAFT_21420	no	0	none
XP_002287442.1	THAPSDRAFT_2732	yes	1	IPR002130
XP_002287443.1	THAPSDRAFT_2734	yes	1	IPR002645
XP_002287444.1	THAPSDRAFT_2735	no	0	none
XP_002287445.1	THAPSDRAFT_2737	yes	1	IPR006076
XP_002287446.1	THAPSDRAFT_39622	yes	2	IPR000449,IPR002715
XP_002287447.1	THAPSDRAFT_2742	yes	1	IPR009769
XP_002287448.1	THAPSDRAFT_17362	no	0	none
XP_002287449.1	THAPSDRAFT_21432	no	0	none
XP_002287450.1	THAPSDRAFT_261490	no	0	none
XP_002287451.1	THAPSDRAFT_16679	yes	2	IPR000504,IPR002130
XP_002287452.1	THAPSDRAFT_2755	no	0	none
XP_002287453.1	THAPSDRAFT_21439	yes	2	IPR002466,IPR006970
XP_002287454.1	THAPSDRAFT_27187	yes	1	IPR001585
XP_002287455.1	THAPSDRAFT_261495	yes	1	IPR001842
XP_002287456.1	THAPSDRAFT_21446	no	0	none
XP_002287457.1	THAPSDRAFT_21447	no	0	none
XP_002287458.1	THAPSDRAFT_2770	no	0	none
XP_002287459.1	THAPSDRAFT_2773	no	0	none
XP_002287460.1	THAPSDRAFT_2775	yes	1	IPR005814
XP_002287461.1	THAPSDRAFT_32399	no	0	none
XP_002287462.1	THAPSDRAFT_270230	yes	1	IPR006662
XP_002287463.1	THAPSDRAFT_2782	no	0	none
XP_002287464.1	THAPSDRAFT_21452	no	0	none
XP_002287465.1	THAPSDRAFT_261500	yes	1	IPR002379
XP_002287466.1	THAPSDRAFT_268335	yes	1	IPR006096
XP_002287467.1	THAPSDRAFT_2790	yes	1	IPR002480
XP_002287468.1	THAPSDRAFT_2791	no	0	none
XP_002287469.1	THAPSDRAFT_2792	no	0	none
XP_002287470.1	THAPSDRAFT_12234	yes	5	IPR000022,IPR000089,IPR005479,IPR005481,IPR005482
XP_002287471.1	THAPSDRAFT_21459	no	0	none
XP_002287472.1	THAPSDRAFT_2797	no	0	none
XP_002287473.1	THAPSDRAFT_2799	yes	1	IPR001993
XP_002287474.1	THAPSDRAFT_268338	yes	3	IPR001753,IPR006108,IPR006176
XP_002287475.1	THAPSDRAFT_21462	yes	1	IPR002092
XP_002287476.1	THAPSDRAFT_2804	no	0	none
XP_002287477.1	THAPSDRAFT_21465	no	0	none
XP_002287478.1	THAPSDRAFT_31796	yes	1	IPR000077
XP_002287479.1	THAPSDRAFT_2812	no	0	none
XP_002287480.1	THAPSDRAFT_27208	yes	1	IPR008217
XP_002287481.1	THAPSDRAFT_268344	yes	1	IPR004827
XP_002287482.1	THAPSDRAFT_2818	no	0	none
XP_002287483.1	THAPSDRAFT_268346	yes	1	IPR001440
XP_002287484.1	THAPSDRAFT_283	yes	1	IPR001310
XP_002287485.1	THAPSDRAFT_2824	yes	1	IPR000917
XP_002287486.1	THAPSDRAFT_21476	no	0	none
XP_002287487.1	THAPSDRAFT_21477	no	0	none
XP_002287488.1	THAPSDRAFT_270229	yes	1	IPR005806
XP_002287489.1	THAPSDRAFT_2832	no	0	none
XP_002287490.1	THAPSDRAFT_32066	yes	1	IPR001993
XP_002287491.1	THAPSDRAFT_31979	yes	1	IPR003265
XP_002287492.1	THAPSDRAFT_2838	yes	1	IPR001202
XP_002287493.1	THAPSDRAFT_261527	yes	1	IPR006762
XP_002287494.1	THAPSDRAFT_2844	no	0	none
XP_002287495.1	THAPSDRAFT_2846	yes	1	IPR006140
XP_002287496.1	THAPSDRAFT_27220	no	0	none
XP_002287497.1	THAPSDRAFT_2852	no	0	none
XP_002287498.1	THAPSDRAFT_21488	no	0	none
XP_002287499.1	THAPSDRAFT_2855	no	0	none
XP_002287500.1	THAPSDRAFT_21489	no	0	none
XP_002287501.1	THAPSDRAFT_32329	yes	1	IPR001752
XP_002287502.1	THAPSDRAFT_39666	yes	1	IPR003495
XP_002287503.1	THAPSDRAFT_21491	no	0	none
XP_002287504.1	THAPSDRAFT_2862	yes	1	IPR005114
XP_002287505.1	THAPSDRAFT_2865	no	0	none
XP_002287506.1	THAPSDRAFT_14942	yes	1	IPR001752
XP_002287507.1	THAPSDRAFT_32431	yes	1	IPR009249
XP_002287508.1	THAPSDRAFT_21498	yes	2	IPR001650,IPR011545
XP_002287509.1	THAPSDRAFT_27236	yes	1	IPR001440
XP_002287510.1	THAPSDRAFT_2877	no	0	none
XP_002287511.1	THAPSDRAFT_261550	no	0	none
XP_002287512.1	THAPSDRAFT_2880	yes	1	IPR004307
XP_002287513.1	THAPSDRAFT_21504	no	0	none
XP_002287514.1	THAPSDRAFT_32154	yes	1	IPR001288
XP_002287515.1	THAPSDRAFT_2885	yes	1	IPR002123
XP_002287516.1	THAPSDRAFT_31930	yes	3	IPR000642,IPR003959,IPR011546
XP_002287517.1	THAPSDRAFT_14140	yes	1	IPR006662
XP_002287518.1	THAPSDRAFT_21507	no	0	none
XP_002287519.1	THAPSDRAFT_2892	yes	2	IPR000449,IPR001816
XP_002287520.1	THAPSDRAFT_268372	yes	1	IPR000196
XP_002287521.1	THAPSDRAFT_268373	no	0	none
XP_002287522.1	THAPSDRAFT_31810	yes	1	IPR001697
XP_002287523.1	THAPSDRAFT_268374	yes	1	IPR001017
XP_002287524.1	THAPSDRAFT_39696	yes	2	IPR000583,IPR001347
XP_002287525.1	THAPSDRAFT_21513	yes	1	IPR000232
XP_002287526.1	THAPSDRAFT_39698	yes	1	IPR001222
XP_002287527.1	THAPSDRAFT_26136	yes	1	IPR002005
XP_002287528.1	THAPSDRAFT_21516	no	0	none
XP_002287529.1	THAPSDRAFT_2906	no	0	none
XP_002287530.1	THAPSDRAFT_21519	no	0	none
XP_002287531.1	THAPSDRAFT_2912	no	0	none
XP_002287532.1	THAPSDRAFT_26137	yes	1	IPR000702
XP_002287533.1	THAPSDRAFT_32459	yes	1	IPR007157
XP_002287534.1	THAPSDRAFT_32206	no	0	none
XP_002287535.1	THAPSDRAFT_261569	yes	1	IPR000504
XP_002287536.1	THAPSDRAFT_2921	yes	1	IPR000504
XP_002287537.1	THAPSDRAFT_2923	no	0	none
XP_002287538.1	THAPSDRAFT_261572	no	0	none
XP_002287539.1	THAPSDRAFT_31912	yes	1	IPR002130
XP_002287540.1	THAPSDRAFT_32217	yes	2	IPR003890,IPR003891
XP_002287541.1	THAPSDRAFT_261577	no	0	none
XP_002287542.1	THAPSDRAFT_2936	no	0	none
XP_002287543.1	THAPSDRAFT_2938	no	0	none
XP_002287544.1	THAPSDRAFT_2941	no	0	none
XP_002287545.1	THAPSDRAFT_2942	yes	1	IPR006970
XP_002287546.1	THAPSDRAFT_27276	yes	1	IPR001993
XP_002287547.1	THAPSDRAFT_21532	no	0	none
XP_002287548.1	THAPSDRAFT_2946	yes	1	IPR000850
XP_002287549.1	THAPSDRAFT_20421	yes	1	IPR000504
XP_002287550.1	THAPSDRAFT_2950	yes	1	IPR003754
XP_002287551.1	THAPSDRAFT_2951	no	0	none
XP_002287552.1	THAPSDRAFT_21535	no	0	none
XP_002287553.1	THAPSDRAFT_2954	no	0	none
XP_002287554.1	THAPSDRAFT_26140	yes	1	IPR000555
XP_002287555.1	THAPSDRAFT_2956	no	0	none
XP_002287556.1	THAPSDRAFT_2958	no	0	none
XP_002287557.1	THAPSDRAFT_2959	no	0	none
XP_002287558.1	THAPSDRAFT_21537	no	0	none
XP_002287559.1	THAPSDRAFT_21538	yes	3	IPR002821,IPR003692,IPR008040
XP_002287560.1	THAPSDRAFT_21539	yes	1	IPR002658
XP_002287561.1	THAPSDRAFT_2965	no	0	none
XP_002287562.1	THAPSDRAFT_39726	yes	1	IPR001440
XP_002287563.1	THAPSDRAFT_261589	yes	1	IPR002142
XP_002287564.1	THAPSDRAFT_21544	no	0	none
XP_002287565.1	THAPSDRAFT_31732	yes	1	IPR002110
XP_002287566.1	THAPSDRAFT_2973	no	0	none
XP_002287567.1	THAPSDRAFT_21546	no	0	none
XP_002287568.1	THAPSDRAFT_32211	yes	1	IPR001748
XP_002287569.1	THAPSDRAFT_21549	no	0	none
XP_002287570.1	THAPSDRAFT_32491	no	0	none
XP_002287571.1	THAPSDRAFT_32480	no	0	none
XP_002287572.1	THAPSDRAFT_2988	no	0	none
XP_002287573.1	THAPSDRAFT_31758	yes	1	IPR000608
XP_002287574.1	THAPSDRAFT_31783	no	0	none
XP_002287575.1	THAPSDRAFT_39735	yes	1	IPR001196
XP_002287576.1	THAPSDRAFT_31803	yes	2	IPR000048,IPR001609
XP_002287577.1	THAPSDRAFT_21557	no	0	none
XP_002287578.1	THAPSDRAFT_21559	no	0	none
XP_002287579.1	THAPSDRAFT_261601	yes	1	IPR003961
XP_002287580.1	THAPSDRAFT_3006	no	0	none
XP_002287581.1	THAPSDRAFT_3007	no	0	none
XP_002287582.1	THAPSDRAFT_3009	no	0	none
XP_002287583.1	THAPSDRAFT_3011	no	0	none
XP_002287584.1	THAPSDRAFT_3013	yes	1	IPR000608
XP_002287585.1	THAPSDRAFT_39741	yes	1	IPR001392
XP_002287586.1	THAPSDRAFT_3018	no	0	none
XP_002287587.1	THAPSDRAFT_32477	yes	1	IPR000183
XP_002287588.1	THAPSDRAFT_3022	no	0	none
XP_002287589.1	THAPSDRAFT_261607	yes	1	IPR001040
XP_002287590.1	THAPSDRAFT_3026	yes	1	IPR006145
XP_002287591.1	THAPSDRAFT_270378	no	0	none
XP_002287592.1	THAPSDRAFT_3037	no	0	none
XP_002287593.1	THAPSDRAFT_3038	no	0	none
XP_002287594.1	THAPSDRAFT_32098	yes	1	IPR000286
XP_002287595.1	THAPSDRAFT_19311	yes	1	IPR002180
XP_002287596.1	THAPSDRAFT_261614	no	0	none
XP_002287597.1	THAPSDRAFT_3047	yes	1	IPR005135
XP_002287598.1	THAPSDRAFT_3049	no	0	none
XP_002287599.1	THAPSDRAFT_31859	yes	1	IPR001163
XP_002287600.1	THAPSDRAFT_27318	no	0	none
XP_002287601.1	THAPSDRAFT_3052	no	0	none
XP_002287602.1	THAPSDRAFT_3054	yes	1	IPR003495
XP_002287603.1	THAPSDRAFT_3055	no	0	none
XP_002287604.1	THAPSDRAFT_3057	yes	1	IPR001048
XP_002287605.1	THAPSDRAFT_268404	yes	1	IPR000977
XP_002287606.1	THAPSDRAFT_3065	no	0	none
XP_002287607.1	THAPSDRAFT_2047	no	0	none
XP_002287608.1	THAPSDRAFT_268147	no	0	none
XP_002287609.1	THAPSDRAFT_2053	no	0	none
XP_002287610.1	THAPSDRAFT_2055	no	0	none
XP_002287611.1	THAPSDRAFT_2063	no	0	none
XP_002287612.1	THAPSDRAFT_2064	no	0	none
XP_002287613.1	THAPSDRAFT_2066	yes	1	IPR006970
XP_002287614.1	THAPSDRAFT_2068	no	0	none
XP_002287615.1	THAPSDRAFT_2069	no	0	none
XP_002287616.1	THAPSDRAFT_26889	yes	1	IPR002675
XP_002287617.1	THAPSDRAFT_2070	yes	1	IPR006970
XP_002287618.1	THAPSDRAFT_261184	yes	1	IPR002068
XP_002287619.1	THAPSDRAFT_2074	yes	1	IPR003958
XP_002287620.1	THAPSDRAFT_233	no	0	none
XP_002287621.1	THAPSDRAFT_2078	no	0	none
XP_002287622.1	THAPSDRAFT_31845	yes	1	IPR007197
XP_002287623.1	THAPSDRAFT_2081	no	0	none
XP_002287624.1	THAPSDRAFT_268157	yes	2	IPR001623,IPR002939
XP_002287625.1	THAPSDRAFT_21104	no	0	none
XP_002287626.1	THAPSDRAFT_2084	yes	1	IPR007125
XP_002287627.1	THAPSDRAFT_2087	no	0	none
XP_002287628.1	THAPSDRAFT_2088	no	0	none
XP_002287629.1	THAPSDRAFT_32366	yes	1	IPR001313
XP_002287630.1	THAPSDRAFT_2092	no	0	none
XP_002287631.1	THAPSDRAFT_2094	no	0	none
XP_002287632.1	THAPSDRAFT_21109	no	0	none
XP_002287633.1	THAPSDRAFT_261201	yes	1	IPR006973
XP_002287634.1	THAPSDRAFT_2100	no	0	none
XP_002287635.1	THAPSDRAFT_261203	yes	1	IPR002569
XP_002287636.1	THAPSDRAFT_21117	no	0	none
XP_002287637.1	THAPSDRAFT_21119	no	0	none
XP_002287638.1	THAPSDRAFT_31993	no	0	none
XP_002287639.1	THAPSDRAFT_32339	yes	1	IPR009287
XP_002287640.1	THAPSDRAFT_2116	yes	1	IPR009769
XP_002287641.1	THAPSDRAFT_2118	yes	1	IPR001431
XP_002287642.1	THAPSDRAFT_2119	no	0	none
XP_002287643.1	THAPSDRAFT_2122	yes	1	IPR000305
XP_002287644.1	THAPSDRAFT_21124	no	0	none
XP_002287645.1	THAPSDRAFT_20069	yes	1	IPR001813
XP_002287646.1	THAPSDRAFT_2128	no	0	none
XP_002287647.1	THAPSDRAFT_2131	no	0	none
XP_002287648.1	THAPSDRAFT_2133	yes	1	IPR000577
XP_002287649.1	THAPSDRAFT_31907	yes	1	IPR006204
XP_002287650.1	THAPSDRAFT_261217	no	0	none
XP_002287651.1	THAPSDRAFT_261219	no	0	none
XP_002287652.1	THAPSDRAFT_2137	yes	3	IPR003347,IPR003349,IPR004198
XP_002287653.1	THAPSDRAFT_21129	yes	1	IPR000608
XP_002287654.1	THAPSDRAFT_2141	no	0	none
XP_002287655.1	THAPSDRAFT_21131	no	0	none
XP_002287656.1	THAPSDRAFT_2145	yes	1	IPR002921
XP_002287657.1	THAPSDRAFT_2150	yes	1	IPR000449
XP_002287658.1	THAPSDRAFT_261226	yes	1	IPR001646
XP_002287659.1	THAPSDRAFT_2154	no	0	none
XP_002287660.1	THAPSDRAFT_21138	no	0	none
XP_002287661.1	THAPSDRAFT_21139	no	0	none
XP_002287662.1	THAPSDRAFT_2157	yes	1	IPR009772
XP_002287663.1	THAPSDRAFT_21140	yes	1	IPR001841
XP_002287664.1	THAPSDRAFT_2160	no	0	none
XP_002287665.1	THAPSDRAFT_26941	yes	5	IPR001327,IPR005117,IPR005806,IPR006067,IPR007419
XP_002287666.1	THAPSDRAFT_261228	yes	1	IPR004942
XP_002287667.1	THAPSDRAFT_270321	no	0	none
XP_002287668.1	THAPSDRAFT_21147	yes	1	IPR007203
XP_002287669.1	THAPSDRAFT_2170	no	0	none
XP_002287670.1	THAPSDRAFT_2173	no	0	none
XP_002287671.1	THAPSDRAFT_261233	yes	1	IPR003594
XP_002287672.1	THAPSDRAFT_32137	yes	1	IPR005834
XP_002287673.1	THAPSDRAFT_2178	yes	1	IPR001680
XP_002287674.1	THAPSDRAFT_31846	yes	1	IPR000760
XP_002287675.1	THAPSDRAFT_21155	no	0	none
XP_002287676.1	THAPSDRAFT_26957	yes	2	IPR001623,IPR004179
XP_002287677.1	THAPSDRAFT_268187	yes	1	IPR003425
XP_002287678.1	THAPSDRAFT_21157	no	0	none
XP_002287679.1	THAPSDRAFT_2190	no	0	none
XP_002287680.1	THAPSDRAFT_2194	yes	1	IPR005135
XP_002287681.1	THAPSDRAFT_21163	no	0	none
XP_002287682.1	THAPSDRAFT_31881	yes	1	IPR001005
XP_002287683.1	THAPSDRAFT_21165	no	0	none
XP_002287684.1	THAPSDRAFT_32092	yes	1	IPR004331
XP_002287685.1	THAPSDRAFT_18820	yes	1	IPR001005
XP_002287686.1	THAPSDRAFT_268194	yes	1	IPR001005
XP_002287687.1	THAPSDRAFT_21168	no	0	none
XP_002287688.1	THAPSDRAFT_261255	yes	1	IPR000904
XP_002287689.1	THAPSDRAFT_2211	yes	1	IPR001478
XP_002287690.1	THAPSDRAFT_21170	no	0	none
XP_002287691.1	THAPSDRAFT_268196	yes	1	IPR001965
XP_002287692.1	THAPSDRAFT_261258	yes	1	IPR001965
XP_002287693.1	THAPSDRAFT_2215	yes	1	IPR006917
XP_002287694.1	THAPSDRAFT_21173	no	0	none
XP_002287695.1	THAPSDRAFT_2217	no	0	none
XP_002287696.1	THAPSDRAFT_2218	no	0	none
XP_002287697.1	THAPSDRAFT_2219	no	0	none
XP_002287698.1	THAPSDRAFT_261260	yes	1	IPR001204
XP_002287699.1	THAPSDRAFT_32191	yes	1	IPR007286
XP_002287700.1	THAPSDRAFT_261261	yes	1	IPR001164
XP_002287701.1	THAPSDRAFT_21176	no	0	none
XP_002287702.1	THAPSDRAFT_39417	yes	1	IPR002379
XP_002287703.1	THAPSDRAFT_268202	yes	1	IPR000271
XP_002287704.1	THAPSDRAFT_2235	yes	1	IPR001623
XP_002287705.1	THAPSDRAFT_39424	yes	1	IPR000911
XP_002287706.1	THAPSDRAFT_2240	no	0	none
XP_002287707.1	THAPSDRAFT_21186	no	0	none
XP_002287708.1	THAPSDRAFT_261271	yes	1	IPR000462
XP_002287709.1	THAPSDRAFT_261272	yes	1	IPR000644
XP_002287710.1	THAPSDRAFT_26109	yes	1	IPR000836
XP_002287711.1	THAPSDRAFT_2247	no	0	none
XP_002287712.1	THAPSDRAFT_268206	no	0	none
XP_002287713.1	THAPSDRAFT_2250	no	0	none
XP_002287714.1	THAPSDRAFT_21190	yes	1	IPR005062
XP_002287715.1	THAPSDRAFT_268208	yes	1	IPR005834
XP_002287716.1	THAPSDRAFT_270295	no	0	none
XP_002287717.1	THAPSDRAFT_32374	yes	1	IPR001440
XP_002287718.1	THAPSDRAFT_21195	no	0	none
XP_002287719.1	THAPSDRAFT_261283	yes	1	IPR000037
XP_002287720.1	THAPSDRAFT_2262	yes	1	IPR006021
XP_002287721.1	THAPSDRAFT_261287	yes	1	IPR001950
XP_002287722.1	THAPSDRAFT_16605	yes	1	IPR001303
XP_002287723.1	THAPSDRAFT_2267	no	0	none
XP_002287724.1	THAPSDRAFT_21200	no	0	none
XP_002287725.1	THAPSDRAFT_2270	no	0	none
XP_002287726.1	THAPSDRAFT_268217	no	0	none
XP_002287727.1	THAPSDRAFT_2272	no	0	none
XP_002287728.1	THAPSDRAFT_2273	no	0	none
XP_002287729.1	THAPSDRAFT_261293	no	0	none
XP_002287730.1	THAPSDRAFT_27003	yes	1	IPR000994
XP_002287731.1	THAPSDRAFT_2278	yes	1	IPR001993
XP_002287732.1	THAPSDRAFT_31984	yes	1	IPR001451
XP_002287733.1	THAPSDRAFT_2280	no	0	none
XP_002287734.1	THAPSDRAFT_2282	yes	1	IPR004630
XP_002287735.1	THAPSDRAFT_268221	yes	1	IPR001005
XP_002287736.1	THAPSDRAFT_32064	yes	1	IPR001993
XP_002287737.1	THAPSDRAFT_21208	no	0	none
XP_002287738.1	THAPSDRAFT_2287	no	0	none
XP_002287739.1	THAPSDRAFT_21210	yes	1	IPR003903
XP_002287740.1	THAPSDRAFT_21211	no	0	none
XP_002287741.1	THAPSDRAFT_2293	no	0	none
XP_002287742.1	THAPSDRAFT_2294	yes	1	IPR002198
XP_002287743.1	THAPSDRAFT_32029	no	0	none
XP_002287744.1	THAPSDRAFT_13089	yes	1	IPR003439
XP_002287745.1	THAPSDRAFT_16755	yes	1	IPR007248
XP_002287746.1	THAPSDRAFT_31809	yes	2	IPR000850,IPR007862
XP_002287747.1	THAPSDRAFT_2301	no	0	none
XP_002287748.1	THAPSDRAFT_2303	no	0	none
XP_002287749.1	THAPSDRAFT_268226	yes	1	IPR010256
XP_002287750.1	THAPSDRAFT_21220	no	0	none
XP_002287751.1	THAPSDRAFT_32226	yes	1	IPR008429
XP_002287752.1	THAPSDRAFT_2309	yes	1	IPR002198
XP_002287753.1	THAPSDRAFT_2311	no	0	none
XP_002287754.1	THAPSDRAFT_2314	no	0	none
XP_002287755.1	THAPSDRAFT_31928	yes	1	IPR003439
XP_002287756.1	THAPSDRAFT_2318	yes	1	IPR001487
XP_002287757.1	THAPSDRAFT_2319	no	0	none
XP_002287758.1	THAPSDRAFT_2320	no	0	none
XP_002287759.1	THAPSDRAFT_2322	yes	1	IPR002816
XP_002287760.1	THAPSDRAFT_268228	yes	1	IPR005828
XP_002287761.1	THAPSDRAFT_261310	no	0	none
XP_002287762.1	THAPSDRAFT_2328	no	0	none
XP_002287763.1	THAPSDRAFT_21227	no	0	none
XP_002287764.1	THAPSDRAFT_2331	yes	1	IPR005114
XP_002287765.1	THAPSDRAFT_2333	no	0	none
XP_002287766.1	THAPSDRAFT_268234	no	0	none
XP_002287767.1	THAPSDRAFT_39470	yes	1	IPR001806
XP_002287768.1	THAPSDRAFT_2341	yes	1	IPR001344
XP_002287769.1	THAPSDRAFT_2343	no	0	none
XP_002287770.1	THAPSDRAFT_2345	no	0	none
XP_002287771.1	THAPSDRAFT_261324	yes	1	IPR005303
XP_002287772.1	THAPSDRAFT_261325	yes	1	IPR000225
XP_002287773.1	THAPSDRAFT_2350	yes	1	IPR005320
XP_002287774.1	THAPSDRAFT_2352	yes	1	IPR003769
XP_002287775.1	THAPSDRAFT_2353	no	0	none
XP_002287776.1	THAPSDRAFT_268238	yes	1	IPR002218
XP_002287777.1	THAPSDRAFT_21237	yes	1	IPR001440
XP_002287778.1	THAPSDRAFT_18078	yes	1	IPR005834
XP_002287779.1	THAPSDRAFT_21240	no	0	none
XP_002287780.1	THAPSDRAFT_268243	no	0	none
XP_002287781.1	THAPSDRAFT_2369	no	0	none
XP_002287782.1	THAPSDRAFT_21245	yes	1	IPR004843
XP_002287783.1	THAPSDRAFT_2371	no	0	none
XP_002287784.1	THAPSDRAFT_21246	yes	1	IPR000504
XP_002287785.1	THAPSDRAFT_16952	no	0	none
XP_002287786.1	THAPSDRAFT_21247	no	0	none
XP_002287787.1	THAPSDRAFT_2376	yes	1	IPR006204
XP_002287788.1	THAPSDRAFT_2378	no	0	none
XP_002287789.1	THAPSDRAFT_2380	yes	1	IPR000644
XP_002287790.1	THAPSDRAFT_21249	no	0	none
XP_002287791.1	THAPSDRAFT_32285	yes	1	IPR003781
XP_002287792.1	THAPSDRAFT_32510	yes	1	IPR001783
XP_002287793.1	THAPSDRAFT_15246	no	0	none
XP_002287794.1	THAPSDRAFT_268247	no	0	none
XP_002287795.1	THAPSDRAFT_2390	no	0	none
XP_002287796.1	THAPSDRAFT_268248	no	0	none
XP_002287797.1	THAPSDRAFT_27048	no	0	none
XP_002287798.1	THAPSDRAFT_21256	no	0	none
XP_002287799.1	THAPSDRAFT_32173	yes	1	IPR000307
XP_002287800.1	THAPSDRAFT_2399	yes	1	IPR004141
XP_002287801.1	THAPSDRAFT_21259	no	0	none
XP_002287802.1	THAPSDRAFT_21261	yes	1	IPR004039
XP_002287803.1	THAPSDRAFT_31818	yes	1	IPR001993
XP_002287804.1	THAPSDRAFT_268252	yes	2	IPR001680,IPR007319
XP_002287805.1	THAPSDRAFT_31894	no	0	none
XP_002287806.1	THAPSDRAFT_21263	no	0	none
XP_002287807.1	THAPSDRAFT_2409	yes	1	IPR007717
XP_002287808.1	THAPSDRAFT_39497	yes	1	IPR006689
XP_002287809.1	THAPSDRAFT_21265	yes	1	IPR002110
XP_002287810.1	THAPSDRAFT_2415	yes	1	IPR002005
XP_002287811.1	THAPSDRAFT_21268	yes	3	IPR000225,IPR001965,IPR002857
XP_002287812.1	THAPSDRAFT_268257	yes	1	IPR002198
XP_002287813.1	THAPSDRAFT_31737	yes	1	IPR002529
XP_002287814.1	THAPSDRAFT_14490	yes	1	IPR000719
XP_002287815.1	THAPSDRAFT_21271	no	0	none
XP_002287816.1	THAPSDRAFT_21272	no	0	none
XP_002287817.1	THAPSDRAFT_2426	yes	1	IPR000683
XP_002287818.1	THAPSDRAFT_268262	yes	1	IPR002086
XP_002287819.1	THAPSDRAFT_21277	yes	1	IPR005821
XP_002287820.1	THAPSDRAFT_2433	yes	1	IPR005821
XP_002287821.1	THAPSDRAFT_2435	no	0	none
XP_002287822.1	THAPSDRAFT_39516	yes	2	IPR007197,IPR010505
XP_002287823.1	THAPSDRAFT_21280	yes	2	IPR001202,IPR003604
XP_002287824.1	THAPSDRAFT_2441	yes	1	IPR000062
XP_002287825.1	THAPSDRAFT_2443	no	0	none
XP_002287826.1	THAPSDRAFT_21283	no	0	none
XP_002287827.1	THAPSDRAFT_2447	no	0	none
XP_002287828.1	THAPSDRAFT_32229	yes	1	IPR001453
XP_002287829.1	THAPSDRAFT_2452	yes	1	IPR009654
XP_002287830.1	THAPSDRAFT_2454	yes	1	IPR007705
XP_002287831.1	THAPSDRAFT_19637	yes	1	IPR002048
XP_002287832.1	THAPSDRAFT_21288	yes	1	IPR002836
XP_002287833.1	THAPSDRAFT_268266	yes	1	IPR004839
XP_002287834.1	THAPSDRAFT_2462	no	0	none
XP_002287835.1	THAPSDRAFT_2463	no	0	none
XP_002287836.1	THAPSDRAFT_32252	yes	1	IPR004788
XP_002287837.1	THAPSDRAFT_2465	no	0	none
XP_002287838.1	THAPSDRAFT_2467	yes	1	IPR000727
XP_002287839.1	THAPSDRAFT_21292	no	0	none
XP_002287840.1	THAPSDRAFT_32158	no	0	none
XP_002287841.1	THAPSDRAFT_27083	yes	1	IPR000717
XP_002287842.1	THAPSDRAFT_21295	no	0	none
XP_002287843.1	THAPSDRAFT_21299	yes	1	IPR000873
XP_002287844.1	THAPSDRAFT_2479	no	0	none
XP_002287845.1	THAPSDRAFT_32493	yes	1	IPR001395
XP_002287846.1	THAPSDRAFT_32347	no	0	none
XP_002287847.1	THAPSDRAFT_2484	no	0	none
XP_002287848.1	THAPSDRAFT_32316	yes	1	IPR008580
XP_002287849.1	THAPSDRAFT_2488	no	0	none
XP_002287850.1	THAPSDRAFT_21303	yes	1	IPR002575
XP_002287851.1	THAPSDRAFT_21304	no	0	none
XP_002287852.1	THAPSDRAFT_2495	no	0	none
XP_002287853.1	THAPSDRAFT_2497	no	0	none
XP_002287854.1	THAPSDRAFT_21305	yes	1	IPR001680
XP_002287855.1	THAPSDRAFT_261394	yes	1	IPR001395
XP_002287856.1	THAPSDRAFT_21306	no	0	none
XP_002287857.1	THAPSDRAFT_2505	yes	1	IPR001309
XP_002287858.1	THAPSDRAFT_21309	no	0	none
XP_002287859.1	THAPSDRAFT_2509	no	0	none
XP_002287860.1	THAPSDRAFT_21311	no	0	none
XP_002287861.1	THAPSDRAFT_21313	no	0	none
XP_002287862.1	THAPSDRAFT_2513	no	0	none
XP_002287863.1	THAPSDRAFT_2515	yes	1	IPR007271
XP_002287864.1	THAPSDRAFT_270338	no	0	none
XP_002287865.1	THAPSDRAFT_2519	yes	1	IPR001623
XP_002287866.1	THAPSDRAFT_2525	yes	1	IPR007956
XP_002287867.1	THAPSDRAFT_2526	no	0	none
XP_002287868.1	THAPSDRAFT_27101	yes	1	IPR000054
XP_002287869.1	THAPSDRAFT_268279	no	0	none
XP_002287870.1	THAPSDRAFT_270357	no	0	none
XP_002287871.1	THAPSDRAFT_2538	yes	1	IPR004843
XP_002287872.1	THAPSDRAFT_39550	yes	1	IPR000554
XP_002287873.1	THAPSDRAFT_2540	yes	1	IPR000182
XP_002287874.1	THAPSDRAFT_21324	no	0	none
XP_002287875.1	THAPSDRAFT_2543	no	0	none
XP_002287876.1	THAPSDRAFT_32319	yes	1	IPR008380
XP_002287877.1	THAPSDRAFT_268286	no	0	none
XP_002287878.1	THAPSDRAFT_21327	no	0	none
XP_002287879.1	THAPSDRAFT_21328	no	0	none
XP_002287880.1	THAPSDRAFT_2553	yes	1	IPR002085
XP_002287881.1	THAPSDRAFT_2555	yes	2	IPR000198,IPR005135
XP_002287882.1	THAPSDRAFT_21332	yes	1	IPR002523
XP_002287883.1	THAPSDRAFT_21333	no	0	none
XP_002287884.1	THAPSDRAFT_261422	yes	1	IPR000994
XP_002287885.1	THAPSDRAFT_21336	no	0	none
XP_002287886.1	THAPSDRAFT_19626	yes	1	IPR001506
XP_002287887.1	THAPSDRAFT_2571	no	0	none
XP_002287888.1	THAPSDRAFT_21339	yes	1	IPR003903
XP_002287889.1	THAPSDRAFT_2574	no	0	none
XP_002287890.1	THAPSDRAFT_2576	no	0	none
XP_002287891.1	THAPSDRAFT_2578	no	0	none
XP_002287892.1	THAPSDRAFT_2581	no	0	none
XP_002287893.1	THAPSDRAFT_21341	no	0	none
XP_002287894.1	THAPSDRAFT_21342	no	0	none
XP_002287895.1	THAPSDRAFT_268293	yes	1	IPR001279
XP_002287896.1	THAPSDRAFT_2587	no	0	none
XP_002287897.1	THAPSDRAFT_21344	yes	2	IPR001017,IPR005475
XP_002287898.1	THAPSDRAFT_21346	no	0	none
XP_002287899.1	THAPSDRAFT_2592	no	0	none
XP_002287900.1	THAPSDRAFT_2594	no	0	none
XP_002287901.1	THAPSDRAFT_21348	no	0	none
XP_002287902.1	THAPSDRAFT_2598	no	0	none
XP_002287903.1	THAPSDRAFT_2600	no	0	none
XP_002287904.1	THAPSDRAFT_21349	no	0	none
XP_002287905.1	THAPSDRAFT_2605	no	0	none
XP_002287906.1	THAPSDRAFT_268296	yes	1	IPR000206
XP_002287907.1	THAPSDRAFT_2609	yes	1	IPR001680
XP_002287908.1	THAPSDRAFT_15858	yes	1	IPR008183
XP_002287909.1	THAPSDRAFT_2612	no	0	none
XP_002287910.1	THAPSDRAFT_261437	no	0	none
XP_002287911.1	THAPSDRAFT_268300	no	0	none
XP_002287912.1	THAPSDRAFT_268301	yes	3	IPR000991,IPR005801,IPR006805
XP_002287913.1	THAPSDRAFT_21357	no	0	none
XP_002287914.1	THAPSDRAFT_2621	no	0	none
XP_002287915.1	THAPSDRAFT_2623	no	0	none
XP_002287916.1	THAPSDRAFT_31785	yes	1	IPR002818
XP_002287917.1	THAPSDRAFT_2628	no	0	none
XP_002287918.1	THAPSDRAFT_21363	no	0	none
XP_002287919.1	THAPSDRAFT_2633	no	0	none
XP_002287920.1	THAPSDRAFT_2634	no	0	none
XP_002287921.1	THAPSDRAFT_2635	yes	1	IPR000408
XP_002287922.1	THAPSDRAFT_261448	yes	2	IPR001830,IPR003337
XP_002287923.1	THAPSDRAFT_2642	no	0	none
XP_002287924.1	THAPSDRAFT_21368	no	0	none
XP_002287925.1	THAPSDRAFT_261451	yes	1	IPR000326
XP_002287926.1	THAPSDRAFT_2648	no	0	none
XP_002287927.1	THAPSDRAFT_2649	no	0	none
XP_002287928.1	THAPSDRAFT_21370	yes	2	IPR000408,IPR011110
XP_002287929.1	THAPSDRAFT_21371	yes	2	IPR001045,IPR003582
XP_002287930.1	THAPSDRAFT_15887	yes	1	IPR000719
XP_002287931.1	THAPSDRAFT_21374	no	0	none
XP_002287932.1	THAPSDRAFT_21375	yes	1	IPR005114
XP_002287933.1	THAPSDRAFT_21376	no	0	none
XP_002287934.1	THAPSDRAFT_268316	yes	1	IPR001464
XP_002287935.1	THAPSDRAFT_21381	no	0	none
XP_002287936.1	THAPSDRAFT_261470	yes	1	IPR002876
XP_002287937.1	THAPSDRAFT_21383	no	0	none
XP_002287938.1	THAPSDRAFT_2674	no	0	none
XP_002287939.1	THAPSDRAFT_273	yes	1	IPR000795
XP_002287940.1	THAPSDRAFT_2678	yes	1	IPR000297
XP_002287941.1	THAPSDRAFT_21388	no	0	none
XP_002287942.1	THAPSDRAFT_21389	no	0	none
XP_002287943.1	THAPSDRAFT_261472	yes	1	IPR001680
XP_002287944.1	THAPSDRAFT_21393	no	0	none
XP_002287945.1	THAPSDRAFT_2690	yes	1	IPR001680
XP_002287946.1	THAPSDRAFT_261476	no	0	none
XP_002287947.1	THAPSDRAFT_2693	no	0	none
XP_002287948.1	THAPSDRAFT_21397	yes	1	IPR010301
XP_002287949.1	THAPSDRAFT_39606	yes	1	IPR002314
XP_002287950.1	THAPSDRAFT_2703	yes	1	IPR007852
XP_002287951.1	THAPSDRAFT_2705	yes	1	IPR006696
XP_002287952.1	THAPSDRAFT_31885	yes	1	IPR000719
XP_002287953.1	THAPSDRAFT_27167	yes	1	IPR000517
XP_002287954.1	THAPSDRAFT_2711	no	0	none
XP_002287955.1	THAPSDRAFT_21409	yes	1	IPR003877
XP_002287956.1	THAPSDRAFT_21410	no	0	none
XP_002287957.1	THAPSDRAFT_261481	no	0	none
XP_002287958.1	THAPSDRAFT_21411	no	0	none
XP_002287959.1	THAPSDRAFT_31862	yes	1	IPR001932
XP_002287960.1	THAPSDRAFT_21414	no	0	none
XP_002287961.1	THAPSDRAFT_21415	no	0	none
XP_002287962.1	THAPSDRAFT_32003	yes	1	IPR001087
XP_002287963.1	THAPSDRAFT_2728	yes	3	IPR000637,IPR000910,IPR002482
XP_002287964.1	THAPSDRAFT_21419	no	0	none
XP_002287965.1	THAPSDRAFT_2731	no	0	none
XP_002287966.1	THAPSDRAFT_2733	no	0	none
XP_002287967.1	THAPSDRAFT_21421	no	0	none
XP_002287968.1	THAPSDRAFT_21422	no	0	none
XP_002287969.1	THAPSDRAFT_268327	no	0	none
XP_002287970.1	THAPSDRAFT_21425	yes	1	IPR008395
XP_002287971.1	THAPSDRAFT_268329	yes	1	IPR001388
XP_002287972.1	THAPSDRAFT_21428	no	0	none
XP_002287973.1	THAPSDRAFT_21429	no	0	none
XP_002287974.1	THAPSDRAFT_21431	no	0	none
XP_002287975.1	THAPSDRAFT_21433	no	0	none
XP_002287976.1	THAPSDRAFT_21434	no	0	none
XP_002287977.1	THAPSDRAFT_261491	no	0	none
XP_002287978.1	THAPSDRAFT_21437	yes	1	IPR003416
XP_002287979.1	THAPSDRAFT_21438	no	0	none
XP_002287980.1	THAPSDRAFT_2759	no	0	none
XP_002287981.1	THAPSDRAFT_261492	yes	1	IPR002637
XP_002287982.1	THAPSDRAFT_268331	yes	2	IPR001680,IPR007190
XP_002287983.1	THAPSDRAFT_21444	no	0	none
XP_002287984.1	THAPSDRAFT_2767	yes	1	IPR004147
XP_002287985.1	THAPSDRAFT_2769	yes	1	IPR001993
XP_002287986.1	THAPSDRAFT_2771	no	0	none
XP_002287987.1	THAPSDRAFT_2772	yes	1	IPR006709
XP_002287988.1	THAPSDRAFT_2774	no	0	none
XP_002287989.1	THAPSDRAFT_21449	no	0	none
XP_002287990.1	THAPSDRAFT_2777	yes	1	IPR008532
XP_002287991.1	THAPSDRAFT_2779	yes	1	IPR002813
XP_002287992.1	THAPSDRAFT_261499	yes	1	IPR003369
XP_002287993.1	THAPSDRAFT_21451	no	0	none
XP_002287994.1	THAPSDRAFT_21453	no	0	none
XP_002287995.1	THAPSDRAFT_21455	no	0	none
XP_002287996.1	THAPSDRAFT_32015	yes	1	IPR001005
XP_002287997.1	THAPSDRAFT_21457	no	0	none
XP_002287998.1	THAPSDRAFT_21460	yes	1	IPR001394
XP_002287999.1	THAPSDRAFT_18665	yes	1	IPR001907
XP_002288000.1	THAPSDRAFT_21463	no	0	none
XP_002288001.1	THAPSDRAFT_31771	yes	1	IPR004147
XP_002288002.1	THAPSDRAFT_21464	yes	1	IPR000210
XP_002288003.1	THAPSDRAFT_2808	yes	1	IPR000719
XP_002288004.1	THAPSDRAFT_31726	yes	1	IPR001623
XP_002288005.1	THAPSDRAFT_32181	yes	1	IPR001623
XP_002288006.1	THAPSDRAFT_270213	no	0	none
XP_002288007.1	THAPSDRAFT_2814	no	0	none
XP_002288008.1	THAPSDRAFT_2816	no	0	none
XP_002288009.1	THAPSDRAFT_21469	no	0	none
XP_002288010.1	THAPSDRAFT_261516	yes	2	IPR001164,IPR001849
XP_002288011.1	THAPSDRAFT_31764	yes	1	IPR002550
XP_002288012.1	THAPSDRAFT_21475	no	0	none
XP_002288013.1	THAPSDRAFT_2826	yes	1	IPR003137
XP_002288014.1	THAPSDRAFT_270340	yes	1	IPR000523
XP_002288015.1	THAPSDRAFT_2831	no	0	none
XP_002288016.1	THAPSDRAFT_268350	yes	1	IPR001537
XP_002288017.1	THAPSDRAFT_21480	no	0	none
XP_002288018.1	THAPSDRAFT_2837	no	0	none
XP_002288019.1	THAPSDRAFT_261525	no	0	none
XP_002288020.1	THAPSDRAFT_268351	no	0	none
XP_002288021.1	THAPSDRAFT_21482	no	0	none
XP_002288022.1	THAPSDRAFT_268352	yes	2	IPR005834,IPR008250
XP_002288023.1	THAPSDRAFT_270241	no	0	none
XP_002288024.1	THAPSDRAFT_261531	yes	1	IPR008146
XP_002288025.1	THAPSDRAFT_2848	yes	1	IPR010527
XP_002288026.1	THAPSDRAFT_268354	yes	1	IPR006671
XP_002288027.1	THAPSDRAFT_21487	no	0	none
XP_002288028.1	THAPSDRAFT_2856	no	0	none
XP_002288029.1	THAPSDRAFT_268358	no	0	none
XP_002288030.1	THAPSDRAFT_261539	yes	1	IPR007557
XP_002288031.1	THAPSDRAFT_31929	yes	1	IPR000092
XP_002288032.1	THAPSDRAFT_261541	yes	1	IPR000504
XP_002288033.1	THAPSDRAFT_268362	yes	1	IPR001471
XP_002288034.1	THAPSDRAFT_268364	yes	1	IPR000825
XP_002288035.1	THAPSDRAFT_268366	yes	1	IPR001223
XP_002288036.1	THAPSDRAFT_2874	yes	1	IPR001179
XP_002288037.1	THAPSDRAFT_261548	yes	1	IPR001108
XP_002288038.1	THAPSDRAFT_39677	yes	1	IPR001005
XP_002288039.1	THAPSDRAFT_268368	no	0	none
XP_002288040.1	THAPSDRAFT_32485	yes	2	IPR002048,IPR002872
XP_002288041.1	THAPSDRAFT_12441	no	0	none
XP_002288042.1	THAPSDRAFT_2886	no	0	none
XP_002288043.1	THAPSDRAFT_261556	yes	1	IPR001611
XP_002288044.1	THAPSDRAFT_2890	no	0	none
XP_002288045.1	THAPSDRAFT_2893	no	0	none
XP_002288046.1	THAPSDRAFT_2895	no	0	none
XP_002288047.1	THAPSDRAFT_2897	yes	1	IPR005824
XP_002288048.1	THAPSDRAFT_21515	no	0	none
XP_002288049.1	THAPSDRAFT_21517	no	0	none
XP_002288050.1	THAPSDRAFT_261566	no	0	none
XP_002288051.1	THAPSDRAFT_2909	yes	1	IPR006055
XP_002288052.1	THAPSDRAFT_2910	yes	1	IPR001752
XP_002288053.1	THAPSDRAFT_2911	no	0	none
XP_002288054.1	THAPSDRAFT_261567	yes	1	IPR001440
XP_002288055.1	THAPSDRAFT_2916	yes	1	IPR004305
XP_002288056.1	THAPSDRAFT_2919	no	0	none
XP_002288057.1	THAPSDRAFT_2920	yes	1	IPR004839
XP_002288058.1	THAPSDRAFT_2922	no	0	none
XP_002288059.1	THAPSDRAFT_14109	yes	2	IPR001650,IPR011545
XP_002288060.1	THAPSDRAFT_21524	no	0	none
XP_002288061.1	THAPSDRAFT_21525	no	0	none
XP_002288062.1	THAPSDRAFT_2927	no	0	none
XP_002288063.1	THAPSDRAFT_2928	no	0	none
XP_002288064.1	THAPSDRAFT_21527	yes	1	IPR006575
XP_002288065.1	THAPSDRAFT_32223	yes	1	IPR001806
XP_002288066.1	THAPSDRAFT_31777	yes	1	IPR004165
XP_002288067.1	THAPSDRAFT_2934	no	0	none
XP_002288068.1	THAPSDRAFT_39710	yes	1	IPR004396
XP_002288069.1	THAPSDRAFT_27273	yes	1	IPR003171
XP_002288070.1	THAPSDRAFT_21530	no	0	none
XP_002288071.1	THAPSDRAFT_2944	yes	1	IPR004033
XP_002288072.1	THAPSDRAFT_21533	no	0	none
XP_002288073.1	THAPSDRAFT_31751	yes	1	IPR001310
XP_002288074.1	THAPSDRAFT_261582	no	0	none
XP_002288075.1	THAPSDRAFT_2957	no	0	none
XP_002288076.1	THAPSDRAFT_31778	yes	1	IPR007233
XP_002288077.1	THAPSDRAFT_32503	no	0	none
XP_002288078.1	THAPSDRAFT_32481	no	0	none
XP_002288079.1	THAPSDRAFT_14482	yes	2	IPR007516,IPR007525
XP_002288080.1	THAPSDRAFT_27292	yes	3	IPR000876,IPR002942,IPR005824
XP_002288081.1	THAPSDRAFT_21545	no	0	none
XP_002288082.1	THAPSDRAFT_2974	no	0	none
XP_002288083.1	THAPSDRAFT_2977	no	0	none
XP_002288084.1	THAPSDRAFT_21548	no	0	none
XP_002288085.1	THAPSDRAFT_32468	yes	1	IPR000719
XP_002288086.1	THAPSDRAFT_2983	no	0	none
XP_002288087.1	THAPSDRAFT_2984	yes	1	IPR004273
XP_002288088.1	THAPSDRAFT_2985	yes	1	IPR002048
XP_002288089.1	THAPSDRAFT_2987	no	0	none
XP_002288090.1	THAPSDRAFT_261595	yes	1	IPR001611
XP_002288091.1	THAPSDRAFT_2990	yes	1	IPR000048
XP_002288092.1	THAPSDRAFT_2991	yes	1	IPR000571
XP_002288093.1	THAPSDRAFT_2992	no	0	none
XP_002288094.1	THAPSDRAFT_21552	no	0	none
XP_002288095.1	THAPSDRAFT_21553	no	0	none
XP_002288096.1	THAPSDRAFT_2996	no	0	none
XP_002288097.1	THAPSDRAFT_21554	no	0	none
XP_002288098.1	THAPSDRAFT_2999	yes	1	IPR006086
XP_002288099.1	THAPSDRAFT_3001	no	0	none
XP_002288100.1	THAPSDRAFT_21558	no	0	none
XP_002288101.1	THAPSDRAFT_19262	yes	1	IPR001440
XP_002288102.1	THAPSDRAFT_261602	yes	2	IPR000594,IPR007901
XP_002288103.1	THAPSDRAFT_39740	yes	2	IPR002735,IPR003307
XP_002288104.1	THAPSDRAFT_21563	no	0	none
XP_002288105.1	THAPSDRAFT_17314	yes	1	IPR005178
XP_002288106.1	THAPSDRAFT_3017	no	0	none
XP_002288107.1	THAPSDRAFT_3020	no	0	none
XP_002288108.1	THAPSDRAFT_3021	yes	1	IPR011442
XP_002288109.1	THAPSDRAFT_261606	no	0	none
XP_002288110.1	THAPSDRAFT_21568	no	0	none
XP_002288111.1	THAPSDRAFT_14979	yes	1	IPR000192
XP_002288112.1	THAPSDRAFT_3030	yes	1	IPR001584
XP_002288113.1	THAPSDRAFT_17946	yes	1	IPR001279
XP_002288114.1	THAPSDRAFT_3032	yes	1	IPR005045
XP_002288115.1	THAPSDRAFT_39754	yes	2	IPR001327,IPR004099
XP_002288116.1	THAPSDRAFT_3034	no	0	none
XP_002288117.1	THAPSDRAFT_3035	yes	1	IPR006671
XP_002288118.1	THAPSDRAFT_3036	yes	1	IPR006671
XP_002288119.1	THAPSDRAFT_3040	no	0	none
XP_002288120.1	THAPSDRAFT_268398	yes	2	IPR002314,IPR004154
XP_002288121.1	THAPSDRAFT_3043	yes	1	IPR005114
XP_002288122.1	THAPSDRAFT_261613	no	0	none
XP_002288123.1	THAPSDRAFT_21576	no	0	none
XP_002288124.1	THAPSDRAFT_3051	no	0	none
XP_002288125.1	THAPSDRAFT_31875	yes	1	IPR001313
XP_002288126.1	THAPSDRAFT_3056	no	0	none
XP_002288127.1	THAPSDRAFT_3058	yes	1	IPR001680
XP_002288128.1	THAPSDRAFT_268403	yes	1	IPR006671
XP_002288129.1	THAPSDRAFT_21580	yes	1	IPR001900
XP_002288130.1	THAPSDRAFT_21581	yes	2	IPR006970,IPR007644
XP_002288131.1	THAPSDRAFT_3064	no	0	none
XP_002288132.1	THAPSDRAFT_21582	yes	1	IPR000048
XP_002288133.1	THAPSDRAFT_3067	no	0	none
XP_002288134.1	THAPSDRAFT_261623	yes	1	IPR001993
XP_002288135.1	THAPSDRAFT_33228	yes	2	IPR000727,IPR006011
XP_002288136.1	THAPSDRAFT_270287	no	0	none
XP_002288137.1	THAPSDRAFT_21583	no	0	none
XP_002288138.1	THAPSDRAFT_3075	no	0	none
XP_002288139.1	THAPSDRAFT_3078	yes	1	IPR003689
XP_002288140.1	THAPSDRAFT_21590	no	0	none
XP_002288141.1	THAPSDRAFT_21591	yes	1	IPR001915
XP_002288142.1	THAPSDRAFT_21592	no	0	none
XP_002288143.1	THAPSDRAFT_21593	no	0	none
XP_002288144.1	THAPSDRAFT_21594	no	0	none
XP_002288145.1	THAPSDRAFT_21595	yes	1	IPR001478
XP_002288146.1	THAPSDRAFT_3091	no	0	none
XP_002288147.1	THAPSDRAFT_33193	no	0	none
XP_002288148.1	THAPSDRAFT_261633	yes	1	IPR002308
XP_002288149.1	THAPSDRAFT_3098	yes	1	IPR002478
XP_002288150.1	THAPSDRAFT_21599	yes	1	IPR007763
XP_002288151.1	THAPSDRAFT_21600	no	0	none
XP_002288152.1	THAPSDRAFT_3103	no	0	none
XP_002288153.1	THAPSDRAFT_21601	no	0	none
XP_002288154.1	THAPSDRAFT_261635	yes	1	IPR000730
XP_002288155.1	THAPSDRAFT_3108	no	0	none
XP_002288156.1	THAPSDRAFT_21602	no	0	none
XP_002288157.1	THAPSDRAFT_3111	no	0	none
XP_002288158.1	THAPSDRAFT_3113	yes	1	IPR001478
XP_002288159.1	THAPSDRAFT_21603	no	0	none
XP_002288160.1	THAPSDRAFT_21604	yes	1	IPR004027
XP_002288161.1	THAPSDRAFT_3119	no	0	none
XP_002288162.1	THAPSDRAFT_261639	yes	1	IPR010614
XP_002288163.1	THAPSDRAFT_261640	no	0	none
XP_002288164.1	THAPSDRAFT_3123	no	0	none
XP_002288165.1	THAPSDRAFT_33109	yes	1	IPR002085
XP_002288166.1	THAPSDRAFT_21607	no	0	none
XP_002288167.1	THAPSDRAFT_261641	yes	1	IPR002916
XP_002288168.1	THAPSDRAFT_32555	yes	1	IPR000358
XP_002288169.1	THAPSDRAFT_3131	yes	1	IPR000719
XP_002288170.1	THAPSDRAFT_268408	yes	1	IPR000086
XP_002288171.1	THAPSDRAFT_21611	yes	1	IPR000668
XP_002288172.1	THAPSDRAFT_3136	no	0	none
XP_002288173.1	THAPSDRAFT_21612	no	0	none
XP_002288174.1	THAPSDRAFT_21613	no	0	none
XP_002288175.1	THAPSDRAFT_3141	no	0	none
XP_002288176.1	THAPSDRAFT_3143	yes	1	IPR005804
XP_002288177.1	THAPSDRAFT_261650	yes	1	IPR000620
XP_002288178.1	THAPSDRAFT_3146	no	0	none
XP_002288179.1	THAPSDRAFT_268412	yes	1	IPR006145
XP_002288180.1	THAPSDRAFT_3149	no	0	none
XP_002288181.1	THAPSDRAFT_21617	no	0	none
XP_002288182.1	THAPSDRAFT_3153	no	0	none
XP_002288183.1	THAPSDRAFT_33252	yes	2	IPR001650,IPR011545
XP_002288184.1	THAPSDRAFT_3158	yes	1	IPR006935
XP_002288185.1	THAPSDRAFT_3160	no	0	none
XP_002288186.1	THAPSDRAFT_3161	no	0	none
XP_002288187.1	THAPSDRAFT_3163	no	0	none
XP_002288188.1	THAPSDRAFT_32914	yes	2	IPR004192,IPR005806
XP_002288189.1	THAPSDRAFT_3166	no	0	none
XP_002288190.1	THAPSDRAFT_32760	yes	1	IPR002073
XP_002288191.1	THAPSDRAFT_261661	yes	1	IPR002136
XP_002288192.1	THAPSDRAFT_3174	no	0	none
XP_002288193.1	THAPSDRAFT_32736	yes	2	IPR001650,IPR011545
XP_002288194.1	THAPSDRAFT_3180	no	0	none
XP_002288195.1	THAPSDRAFT_27352	yes	1	IPR007125
XP_002288196.1	THAPSDRAFT_3184	yes	1	IPR007125
XP_002288197.1	THAPSDRAFT_3186	no	0	none
XP_002288198.1	THAPSDRAFT_261678	yes	1	IPR001054
XP_002288199.1	THAPSDRAFT_3190	no	0	none
XP_002288200.1	THAPSDRAFT_3192	yes	1	IPR002198
XP_002288201.1	THAPSDRAFT_39802	yes	2	IPR001394,IPR003903
XP_002288202.1	THAPSDRAFT_32738	yes	1	IPR000719
XP_002288203.1	THAPSDRAFT_21640	yes	2	IPR001804,IPR002048
XP_002288204.1	THAPSDRAFT_3201	yes	1	IPR001876
XP_002288205.1	THAPSDRAFT_261688	no	0	none
XP_002288206.1	THAPSDRAFT_261690	yes	1	IPR003439
XP_002288207.1	THAPSDRAFT_21645	no	0	none
XP_002288208.1	THAPSDRAFT_261692	yes	2	IPR000306,IPR007461
XP_002288209.1	THAPSDRAFT_32790	yes	1	IPR000504
XP_002288210.1	THAPSDRAFT_3212	no	0	none
XP_002288211.1	THAPSDRAFT_3215	yes	1	IPR006671
XP_002288212.1	THAPSDRAFT_21647	no	0	none
XP_002288213.1	THAPSDRAFT_33075	yes	1	IPR000182
XP_002288214.1	THAPSDRAFT_261702	yes	1	IPR002068
XP_002288215.1	THAPSDRAFT_3222	no	0	none
XP_002288216.1	THAPSDRAFT_21653	yes	1	IPR006970
XP_002288217.1	THAPSDRAFT_21654	no	0	none
XP_002288218.1	THAPSDRAFT_32971	no	0	none
XP_002288219.1	THAPSDRAFT_3228	no	0	none
XP_002288220.1	THAPSDRAFT_3229	no	0	none
XP_002288221.1	THAPSDRAFT_21656	no	0	none
XP_002288222.1	THAPSDRAFT_3235	yes	1	IPR000286
XP_002288223.1	THAPSDRAFT_261710	yes	1	IPR003674
XP_002288224.1	THAPSDRAFT_39812	yes	1	IPR001678
XP_002288225.1	THAPSDRAFT_3241	no	0	none
XP_002288226.1	THAPSDRAFT_3242	yes	1	IPR000048
XP_002288227.1	THAPSDRAFT_21661	no	0	none
XP_002288228.1	THAPSDRAFT_21663	no	0	none
XP_002288229.1	THAPSDRAFT_21665	no	0	none
XP_002288230.1	THAPSDRAFT_3250	no	0	none
XP_002288231.1	THAPSDRAFT_21666	yes	1	IPR003610
XP_002288232.1	THAPSDRAFT_21667	yes	1	IPR001344
XP_002288233.1	THAPSDRAFT_3255	no	0	none
XP_002288234.1	THAPSDRAFT_3258	no	0	none
XP_002288235.1	THAPSDRAFT_3261	no	0	none
XP_002288236.1	THAPSDRAFT_32860	no	0	none
XP_002288237.1	THAPSDRAFT_3264	no	0	none
XP_002288238.1	THAPSDRAFT_3266	yes	1	IPR007788
XP_002288239.1	THAPSDRAFT_261716	no	0	none
XP_002288240.1	THAPSDRAFT_14923	no	0	none
XP_002288241.1	THAPSDRAFT_27377	yes	1	IPR001375
XP_002288242.1	THAPSDRAFT_32944	yes	1	IPR001753
XP_002288243.1	THAPSDRAFT_270389	no	0	none
XP_002288244.1	THAPSDRAFT_270389	yes	1	IPR001636
XP_002288245.1	THAPSDRAFT_39824	yes	2	IPR003959,IPR004176
XP_002288246.1	THAPSDRAFT_3280	no	0	none
XP_002288247.1	THAPSDRAFT_21676	no	0	none
XP_002288248.1	THAPSDRAFT_21677	no	0	none
XP_002288249.1	THAPSDRAFT_3286	no	0	none
XP_002288250.1	THAPSDRAFT_21679	yes	1	IPR001450
XP_002288251.1	THAPSDRAFT_3292	yes	1	IPR001680
XP_002288252.1	THAPSDRAFT_21683	yes	2	IPR000001,IPR002016
XP_002288253.1	THAPSDRAFT_32955	yes	1	IPR002085
XP_002288254.1	THAPSDRAFT_3298	yes	1	IPR004316
XP_002288255.1	THAPSDRAFT_3300	no	0	none
XP_002288256.1	THAPSDRAFT_3304	yes	1	IPR000903
XP_002288257.1	THAPSDRAFT_3305	no	0	none
XP_002288258.1	THAPSDRAFT_268449	yes	1	IPR004045
XP_002288259.1	THAPSDRAFT_21689	no	0	none
XP_002288260.1	THAPSDRAFT_21690	no	0	none
XP_002288261.1	THAPSDRAFT_3315	no	0	none
XP_002288262.1	THAPSDRAFT_21692	no	0	none
XP_002288263.1	THAPSDRAFT_268451	yes	1	IPR011545
XP_002288264.1	THAPSDRAFT_3318	no	0	none
XP_002288265.1	THAPSDRAFT_3320	no	0	none
XP_002288266.1	THAPSDRAFT_17480	yes	1	IPR000719
XP_002288267.1	THAPSDRAFT_3323	no	0	none
XP_002288268.1	THAPSDRAFT_21695	no	0	none
XP_002288269.1	THAPSDRAFT_3327	no	0	none
XP_002288270.1	THAPSDRAFT_3330	yes	2	IPR000342,IPR000595
XP_002288271.1	THAPSDRAFT_21697	yes	1	IPR008902
XP_002288272.1	THAPSDRAFT_21700	no	0	none
XP_002288273.1	THAPSDRAFT_33231	yes	1	IPR005834
XP_002288274.1	THAPSDRAFT_3341	no	0	none
XP_002288275.1	THAPSDRAFT_3345	no	0	none
XP_002288276.1	THAPSDRAFT_261744	yes	1	IPR000850
XP_002288277.1	THAPSDRAFT_3348	no	0	none
XP_002288278.1	THAPSDRAFT_3349	yes	1	IPR007150
XP_002288279.1	THAPSDRAFT_3353	yes	1	IPR000262
XP_002288280.1	THAPSDRAFT_21710	yes	1	IPR002110
XP_002288281.1	THAPSDRAFT_270255	no	0	none
XP_002288282.1	THAPSDRAFT_21713	yes	1	IPR000733
XP_002288283.1	THAPSDRAFT_3361	no	0	none
XP_002288284.1	THAPSDRAFT_268458	yes	3	IPR005834,IPR006068,IPR008250
XP_002288285.1	THAPSDRAFT_21718	no	0	none
XP_002288286.1	THAPSDRAFT_21719	yes	1	IPR002786
XP_002288287.1	THAPSDRAFT_268460	yes	2	IPR001126,IPR001357
XP_002288288.1	THAPSDRAFT_13551	yes	1	IPR003439
XP_002288289.1	THAPSDRAFT_261754	yes	1	IPR011547
XP_002288290.1	THAPSDRAFT_21723	yes	1	IPR001623
XP_002288291.1	THAPSDRAFT_261756	yes	1	IPR001930
XP_002288292.1	THAPSDRAFT_3378	yes	1	IPR008493
XP_002288293.1	THAPSDRAFT_268461	yes	1	IPR003462
XP_002288294.1	THAPSDRAFT_32675	yes	1	IPR002222
XP_002288295.1	THAPSDRAFT_3384	no	0	none
XP_002288296.1	THAPSDRAFT_21727	yes	2	IPR001194,IPR001478
XP_002288297.1	THAPSDRAFT_3387	no	0	none
XP_002288298.1	THAPSDRAFT_33019	yes	1	IPR010754
XP_002288299.1	THAPSDRAFT_3389	no	0	none
XP_002288300.1	THAPSDRAFT_3393	yes	1	IPR000292
XP_002288301.1	THAPSDRAFT_3394	yes	1	IPR001611
XP_002288302.1	THAPSDRAFT_21732	no	0	none
XP_002288303.1	THAPSDRAFT_3398	yes	1	IPR002125
XP_002288304.1	THAPSDRAFT_20420	yes	1	IPR001684
XP_002288305.1	THAPSDRAFT_39864	yes	2	IPR001650,IPR011545
XP_002288306.1	THAPSDRAFT_3402	no	0	none
XP_002288307.1	THAPSDRAFT_32874	yes	1	IPR001189
XP_002288308.1	THAPSDRAFT_3404	no	0	none
XP_002288309.1	THAPSDRAFT_3408	no	0	none
XP_002288310.1	THAPSDRAFT_21739	no	0	none
XP_002288311.1	THAPSDRAFT_261771	no	0	none
XP_002288312.1	THAPSDRAFT_14527	yes	1	IPR005828
XP_002288313.1	THAPSDRAFT_3414	no	0	none
XP_002288314.1	THAPSDRAFT_21742	yes	1	IPR001247
XP_002288315.1	THAPSDRAFT_12500	yes	2	IPR000330,IPR001650
XP_002288316.1	THAPSDRAFT_27435	yes	1	IPR003822
XP_002288317.1	THAPSDRAFT_3424	no	0	none
XP_002288318.1	THAPSDRAFT_21747	no	0	none
XP_002288319.1	THAPSDRAFT_3428	no	0	none
XP_002288320.1	THAPSDRAFT_21748	yes	1	IPR000771
XP_002288321.1	THAPSDRAFT_21750	no	0	none
XP_002288322.1	THAPSDRAFT_3435	yes	1	IPR000297
XP_002288323.1	THAPSDRAFT_3436	no	0	none
XP_002288324.1	THAPSDRAFT_3438	no	0	none
XP_002288325.1	THAPSDRAFT_3439	no	0	none
XP_002288326.1	THAPSDRAFT_32741	no	0	none
XP_002288327.1	THAPSDRAFT_3447	no	0	none
XP_002288328.1	THAPSDRAFT_3448	yes	1	IPR008144
XP_002288329.1	THAPSDRAFT_3450	yes	1	IPR000182
XP_002288330.1	THAPSDRAFT_16612	yes	1	IPR001395
XP_002288331.1	THAPSDRAFT_3453	no	0	none
XP_002288332.1	THAPSDRAFT_3454	no	0	none
XP_002288333.1	THAPSDRAFT_3456	yes	2	IPR001478,IPR005151
XP_002288334.1	THAPSDRAFT_3458	no	0	none
XP_002288335.1	THAPSDRAFT_268475	yes	1	IPR000008
XP_002288336.1	THAPSDRAFT_3461	yes	1	IPR002305
XP_002288337.1	THAPSDRAFT_33169	yes	1	IPR007248
XP_002288338.1	THAPSDRAFT_27451	yes	1	IPR010339
XP_002288339.1	THAPSDRAFT_268480	yes	1	IPR000092
XP_002288340.1	THAPSDRAFT_268481	yes	1	IPR000232
XP_002288341.1	THAPSDRAFT_39901	yes	1	IPR001576
XP_002288342.1	THAPSDRAFT_21769	no	0	none
XP_002288343.1	THAPSDRAFT_261802	yes	1	IPR001395
XP_002288344.1	THAPSDRAFT_21771	no	0	none
XP_002288345.1	THAPSDRAFT_261803	no	0	none
XP_002288346.1	THAPSDRAFT_3481	no	0	none
XP_002288347.1	THAPSDRAFT_3482	no	0	none
XP_002288348.1	THAPSDRAFT_32752	yes	1	IPR000988
XP_002288349.1	THAPSDRAFT_15161	yes	2	IPR000182,IPR001487
XP_002288350.1	THAPSDRAFT_3487	yes	1	IPR000571
XP_002288351.1	THAPSDRAFT_21774	no	0	none
XP_002288352.1	THAPSDRAFT_268486	yes	1	IPR005599
XP_002288353.1	THAPSDRAFT_3493	no	0	none
XP_002288354.1	THAPSDRAFT_21776	no	0	none
XP_002288355.1	THAPSDRAFT_268488	yes	1	IPR002060
XP_002288356.1	THAPSDRAFT_21778	no	0	none
XP_002288357.1	THAPSDRAFT_21779	yes	1	IPR000504
XP_002288358.1	THAPSDRAFT_3500	no	0	none
XP_002288359.1	THAPSDRAFT_33256	yes	1	IPR003348
XP_002288360.1	THAPSDRAFT_21781	no	0	none
XP_002288361.1	THAPSDRAFT_3506	no	0	none
XP_002288362.1	THAPSDRAFT_268493	yes	1	IPR002198
XP_002288363.1	THAPSDRAFT_21784	yes	1	IPR000504
XP_002288364.1	THAPSDRAFT_39924	yes	4	IPR001241,IPR002288,IPR003594,IPR006171
XP_002288365.1	THAPSDRAFT_3516	yes	1	IPR007194
XP_002288366.1	THAPSDRAFT_21789	no	0	none
XP_002288367.1	THAPSDRAFT_33241	yes	1	IPR001063
XP_002288368.1	THAPSDRAFT_21791	no	0	none
XP_002288369.1	THAPSDRAFT_270391	yes	1	IPR000146
XP_002288370.1	THAPSDRAFT_33194	yes	1	IPR001544
XP_002288371.1	THAPSDRAFT_261825	yes	1	IPR001254
XP_002288372.1	THAPSDRAFT_21795	no	0	none
XP_002288373.1	THAPSDRAFT_3529	yes	1	IPR002562
XP_002288374.1	THAPSDRAFT_261827	yes	1	IPR006662
XP_002288375.1	THAPSDRAFT_21797	no	0	none
XP_002288376.1	THAPSDRAFT_21798	no	0	none
XP_002288377.1	THAPSDRAFT_3538	no	0	none
XP_002288378.1	THAPSDRAFT_3541	no	0	none
XP_002288379.1	THAPSDRAFT_21800	yes	1	IPR007036
XP_002288380.1	THAPSDRAFT_32845	no	0	none
XP_002288381.1	THAPSDRAFT_21801	no	0	none
XP_002288382.1	THAPSDRAFT_21804	no	0	none
XP_002288383.1	THAPSDRAFT_261832	yes	1	IPR000209
XP_002288384.1	THAPSDRAFT_21805	yes	1	IPR002110
XP_002288385.1	THAPSDRAFT_20146	no	0	none
XP_002288386.1	THAPSDRAFT_21809	no	0	none
XP_002288387.1	THAPSDRAFT_3560	no	0	none
XP_002288388.1	THAPSDRAFT_3563	yes	2	IPR000571,IPR001680
XP_002288389.1	THAPSDRAFT_3564	no	0	none
XP_002288390.1	THAPSDRAFT_32758	yes	1	IPR001353
XP_002288391.1	THAPSDRAFT_33161	yes	2	IPR000352,IPR005139
XP_002288392.1	THAPSDRAFT_3570	yes	1	IPR001932
XP_002288393.1	THAPSDRAFT_261839	yes	1	IPR001650
XP_002288394.1	THAPSDRAFT_33024	yes	1	IPR000868
XP_002288395.1	THAPSDRAFT_21819	yes	1	IPR001683
XP_002288396.1	THAPSDRAFT_21820	no	0	none
XP_002288397.1	THAPSDRAFT_21821	no	0	none
XP_002288398.1	THAPSDRAFT_3579	no	0	none
XP_002288399.1	THAPSDRAFT_3581	no	0	none
XP_002288400.1	THAPSDRAFT_3582	yes	1	IPR001806
XP_002288401.1	THAPSDRAFT_3583	no	0	none
XP_002288402.1	THAPSDRAFT_21825	yes	1	IPR002110
XP_002288403.1	THAPSDRAFT_3587	no	0	none
XP_002288404.1	THAPSDRAFT_3588	no	0	none
XP_002288405.1	THAPSDRAFT_3591	yes	1	IPR006671
XP_002288406.1	THAPSDRAFT_21827	no	0	none
XP_002288407.1	THAPSDRAFT_261844	yes	2	IPR000008,IPR001736
XP_002288408.1	THAPSDRAFT_33126	yes	1	IPR001806
XP_002288409.1	THAPSDRAFT_3601	yes	1	IPR005821
XP_002288410.1	THAPSDRAFT_33000	yes	1	IPR000559
XP_002288411.1	THAPSDRAFT_21830	no	0	none
XP_002288412.1	THAPSDRAFT_21831	no	0	none
XP_002288413.1	THAPSDRAFT_3608	no	0	none
XP_002288414.1	THAPSDRAFT_33033	yes	2	IPR001279,IPR011108
XP_002288415.1	THAPSDRAFT_268509	yes	1	IPR001611
XP_002288416.1	THAPSDRAFT_21837	yes	1	IPR000397
XP_002288417.1	THAPSDRAFT_3617	no	0	none
XP_002288418.1	THAPSDRAFT_32816	no	0	none
XP_002288419.1	THAPSDRAFT_21839	no	0	none
XP_002288420.1	THAPSDRAFT_3622	yes	1	IPR001228
XP_002288421.1	THAPSDRAFT_21841	no	0	none
XP_002288422.1	THAPSDRAFT_32716	yes	1	IPR004137
XP_002288423.1	THAPSDRAFT_3627	yes	1	IPR002155
XP_002288424.1	THAPSDRAFT_3629	yes	2	IPR001394,IPR001607
XP_002288425.1	THAPSDRAFT_3630	yes	1	IPR000008
XP_002288426.1	THAPSDRAFT_3632	no	0	none
XP_002288427.1	THAPSDRAFT_3635	no	0	none
XP_002288428.1	THAPSDRAFT_337	yes	2	IPR000795,IPR004160
XP_002288429.1	THAPSDRAFT_3640	yes	1	IPR002893
XP_002288430.1	THAPSDRAFT_39973	yes	1	IPR001672
XP_002288431.1	THAPSDRAFT_32577	yes	1	IPR000534
XP_002288432.1	THAPSDRAFT_3646	no	0	none
XP_002288433.1	THAPSDRAFT_3647	no	0	none
XP_002288434.1	THAPSDRAFT_3650	no	0	none
XP_002288435.1	THAPSDRAFT_268516	no	0	none
XP_002288436.1	THAPSDRAFT_21855	yes	2	IPR001849,IPR009769
XP_002288437.1	THAPSDRAFT_21857	no	0	none
XP_002288438.1	THAPSDRAFT_261863	no	0	none
XP_002288439.1	THAPSDRAFT_3659	no	0	none
XP_002288440.1	THAPSDRAFT_3661	no	0	none
XP_002288441.1	THAPSDRAFT_3663	yes	1	IPR005123
XP_002288442.1	THAPSDRAFT_32807	yes	2	IPR001650,IPR011545
XP_002288443.1	THAPSDRAFT_15123	yes	1	IPR001394
XP_002288444.1	THAPSDRAFT_21863	no	0	none
XP_002288445.1	THAPSDRAFT_27550	yes	1	IPR000672
XP_002288446.1	THAPSDRAFT_21866	no	0	none
XP_002288447.1	THAPSDRAFT_21867	no	0	none
XP_002288448.1	THAPSDRAFT_3680	no	0	none
XP_002288449.1	THAPSDRAFT_21871	yes	1	IPR001865
XP_002288450.1	THAPSDRAFT_27556	yes	1	IPR010704
XP_002288451.1	THAPSDRAFT_27557	yes	1	IPR003439
XP_002288452.1	THAPSDRAFT_40001	yes	4	IPR000640,IPR000795,IPR004161,IPR006297
XP_002288453.1	THAPSDRAFT_3688	no	0	none
XP_002288454.1	THAPSDRAFT_3690	no	0	none
XP_002288455.1	THAPSDRAFT_3691	no	0	none
XP_002288456.1	THAPSDRAFT_3694	no	0	none
XP_002288457.1	THAPSDRAFT_32522	yes	1	IPR010614
XP_002288458.1	THAPSDRAFT_33072	yes	1	IPR001619
XP_002288459.1	THAPSDRAFT_32945	yes	1	IPR001041
XP_002288460.1	THAPSDRAFT_21879	no	0	none
XP_002288461.1	THAPSDRAFT_261876	yes	1	IPR001965
XP_002288462.1	THAPSDRAFT_21882	no	0	none
XP_002288463.1	THAPSDRAFT_27564	yes	1	IPR002701
XP_002288464.1	THAPSDRAFT_3708	no	0	none
XP_002288465.1	THAPSDRAFT_3710	no	0	none
XP_002288466.1	THAPSDRAFT_32766	no	0	none
XP_002288467.1	THAPSDRAFT_21887	no	0	none
XP_002288468.1	THAPSDRAFT_3715	no	0	none
XP_002288469.1	THAPSDRAFT_3719	yes	3	IPR001650,IPR006935,IPR011545
XP_002288470.1	THAPSDRAFT_21891	no	0	none
XP_002288471.1	THAPSDRAFT_21892	no	0	none
XP_002288472.1	THAPSDRAFT_268526	no	0	none
XP_002288473.1	THAPSDRAFT_3725	no	0	none
XP_002288474.1	THAPSDRAFT_14315	yes	1	IPR005101
XP_002288475.1	THAPSDRAFT_32779	yes	1	IPR004130
XP_002288476.1	THAPSDRAFT_3731	no	0	none
XP_002288477.1	THAPSDRAFT_3734	no	0	none
XP_002288478.1	THAPSDRAFT_21898	no	0	none
XP_002288479.1	THAPSDRAFT_21900	no	0	none
XP_002288480.1	THAPSDRAFT_21901	no	0	none
XP_002288481.1	THAPSDRAFT_3741	yes	1	IPR002076
XP_002288482.1	THAPSDRAFT_3744	no	0	none
XP_002288483.1	THAPSDRAFT_12729	yes	2	IPR001830,IPR003337
XP_002288484.1	THAPSDRAFT_3748	yes	1	IPR001993
XP_002288485.1	THAPSDRAFT_3751	yes	1	IPR001357
XP_002288486.1	THAPSDRAFT_40021	yes	1	IPR001395
XP_002288487.1	THAPSDRAFT_3755	no	0	none
XP_002288488.1	THAPSDRAFT_21908	no	0	none
XP_002288489.1	THAPSDRAFT_21910	no	0	none
XP_002288490.1	THAPSDRAFT_21911	yes	1	IPR006773
XP_002288491.1	THAPSDRAFT_21914	no	0	none
XP_002288492.1	THAPSDRAFT_3765	no	0	none
XP_002288493.1	THAPSDRAFT_3768	no	0	none
XP_002288494.1	THAPSDRAFT_3770	no	0	none
XP_002288495.1	THAPSDRAFT_3773	no	0	none
XP_002288496.1	THAPSDRAFT_40028	yes	3	IPR001278,IPR005148,IPR008909
XP_002288497.1	THAPSDRAFT_3776	no	0	none
XP_002288498.1	THAPSDRAFT_3777	yes	1	IPR006671
XP_002288499.1	THAPSDRAFT_3779	yes	1	IPR001564
XP_002288500.1	THAPSDRAFT_3781	no	0	none
XP_002288501.1	THAPSDRAFT_21923	no	0	none
XP_002288502.1	THAPSDRAFT_3784	yes	1	IPR000408
XP_002288503.1	THAPSDRAFT_40034	yes	2	IPR002314,IPR004154
XP_002288504.1	THAPSDRAFT_3788	no	0	none
XP_002288505.1	THAPSDRAFT_21925	no	0	none
XP_002288506.1	THAPSDRAFT_3790	yes	1	IPR001993
XP_002288507.1	THAPSDRAFT_3793	yes	1	IPR005828
XP_002288508.1	THAPSDRAFT_21929	no	0	none
XP_002288509.1	THAPSDRAFT_3800	no	0	none
XP_002288510.1	THAPSDRAFT_21931	yes	1	IPR000863
XP_002288511.1	THAPSDRAFT_3804	no	0	none
XP_002288512.1	THAPSDRAFT_17292	yes	1	IPR002877
XP_002288513.1	THAPSDRAFT_268541	yes	2	IPR000127,IPR000594
XP_002288514.1	THAPSDRAFT_261910	no	0	none
XP_002288515.1	THAPSDRAFT_32684	no	0	none
XP_002288516.1	THAPSDRAFT_3814	yes	1	IPR001993
XP_002288517.1	THAPSDRAFT_3816	yes	1	IPR001344
XP_002288518.1	THAPSDRAFT_21941	no	0	none
XP_002288519.1	THAPSDRAFT_21943	yes	1	IPR008696
XP_002288520.1	THAPSDRAFT_3822	no	0	none
XP_002288521.1	THAPSDRAFT_27618	yes	1	IPR001790
XP_002288522.1	THAPSDRAFT_3824	no	0	none
XP_002288523.1	THAPSDRAFT_21947	no	0	none
XP_002288524.1	THAPSDRAFT_20065	no	0	none
XP_002288525.1	THAPSDRAFT_21951	no	0	none
XP_002288526.1	THAPSDRAFT_32525	yes	1	IPR000608
XP_002288527.1	THAPSDRAFT_21954	no	0	none
XP_002288528.1	THAPSDRAFT_3837	yes	2	IPR004843,IPR008334
XP_002288529.1	THAPSDRAFT_21956	yes	1	IPR002912
XP_002288530.1	THAPSDRAFT_3840	yes	1	IPR002885
XP_002288531.1	THAPSDRAFT_3842	no	0	none
XP_002288532.1	THAPSDRAFT_21959	no	0	none
XP_002288533.1	THAPSDRAFT_268550	yes	1	IPR002086
XP_002288534.1	THAPSDRAFT_3848	yes	1	IPR002198
XP_002288535.1	THAPSDRAFT_3850	no	0	none
XP_002288536.1	THAPSDRAFT_32840	yes	1	IPR001752
XP_002288537.1	THAPSDRAFT_21966	no	0	none
XP_002288538.1	THAPSDRAFT_3861	yes	1	IPR006970
XP_002288539.1	THAPSDRAFT_268551	yes	1	IPR002125
XP_002288540.1	THAPSDRAFT_3863	no	0	none
XP_002288541.1	THAPSDRAFT_40073	yes	2	IPR006109,IPR011128
XP_002288542.1	THAPSDRAFT_270372	no	0	none
XP_002288543.1	THAPSDRAFT_3866	no	0	none
XP_002288544.1	THAPSDRAFT_3868	no	0	none
XP_002288545.1	THAPSDRAFT_3870	no	0	none
XP_002288546.1	THAPSDRAFT_21971	no	0	none
XP_002288547.1	THAPSDRAFT_21972	no	0	none
XP_002288548.1	THAPSDRAFT_3874	no	0	none
XP_002288549.1	THAPSDRAFT_3876	no	0	none
XP_002288550.1	THAPSDRAFT_3878	yes	1	IPR002130
XP_002288551.1	THAPSDRAFT_261935	no	0	none
XP_002288552.1	THAPSDRAFT_21977	no	0	none
XP_002288553.1	THAPSDRAFT_261937	yes	1	IPR008656
XP_002288554.1	THAPSDRAFT_3890	no	0	none
XP_002288555.1	THAPSDRAFT_354	yes	2	IPR001650,IPR011545
XP_002288556.1	THAPSDRAFT_3893	no	0	none
XP_002288557.1	THAPSDRAFT_3895	no	0	none
XP_002288558.1	THAPSDRAFT_3897	no	0	none
XP_002288559.1	THAPSDRAFT_3898	no	0	none
XP_002288560.1	THAPSDRAFT_3900	yes	1	IPR006114
XP_002288561.1	THAPSDRAFT_3901	no	0	none
XP_002288562.1	THAPSDRAFT_3903	yes	1	IPR002198
XP_002288563.1	THAPSDRAFT_268559	yes	1	IPR010674
XP_002288564.1	THAPSDRAFT_268560	yes	3	IPR001433,IPR003097,IPR008254
XP_002288565.1	THAPSDRAFT_3913	yes	1	IPR007213
XP_002288566.1	THAPSDRAFT_21991	no	0	none
XP_002288567.1	THAPSDRAFT_27656	yes	1	IPR001023
XP_002288568.1	THAPSDRAFT_3919	no	0	none
XP_002288569.1	THAPSDRAFT_16926	yes	1	IPR004854
XP_002288570.1	THAPSDRAFT_21996	yes	1	IPR000719
XP_002288571.1	THAPSDRAFT_3924	no	0	none
XP_002288572.1	THAPSDRAFT_3926	no	0	none
XP_002288573.1	THAPSDRAFT_3928	yes	1	IPR002198
XP_002288574.1	THAPSDRAFT_3929	yes	1	IPR003653
XP_002288575.1	THAPSDRAFT_32745	yes	1	IPR006662
XP_002288576.1	THAPSDRAFT_3932	no	0	none
XP_002288577.1	THAPSDRAFT_3933	no	0	none
XP_002288578.1	THAPSDRAFT_33056	yes	1	IPR001993
XP_002288579.1	THAPSDRAFT_3935	no	0	none
XP_002288580.1	THAPSDRAFT_268564	yes	1	IPR000668
XP_002288581.1	THAPSDRAFT_22003	no	0	none
XP_002288582.1	THAPSDRAFT_32596	no	0	none
XP_002288583.1	THAPSDRAFT_40097	no	0	none
XP_002288584.1	THAPSDRAFT_3944	no	0	none
XP_002288585.1	THAPSDRAFT_3947	no	0	none
XP_002288586.1	THAPSDRAFT_3949	yes	1	IPR006671
XP_002288587.1	THAPSDRAFT_3951	no	0	none
XP_002288588.1	THAPSDRAFT_3953	no	0	none
XP_002288589.1	THAPSDRAFT_3954	no	0	none
XP_002288590.1	THAPSDRAFT_3956	no	0	none
XP_002288591.1	THAPSDRAFT_40107	yes	2	IPR001884,IPR005824
XP_002288592.1	THAPSDRAFT_3963	no	0	none
XP_002288593.1	THAPSDRAFT_22016	yes	2	IPR001140,IPR003439
XP_002288594.1	THAPSDRAFT_22017	no	0	none
XP_002288595.1	THAPSDRAFT_268574	yes	1	IPR003397
XP_002288596.1	THAPSDRAFT_261963	yes	1	IPR005123
XP_002288597.1	THAPSDRAFT_3973	yes	1	IPR003316
XP_002288598.1	THAPSDRAFT_22021	no	0	none
XP_002288599.1	THAPSDRAFT_3979	no	0	none
XP_002288600.1	THAPSDRAFT_3980	no	0	none
XP_002288601.1	THAPSDRAFT_261967	no	0	none
XP_002288602.1	THAPSDRAFT_33182	yes	1	IPR000719
XP_002288603.1	THAPSDRAFT_22023	no	0	none
XP_002288604.1	THAPSDRAFT_3987	no	0	none
XP_002288605.1	THAPSDRAFT_22026	no	0	none
XP_002288606.1	THAPSDRAFT_32704	yes	1	IPR000595
XP_002288607.1	THAPSDRAFT_261973	yes	1	IPR000719
XP_002288608.1	THAPSDRAFT_32805	yes	1	IPR003959
XP_002288609.1	THAPSDRAFT_22030	yes	1	IPR005834
XP_002288610.1	THAPSDRAFT_22032	no	0	none
XP_002288611.1	THAPSDRAFT_3998	yes	1	IPR005123
XP_002288612.1	THAPSDRAFT_22033	no	0	none
XP_002288613.1	THAPSDRAFT_27686	yes	1	IPR005123
XP_002288614.1	THAPSDRAFT_22036	yes	1	IPR001279
XP_002288615.1	THAPSDRAFT_27688	no	0	none
XP_002288616.1	THAPSDRAFT_17919	yes	1	IPR003829
XP_002288617.1	THAPSDRAFT_4006	no	0	none
XP_002288618.1	THAPSDRAFT_261979	yes	1	IPR001611
XP_002288619.1	THAPSDRAFT_33055	no	0	none
XP_002288620.1	THAPSDRAFT_4012	yes	1	IPR002838
XP_002288621.1	THAPSDRAFT_22045	yes	1	IPR007087
XP_002288622.1	THAPSDRAFT_4017	no	0	none
XP_002288623.1	THAPSDRAFT_4019	yes	1	IPR002048
XP_002288624.1	THAPSDRAFT_4020	yes	1	IPR003829
XP_002288625.1	THAPSDRAFT_14875	yes	1	IPR000715
XP_002288626.1	THAPSDRAFT_4027	no	0	none
XP_002288627.1	THAPSDRAFT_25944	yes	1	IPR001128
XP_002288628.1	THAPSDRAFT_22049	no	0	none
XP_002288629.1	THAPSDRAFT_268581	no	0	none
XP_002288630.1	THAPSDRAFT_268582	yes	2	IPR001650,IPR011545
XP_002288631.1	THAPSDRAFT_4033	no	0	none
XP_002288632.1	THAPSDRAFT_32996	yes	1	IPR001269
XP_002288633.1	THAPSDRAFT_4038	no	0	none
XP_002288634.1	THAPSDRAFT_4040	no	0	none
XP_002288635.1	THAPSDRAFT_4042	no	0	none
XP_002288636.1	THAPSDRAFT_4043	no	0	none
XP_002288637.1	THAPSDRAFT_4045	yes	1	IPR001965
XP_002288638.1	THAPSDRAFT_4049	no	0	none
XP_002288639.1	THAPSDRAFT_3069	no	0	none
XP_002288640.1	THAPSDRAFT_3073	no	0	none
XP_002288641.1	THAPSDRAFT_21584	no	0	none
XP_002288642.1	THAPSDRAFT_21585	yes	1	IPR003689
XP_002288643.1	THAPSDRAFT_21586	no	0	none
XP_002288644.1	THAPSDRAFT_21587	no	0	none
XP_002288645.1	THAPSDRAFT_3081	no	0	none
XP_002288646.1	THAPSDRAFT_21589	yes	1	IPR003961
XP_002288647.1	THAPSDRAFT_3085	no	0	none
XP_002288648.1	THAPSDRAFT_261629	no	0	none
XP_002288649.1	THAPSDRAFT_3092	yes	1	IPR001838
XP_002288650.1	THAPSDRAFT_3093	no	0	none
XP_002288651.1	THAPSDRAFT_261631	no	0	none
XP_002288652.1	THAPSDRAFT_39767	yes	1	IPR000895
XP_002288653.1	THAPSDRAFT_21598	yes	1	IPR000182
XP_002288654.1	THAPSDRAFT_3099	no	0	none
XP_002288655.1	THAPSDRAFT_3101	no	0	none
XP_002288656.1	THAPSDRAFT_3105	no	0	none
XP_002288657.1	THAPSDRAFT_3107	no	0	none
XP_002288658.1	THAPSDRAFT_3110	no	0	none
XP_002288659.1	THAPSDRAFT_261637	no	0	none
XP_002288660.1	THAPSDRAFT_270374	no	0	none
XP_002288661.1	THAPSDRAFT_3116	no	0	none
XP_002288662.1	THAPSDRAFT_3118	no	0	none
XP_002288663.1	THAPSDRAFT_21605	no	0	none
XP_002288664.1	THAPSDRAFT_3124	yes	1	IPR008418
XP_002288665.1	THAPSDRAFT_3126	yes	1	IPR002016
XP_002288666.1	THAPSDRAFT_21606	yes	1	IPR002016
XP_002288667.1	THAPSDRAFT_3132	yes	1	IPR002110
XP_002288668.1	THAPSDRAFT_3135	no	0	none
XP_002288669.1	THAPSDRAFT_3137	no	0	none
XP_002288670.1	THAPSDRAFT_3139	no	0	none
XP_002288671.1	THAPSDRAFT_3142	yes	1	IPR001993
XP_002288672.1	THAPSDRAFT_268410	yes	1	IPR000719
XP_002288673.1	THAPSDRAFT_32668	yes	1	IPR003691
XP_002288674.1	THAPSDRAFT_3148	yes	1	IPR000668
XP_002288675.1	THAPSDRAFT_33088	yes	1	IPR006169
XP_002288676.1	THAPSDRAFT_21619	yes	3	IPR001327,IPR002048,IPR004099
XP_002288677.1	THAPSDRAFT_3154	yes	1	IPR000232
XP_002288678.1	THAPSDRAFT_21620	no	0	none
XP_002288679.1	THAPSDRAFT_3157	no	0	none
XP_002288680.1	THAPSDRAFT_3159	no	0	none
XP_002288681.1	THAPSDRAFT_21622	yes	4	IPR000644,IPR001667,IPR002048,IPR003156
XP_002288682.1	THAPSDRAFT_21623	no	0	none
XP_002288683.1	THAPSDRAFT_3167	no	0	none
XP_002288684.1	THAPSDRAFT_261657	yes	2	IPR005834,IPR008250
XP_002288685.1	THAPSDRAFT_26146	yes	1	IPR000308
XP_002288686.1	THAPSDRAFT_261660	yes	1	IPR001223
XP_002288687.1	THAPSDRAFT_32983	yes	2	IPR005475,IPR005476
XP_002288688.1	THAPSDRAFT_16241	yes	1	IPR001017
XP_002288689.1	THAPSDRAFT_21629	no	0	none
XP_002288690.1	THAPSDRAFT_3176	no	0	none
XP_002288691.1	THAPSDRAFT_268417	no	0	none
XP_002288692.1	THAPSDRAFT_3179	yes	1	IPR001680
XP_002288693.1	THAPSDRAFT_33270	yes	1	IPR007125
XP_002288694.1	THAPSDRAFT_3183	yes	1	IPR007125
XP_002288695.1	THAPSDRAFT_21633	no	0	none
XP_002288696.1	THAPSDRAFT_33044	yes	2	IPR004364,IPR004365
XP_002288697.1	THAPSDRAFT_3189	yes	1	IPR000738
XP_002288698.1	THAPSDRAFT_21636	no	0	none
XP_002288699.1	THAPSDRAFT_39799	yes	1	IPR003437
XP_002288700.1	THAPSDRAFT_3196	no	0	none
XP_002288701.1	THAPSDRAFT_3197	yes	1	IPR000232
XP_002288702.1	THAPSDRAFT_261684	yes	1	IPR002300
XP_002288703.1	THAPSDRAFT_27365	yes	1	IPR004843
XP_002288704.1	THAPSDRAFT_3202	yes	1	IPR008532
XP_002288705.1	THAPSDRAFT_3204	no	0	none
XP_002288706.1	THAPSDRAFT_261689	yes	1	IPR001232
XP_002288707.1	THAPSDRAFT_3206	no	0	none
XP_002288708.1	THAPSDRAFT_15464	yes	1	IPR000717
XP_002288709.1	THAPSDRAFT_261694	yes	1	IPR004843
XP_002288710.1	THAPSDRAFT_21646	no	0	none
XP_002288711.1	THAPSDRAFT_268435	yes	1	IPR000863
XP_002288712.1	THAPSDRAFT_33153	yes	2	IPR001680,IPR002130
XP_002288713.1	THAPSDRAFT_21651	no	0	none
XP_002288714.1	THAPSDRAFT_3223	no	0	none
XP_002288715.1	THAPSDRAFT_21652	no	0	none
XP_002288716.1	THAPSDRAFT_32894	yes	1	IPR005822
XP_002288717.1	THAPSDRAFT_3230	no	0	none
XP_002288718.1	THAPSDRAFT_21655	no	0	none
XP_002288719.1	THAPSDRAFT_17140	yes	1	IPR001045
XP_002288720.1	THAPSDRAFT_3233	no	0	none
XP_002288721.1	THAPSDRAFT_270221	no	0	none
XP_002288722.1	THAPSDRAFT_3238	yes	1	IPR002110
XP_002288723.1	THAPSDRAFT_21659	no	0	none
XP_002288724.1	THAPSDRAFT_3243	no	0	none
XP_002288725.1	THAPSDRAFT_3244	no	0	none
XP_002288726.1	THAPSDRAFT_261711	no	0	none
XP_002288727.1	THAPSDRAFT_32706	no	0	none
XP_002288728.1	THAPSDRAFT_21664	no	0	none
XP_002288729.1	THAPSDRAFT_33018	yes	1	IPR001344
XP_002288730.1	THAPSDRAFT_3256	no	0	none
XP_002288731.1	THAPSDRAFT_3257	no	0	none
XP_002288732.1	THAPSDRAFT_21668	no	0	none
XP_002288733.1	THAPSDRAFT_3260	no	0	none
XP_002288734.1	THAPSDRAFT_21669	no	0	none
XP_002288735.1	THAPSDRAFT_3265	no	0	none
XP_002288736.1	THAPSDRAFT_3267	no	0	none
XP_002288737.1	THAPSDRAFT_21670	yes	2	IPR000031,IPR003135
XP_002288738.1	THAPSDRAFT_3270	no	0	none
XP_002288739.1	THAPSDRAFT_32776	no	0	none
XP_002288740.1	THAPSDRAFT_261719	no	0	none
XP_002288741.1	THAPSDRAFT_3275	yes	1	IPR006571
XP_002288742.1	THAPSDRAFT_21673	yes	1	IPR004088
XP_002288743.1	THAPSDRAFT_3279	no	0	none
XP_002288744.1	THAPSDRAFT_32744	yes	1	IPR001900
XP_002288745.1	THAPSDRAFT_3284	no	0	none
XP_002288746.1	THAPSDRAFT_268446	yes	2	IPR003959,IPR004176
XP_002288747.1	THAPSDRAFT_3287	no	0	none
XP_002288748.1	THAPSDRAFT_21680	yes	1	IPR001810
XP_002288749.1	THAPSDRAFT_261726	yes	1	IPR004843
XP_002288750.1	THAPSDRAFT_21681	no	0	none
XP_002288751.1	THAPSDRAFT_33219	no	0	none
XP_002288752.1	THAPSDRAFT_21682	yes	3	IPR001650,IPR003034,IPR011545
XP_002288753.1	THAPSDRAFT_261727	yes	1	IPR000001
XP_002288754.1	THAPSDRAFT_268447	yes	1	IPR006662
XP_002288755.1	THAPSDRAFT_3299	no	0	none
XP_002288756.1	THAPSDRAFT_21685	yes	1	IPR000192
XP_002288757.1	THAPSDRAFT_3302	no	0	none
XP_002288758.1	THAPSDRAFT_21686	yes	1	IPR002777
XP_002288759.1	THAPSDRAFT_16828	yes	1	IPR000719
XP_002288760.1	THAPSDRAFT_3308	no	0	none
XP_002288761.1	THAPSDRAFT_3310	no	0	none
XP_002288762.1	THAPSDRAFT_39841	yes	1	IPR003348
XP_002288763.1	THAPSDRAFT_3313	yes	1	IPR002016
XP_002288764.1	THAPSDRAFT_3314	no	0	none
XP_002288765.1	THAPSDRAFT_261734	yes	1	IPR002085
XP_002288766.1	THAPSDRAFT_3321	no	0	none
XP_002288767.1	THAPSDRAFT_3322	no	0	none
XP_002288768.1	THAPSDRAFT_39845	yes	2	IPR002205,IPR006691
XP_002288769.1	THAPSDRAFT_3326	no	0	none
XP_002288770.1	THAPSDRAFT_3328	no	0	none
XP_002288771.1	THAPSDRAFT_268453	no	0	none
XP_002288772.1	THAPSDRAFT_3331	yes	1	IPR008902
XP_002288773.1	THAPSDRAFT_21698	no	0	none
XP_002288774.1	THAPSDRAFT_268454	yes	2	IPR000595,IPR005821
XP_002288775.1	THAPSDRAFT_32933	no	0	none
XP_002288776.1	THAPSDRAFT_20335	yes	1	IPR000297
XP_002288777.1	THAPSDRAFT_268455	no	0	none
XP_002288778.1	THAPSDRAFT_39847	yes	1	IPR001392
XP_002288779.1	THAPSDRAFT_21705	no	0	none
XP_002288780.1	THAPSDRAFT_3344	yes	1	IPR007248
XP_002288781.1	THAPSDRAFT_21706	no	0	none
XP_002288782.1	THAPSDRAFT_21707	no	0	none
XP_002288783.1	THAPSDRAFT_21708	no	0	none
XP_002288784.1	THAPSDRAFT_21709	no	0	none
XP_002288785.1	THAPSDRAFT_3354	yes	1	IPR001440
XP_002288786.1	THAPSDRAFT_261746	yes	1	IPR006145
XP_002288787.1	THAPSDRAFT_261747	no	0	none
XP_002288788.1	THAPSDRAFT_21712	yes	1	IPR007241
XP_002288789.1	THAPSDRAFT_3359	no	0	none
XP_002288790.1	THAPSDRAFT_21715	yes	1	IPR011063
XP_002288791.1	THAPSDRAFT_261750	yes	1	IPR007835
XP_002288792.1	THAPSDRAFT_21720	yes	1	IPR000433
XP_002288793.1	THAPSDRAFT_3370	no	0	none
XP_002288794.1	THAPSDRAFT_21722	yes	1	IPR001395
XP_002288795.1	THAPSDRAFT_16796	no	0	none
XP_002288796.1	THAPSDRAFT_3375	yes	1	IPR001005
XP_002288797.1	THAPSDRAFT_32795	yes	1	IPR006689
XP_002288798.1	THAPSDRAFT_3379	no	0	none
XP_002288799.1	THAPSDRAFT_21725	yes	1	IPR007109
XP_002288800.1	THAPSDRAFT_3383	no	0	none
XP_002288801.1	THAPSDRAFT_21726	no	0	none
XP_002288802.1	THAPSDRAFT_27414	no	0	none
XP_002288803.1	THAPSDRAFT_21733	no	0	none
XP_002288804.1	THAPSDRAFT_3397	yes	1	IPR007859
XP_002288805.1	THAPSDRAFT_261766	yes	1	IPR005834
XP_002288806.1	THAPSDRAFT_21734	yes	1	IPR001623
XP_002288807.1	THAPSDRAFT_33096	yes	1	IPR007881
XP_002288808.1	THAPSDRAFT_3405	no	0	none
XP_002288809.1	THAPSDRAFT_261769	no	0	none
XP_002288810.1	THAPSDRAFT_268467	yes	1	IPR001932
XP_002288811.1	THAPSDRAFT_3409	no	0	none
XP_002288812.1	THAPSDRAFT_3413	no	0	none
XP_002288813.1	THAPSDRAFT_3415	no	0	none
XP_002288814.1	THAPSDRAFT_3416	yes	1	IPR001440
XP_002288815.1	THAPSDRAFT_3418	no	0	none
XP_002288816.1	THAPSDRAFT_261777	yes	1	IPR003890
XP_002288817.1	THAPSDRAFT_3422	no	0	none
XP_002288818.1	THAPSDRAFT_261778	no	0	none
XP_002288819.1	THAPSDRAFT_3426	no	0	none
XP_002288820.1	THAPSDRAFT_256250	no	0	none
XP_002288821.1	THAPSDRAFT_33067	yes	1	IPR003958
XP_002288822.1	THAPSDRAFT_261781	yes	4	IPR000432,IPR007695,IPR007696,IPR007861
XP_002288823.1	THAPSDRAFT_21749	no	0	none
XP_002288824.1	THAPSDRAFT_21751	yes	2	IPR003409,IPR009769
XP_002288825.1	THAPSDRAFT_21752	no	0	none
XP_002288826.1	THAPSDRAFT_21753	no	0	none
XP_002288827.1	THAPSDRAFT_33104	yes	1	IPR006140
XP_002288828.1	THAPSDRAFT_21756	yes	2	IPR000449,IPR000626
XP_002288829.1	THAPSDRAFT_21757	no	0	none
XP_002288830.1	THAPSDRAFT_268472	yes	1	IPR005828
XP_002288831.1	THAPSDRAFT_3452	no	0	none
XP_002288832.1	THAPSDRAFT_17845	yes	1	IPR000504
XP_002288833.1	THAPSDRAFT_270316	yes	1	IPR003866
XP_002288834.1	THAPSDRAFT_261788	no	0	none
XP_002288835.1	THAPSDRAFT_3459	yes	1	IPR005024
XP_002288836.1	THAPSDRAFT_3462	no	0	none
XP_002288837.1	THAPSDRAFT_3463	no	0	none
XP_002288838.1	THAPSDRAFT_32564	yes	1	IPR001752
XP_002288839.1	THAPSDRAFT_19818	yes	1	IPR000589
XP_002288840.1	THAPSDRAFT_21768	no	0	none
XP_002288841.1	THAPSDRAFT_21770	yes	1	IPR006145
XP_002288842.1	THAPSDRAFT_32546	yes	1	IPR005804
XP_002288843.1	THAPSDRAFT_3477	no	0	none
XP_002288844.1	THAPSDRAFT_3478	no	0	none
XP_002288845.1	THAPSDRAFT_3483	no	0	none
XP_002288846.1	THAPSDRAFT_3486	yes	1	IPR001841
XP_002288847.1	THAPSDRAFT_32557	yes	1	IPR001841
XP_002288848.1	THAPSDRAFT_261808	yes	1	IPR005114
XP_002288849.1	THAPSDRAFT_3494	no	0	none
XP_002288850.1	THAPSDRAFT_39913	yes	1	IPR006822
XP_002288851.1	THAPSDRAFT_16656	yes	1	IPR004843
XP_002288852.1	THAPSDRAFT_3502	no	0	none
XP_002288853.1	THAPSDRAFT_261817	yes	1	IPR002123
XP_002288854.1	THAPSDRAFT_3508	no	0	none
XP_002288855.1	THAPSDRAFT_32899	yes	1	IPR004254
XP_002288856.1	THAPSDRAFT_261820	yes	1	IPR000719
XP_002288857.1	THAPSDRAFT_21785	yes	1	IPR001327
XP_002288858.1	THAPSDRAFT_21788	no	0	none
XP_002288859.1	THAPSDRAFT_3517	no	0	none
XP_002288860.1	THAPSDRAFT_3520	no	0	none
XP_002288861.1	THAPSDRAFT_21792	no	0	none
XP_002288862.1	THAPSDRAFT_3524	yes	1	IPR001993
XP_002288863.1	THAPSDRAFT_261826	yes	1	IPR001251
XP_002288864.1	THAPSDRAFT_21796	no	0	none
XP_002288865.1	THAPSDRAFT_32882	yes	1	IPR001354
XP_002288866.1	THAPSDRAFT_261829	yes	2	IPR001650,IPR011545
XP_002288867.1	THAPSDRAFT_21799	yes	1	IPR006222
XP_002288868.1	THAPSDRAFT_3537	no	0	none
XP_002288869.1	THAPSDRAFT_3539	no	0	none
XP_002288870.1	THAPSDRAFT_32827	yes	1	IPR004843
XP_002288871.1	THAPSDRAFT_32610	yes	1	IPR000620
XP_002288872.1	THAPSDRAFT_21802	no	0	none
XP_002288873.1	THAPSDRAFT_268500	yes	2	IPR001404,IPR003594
XP_002288874.1	THAPSDRAFT_3551	no	0	none
XP_002288875.1	THAPSDRAFT_3553	no	0	none
XP_002288876.1	THAPSDRAFT_3554	no	0	none
XP_002288877.1	THAPSDRAFT_21806	no	0	none
XP_002288878.1	THAPSDRAFT_21807	yes	1	IPR001478
XP_002288879.1	THAPSDRAFT_21808	no	0	none
XP_002288880.1	THAPSDRAFT_21811	yes	1	IPR000608
XP_002288881.1	THAPSDRAFT_39936	yes	1	IPR004843
XP_002288882.1	THAPSDRAFT_21813	yes	1	IPR001544
XP_002288883.1	THAPSDRAFT_21815	yes	1	IPR002133
XP_002288884.1	THAPSDRAFT_39946	yes	1	IPR002133
XP_002288885.1	THAPSDRAFT_39953	yes	2	IPR001650,IPR011545
XP_002288886.1	THAPSDRAFT_3575	yes	2	IPR003959,IPR004201
XP_002288887.1	THAPSDRAFT_3577	no	0	none
XP_002288888.1	THAPSDRAFT_3580	yes	1	IPR002110
XP_002288889.1	THAPSDRAFT_21824	no	0	none
XP_002288890.1	THAPSDRAFT_39955	yes	1	IPR000225
XP_002288891.1	THAPSDRAFT_33199	yes	1	IPR001806
XP_002288892.1	THAPSDRAFT_3590	no	0	none
XP_002288893.1	THAPSDRAFT_3592	no	0	none
XP_002288894.1	THAPSDRAFT_3594	yes	1	IPR002110
XP_002288895.1	THAPSDRAFT_32843	no	0	none
XP_002288896.1	THAPSDRAFT_3598	no	0	none
XP_002288897.1	THAPSDRAFT_3600	yes	1	IPR001487
XP_002288898.1	THAPSDRAFT_32691	yes	1	IPR003131
XP_002288899.1	THAPSDRAFT_3604	no	0	none
XP_002288900.1	THAPSDRAFT_3607	no	0	none
XP_002288901.1	THAPSDRAFT_21832	yes	1	IPR005123
XP_002288902.1	THAPSDRAFT_3611	no	0	none
XP_002288903.1	THAPSDRAFT_3614	no	0	none
XP_002288904.1	THAPSDRAFT_32693	no	0	none
XP_002288905.1	THAPSDRAFT_33203	no	0	none
XP_002288906.1	THAPSDRAFT_3621	yes	1	IPR003034
XP_002288907.1	THAPSDRAFT_21840	no	0	none
XP_002288908.1	THAPSDRAFT_3625	yes	3	IPR001433,IPR003097,IPR008254
XP_002288909.1	THAPSDRAFT_261852	no	0	none
XP_002288910.1	THAPSDRAFT_21843	no	0	none
XP_002288911.1	THAPSDRAFT_21844	no	0	none
XP_002288912.1	THAPSDRAFT_32661	yes	1	IPR000432
XP_002288913.1	THAPSDRAFT_3637	no	0	none
XP_002288914.1	THAPSDRAFT_261857	yes	1	IPR001796
XP_002288915.1	THAPSDRAFT_21846	yes	1	IPR008591
XP_002288916.1	THAPSDRAFT_21847	no	0	none
XP_002288917.1	THAPSDRAFT_21850	yes	1	IPR006671
XP_002288918.1	THAPSDRAFT_32858	yes	1	IPR001623
XP_002288919.1	THAPSDRAFT_21852	no	0	none
XP_002288920.1	THAPSDRAFT_3649	no	0	none
XP_002288921.1	THAPSDRAFT_39979	yes	1	IPR002300
XP_002288922.1	THAPSDRAFT_3653	no	0	none
XP_002288923.1	THAPSDRAFT_3655	yes	1	IPR002921
XP_002288924.1	THAPSDRAFT_21856	no	0	none
XP_002288925.1	THAPSDRAFT_3660	no	0	none
XP_002288926.1	THAPSDRAFT_261864	yes	1	IPR005645
XP_002288927.1	THAPSDRAFT_21858	yes	1	IPR003439
XP_002288928.1	THAPSDRAFT_21860	yes	2	IPR001202,IPR002713
XP_002288929.1	THAPSDRAFT_261867	no	0	none
XP_002288930.1	THAPSDRAFT_21861	no	0	none
XP_002288931.1	THAPSDRAFT_268519	no	0	none
XP_002288932.1	THAPSDRAFT_32880	yes	1	IPR000595
XP_002288933.1	THAPSDRAFT_3674	no	0	none
XP_002288934.1	THAPSDRAFT_21865	no	0	none
XP_002288935.1	THAPSDRAFT_3676	no	0	none
XP_002288936.1	THAPSDRAFT_21868	no	0	none
XP_002288937.1	THAPSDRAFT_21869	no	0	none
XP_002288938.1	THAPSDRAFT_21870	no	0	none
XP_002288939.1	THAPSDRAFT_270242	no	0	none
XP_002288940.1	THAPSDRAFT_32934	yes	1	IPR002610
XP_002288941.1	THAPSDRAFT_21875	yes	1	IPR011124
XP_002288942.1	THAPSDRAFT_3693	yes	1	IPR003121
XP_002288943.1	THAPSDRAFT_21877	no	0	none
XP_002288944.1	THAPSDRAFT_3698	yes	1	IPR000232
XP_002288945.1	THAPSDRAFT_21880	no	0	none
XP_002288946.1	THAPSDRAFT_3702	no	0	none
XP_002288947.1	THAPSDRAFT_3704	yes	1	IPR002073
XP_002288948.1	THAPSDRAFT_3706	no	0	none
XP_002288949.1	THAPSDRAFT_3707	no	0	none
XP_002288950.1	THAPSDRAFT_261878	yes	1	IPR008915
XP_002288951.1	THAPSDRAFT_21885	yes	1	IPR000949
XP_002288952.1	THAPSDRAFT_21886	no	0	none
XP_002288953.1	THAPSDRAFT_21888	no	0	none
XP_002288954.1	THAPSDRAFT_12602	yes	2	IPR000048,IPR001609
XP_002288955.1	THAPSDRAFT_3718	no	0	none
XP_002288956.1	THAPSDRAFT_40010	yes	1	IPR001993
XP_002288957.1	THAPSDRAFT_21893	yes	1	IPR001300
XP_002288958.1	THAPSDRAFT_21895	no	0	none
XP_002288959.1	THAPSDRAFT_21896	no	0	none
XP_002288960.1	THAPSDRAFT_3730	no	0	none
XP_002288961.1	THAPSDRAFT_21897	no	0	none
XP_002288962.1	THAPSDRAFT_3733	no	0	none
XP_002288963.1	THAPSDRAFT_261883	no	0	none
XP_002288964.1	THAPSDRAFT_33242	yes	1	IPR004345
XP_002288965.1	THAPSDRAFT_261885	yes	1	IPR000504
XP_002288966.1	THAPSDRAFT_33046	yes	1	IPR005147
XP_002288967.1	THAPSDRAFT_33035	yes	1	IPR003425
XP_002288968.1	THAPSDRAFT_20189	no	0	none
XP_002288969.1	THAPSDRAFT_21904	no	0	none
XP_002288970.1	THAPSDRAFT_21905	no	0	none
XP_002288971.1	THAPSDRAFT_3750	no	0	none
XP_002288972.1	THAPSDRAFT_3752	no	0	none
XP_002288973.1	THAPSDRAFT_3754	no	0	none
XP_002288974.1	THAPSDRAFT_3756	no	0	none
XP_002288975.1	THAPSDRAFT_21909	yes	1	IPR004827
XP_002288976.1	THAPSDRAFT_33209	yes	1	IPR001611
XP_002288977.1	THAPSDRAFT_3763	no	0	none
XP_002288978.1	THAPSDRAFT_261894	no	0	none
XP_002288979.1	THAPSDRAFT_33092	yes	2	IPR000253,IPR001841
XP_002288980.1	THAPSDRAFT_21916	no	0	none
XP_002288981.1	THAPSDRAFT_261895	yes	1	IPR001223
XP_002288982.1	THAPSDRAFT_268533	no	0	none
XP_002288983.1	THAPSDRAFT_21918	yes	1	IPR001107
XP_002288984.1	THAPSDRAFT_33220	yes	1	IPR002569
XP_002288985.1	THAPSDRAFT_32920	yes	1	IPR001378
XP_002288986.1	THAPSDRAFT_19081	yes	1	IPR002048
XP_002288987.1	THAPSDRAFT_32782	yes	1	IPR000555
XP_002288988.1	THAPSDRAFT_21922	no	0	none
XP_002288989.1	THAPSDRAFT_3785	yes	1	IPR000873
XP_002288990.1	THAPSDRAFT_3787	yes	1	IPR007200
XP_002288991.1	THAPSDRAFT_261904	no	0	none
XP_002288992.1	THAPSDRAFT_32561	yes	1	IPR001623
XP_002288993.1	THAPSDRAFT_27599	no	0	none
XP_002288994.1	THAPSDRAFT_3795	yes	1	IPR005114
XP_002288995.1	THAPSDRAFT_21927	yes	1	IPR005114
XP_002288996.1	THAPSDRAFT_3797	no	0	none
XP_002288997.1	THAPSDRAFT_261905	yes	1	IPR001753
XP_002288998.1	THAPSDRAFT_40044	yes	1	IPR000994
XP_002288999.1	THAPSDRAFT_3803	no	0	none
XP_002289000.1	THAPSDRAFT_32859	yes	1	IPR001948
XP_002289001.1	THAPSDRAFT_21933	no	0	none
XP_002289002.1	THAPSDRAFT_261908	yes	3	IPR000991,IPR005801,IPR006805
XP_002289003.1	THAPSDRAFT_3811	no	0	none
XP_002289004.1	THAPSDRAFT_21939	yes	1	IPR001395
XP_002289005.1	THAPSDRAFT_3815	yes	1	IPR001344
XP_002289006.1	THAPSDRAFT_3817	no	0	none
XP_002289007.1	THAPSDRAFT_268543	no	0	none
XP_002289008.1	THAPSDRAFT_268544	yes	1	IPR006094
XP_002289009.1	THAPSDRAFT_261916	yes	1	IPR001841
XP_002289010.1	THAPSDRAFT_21948	yes	1	IPR003774
XP_002289011.1	THAPSDRAFT_21949	no	0	none
XP_002289012.1	THAPSDRAFT_268546	yes	1	IPR001449
XP_002289013.1	THAPSDRAFT_268548	yes	2	IPR000801,IPR002085
XP_002289014.1	THAPSDRAFT_21955	no	0	none
XP_002289015.1	THAPSDRAFT_3839	no	0	none
XP_002289016.1	THAPSDRAFT_21957	no	0	none
XP_002289017.1	THAPSDRAFT_21958	no	0	none
XP_002289018.1	THAPSDRAFT_3845	no	0	none
XP_002289019.1	THAPSDRAFT_261924	yes	1	IPR001303
XP_002289020.1	THAPSDRAFT_261925	yes	1	IPR001932
XP_002289021.1	THAPSDRAFT_21963	no	0	none
XP_002289022.1	THAPSDRAFT_3853	no	0	none
XP_002289023.1	THAPSDRAFT_3854	no	0	none
XP_002289024.1	THAPSDRAFT_21965	yes	1	IPR006662
XP_002289025.1	THAPSDRAFT_32876	yes	1	IPR001993
XP_002289026.1	THAPSDRAFT_3858	yes	3	IPR000795,IPR004160,IPR004161
XP_002289027.1	THAPSDRAFT_21967	yes	1	IPR010402
XP_002289028.1	THAPSDRAFT_21968	no	0	none
XP_002289029.1	THAPSDRAFT_3867	no	0	none
XP_002289030.1	THAPSDRAFT_3869	no	0	none
XP_002289031.1	THAPSDRAFT_268552	yes	1	IPR006151
XP_002289032.1	THAPSDRAFT_21973	yes	1	IPR000467
XP_002289033.1	THAPSDRAFT_261932	yes	1	IPR001789
XP_002289034.1	THAPSDRAFT_3879	no	0	none
XP_002289035.1	THAPSDRAFT_268553	yes	2	IPR006133,IPR006134
XP_002289036.1	THAPSDRAFT_3882	no	0	none
XP_002289037.1	THAPSDRAFT_3883	no	0	none
XP_002289038.1	THAPSDRAFT_3884	no	0	none
XP_002289039.1	THAPSDRAFT_21976	no	0	none
XP_002289040.1	THAPSDRAFT_21978	yes	1	IPR001048
XP_002289041.1	THAPSDRAFT_21979	no	0	none
XP_002289042.1	THAPSDRAFT_33039	yes	3	IPR004095,IPR006674,IPR007685
XP_002289043.1	THAPSDRAFT_261941	yes	1	IPR002921
XP_002289044.1	THAPSDRAFT_21983	no	0	none
XP_002289045.1	THAPSDRAFT_32774	yes	1	IPR001441
XP_002289046.1	THAPSDRAFT_21984	no	0	none
XP_002289047.1	THAPSDRAFT_3904	no	0	none
XP_002289048.1	THAPSDRAFT_3906	yes	1	IPR001993
XP_002289049.1	THAPSDRAFT_21986	no	0	none
XP_002289050.1	THAPSDRAFT_33225	yes	2	IPR000048,IPR001609
XP_002289051.1	THAPSDRAFT_270306	no	0	none
XP_002289052.1	THAPSDRAFT_21989	yes	1	IPR004827
XP_002289053.1	THAPSDRAFT_32713	yes	1	IPR001623
XP_002289054.1	THAPSDRAFT_3914	no	0	none
XP_002289055.1	THAPSDRAFT_3916	no	0	none
XP_002289056.1	THAPSDRAFT_40089	yes	1	IPR000687
XP_002289057.1	THAPSDRAFT_21994	no	0	none
XP_002289058.1	THAPSDRAFT_3922	no	0	none
XP_002289059.1	THAPSDRAFT_21997	yes	1	IPR001440
XP_002289060.1	THAPSDRAFT_15328	yes	1	IPR005178
XP_002289061.1	THAPSDRAFT_3934	yes	2	IPR000719,IPR001680
XP_002289062.1	THAPSDRAFT_3936	no	0	none
XP_002289063.1	THAPSDRAFT_22002	no	0	none
XP_002289064.1	THAPSDRAFT_33205	no	0	none
XP_002289065.1	THAPSDRAFT_33094	yes	2	IPR001678,IPR002478
XP_002289066.1	THAPSDRAFT_3943	no	0	none
XP_002289067.1	THAPSDRAFT_20024	yes	1	IPR001179
XP_002289068.1	THAPSDRAFT_3945	no	0	none
XP_002289069.1	THAPSDRAFT_3946	no	0	none
XP_002289070.1	THAPSDRAFT_22007	no	0	none
XP_002289071.1	THAPSDRAFT_22008	no	0	none
XP_002289072.1	THAPSDRAFT_3952	no	0	none
XP_002289073.1	THAPSDRAFT_22009	yes	1	IPR007087
XP_002289074.1	THAPSDRAFT_32586	yes	1	IPR004131
XP_002289075.1	THAPSDRAFT_22011	yes	2	IPR001431,IPR007863
XP_002289076.1	THAPSDRAFT_3959	yes	1	IPR003700
XP_002289077.1	THAPSDRAFT_32788	yes	1	IPR007872
XP_002289078.1	THAPSDRAFT_32678	yes	1	IPR002804
XP_002289079.1	THAPSDRAFT_17302	yes	1	IPR000760
XP_002289080.1	THAPSDRAFT_3966	yes	1	IPR000537
XP_002289081.1	THAPSDRAFT_32789	yes	1	IPR000022
XP_002289082.1	THAPSDRAFT_22018	yes	1	IPR000232
XP_002289083.1	THAPSDRAFT_3970	no	0	none
XP_002289084.1	THAPSDRAFT_3974	yes	1	IPR000257
XP_002289085.1	THAPSDRAFT_3975	no	0	none
XP_002289086.1	THAPSDRAFT_261965	no	0	none
XP_002289087.1	THAPSDRAFT_3976	no	0	none
XP_002289088.1	THAPSDRAFT_261966	no	0	none
XP_002289089.1	THAPSDRAFT_3981	no	0	none
XP_002289090.1	THAPSDRAFT_261971	yes	1	IPR002110
XP_002289091.1	THAPSDRAFT_22024	no	0	none
XP_002289092.1	THAPSDRAFT_22025	no	0	none
XP_002289093.1	THAPSDRAFT_22027	no	0	none
XP_002289094.1	THAPSDRAFT_17002	no	0	none
XP_002289095.1	THAPSDRAFT_22031	no	0	none
XP_002289096.1	THAPSDRAFT_4000	no	0	none
XP_002289097.1	THAPSDRAFT_4002	no	0	none
XP_002289098.1	THAPSDRAFT_268576	no	0	none
XP_002289099.1	THAPSDRAFT_268577	yes	1	IPR002088
XP_002289100.1	THAPSDRAFT_4007	yes	1	IPR002085
XP_002289101.1	THAPSDRAFT_22041	no	0	none
XP_002289102.1	THAPSDRAFT_22042	yes	1	IPR007751
XP_002289103.1	THAPSDRAFT_22044	no	0	none
XP_002289104.1	THAPSDRAFT_4016	no	0	none
XP_002289105.1	THAPSDRAFT_22046	no	0	none
XP_002289106.1	THAPSDRAFT_261982	yes	1	IPR000582
XP_002289107.1	THAPSDRAFT_4022	no	0	none
XP_002289108.1	THAPSDRAFT_4026	no	0	none
XP_002289109.1	THAPSDRAFT_22052	no	0	none
XP_002289110.1	THAPSDRAFT_4034	no	0	none
XP_002289111.1	THAPSDRAFT_16440	yes	2	IPR011261,IPR011262
XP_002289112.1	THAPSDRAFT_22056	no	0	none
XP_002289113.1	THAPSDRAFT_4041	yes	1	IPR005550
XP_002289114.1	THAPSDRAFT_22057	no	0	none
XP_002289115.1	THAPSDRAFT_4046	no	0	none
XP_002289116.1	THAPSDRAFT_4047	no	0	none
XP_002289117.1	THAPSDRAFT_4048	no	0	none
XP_002289118.1	THAPSDRAFT_4050	no	0	none
XP_002289119.1	THAPSDRAFT_4051	no	0	none
XP_002289120.1	THAPSDRAFT_22059	no	0	none
XP_002289121.1	THAPSDRAFT_33589	yes	1	IPR007109
XP_002289122.1	THAPSDRAFT_22064	no	0	none
XP_002289123.1	THAPSDRAFT_262000	no	0	none
XP_002289124.1	THAPSDRAFT_4062	no	0	none
XP_002289125.1	THAPSDRAFT_4066	no	0	none
XP_002289126.1	THAPSDRAFT_4068	no	0	none
XP_002289127.1	THAPSDRAFT_18530	yes	1	IPR001352
XP_002289128.1	THAPSDRAFT_4070	yes	1	IPR000868
XP_002289129.1	THAPSDRAFT_4074	no	0	none
XP_002289130.1	THAPSDRAFT_4075	yes	1	IPR000910
XP_002289131.1	THAPSDRAFT_4076	yes	1	IPR000910
XP_002289132.1	THAPSDRAFT_4077	no	0	none
XP_002289133.1	THAPSDRAFT_33759	yes	1	IPR000569
XP_002289134.1	THAPSDRAFT_262009	no	0	none
XP_002289135.1	THAPSDRAFT_4082	no	0	none
XP_002289136.1	THAPSDRAFT_22071	yes	1	IPR005821
XP_002289137.1	THAPSDRAFT_4086	no	0	none
XP_002289138.1	THAPSDRAFT_40156	yes	1	IPR000131
XP_002289139.1	THAPSDRAFT_22075	no	0	none
XP_002289140.1	THAPSDRAFT_22076	yes	1	IPR010788
XP_002289141.1	THAPSDRAFT_4091	no	0	none
XP_002289142.1	THAPSDRAFT_4095	no	0	none
XP_002289143.1	THAPSDRAFT_262016	yes	1	IPR002422
XP_002289144.1	THAPSDRAFT_262018	no	0	none
XP_002289145.1	THAPSDRAFT_4100	no	0	none
XP_002289146.1	THAPSDRAFT_268598	yes	1	IPR004088
XP_002289147.1	THAPSDRAFT_33348	yes	1	IPR000807
XP_002289148.1	THAPSDRAFT_4104	yes	1	IPR000109
XP_002289149.1	THAPSDRAFT_4105	yes	1	IPR000719
XP_002289150.1	THAPSDRAFT_4108	no	0	none
XP_002289151.1	THAPSDRAFT_268601	yes	1	IPR000571
XP_002289152.1	THAPSDRAFT_4111	no	0	none
XP_002289153.1	THAPSDRAFT_4114	no	0	none
XP_002289154.1	THAPSDRAFT_4116	no	0	none
XP_002289155.1	THAPSDRAFT_262031	yes	1	IPR003104
XP_002289156.1	THAPSDRAFT_262032	no	0	none
XP_002289157.1	THAPSDRAFT_22092	yes	2	IPR001680,IPR006692
XP_002289158.1	THAPSDRAFT_4126	no	0	none
XP_002289159.1	THAPSDRAFT_33574	yes	1	IPR006163
XP_002289160.1	THAPSDRAFT_33601	yes	1	IPR002744
XP_002289161.1	THAPSDRAFT_4131	no	0	none
XP_002289162.1	THAPSDRAFT_22097	no	0	none
XP_002289163.1	THAPSDRAFT_262041	no	0	none
XP_002289164.1	THAPSDRAFT_22099	no	0	none
XP_002289165.1	THAPSDRAFT_4138	no	0	none
XP_002289166.1	THAPSDRAFT_4142	yes	1	IPR001611
XP_002289167.1	THAPSDRAFT_262047	yes	2	IPR000127,IPR000594
XP_002289168.1	THAPSDRAFT_268614	no	0	none
XP_002289169.1	THAPSDRAFT_268615	yes	2	IPR006076,IPR007419
XP_002289170.1	THAPSDRAFT_4150	yes	1	IPR004827
XP_002289171.1	THAPSDRAFT_22109	no	0	none
XP_002289172.1	THAPSDRAFT_33682	yes	4	IPR007624,IPR007627,IPR007630,IPR009042
XP_002289173.1	THAPSDRAFT_4157	no	0	none
XP_002289174.1	THAPSDRAFT_4159	yes	1	IPR007577
XP_002289175.1	THAPSDRAFT_22114	yes	1	IPR002885
XP_002289176.1	THAPSDRAFT_22115	yes	1	IPR004033
XP_002289177.1	THAPSDRAFT_4167	no	0	none
XP_002289178.1	THAPSDRAFT_18091	yes	1	IPR003140
XP_002289179.1	THAPSDRAFT_22118	yes	1	IPR000719
XP_002289180.1	THAPSDRAFT_4174	no	0	none
XP_002289181.1	THAPSDRAFT_19058	yes	1	IPR000374
XP_002289182.1	THAPSDRAFT_22120	yes	1	IPR000182
XP_002289183.1	THAPSDRAFT_4179	no	0	none
XP_002289184.1	THAPSDRAFT_22122	yes	1	IPR003347
XP_002289185.1	THAPSDRAFT_4182	yes	1	IPR001781
XP_002289186.1	THAPSDRAFT_4184	no	0	none
XP_002289187.1	THAPSDRAFT_370	yes	2	IPR000788,IPR005144
XP_002289188.1	THAPSDRAFT_270323	no	0	none
XP_002289189.1	THAPSDRAFT_4191	no	0	none
XP_002289190.1	THAPSDRAFT_4192	no	0	none
XP_002289191.1	THAPSDRAFT_13117	yes	1	IPR000795
XP_002289192.1	THAPSDRAFT_262068	yes	1	IPR000306
XP_002289193.1	THAPSDRAFT_22128	yes	1	IPR001194
XP_002289194.1	THAPSDRAFT_262070	yes	1	IPR001680
XP_002289195.1	THAPSDRAFT_270256	no	0	none
XP_002289196.1	THAPSDRAFT_19501	yes	1	IPR005326
XP_002289197.1	THAPSDRAFT_15114	yes	1	IPR002933
XP_002289198.1	THAPSDRAFT_40206	no	0	none
XP_002289199.1	THAPSDRAFT_22138	no	0	none
XP_002289200.1	THAPSDRAFT_4217	no	0	none
XP_002289201.1	THAPSDRAFT_4218	no	0	none
XP_002289202.1	THAPSDRAFT_27773	yes	1	IPR000595
XP_002289203.1	THAPSDRAFT_4224	yes	1	IPR003903
XP_002289204.1	THAPSDRAFT_4225	no	0	none
XP_002289205.1	THAPSDRAFT_33330	yes	1	IPR001173
XP_002289206.1	THAPSDRAFT_4229	no	0	none
XP_002289207.1	THAPSDRAFT_262083	yes	1	IPR003439
XP_002289208.1	THAPSDRAFT_33497	yes	1	IPR002737
XP_002289209.1	THAPSDRAFT_22148	no	0	none
XP_002289210.1	THAPSDRAFT_22150	no	0	none
XP_002289211.1	THAPSDRAFT_4237	no	0	none
XP_002289212.1	THAPSDRAFT_40223	yes	2	IPR000991,IPR001674
XP_002289213.1	THAPSDRAFT_17865	yes	1	IPR002051
XP_002289214.1	THAPSDRAFT_4243	yes	1	IPR001394
XP_002289215.1	THAPSDRAFT_262088	yes	1	IPR001054
XP_002289216.1	THAPSDRAFT_262091	no	0	none
XP_002289217.1	THAPSDRAFT_22162	no	0	none
XP_002289218.1	THAPSDRAFT_4253	yes	1	IPR010334
XP_002289219.1	THAPSDRAFT_22163	no	0	none
XP_002289220.1	THAPSDRAFT_4260	yes	1	IPR001680
XP_002289221.1	THAPSDRAFT_22166	no	0	none
XP_002289222.1	THAPSDRAFT_4263	yes	1	IPR002048
XP_002289223.1	THAPSDRAFT_4264	no	0	none
XP_002289224.1	THAPSDRAFT_22168	yes	1	IPR003864
XP_002289225.1	THAPSDRAFT_26192	yes	2	IPR006096,IPR006097
XP_002289226.1	THAPSDRAFT_4271	no	0	none
XP_002289227.1	THAPSDRAFT_262099	yes	2	IPR001608,IPR011079
XP_002289228.1	THAPSDRAFT_22171	yes	1	IPR002524
XP_002289229.1	THAPSDRAFT_14597	yes	2	IPR001650,IPR011545
XP_002289230.1	THAPSDRAFT_33676	yes	1	IPR008564
XP_002289231.1	THAPSDRAFT_4282	no	0	none
XP_002289232.1	THAPSDRAFT_27813	no	0	none
XP_002289233.1	THAPSDRAFT_4287	no	0	none
XP_002289234.1	THAPSDRAFT_4290	no	0	none
XP_002289235.1	THAPSDRAFT_4292	no	0	none
XP_002289236.1	THAPSDRAFT_4294	yes	1	IPR004345
XP_002289237.1	THAPSDRAFT_4296	no	0	none
XP_002289238.1	THAPSDRAFT_22180	no	0	none
XP_002289239.1	THAPSDRAFT_4300	yes	1	IPR001283
XP_002289240.1	THAPSDRAFT_22183	no	0	none
XP_002289241.1	THAPSDRAFT_22184	no	0	none
XP_002289242.1	THAPSDRAFT_22185	yes	1	IPR002110
XP_002289243.1	THAPSDRAFT_33979	yes	2	IPR000719,IPR000959
XP_002289244.1	THAPSDRAFT_4306	no	0	none
XP_002289245.1	THAPSDRAFT_4308	no	0	none
XP_002289246.1	THAPSDRAFT_268652	no	0	none
XP_002289247.1	THAPSDRAFT_268653	no	0	none
XP_002289248.1	THAPSDRAFT_262112	yes	1	IPR002110
XP_002289249.1	THAPSDRAFT_33437	yes	1	IPR006175
XP_002289250.1	THAPSDRAFT_33859	yes	3	IPR004003,IPR007698,IPR007886
XP_002289251.1	THAPSDRAFT_33312	yes	1	IPR009915
XP_002289252.1	THAPSDRAFT_4318	no	0	none
XP_002289253.1	THAPSDRAFT_4320	no	0	none
XP_002289254.1	THAPSDRAFT_4321	yes	1	IPR005834
XP_002289255.1	THAPSDRAFT_4322	yes	1	IPR001611
XP_002289256.1	THAPSDRAFT_262116	no	0	none
XP_002289257.1	THAPSDRAFT_4326	no	0	none
XP_002289258.1	THAPSDRAFT_4330	no	0	none
XP_002289259.1	THAPSDRAFT_22194	no	0	none
XP_002289260.1	THAPSDRAFT_4334	yes	1	IPR006145
XP_002289261.1	THAPSDRAFT_4336	no	0	none
XP_002289262.1	THAPSDRAFT_33377	yes	2	IPR004367,IPR006671
XP_002289263.1	THAPSDRAFT_33883	yes	2	IPR004367,IPR006671
XP_002289264.1	THAPSDRAFT_4341	no	0	none
XP_002289265.1	THAPSDRAFT_262125	yes	2	IPR005117,IPR006067
XP_002289266.1	THAPSDRAFT_22198	no	0	none
XP_002289267.1	THAPSDRAFT_22199	no	0	none
XP_002289268.1	THAPSDRAFT_4348	no	0	none
XP_002289269.1	THAPSDRAFT_4350	no	0	none
XP_002289270.1	THAPSDRAFT_4352	yes	1	IPR000727
XP_002289271.1	THAPSDRAFT_22202	no	0	none
XP_002289272.1	THAPSDRAFT_262126	yes	1	IPR004108
XP_002289273.1	THAPSDRAFT_4359	no	0	none
XP_002289274.1	THAPSDRAFT_4362	no	0	none
XP_002289275.1	THAPSDRAFT_22204	no	0	none
XP_002289276.1	THAPSDRAFT_268661	yes	1	IPR000504
XP_002289277.1	THAPSDRAFT_33941	yes	1	IPR001993
XP_002289278.1	THAPSDRAFT_22208	no	0	none
XP_002289279.1	THAPSDRAFT_22211	no	0	none
XP_002289280.1	THAPSDRAFT_22212	no	0	none
XP_002289281.1	THAPSDRAFT_4376	yes	1	IPR006083
XP_002289282.1	THAPSDRAFT_22213	yes	1	IPR000023
XP_002289283.1	THAPSDRAFT_4379	no	0	none
XP_002289284.1	THAPSDRAFT_33868	no	0	none
XP_002289285.1	THAPSDRAFT_33576	yes	1	IPR002579
XP_002289286.1	THAPSDRAFT_4385	no	0	none
XP_002289287.1	THAPSDRAFT_4386	yes	1	IPR002557
XP_002289288.1	THAPSDRAFT_4387	yes	1	IPR001993
XP_002289289.1	THAPSDRAFT_22220	no	0	none
XP_002289290.1	THAPSDRAFT_268668	no	0	none
XP_002289291.1	THAPSDRAFT_4395	no	0	none
XP_002289292.1	THAPSDRAFT_262141	yes	1	IPR001471
XP_002289293.1	THAPSDRAFT_4399	no	0	none
XP_002289294.1	THAPSDRAFT_4402	yes	1	IPR000297
XP_002289295.1	THAPSDRAFT_4405	no	0	none
XP_002289296.1	THAPSDRAFT_4408	no	0	none
XP_002289297.1	THAPSDRAFT_4411	no	0	none
XP_002289298.1	THAPSDRAFT_262149	yes	1	IPR001199
XP_002289299.1	THAPSDRAFT_262151	yes	1	IPR004835
XP_002289300.1	THAPSDRAFT_262152	no	0	none
XP_002289301.1	THAPSDRAFT_262153	yes	1	IPR001223
XP_002289302.1	THAPSDRAFT_22240	yes	3	IPR005140,IPR005141,IPR005142
XP_002289303.1	THAPSDRAFT_4422	yes	1	IPR001357
XP_002289304.1	THAPSDRAFT_4423	no	0	none
XP_002289305.1	THAPSDRAFT_22243	no	0	none
XP_002289306.1	THAPSDRAFT_22246	no	0	none
XP_002289307.1	THAPSDRAFT_262157	yes	1	IPR000594
XP_002289308.1	THAPSDRAFT_4433	no	0	none
XP_002289309.1	THAPSDRAFT_33929	yes	1	IPR006662
XP_002289310.1	THAPSDRAFT_22251	no	0	none
XP_002289311.1	THAPSDRAFT_4440	yes	1	IPR003034
XP_002289312.1	THAPSDRAFT_22252	no	0	none
XP_002289313.1	THAPSDRAFT_4445	no	0	none
XP_002289314.1	THAPSDRAFT_262163	no	0	none
XP_002289315.1	THAPSDRAFT_4448	yes	1	IPR009262
XP_002289316.1	THAPSDRAFT_22257	no	0	none
XP_002289317.1	THAPSDRAFT_4452	no	0	none
XP_002289318.1	THAPSDRAFT_4456	no	0	none
XP_002289319.1	THAPSDRAFT_268688	no	0	none
XP_002289320.1	THAPSDRAFT_4460	no	0	none
XP_002289321.1	THAPSDRAFT_4462	no	0	none
XP_002289322.1	THAPSDRAFT_4463	yes	1	IPR000326
XP_002289323.1	THAPSDRAFT_22265	no	0	none
XP_002289324.1	THAPSDRAFT_4466	no	0	none
XP_002289325.1	THAPSDRAFT_4467	no	0	none
XP_002289326.1	THAPSDRAFT_33984	yes	1	IPR000719
XP_002289327.1	THAPSDRAFT_33480	yes	1	IPR010323
XP_002289328.1	THAPSDRAFT_33871	yes	1	IPR004843
XP_002289329.1	THAPSDRAFT_4482	no	0	none
XP_002289330.1	THAPSDRAFT_17468	yes	1	IPR000704
XP_002289331.1	THAPSDRAFT_4487	no	0	none
XP_002289332.1	THAPSDRAFT_22277	yes	2	IPR001965,IPR002857
XP_002289333.1	THAPSDRAFT_4490	no	0	none
XP_002289334.1	THAPSDRAFT_262180	no	0	none
XP_002289335.1	THAPSDRAFT_22281	no	0	none
XP_002289336.1	THAPSDRAFT_40323	yes	6	IPR000991,IPR002474,IPR004362,IPR005479,IPR005480,IPR005481
XP_002289337.1	THAPSDRAFT_4501	no	0	none
XP_002289338.1	THAPSDRAFT_4502	no	0	none
XP_002289339.1	THAPSDRAFT_22288	no	0	none
XP_002289340.1	THAPSDRAFT_4510	no	0	none
XP_002289341.1	THAPSDRAFT_40335	yes	1	IPR003594
XP_002289342.1	THAPSDRAFT_262186	yes	1	IPR001752
XP_002289343.1	THAPSDRAFT_4517	no	0	none
XP_002289344.1	THAPSDRAFT_22292	no	0	none
XP_002289345.1	THAPSDRAFT_4523	no	0	none
XP_002289346.1	THAPSDRAFT_4525	no	0	none
XP_002289347.1	THAPSDRAFT_40341	yes	1	IPR001680
XP_002289348.1	THAPSDRAFT_33566	yes	1	IPR006198
XP_002289349.1	THAPSDRAFT_262193	yes	1	IPR000253
XP_002289350.1	THAPSDRAFT_4531	yes	1	IPR000719
XP_002289351.1	THAPSDRAFT_22296	no	0	none
XP_002289352.1	THAPSDRAFT_40348	yes	1	IPR003959
XP_002289353.1	THAPSDRAFT_4535	yes	1	IPR007705
XP_002289354.1	THAPSDRAFT_4536	no	0	none
XP_002289355.1	THAPSDRAFT_27922	yes	1	IPR000938
XP_002289356.1	THAPSDRAFT_22301	yes	1	IPR005002
XP_002289357.1	THAPSDRAFT_4540	no	0	none
XP_002289358.1	THAPSDRAFT_33287	yes	2	IPR000127,IPR000594
XP_002289359.1	THAPSDRAFT_22303	no	0	none
XP_002289360.1	THAPSDRAFT_22305	yes	1	IPR001461
XP_002289361.1	THAPSDRAFT_19764	yes	1	IPR005336
XP_002289362.1	THAPSDRAFT_33919	yes	1	IPR005336
XP_002289363.1	THAPSDRAFT_22307	yes	1	IPR007194
XP_002289364.1	THAPSDRAFT_4551	no	0	none
XP_002289365.1	THAPSDRAFT_262203	no	0	none
XP_002289366.1	THAPSDRAFT_262204	yes	1	IPR000086
XP_002289367.1	THAPSDRAFT_4556	no	0	none
XP_002289368.1	THAPSDRAFT_22311	no	0	none
XP_002289369.1	THAPSDRAFT_22313	yes	2	IPR000595,IPR005821
XP_002289370.1	THAPSDRAFT_4563	no	0	none
XP_002289371.1	THAPSDRAFT_22316	yes	1	IPR002942
XP_002289372.1	THAPSDRAFT_4565	no	0	none
XP_002289373.1	THAPSDRAFT_4567	no	0	none
XP_002289374.1	THAPSDRAFT_4568	no	0	none
XP_002289375.1	THAPSDRAFT_4570	no	0	none
XP_002289376.1	THAPSDRAFT_262207	yes	1	IPR001926
XP_002289377.1	THAPSDRAFT_4573	no	0	none
XP_002289378.1	THAPSDRAFT_4574	yes	1	IPR001900
XP_002289379.1	THAPSDRAFT_4575	no	0	none
XP_002289380.1	THAPSDRAFT_22318	no	0	none
XP_002289381.1	THAPSDRAFT_4578	no	0	none
XP_002289382.1	THAPSDRAFT_4580	yes	1	IPR000760
XP_002289383.1	THAPSDRAFT_22322	no	0	none
XP_002289384.1	THAPSDRAFT_22323	no	0	none
XP_002289385.1	THAPSDRAFT_22324	no	0	none
XP_002289386.1	THAPSDRAFT_268713	no	0	none
XP_002289387.1	THAPSDRAFT_4590	no	0	none
XP_002289388.1	THAPSDRAFT_268714	yes	3	IPR000640,IPR000795,IPR004161
XP_002289389.1	THAPSDRAFT_22328	no	0	none
XP_002289390.1	THAPSDRAFT_33425	yes	1	IPR007034
XP_002289391.1	THAPSDRAFT_25953	yes	1	IPR003767
XP_002289392.1	THAPSDRAFT_22332	yes	1	IPR005320
XP_002289393.1	THAPSDRAFT_22333	no	0	none
XP_002289394.1	THAPSDRAFT_22334	no	0	none
XP_002289395.1	THAPSDRAFT_4604	no	0	none
XP_002289396.1	THAPSDRAFT_268718	yes	2	IPR000583,IPR001962
XP_002289397.1	THAPSDRAFT_262217	yes	1	IPR001611
XP_002289398.1	THAPSDRAFT_4609	no	0	none
XP_002289399.1	THAPSDRAFT_33855	yes	1	IPR001179
XP_002289400.1	THAPSDRAFT_22336	yes	1	IPR001623
XP_002289401.1	THAPSDRAFT_22338	no	0	none
XP_002289402.1	THAPSDRAFT_22339	yes	2	IPR001623,IPR003613
XP_002289403.1	THAPSDRAFT_40385	yes	2	IPR001140,IPR003439
XP_002289404.1	THAPSDRAFT_33977	yes	1	IPR000509
XP_002289405.1	THAPSDRAFT_22345	yes	1	IPR001697
XP_002289406.1	THAPSDRAFT_4624	yes	2	IPR001650,IPR011545
XP_002289407.1	THAPSDRAFT_22348	no	0	none
XP_002289408.1	THAPSDRAFT_4629	no	0	none
XP_002289409.1	THAPSDRAFT_4632	no	0	none
XP_002289410.1	THAPSDRAFT_4633	no	0	none
XP_002289411.1	THAPSDRAFT_22350	yes	1	IPR001931
XP_002289412.1	THAPSDRAFT_406	yes	1	IPR000262
XP_002289413.1	THAPSDRAFT_22351	yes	1	IPR003689
XP_002289414.1	THAPSDRAFT_40402	yes	2	IPR001650,IPR011545
XP_002289415.1	THAPSDRAFT_4640	no	0	none
XP_002289416.1	THAPSDRAFT_33724	yes	1	IPR002529
XP_002289417.1	THAPSDRAFT_33717	yes	1	IPR004045
XP_002289418.1	THAPSDRAFT_33728	yes	1	IPR000719
XP_002289419.1	THAPSDRAFT_22359	no	0	none
XP_002289420.1	THAPSDRAFT_4646	no	0	none
XP_002289421.1	THAPSDRAFT_22362	yes	1	IPR001099
XP_002289422.1	THAPSDRAFT_27986	yes	1	IPR006876
XP_002289423.1	THAPSDRAFT_4654	no	0	none
XP_002289424.1	THAPSDRAFT_33625	yes	2	IPR000380,IPR006171
XP_002289425.1	THAPSDRAFT_4659	no	0	none
XP_002289426.1	THAPSDRAFT_4660	yes	1	IPR001173
XP_002289427.1	THAPSDRAFT_22368	no	0	none
XP_002289428.1	THAPSDRAFT_33709	yes	1	IPR000504
XP_002289429.1	THAPSDRAFT_20266	yes	1	IPR000504
XP_002289430.1	THAPSDRAFT_4666	no	0	none
XP_002289431.1	THAPSDRAFT_22371	no	0	none
XP_002289432.1	THAPSDRAFT_4672	no	0	none
XP_002289433.1	THAPSDRAFT_22375	no	0	none
XP_002289434.1	THAPSDRAFT_4676	no	0	none
XP_002289435.1	THAPSDRAFT_262247	yes	1	IPR001223
XP_002289436.1	THAPSDRAFT_4680	no	0	none
XP_002289437.1	THAPSDRAFT_22379	yes	1	IPR002110
XP_002289438.1	THAPSDRAFT_262248	no	0	none
XP_002289439.1	THAPSDRAFT_262249	yes	1	IPR001611
XP_002289440.1	THAPSDRAFT_268740	yes	1	IPR002073
XP_002289441.1	THAPSDRAFT_262253	yes	1	IPR001440
XP_002289442.1	THAPSDRAFT_4688	no	0	none
XP_002289443.1	THAPSDRAFT_22383	no	0	none
XP_002289444.1	THAPSDRAFT_4691	no	0	none
XP_002289445.1	THAPSDRAFT_22385	yes	1	IPR005062
XP_002289446.1	THAPSDRAFT_411	yes	2	IPR003781,IPR005811
XP_002289447.1	THAPSDRAFT_262257	yes	1	IPR006175
XP_002289448.1	THAPSDRAFT_262258	no	0	none
XP_002289449.1	THAPSDRAFT_4700	no	0	none
XP_002289450.1	THAPSDRAFT_22388	no	0	none
XP_002289451.1	THAPSDRAFT_22389	no	0	none
XP_002289452.1	THAPSDRAFT_22391	no	0	none
XP_002289453.1	THAPSDRAFT_4708	no	0	none
XP_002289454.1	THAPSDRAFT_4710	yes	1	IPR002048
XP_002289455.1	THAPSDRAFT_4713	no	0	none
XP_002289456.1	THAPSDRAFT_22394	no	0	none
XP_002289457.1	THAPSDRAFT_22396	no	0	none
XP_002289458.1	THAPSDRAFT_4718	no	0	none
XP_002289459.1	THAPSDRAFT_4722	no	0	none
XP_002289460.1	THAPSDRAFT_4725	no	0	none
XP_002289461.1	THAPSDRAFT_4729	no	0	none
XP_002289462.1	THAPSDRAFT_262272	yes	1	IPR002198
XP_002289463.1	THAPSDRAFT_33946	yes	1	IPR007198
XP_002289464.1	THAPSDRAFT_4736	no	0	none
XP_002289465.1	THAPSDRAFT_18796	yes	1	IPR000850
XP_002289466.1	THAPSDRAFT_262275	no	0	none
XP_002289467.1	THAPSDRAFT_4740	yes	1	IPR000232
XP_002289468.1	THAPSDRAFT_22405	yes	1	IPR005804
XP_002289469.1	THAPSDRAFT_4743	no	0	none
XP_002289470.1	THAPSDRAFT_4744	no	0	none
XP_002289471.1	THAPSDRAFT_4745	no	0	none
XP_002289472.1	THAPSDRAFT_33376	yes	1	IPR001977
XP_002289473.1	THAPSDRAFT_40445	yes	1	IPR004273
XP_002289474.1	THAPSDRAFT_4748	yes	1	IPR000537
XP_002289475.1	THAPSDRAFT_413	yes	1	IPR006115
XP_002289476.1	THAPSDRAFT_26212	yes	1	IPR002553
XP_002289477.1	THAPSDRAFT_4757	no	0	none
XP_002289478.1	THAPSDRAFT_4760	yes	1	IPR000073
XP_002289479.1	THAPSDRAFT_28025	yes	1	IPR007197
XP_002289480.1	THAPSDRAFT_22413	yes	1	IPR002110
XP_002289481.1	THAPSDRAFT_4765	yes	1	IPR000504
XP_002289482.1	THAPSDRAFT_262287	no	0	none
XP_002289483.1	THAPSDRAFT_268761	yes	1	IPR001611
XP_002289484.1	THAPSDRAFT_22417	no	0	none
XP_002289485.1	THAPSDRAFT_4772	no	0	none
XP_002289486.1	THAPSDRAFT_33806	yes	1	IPR004023
XP_002289487.1	THAPSDRAFT_4774	yes	1	IPR001199
XP_002289488.1	THAPSDRAFT_40463	yes	1	IPR004364
XP_002289489.1	THAPSDRAFT_33357	no	0	none
XP_002289490.1	THAPSDRAFT_4782	no	0	none
XP_002289491.1	THAPSDRAFT_262296	no	0	none
XP_002289492.1	THAPSDRAFT_33600	yes	1	IPR002048
XP_002289493.1	THAPSDRAFT_33718	yes	1	IPR003358
XP_002289494.1	THAPSDRAFT_28038	yes	3	IPR000210,IPR006652,IPR011498
XP_002289495.1	THAPSDRAFT_22425	yes	1	IPR005123
XP_002289496.1	THAPSDRAFT_4793	no	0	none
XP_002289497.1	THAPSDRAFT_22427	yes	1	IPR002885
XP_002289498.1	THAPSDRAFT_4796	no	0	none
XP_002289499.1	THAPSDRAFT_268766	yes	2	IPR001140,IPR003439
XP_002289500.1	THAPSDRAFT_22433	yes	1	IPR003191
XP_002289501.1	THAPSDRAFT_4804	no	0	none
XP_002289502.1	THAPSDRAFT_40473	yes	1	IPR002733
XP_002289503.1	THAPSDRAFT_33772	yes	1	IPR000719
XP_002289504.1	THAPSDRAFT_33725	yes	1	IPR000555
XP_002289505.1	THAPSDRAFT_4813	no	0	none
XP_002289506.1	THAPSDRAFT_28049	yes	2	IPR001351,IPR004044
XP_002289507.1	THAPSDRAFT_4816	yes	3	IPR001202,IPR001452,IPR011511
XP_002289508.1	THAPSDRAFT_4818	no	0	none
XP_002289509.1	THAPSDRAFT_4820	yes	1	IPR007913
XP_002289510.1	THAPSDRAFT_4821	no	0	none
XP_002289511.1	THAPSDRAFT_262307	yes	1	IPR000060
XP_002289512.1	THAPSDRAFT_4824	no	0	none
XP_002289513.1	THAPSDRAFT_22442	no	0	none
XP_002289514.1	THAPSDRAFT_40483	yes	1	IPR001353
XP_002289515.1	THAPSDRAFT_4829	no	0	none
XP_002289516.1	THAPSDRAFT_268773	yes	1	IPR004045
XP_002289517.1	THAPSDRAFT_17859	yes	1	IPR007599
XP_002289518.1	THAPSDRAFT_22448	no	0	none
XP_002289519.1	THAPSDRAFT_22450	no	0	none
XP_002289520.1	THAPSDRAFT_33580	yes	2	IPR001140,IPR003439
XP_002289521.1	THAPSDRAFT_262312	yes	1	IPR003673
XP_002289522.1	THAPSDRAFT_4843	yes	1	IPR001344
XP_002289523.1	THAPSDRAFT_4845	no	0	none
XP_002289524.1	THAPSDRAFT_22455	no	0	none
XP_002289525.1	THAPSDRAFT_268775	yes	1	IPR004240
XP_002289526.1	THAPSDRAFT_4853	yes	1	IPR000061
XP_002289527.1	THAPSDRAFT_40509	yes	1	IPR000988
XP_002289528.1	THAPSDRAFT_22464	yes	2	IPR004646,IPR004647
XP_002289529.1	THAPSDRAFT_4858	no	0	none
XP_002289530.1	THAPSDRAFT_4860	no	0	none
XP_002289531.1	THAPSDRAFT_33829	no	0	none
XP_002289532.1	THAPSDRAFT_33288	yes	2	IPR000792,IPR001789
XP_002289533.1	THAPSDRAFT_262320	no	0	none
XP_002289534.1	THAPSDRAFT_4864	no	0	none
XP_002289535.1	THAPSDRAFT_4867	yes	1	IPR002657
XP_002289536.1	THAPSDRAFT_22468	no	0	none
XP_002289537.1	THAPSDRAFT_4871	no	0	none
XP_002289538.1	THAPSDRAFT_4875	yes	1	IPR001697
XP_002289539.1	THAPSDRAFT_22472	no	0	none
XP_002289540.1	THAPSDRAFT_4879	no	0	none
XP_002289541.1	THAPSDRAFT_22474	no	0	none
XP_002289542.1	THAPSDRAFT_4883	yes	1	IPR001344
XP_002289543.1	THAPSDRAFT_22476	yes	1	IPR001380
XP_002289544.1	THAPSDRAFT_17006	yes	1	IPR004274
XP_002289545.1	THAPSDRAFT_22477	no	0	none
XP_002289546.1	THAPSDRAFT_4888	no	0	none
XP_002289547.1	THAPSDRAFT_262335	no	0	none
XP_002289548.1	THAPSDRAFT_268788	yes	1	IPR001005
XP_002289549.1	THAPSDRAFT_4894	no	0	none
XP_002289550.1	THAPSDRAFT_4896	no	0	none
XP_002289551.1	THAPSDRAFT_22481	no	0	none
XP_002289552.1	THAPSDRAFT_4900	no	0	none
XP_002289553.1	THAPSDRAFT_19099	no	0	none
XP_002289554.1	THAPSDRAFT_22484	no	0	none
XP_002289555.1	THAPSDRAFT_262343	no	0	none
XP_002289556.1	THAPSDRAFT_4908	no	0	none
XP_002289557.1	THAPSDRAFT_4909	no	0	none
XP_002289558.1	THAPSDRAFT_22488	no	0	none
XP_002289559.1	THAPSDRAFT_4915	no	0	none
XP_002289560.1	THAPSDRAFT_4917	no	0	none
XP_002289561.1	THAPSDRAFT_4919	no	0	none
XP_002289562.1	THAPSDRAFT_4920	no	0	none
XP_002289563.1	THAPSDRAFT_4922	yes	1	IPR000209
XP_002289564.1	THAPSDRAFT_268793	yes	1	IPR010256
XP_002289565.1	THAPSDRAFT_270301	no	0	none
XP_002289566.1	THAPSDRAFT_262348	yes	1	IPR002421
XP_002289567.1	THAPSDRAFT_22494	yes	1	IPR003719
XP_002289568.1	THAPSDRAFT_22495	yes	1	IPR006671
XP_002289569.1	THAPSDRAFT_26224	yes	1	IPR001107
XP_002289570.1	THAPSDRAFT_33906	yes	1	IPR001623
XP_002289571.1	THAPSDRAFT_22498	no	0	none
XP_002289572.1	THAPSDRAFT_4936	no	0	none
XP_002289573.1	THAPSDRAFT_4937	no	0	none
XP_002289574.1	THAPSDRAFT_22499	no	0	none
XP_002289575.1	THAPSDRAFT_4940	yes	1	IPR002627
XP_002289576.1	THAPSDRAFT_33680	yes	1	IPR002202
XP_002289577.1	THAPSDRAFT_4946	no	0	none
XP_002289578.1	THAPSDRAFT_4948	no	0	none
XP_002289579.1	THAPSDRAFT_22507	yes	1	IPR001202
XP_002289580.1	THAPSDRAFT_262359	yes	1	IPR000904
XP_002289581.1	THAPSDRAFT_4955	no	0	none
XP_002289582.1	THAPSDRAFT_262361	no	0	none
XP_002289583.1	THAPSDRAFT_261991	yes	1	IPR003473
XP_002289584.1	THAPSDRAFT_22062	no	0	none
XP_002289585.1	THAPSDRAFT_4058	yes	2	IPR004367,IPR006671
XP_002289586.1	THAPSDRAFT_261998	no	0	none
XP_002289587.1	THAPSDRAFT_4061	no	0	none
XP_002289588.1	THAPSDRAFT_33726	yes	1	IPR000719
XP_002289589.1	THAPSDRAFT_4064	no	0	none
XP_002289590.1	THAPSDRAFT_4065	no	0	none
XP_002289591.1	THAPSDRAFT_4067	no	0	none
XP_002289592.1	THAPSDRAFT_4071	no	0	none
XP_002289593.1	THAPSDRAFT_40148	yes	1	IPR000608
XP_002289594.1	THAPSDRAFT_262004	yes	1	IPR005821
XP_002289595.1	THAPSDRAFT_262006	no	0	none
XP_002289596.1	THAPSDRAFT_22070	no	0	none
XP_002289597.1	THAPSDRAFT_4084	no	0	none
XP_002289598.1	THAPSDRAFT_17623	yes	1	IPR000878
XP_002289599.1	THAPSDRAFT_22074	no	0	none
XP_002289600.1	THAPSDRAFT_268593	no	0	none
XP_002289601.1	THAPSDRAFT_268594	yes	1	IPR004839
XP_002289602.1	THAPSDRAFT_22079	no	0	none
XP_002289603.1	THAPSDRAFT_4096	yes	1	IPR005834
XP_002289604.1	THAPSDRAFT_268596	no	0	none
XP_002289605.1	THAPSDRAFT_13794	yes	1	IPR001680
XP_002289606.1	THAPSDRAFT_13335	yes	2	IPR001650,IPR011545
XP_002289607.1	THAPSDRAFT_22087	no	0	none
XP_002289608.1	THAPSDRAFT_262025	yes	1	IPR001223
XP_002289609.1	THAPSDRAFT_33970	yes	3	IPR001650,IPR006935,IPR011545
XP_002289610.1	THAPSDRAFT_262028	no	0	none
XP_002289611.1	THAPSDRAFT_262029	no	0	none
XP_002289612.1	THAPSDRAFT_4115	no	0	none
XP_002289613.1	THAPSDRAFT_4117	no	0	none
XP_002289614.1	THAPSDRAFT_4121	yes	1	IPR000182
XP_002289615.1	THAPSDRAFT_262034	yes	1	IPR005164
XP_002289616.1	THAPSDRAFT_268606	no	0	none
XP_002289617.1	THAPSDRAFT_22095	yes	1	IPR007941
XP_002289618.1	THAPSDRAFT_4130	no	0	none
XP_002289619.1	THAPSDRAFT_22096	yes	1	IPR006917
XP_002289620.1	THAPSDRAFT_4136	no	0	none
XP_002289621.1	THAPSDRAFT_33316	yes	1	IPR001509
XP_002289622.1	THAPSDRAFT_33777	yes	1	IPR000719
XP_002289623.1	THAPSDRAFT_268610	yes	1	IPR004240
XP_002289624.1	THAPSDRAFT_4143	yes	2	IPR002625,IPR003903
XP_002289625.1	THAPSDRAFT_262046	yes	1	IPR006667
XP_002289626.1	THAPSDRAFT_4146	no	0	none
XP_002289627.1	THAPSDRAFT_4147	no	0	none
XP_002289628.1	THAPSDRAFT_22107	no	0	none
XP_002289629.1	THAPSDRAFT_22108	yes	1	IPR008902
XP_002289630.1	THAPSDRAFT_268616	yes	1	IPR001494
XP_002289631.1	THAPSDRAFT_22112	no	0	none
XP_002289632.1	THAPSDRAFT_33851	yes	1	IPR002867
XP_002289633.1	THAPSDRAFT_4160	yes	1	IPR003674
XP_002289634.1	THAPSDRAFT_268619	yes	1	IPR006689
XP_002289635.1	THAPSDRAFT_262056	yes	1	IPR001848
XP_002289636.1	THAPSDRAFT_268621	yes	4	IPR005843,IPR005844,IPR005845,IPR005846
XP_002289637.1	THAPSDRAFT_262059	yes	1	IPR002618
XP_002289638.1	THAPSDRAFT_4166	no	0	none
XP_002289639.1	THAPSDRAFT_4168	no	0	none
XP_002289640.1	THAPSDRAFT_4170	no	0	none
XP_002289641.1	THAPSDRAFT_4171	no	0	none
XP_002289642.1	THAPSDRAFT_22117	no	0	none
XP_002289643.1	THAPSDRAFT_4175	no	0	none
XP_002289644.1	THAPSDRAFT_22121	no	0	none
XP_002289645.1	THAPSDRAFT_268625	no	0	none
XP_002289646.1	THAPSDRAFT_22124	yes	1	IPR000232
XP_002289647.1	THAPSDRAFT_4186	no	0	none
XP_002289648.1	THAPSDRAFT_4189	no	0	none
XP_002289649.1	THAPSDRAFT_4190	no	0	none
XP_002289650.1	THAPSDRAFT_4193	no	0	none
XP_002289651.1	THAPSDRAFT_22127	no	0	none
XP_002289652.1	THAPSDRAFT_262069	no	0	none
XP_002289653.1	THAPSDRAFT_4199	no	0	none
XP_002289654.1	THAPSDRAFT_4202	yes	1	IPR001092
XP_002289655.1	THAPSDRAFT_268629	yes	1	IPR006145
XP_002289656.1	THAPSDRAFT_22134	no	0	none
XP_002289657.1	THAPSDRAFT_4207	no	0	none
XP_002289658.1	THAPSDRAFT_22135	yes	1	IPR000232
XP_002289659.1	THAPSDRAFT_33578	yes	1	IPR001806
XP_002289660.1	THAPSDRAFT_262078	yes	1	IPR002091
XP_002289661.1	THAPSDRAFT_4214	no	0	none
XP_002289662.1	THAPSDRAFT_4215	no	0	none
XP_002289663.1	THAPSDRAFT_22139	no	0	none
XP_002289664.1	THAPSDRAFT_22140	yes	1	IPR004854
XP_002289665.1	THAPSDRAFT_22141	no	0	none
XP_002289666.1	THAPSDRAFT_22142	no	0	none
XP_002289667.1	THAPSDRAFT_4223	no	0	none
XP_002289668.1	THAPSDRAFT_27776	yes	1	IPR006680
XP_002289669.1	THAPSDRAFT_26190	yes	1	IPR001085
XP_002289670.1	THAPSDRAFT_40218	yes	1	IPR002198
XP_002289671.1	THAPSDRAFT_22149	yes	1	IPR001841
XP_002289672.1	THAPSDRAFT_18841	yes	1	IPR000504
XP_002289673.1	THAPSDRAFT_33603	yes	1	IPR008913
XP_002289674.1	THAPSDRAFT_22153	yes	1	IPR001623
XP_002289675.1	THAPSDRAFT_18462	no	0	none
XP_002289676.1	THAPSDRAFT_22155	yes	1	IPR003131
XP_002289677.1	THAPSDRAFT_268640	yes	1	IPR001382
XP_002289678.1	THAPSDRAFT_40232	yes	1	IPR001382
XP_002289679.1	THAPSDRAFT_4249	no	0	none
XP_002289680.1	THAPSDRAFT_40233	yes	1	IPR002059
XP_002289681.1	THAPSDRAFT_268644	yes	3	IPR001247,IPR003029,IPR004088
XP_002289682.1	THAPSDRAFT_4254	yes	1	IPR001965
XP_002289683.1	THAPSDRAFT_4256	no	0	none
XP_002289684.1	THAPSDRAFT_26191	yes	2	IPR004364,IPR004365
XP_002289685.1	THAPSDRAFT_33995	no	0	none
XP_002289686.1	THAPSDRAFT_4261	no	0	none
XP_002289687.1	THAPSDRAFT_22167	no	0	none
XP_002289688.1	THAPSDRAFT_4267	no	0	none
XP_002289689.1	THAPSDRAFT_4268	no	0	none
XP_002289690.1	THAPSDRAFT_4270	yes	1	IPR005552
XP_002289691.1	THAPSDRAFT_22170	yes	1	IPR000717
XP_002289692.1	THAPSDRAFT_27811	yes	1	IPR004839
XP_002289693.1	THAPSDRAFT_4276	no	0	none
XP_002289694.1	THAPSDRAFT_4277	no	0	none
XP_002289695.1	THAPSDRAFT_4278	no	0	none
XP_002289696.1	THAPSDRAFT_262102	yes	1	IPR001752
XP_002289697.1	THAPSDRAFT_262103	yes	2	IPR000008,IPR001711
XP_002289698.1	THAPSDRAFT_262104	yes	1	IPR000909
XP_002289699.1	THAPSDRAFT_12859	yes	1	IPR001900
XP_002289700.1	THAPSDRAFT_4288	yes	1	IPR002562
XP_002289701.1	THAPSDRAFT_22177	no	0	none
XP_002289702.1	THAPSDRAFT_268650	yes	1	IPR002553
XP_002289703.1	THAPSDRAFT_4293	no	0	none
XP_002289704.1	THAPSDRAFT_4295	no	0	none
XP_002289705.1	THAPSDRAFT_33667	yes	1	IPR000804
XP_002289706.1	THAPSDRAFT_268651	yes	2	IPR001912,IPR002942
XP_002289707.1	THAPSDRAFT_27822	no	0	none
XP_002289708.1	THAPSDRAFT_4302	no	0	none
XP_002289709.1	THAPSDRAFT_22186	no	0	none
XP_002289710.1	THAPSDRAFT_22187	yes	1	IPR002068
XP_002289711.1	THAPSDRAFT_4312	no	0	none
XP_002289712.1	THAPSDRAFT_22189	yes	2	IPR000182,IPR006671
XP_002289713.1	THAPSDRAFT_4315	yes	1	IPR000232
XP_002289714.1	THAPSDRAFT_268655	yes	2	IPR000286,IPR002110
XP_002289715.1	THAPSDRAFT_22192	yes	1	IPR000253
XP_002289716.1	THAPSDRAFT_4323	no	0	none
XP_002289717.1	THAPSDRAFT_33794	yes	1	IPR001171
XP_002289718.1	THAPSDRAFT_268657	yes	2	IPR001327,IPR004099
XP_002289719.1	THAPSDRAFT_33389	yes	2	IPR000595,IPR000719
XP_002289720.1	THAPSDRAFT_385	yes	1	IPR000182
XP_002289721.1	THAPSDRAFT_4331	yes	1	IPR001585
XP_002289722.1	THAPSDRAFT_4333	no	0	none
XP_002289723.1	THAPSDRAFT_262120	no	0	none
XP_002289724.1	THAPSDRAFT_4338	no	0	none
XP_002289725.1	THAPSDRAFT_4340	no	0	none
XP_002289726.1	THAPSDRAFT_33968	yes	1	IPR002048
XP_002289727.1	THAPSDRAFT_22197	yes	1	IPR001395
XP_002289728.1	THAPSDRAFT_4347	no	0	none
XP_002289729.1	THAPSDRAFT_4349	yes	1	IPR002110
XP_002289730.1	THAPSDRAFT_22200	yes	1	IPR001623
XP_002289731.1	THAPSDRAFT_4353	no	0	none
XP_002289732.1	THAPSDRAFT_4355	no	0	none
XP_002289733.1	THAPSDRAFT_4357	no	0	none
XP_002289734.1	THAPSDRAFT_4358	no	0	none
XP_002289735.1	THAPSDRAFT_33895	yes	2	IPR004113,IPR006094
XP_002289736.1	THAPSDRAFT_262127	yes	1	IPR002123
XP_002289737.1	THAPSDRAFT_262129	yes	1	IPR001965
XP_002289738.1	THAPSDRAFT_4363	no	0	none
XP_002289739.1	THAPSDRAFT_22203	no	0	none
XP_002289740.1	THAPSDRAFT_27834	yes	1	IPR002646
XP_002289741.1	THAPSDRAFT_27836	yes	1	IPR004835
XP_002289742.1	THAPSDRAFT_4370	no	0	none
XP_002289743.1	THAPSDRAFT_4372	no	0	none
XP_002289744.1	THAPSDRAFT_40265	yes	1	IPR002140
XP_002289745.1	THAPSDRAFT_22214	no	0	none
XP_002289746.1	THAPSDRAFT_22215	yes	1	IPR002557
XP_002289747.1	THAPSDRAFT_4382	no	0	none
XP_002289748.1	THAPSDRAFT_22218	no	0	none
XP_002289749.1	THAPSDRAFT_262136	yes	1	IPR007379
XP_002289750.1	THAPSDRAFT_22221	no	0	none
XP_002289751.1	THAPSDRAFT_33701	no	0	none
XP_002289752.1	THAPSDRAFT_22223	yes	1	IPR005016
XP_002289753.1	THAPSDRAFT_268669	no	0	none
XP_002289754.1	THAPSDRAFT_33955	yes	1	IPR000719
XP_002289755.1	THAPSDRAFT_22227	no	0	none
XP_002289756.1	THAPSDRAFT_268671	no	0	none
XP_002289757.1	THAPSDRAFT_4403	no	0	none
XP_002289758.1	THAPSDRAFT_4404	no	0	none
XP_002289759.1	THAPSDRAFT_22231	no	0	none
XP_002289760.1	THAPSDRAFT_27850	yes	1	IPR001345
XP_002289761.1	THAPSDRAFT_4409	no	0	none
XP_002289762.1	THAPSDRAFT_27852	yes	1	IPR002130
XP_002289763.1	THAPSDRAFT_22234	yes	1	IPR000014
XP_002289764.1	THAPSDRAFT_262146	yes	1	IPR004835
XP_002289765.1	THAPSDRAFT_262148	yes	1	IPR001199
XP_002289766.1	THAPSDRAFT_4415	yes	1	IPR000910
XP_002289767.1	THAPSDRAFT_22237	yes	1	IPR002557
XP_002289768.1	THAPSDRAFT_268678	yes	2	IPR001005,IPR001623
XP_002289769.1	THAPSDRAFT_25949	yes	1	IPR002132
XP_002289770.1	THAPSDRAFT_4424	yes	2	IPR002790,IPR003034
XP_002289771.1	THAPSDRAFT_22244	no	0	none
XP_002289772.1	THAPSDRAFT_22245	yes	1	IPR004331
XP_002289773.1	THAPSDRAFT_4431	no	0	none
XP_002289774.1	THAPSDRAFT_22248	yes	4	IPR006895,IPR006896,IPR006900,IPR007123
XP_002289775.1	THAPSDRAFT_22249	yes	1	IPR011419
XP_002289776.1	THAPSDRAFT_4438	yes	1	IPR002110
XP_002289777.1	THAPSDRAFT_4439	no	0	none
XP_002289778.1	THAPSDRAFT_4441	yes	1	IPR005123
XP_002289779.1	THAPSDRAFT_22253	yes	1	IPR001202
XP_002289780.1	THAPSDRAFT_40293	yes	1	IPR006662
XP_002289781.1	THAPSDRAFT_13021	yes	1	IPR001365
XP_002289782.1	THAPSDRAFT_33915	yes	1	IPR001993
XP_002289783.1	THAPSDRAFT_22258	no	0	none
XP_002289784.1	THAPSDRAFT_17095	yes	1	IPR004274
XP_002289785.1	THAPSDRAFT_4454	yes	1	IPR005123
XP_002289786.1	THAPSDRAFT_4455	yes	2	IPR001026,IPR001194
XP_002289787.1	THAPSDRAFT_268687	yes	2	IPR000330,IPR001650
XP_002289788.1	THAPSDRAFT_22261	no	0	none
XP_002289789.1	THAPSDRAFT_268689	yes	1	IPR000504
XP_002289790.1	THAPSDRAFT_4465	no	0	none
XP_002289791.1	THAPSDRAFT_22266	no	0	none
XP_002289792.1	THAPSDRAFT_33670	yes	1	IPR000358
XP_002289793.1	THAPSDRAFT_4470	yes	1	IPR005172
XP_002289794.1	THAPSDRAFT_22269	yes	1	IPR004871
XP_002289795.1	THAPSDRAFT_33417	yes	1	IPR006662
XP_002289796.1	THAPSDRAFT_40312	yes	1	IPR000754
XP_002289797.1	THAPSDRAFT_33558	yes	3	IPR011115,IPR011116,IPR011130
XP_002289798.1	THAPSDRAFT_22272	no	0	none
XP_002289799.1	THAPSDRAFT_268695	no	0	none
XP_002289800.1	THAPSDRAFT_4481	yes	1	IPR005834
XP_002289801.1	THAPSDRAFT_4483	no	0	none
XP_002289802.1	THAPSDRAFT_27892	yes	1	IPR005814
XP_002289803.1	THAPSDRAFT_22276	yes	1	IPR007504
XP_002289804.1	THAPSDRAFT_262179	yes	1	IPR004344
XP_002289805.1	THAPSDRAFT_4491	no	0	none
XP_002289806.1	THAPSDRAFT_22279	yes	1	IPR003034
XP_002289807.1	THAPSDRAFT_22280	yes	1	IPR001353
XP_002289808.1	THAPSDRAFT_4495	no	0	none
XP_002289809.1	THAPSDRAFT_33973	yes	1	IPR002641
XP_002289810.1	THAPSDRAFT_22283	no	0	none
XP_002289811.1	THAPSDRAFT_22284	yes	2	IPR000086,IPR007722
XP_002289812.1	THAPSDRAFT_4503	yes	1	IPR000801
XP_002289813.1	THAPSDRAFT_13254	yes	2	IPR001650,IPR011545
XP_002289814.1	THAPSDRAFT_40329	yes	1	IPR002670
XP_002289815.1	THAPSDRAFT_33780	no	0	none
XP_002289816.1	THAPSDRAFT_4507	no	0	none
XP_002289817.1	THAPSDRAFT_33476	yes	1	IPR002728
XP_002289818.1	THAPSDRAFT_4512	no	0	none
XP_002289819.1	THAPSDRAFT_22291	no	0	none
XP_002289820.1	THAPSDRAFT_33343	yes	2	IPR006114,IPR006115
XP_002289821.1	THAPSDRAFT_4516	no	0	none
XP_002289822.1	THAPSDRAFT_4518	no	0	none
XP_002289823.1	THAPSDRAFT_33926	yes	1	IPR001128
XP_002289824.1	THAPSDRAFT_33774	yes	1	IPR005654
XP_002289825.1	THAPSDRAFT_33950	no	0	none
XP_002289826.1	THAPSDRAFT_270364	no	0	none
XP_002289827.1	THAPSDRAFT_270365	no	0	none
XP_002289828.1	THAPSDRAFT_33911	yes	1	IPR001104
XP_002289829.1	THAPSDRAFT_22297	no	0	none
XP_002289830.1	THAPSDRAFT_33985	yes	1	IPR001406
XP_002289831.1	THAPSDRAFT_22302	yes	1	IPR001394
XP_002289832.1	THAPSDRAFT_4543	no	0	none
XP_002289833.1	THAPSDRAFT_22304	no	0	none
XP_002289834.1	THAPSDRAFT_4547	no	0	none
XP_002289835.1	THAPSDRAFT_262201	yes	1	IPR001932
XP_002289836.1	THAPSDRAFT_4552	yes	1	IPR002225
XP_002289837.1	THAPSDRAFT_22308	no	0	none
XP_002289838.1	THAPSDRAFT_4555	no	0	none
XP_002289839.1	THAPSDRAFT_33653	yes	1	IPR000740
XP_002289840.1	THAPSDRAFT_22312	no	0	none
XP_002289841.1	THAPSDRAFT_40	yes	1	IPR002634
XP_002289842.1	THAPSDRAFT_22315	no	0	none
XP_002289843.1	THAPSDRAFT_33798	yes	1	IPR000719
XP_002289844.1	THAPSDRAFT_33337	yes	1	IPR000595
XP_002289845.1	THAPSDRAFT_4569	no	0	none
XP_002289846.1	THAPSDRAFT_4571	yes	1	IPR005123
XP_002289847.1	THAPSDRAFT_4576	yes	1	IPR002528
XP_002289848.1	THAPSDRAFT_22319	yes	1	IPR001680
XP_002289849.1	THAPSDRAFT_4581	no	0	none
XP_002289850.1	THAPSDRAFT_22321	no	0	none
XP_002289851.1	THAPSDRAFT_33466	yes	1	IPR009577
XP_002289852.1	THAPSDRAFT_22325	no	0	none
XP_002289853.1	THAPSDRAFT_4589	no	0	none
XP_002289854.1	THAPSDRAFT_33513	yes	1	IPR006671
XP_002289855.1	THAPSDRAFT_4596	no	0	none
XP_002289856.1	THAPSDRAFT_4599	no	0	none
XP_002289857.1	THAPSDRAFT_262215	yes	1	IPR005033
XP_002289858.1	THAPSDRAFT_4603	no	0	none
XP_002289859.1	THAPSDRAFT_4607	no	0	none
XP_002289860.1	THAPSDRAFT_4608	no	0	none
XP_002289861.1	THAPSDRAFT_4612	yes	1	IPR000408
XP_002289862.1	THAPSDRAFT_22337	no	0	none
XP_002289863.1	THAPSDRAFT_4616	no	0	none
XP_002289864.1	THAPSDRAFT_40387	yes	1	IPR008195
XP_002289865.1	THAPSDRAFT_270246	no	0	none
XP_002289866.1	THAPSDRAFT_40391	yes	1	IPR000941
XP_002289867.1	THAPSDRAFT_40393	yes	1	IPR001697
XP_002289868.1	THAPSDRAFT_22347	yes	2	IPR001594,IPR002110
XP_002289869.1	THAPSDRAFT_33340	no	0	none
XP_002289870.1	THAPSDRAFT_33937	yes	2	IPR001433,IPR008333
XP_002289871.1	THAPSDRAFT_262229	yes	1	IPR002198
XP_002289872.1	THAPSDRAFT_4630	no	0	none
XP_002289873.1	THAPSDRAFT_22349	no	0	none
XP_002289874.1	THAPSDRAFT_22354	no	0	none
XP_002289875.1	THAPSDRAFT_22355	no	0	none
XP_002289876.1	THAPSDRAFT_22356	yes	1	IPR001656
XP_002289877.1	THAPSDRAFT_262236	yes	1	IPR004841
XP_002289878.1	THAPSDRAFT_33685	yes	2	IPR006099,IPR006158
XP_002289879.1	THAPSDRAFT_4650	no	0	none
XP_002289880.1	THAPSDRAFT_33649	yes	1	IPR001353
XP_002289881.1	THAPSDRAFT_4653	yes	1	IPR006970
XP_002289882.1	THAPSDRAFT_4655	yes	2	IPR002048,IPR002110
XP_002289883.1	THAPSDRAFT_262242	yes	1	IPR000873
XP_002289884.1	THAPSDRAFT_22365	yes	1	IPR000073
XP_002289885.1	THAPSDRAFT_268735	yes	1	IPR001680
XP_002289886.1	THAPSDRAFT_22367	yes	1	IPR004843
XP_002289887.1	THAPSDRAFT_22370	no	0	none
XP_002289888.1	THAPSDRAFT_4668	no	0	none
XP_002289889.1	THAPSDRAFT_18469	yes	1	IPR001179
XP_002289890.1	THAPSDRAFT_22372	yes	1	IPR000910
XP_002289891.1	THAPSDRAFT_268737	no	0	none
XP_002289892.1	THAPSDRAFT_22374	no	0	none
XP_002289893.1	THAPSDRAFT_4674	yes	1	IPR001594
XP_002289894.1	THAPSDRAFT_17735	yes	1	IPR001345
XP_002289895.1	THAPSDRAFT_4677	yes	1	IPR000719
XP_002289896.1	THAPSDRAFT_4679	no	0	none
XP_002289897.1	THAPSDRAFT_22378	no	0	none
XP_002289898.1	THAPSDRAFT_262250	yes	1	IPR001910
XP_002289899.1	THAPSDRAFT_262251	no	0	none
XP_002289900.1	THAPSDRAFT_22382	no	0	none
XP_002289901.1	THAPSDRAFT_262254	yes	1	IPR003439
XP_002289902.1	THAPSDRAFT_27997	yes	1	IPR000581
XP_002289903.1	THAPSDRAFT_4696	no	0	none
XP_002289904.1	THAPSDRAFT_412	yes	1	IPR004839
XP_002289905.1	THAPSDRAFT_4701	no	0	none
XP_002289906.1	THAPSDRAFT_4704	yes	1	IPR002123
XP_002289907.1	THAPSDRAFT_4705	no	0	none
XP_002289908.1	THAPSDRAFT_262261	yes	1	IPR001932
XP_002289909.1	THAPSDRAFT_4709	yes	1	IPR001339
XP_002289910.1	THAPSDRAFT_268744	yes	1	IPR006070
XP_002289911.1	THAPSDRAFT_4712	no	0	none
XP_002289912.1	THAPSDRAFT_28004	no	0	none
XP_002289913.1	THAPSDRAFT_22395	no	0	none
XP_002289914.1	THAPSDRAFT_268745	yes	1	IPR002885
XP_002289915.1	THAPSDRAFT_268746	yes	1	IPR001494
XP_002289916.1	THAPSDRAFT_262266	yes	1	IPR001005
XP_002289917.1	THAPSDRAFT_22399	yes	1	IPR006828
XP_002289918.1	THAPSDRAFT_4726	no	0	none
XP_002289919.1	THAPSDRAFT_33407	no	0	none
XP_002289920.1	THAPSDRAFT_22401	yes	1	IPR001279
XP_002289921.1	THAPSDRAFT_33310	yes	1	IPR007269
XP_002289922.1	THAPSDRAFT_4730	no	0	none
XP_002289923.1	THAPSDRAFT_4732	no	0	none
XP_002289924.1	THAPSDRAFT_33511	yes	1	IPR008576
XP_002289925.1	THAPSDRAFT_4737	no	0	none
XP_002289926.1	THAPSDRAFT_22404	yes	2	IPR001650,IPR011545
XP_002289927.1	THAPSDRAFT_4742	yes	1	IPR006085
XP_002289928.1	THAPSDRAFT_4747	yes	1	IPR001810
XP_002289929.1	THAPSDRAFT_22407	no	0	none
XP_002289930.1	THAPSDRAFT_4751	no	0	none
XP_002289931.1	THAPSDRAFT_4752	no	0	none
XP_002289932.1	THAPSDRAFT_22409	no	0	none
XP_002289933.1	THAPSDRAFT_4755	no	0	none
XP_002289934.1	THAPSDRAFT_4756	no	0	none
XP_002289935.1	THAPSDRAFT_4758	yes	1	IPR000232
XP_002289936.1	THAPSDRAFT_262283	yes	1	IPR000873
XP_002289937.1	THAPSDRAFT_4761	no	0	none
XP_002289938.1	THAPSDRAFT_22414	yes	1	IPR000232
XP_002289939.1	THAPSDRAFT_28028	yes	1	IPR000717
XP_002289940.1	THAPSDRAFT_4767	no	0	none
XP_002289941.1	THAPSDRAFT_4771	no	0	none
XP_002289942.1	THAPSDRAFT_4775	no	0	none
XP_002289943.1	THAPSDRAFT_22418	no	0	none
XP_002289944.1	THAPSDRAFT_33775	yes	1	IPR000994
XP_002289945.1	THAPSDRAFT_416	yes	1	IPR003959
XP_002289946.1	THAPSDRAFT_4781	no	0	none
XP_002289947.1	THAPSDRAFT_4783	no	0	none
XP_002289948.1	THAPSDRAFT_262298	yes	1	IPR003594
XP_002289949.1	THAPSDRAFT_33766	yes	3	IPR005834,IPR006068,IPR008250
XP_002289950.1	THAPSDRAFT_22424	yes	1	IPR001179
XP_002289951.1	THAPSDRAFT_22426	no	0	none
XP_002289952.1	THAPSDRAFT_22428	no	0	none
XP_002289953.1	THAPSDRAFT_22429	no	0	none
XP_002289954.1	THAPSDRAFT_22430	yes	1	IPR006917
XP_002289955.1	THAPSDRAFT_4800	no	0	none
XP_002289956.1	THAPSDRAFT_22432	yes	1	IPR000608
XP_002289957.1	THAPSDRAFT_4803	no	0	none
XP_002289958.1	THAPSDRAFT_262303	yes	1	IPR000212
XP_002289959.1	THAPSDRAFT_4807	no	0	none
XP_002289960.1	THAPSDRAFT_4808	no	0	none
XP_002289961.1	THAPSDRAFT_22437	no	0	none
XP_002289962.1	THAPSDRAFT_262305	yes	1	IPR001623
XP_002289963.1	THAPSDRAFT_4814	no	0	none
XP_002289964.1	THAPSDRAFT_33432	yes	1	IPR002423
XP_002289965.1	THAPSDRAFT_4819	yes	1	IPR007913
XP_002289966.1	THAPSDRAFT_22441	no	0	none
XP_002289967.1	THAPSDRAFT_4825	no	0	none
XP_002289968.1	THAPSDRAFT_22443	no	0	none
XP_002289969.1	THAPSDRAFT_4830	yes	1	IPR002108
XP_002289970.1	THAPSDRAFT_40489	no	0	none
XP_002289971.1	THAPSDRAFT_4834	no	0	none
XP_002289972.1	THAPSDRAFT_22449	no	0	none
XP_002289973.1	THAPSDRAFT_22451	no	0	none
XP_002289974.1	THAPSDRAFT_4842	no	0	none
XP_002289975.1	THAPSDRAFT_4844	no	0	none
XP_002289976.1	THAPSDRAFT_22454	yes	1	IPR000232
XP_002289977.1	THAPSDRAFT_40496	yes	1	IPR004240
XP_002289978.1	THAPSDRAFT_33696	yes	1	IPR008913
XP_002289979.1	THAPSDRAFT_12810	yes	1	IPR001494
XP_002289980.1	THAPSDRAFT_22462	yes	1	IPR002877
XP_002289981.1	THAPSDRAFT_22465	yes	1	IPR001993
XP_002289982.1	THAPSDRAFT_262318	yes	2	IPR000191,IPR010666
XP_002289983.1	THAPSDRAFT_4862	yes	1	IPR001487
XP_002289984.1	THAPSDRAFT_4863	no	0	none
XP_002289985.1	THAPSDRAFT_4865	no	0	none
XP_002289986.1	THAPSDRAFT_4866	no	0	none
XP_002289987.1	THAPSDRAFT_262322	no	0	none
XP_002289988.1	THAPSDRAFT_22467	yes	1	IPR000241
XP_002289989.1	THAPSDRAFT_33891	yes	2	IPR007624,IPR007627
XP_002289990.1	THAPSDRAFT_262325	yes	1	IPR001537
XP_002289991.1	THAPSDRAFT_262326	yes	1	IPR001494
XP_002289992.1	THAPSDRAFT_4873	no	0	none
XP_002289993.1	THAPSDRAFT_12982	no	0	none
XP_002289994.1	THAPSDRAFT_4876	no	0	none
XP_002289995.1	THAPSDRAFT_4878	no	0	none
XP_002289996.1	THAPSDRAFT_22473	yes	1	IPR003010
XP_002289997.1	THAPSDRAFT_4882	yes	1	IPR001344
XP_002289998.1	THAPSDRAFT_26221	yes	1	IPR000589
XP_002289999.1	THAPSDRAFT_40522	yes	3	IPR000194,IPR000793,IPR004100
XP_002290000.1	THAPSDRAFT_4891	no	0	none
XP_002290001.1	THAPSDRAFT_28100	yes	1	IPR000422
XP_002290002.1	THAPSDRAFT_33619	yes	1	IPR000926
XP_002290003.1	THAPSDRAFT_270396	no	0	none
XP_002290004.1	THAPSDRAFT_4898	no	0	none
XP_002290005.1	THAPSDRAFT_22482	no	0	none
XP_002290006.1	THAPSDRAFT_22483	no	0	none
XP_002290007.1	THAPSDRAFT_4903	no	0	none
XP_002290008.1	THAPSDRAFT_40529	yes	1	IPR001680
XP_002290009.1	THAPSDRAFT_18557	yes	1	IPR001650
XP_002290010.1	THAPSDRAFT_4907	no	0	none
XP_002290011.1	THAPSDRAFT_22486	no	0	none
XP_002290012.1	THAPSDRAFT_22487	no	0	none
XP_002290013.1	THAPSDRAFT_33500	yes	1	IPR005496
XP_002290014.1	THAPSDRAFT_4914	yes	1	IPR001433
XP_002290015.1	THAPSDRAFT_4916	no	0	none
XP_002290016.1	THAPSDRAFT_22490	no	0	none
XP_002290017.1	THAPSDRAFT_4921	no	0	none
XP_002290018.1	THAPSDRAFT_4923	no	0	none
XP_002290019.1	THAPSDRAFT_40537	yes	1	IPR010256
XP_002290020.1	THAPSDRAFT_22497	yes	1	IPR001179
XP_002290021.1	THAPSDRAFT_4938	yes	1	IPR005493
XP_002290022.1	THAPSDRAFT_262352	yes	1	IPR003890
XP_002290023.1	THAPSDRAFT_46	yes	1	IPR005822
XP_002290024.1	THAPSDRAFT_270328	no	0	none
XP_002290025.1	THAPSDRAFT_4947	yes	1	IPR011063
XP_002290026.1	THAPSDRAFT_22505	yes	2	IPR006970,IPR008454
XP_002290027.1	THAPSDRAFT_22506	yes	3	IPR000873,IPR002198,IPR006163
XP_002290028.1	THAPSDRAFT_22508	no	0	none
XP_002290029.1	THAPSDRAFT_40554	yes	1	IPR003439
XP_002290030.1	THAPSDRAFT_4957	no	0	none
XP_002290031.1	THAPSDRAFT_4958	no	0	none
XP_002290032.1	THAPSDRAFT_4960	yes	2	IPR001199,IPR001810
XP_002290033.1	THAPSDRAFT_22511	yes	1	IPR005804
XP_002290034.1	THAPSDRAFT_22513	no	0	none
XP_002290035.1	THAPSDRAFT_34390	yes	1	IPR000760
XP_002290036.1	THAPSDRAFT_34541	yes	4	IPR004014,IPR005834,IPR006068,IPR008250
XP_002290037.1	THAPSDRAFT_4969	no	0	none
XP_002290038.1	THAPSDRAFT_4972	no	0	none
XP_002290039.1	THAPSDRAFT_4976	no	0	none
XP_002290040.1	THAPSDRAFT_262371	no	0	none
XP_002290041.1	THAPSDRAFT_4981	yes	1	IPR002610
XP_002290042.1	THAPSDRAFT_4985	no	0	none
XP_002290043.1	THAPSDRAFT_28148	yes	1	IPR003010
XP_002290044.1	THAPSDRAFT_4991	no	0	none
XP_002290045.1	THAPSDRAFT_34097	yes	1	IPR001048
XP_002290046.1	THAPSDRAFT_268812	yes	3	IPR001650,IPR007502,IPR011545
XP_002290047.1	THAPSDRAFT_40580	yes	1	IPR001806
XP_002290048.1	THAPSDRAFT_22533	no	0	none
XP_002290049.1	THAPSDRAFT_22535	yes	1	IPR000266
XP_002290050.1	THAPSDRAFT_262381	yes	1	IPR001163
XP_002290051.1	THAPSDRAFT_5009	no	0	none
XP_002290052.1	THAPSDRAFT_268817	yes	1	IPR001841
XP_002290053.1	THAPSDRAFT_5017	no	0	none
XP_002290054.1	THAPSDRAFT_5018	yes	1	IPR000719
XP_002290055.1	THAPSDRAFT_34100	no	0	none
XP_002290056.1	THAPSDRAFT_5021	yes	1	IPR000794
XP_002290057.1	THAPSDRAFT_40597	yes	1	IPR004294
XP_002290058.1	THAPSDRAFT_22544	yes	1	IPR005804
XP_002290059.1	THAPSDRAFT_34543	yes	1	IPR001449
XP_002290060.1	THAPSDRAFT_22547	no	0	none
XP_002290061.1	THAPSDRAFT_262396	yes	1	IPR009249
XP_002290062.1	THAPSDRAFT_22548	yes	1	IPR000182
XP_002290063.1	THAPSDRAFT_5035	yes	1	IPR001345
XP_002290064.1	THAPSDRAFT_5036	yes	3	IPR001012,IPR003903,IPR006155
XP_002290065.1	THAPSDRAFT_5038	no	0	none
XP_002290066.1	THAPSDRAFT_22551	yes	1	IPR005114
XP_002290067.1	THAPSDRAFT_268822	yes	1	IPR002048
XP_002290068.1	THAPSDRAFT_22554	yes	1	IPR004019
XP_002290069.1	THAPSDRAFT_5045	no	0	none
XP_002290070.1	THAPSDRAFT_5047	no	0	none
XP_002290071.1	THAPSDRAFT_34211	yes	1	IPR003088
XP_002290072.1	THAPSDRAFT_5051	no	0	none
XP_002290073.1	THAPSDRAFT_5053	no	0	none
XP_002290074.1	THAPSDRAFT_22559	no	0	none
XP_002290075.1	THAPSDRAFT_22560	no	0	none
XP_002290076.1	THAPSDRAFT_268825	yes	1	IPR001373
XP_002290077.1	THAPSDRAFT_5063	no	0	none
XP_002290078.1	THAPSDRAFT_22566	no	0	none
XP_002290079.1	THAPSDRAFT_5066	no	0	none
XP_002290080.1	THAPSDRAFT_34006	yes	1	IPR001678
XP_002290081.1	THAPSDRAFT_34176	yes	1	IPR007823
XP_002290082.1	THAPSDRAFT_22570	yes	1	IPR000232
XP_002290083.1	THAPSDRAFT_22571	yes	1	IPR000627
XP_002290084.1	THAPSDRAFT_5075	no	0	none
XP_002290085.1	THAPSDRAFT_444	yes	1	IPR001841
XP_002290086.1	THAPSDRAFT_5078	yes	2	IPR002314,IPR004154
XP_002290087.1	THAPSDRAFT_5080	no	0	none
XP_002290088.1	THAPSDRAFT_268830	no	0	none
XP_002290089.1	THAPSDRAFT_262412	yes	2	IPR001431,IPR007863
XP_002290090.1	THAPSDRAFT_40627	yes	1	IPR004843
XP_002290091.1	THAPSDRAFT_22579	yes	1	IPR004728
XP_002290092.1	THAPSDRAFT_262414	yes	1	IPR002059
XP_002290093.1	THAPSDRAFT_5094	no	0	none
XP_002290094.1	THAPSDRAFT_22583	no	0	none
XP_002290095.1	THAPSDRAFT_5098	no	0	none
XP_002290096.1	THAPSDRAFT_5099	no	0	none
XP_002290097.1	THAPSDRAFT_5101	yes	1	IPR004033
XP_002290098.1	THAPSDRAFT_34510	no	0	none
XP_002290099.1	THAPSDRAFT_5105	no	0	none
XP_002290100.1	THAPSDRAFT_28209	yes	1	IPR006032
XP_002290101.1	THAPSDRAFT_262422	yes	3	IPR001650,IPR007502,IPR011545
XP_002290102.1	THAPSDRAFT_268839	yes	1	IPR000504
XP_002290103.1	THAPSDRAFT_268840	yes	1	IPR000644
XP_002290104.1	THAPSDRAFT_5114	no	0	none
XP_002290105.1	THAPSDRAFT_5117	yes	1	IPR002921
XP_002290106.1	THAPSDRAFT_22592	yes	1	IPR000644
XP_002290107.1	THAPSDRAFT_5119	no	0	none
XP_002290108.1	THAPSDRAFT_5121	no	0	none
XP_002290109.1	THAPSDRAFT_34018	yes	1	IPR000717
XP_002290110.1	THAPSDRAFT_5128	yes	1	IPR001440
XP_002290111.1	THAPSDRAFT_5130	no	0	none
XP_002290112.1	THAPSDRAFT_5132	no	0	none
XP_002290113.1	THAPSDRAFT_5133	no	0	none
XP_002290114.1	THAPSDRAFT_5134	yes	1	IPR005607
XP_002290115.1	THAPSDRAFT_5137	no	0	none
XP_002290116.1	THAPSDRAFT_268845	no	0	none
XP_002290117.1	THAPSDRAFT_22603	no	0	none
XP_002290118.1	THAPSDRAFT_5141	no	0	none
XP_002290119.1	THAPSDRAFT_262431	no	0	none
XP_002290120.1	THAPSDRAFT_5144	no	0	none
XP_002290121.1	THAPSDRAFT_22607	yes	1	IPR000719
XP_002290122.1	THAPSDRAFT_22608	no	0	none
XP_002290123.1	THAPSDRAFT_22610	yes	1	IPR002136
XP_002290124.1	THAPSDRAFT_40655	yes	3	IPR001342,IPR002912,IPR005106
XP_002290125.1	THAPSDRAFT_26239	yes	1	IPR002015
XP_002290126.1	THAPSDRAFT_5154	no	0	none
XP_002290127.1	THAPSDRAFT_5155	no	0	none
XP_002290128.1	THAPSDRAFT_262439	yes	1	IPR001487
XP_002290129.1	THAPSDRAFT_28241	yes	1	IPR000173
XP_002290130.1	THAPSDRAFT_22618	yes	1	IPR004088
XP_002290131.1	THAPSDRAFT_34125	no	0	none
XP_002290132.1	THAPSDRAFT_22620	yes	1	IPR001471
XP_002290133.1	THAPSDRAFT_22621	no	0	none
XP_002290134.1	THAPSDRAFT_5168	no	0	none
XP_002290135.1	THAPSDRAFT_5171	no	0	none
XP_002290136.1	THAPSDRAFT_22624	no	0	none
XP_002290137.1	THAPSDRAFT_5174	yes	1	IPR001344
XP_002290138.1	THAPSDRAFT_22625	yes	1	IPR002794
XP_002290139.1	THAPSDRAFT_268857	yes	1	IPR001309
XP_002290140.1	THAPSDRAFT_22627	no	0	none
XP_002290141.1	THAPSDRAFT_22628	no	0	none
XP_002290142.1	THAPSDRAFT_5182	no	0	none
XP_002290143.1	THAPSDRAFT_40669	yes	2	IPR000626,IPR002906
XP_002290144.1	THAPSDRAFT_5185	yes	1	IPR000717
XP_002290145.1	THAPSDRAFT_5186	yes	1	IPR001272
XP_002290146.1	THAPSDRAFT_5188	yes	1	IPR008162
XP_002290147.1	THAPSDRAFT_454	yes	1	IPR004396
XP_002290148.1	THAPSDRAFT_5191	yes	1	IPR002048
XP_002290149.1	THAPSDRAFT_40675	yes	1	IPR001509
XP_002290150.1	THAPSDRAFT_34055	yes	1	IPR001752
XP_002290151.1	THAPSDRAFT_22634	no	0	none
XP_002290152.1	THAPSDRAFT_5197	no	0	none
XP_002290153.1	THAPSDRAFT_22635	yes	1	IPR002687
XP_002290154.1	THAPSDRAFT_34280	yes	1	IPR005123
XP_002290155.1	THAPSDRAFT_34295	no	0	none
XP_002290156.1	THAPSDRAFT_5204	no	0	none
XP_002290157.1	THAPSDRAFT_34021	yes	1	IPR003750
XP_002290158.1	THAPSDRAFT_5209	yes	1	IPR006571
XP_002290159.1	THAPSDRAFT_22640	no	0	none
XP_002290160.1	THAPSDRAFT_5212	yes	1	IPR000571
XP_002290161.1	THAPSDRAFT_268862	yes	1	IPR000904
XP_002290162.1	THAPSDRAFT_22642	no	0	none
XP_002290163.1	THAPSDRAFT_5217	no	0	none
XP_002290164.1	THAPSDRAFT_22643	yes	1	IPR001841
XP_002290165.1	THAPSDRAFT_5220	no	0	none
XP_002290166.1	THAPSDRAFT_22644	no	0	none
XP_002290167.1	THAPSDRAFT_5223	yes	1	IPR000086
XP_002290168.1	THAPSDRAFT_5224	no	0	none
XP_002290169.1	THAPSDRAFT_34511	yes	1	IPR001753
XP_002290170.1	THAPSDRAFT_22645	no	0	none
XP_002290171.1	THAPSDRAFT_22648	no	0	none
XP_002290172.1	THAPSDRAFT_5233	no	0	none
XP_002290173.1	THAPSDRAFT_34218	yes	1	IPR000133
XP_002290174.1	THAPSDRAFT_17841	yes	1	IPR001247
XP_002290175.1	THAPSDRAFT_5237	no	0	none
XP_002290176.1	THAPSDRAFT_22650	yes	1	IPR002198
XP_002290177.1	THAPSDRAFT_270280	no	0	none
XP_002290178.1	THAPSDRAFT_262467	no	0	none
XP_002290179.1	THAPSDRAFT_22651	yes	2	IPR004367,IPR006671
XP_002290180.1	THAPSDRAFT_22652	yes	1	IPR000733
XP_002290181.1	THAPSDRAFT_5246	yes	1	IPR002110
XP_002290182.1	THAPSDRAFT_268867	yes	1	IPR008758
XP_002290183.1	THAPSDRAFT_268868	yes	2	IPR010614,IPR010643
XP_002290184.1	THAPSDRAFT_22656	yes	1	IPR001130
XP_002290185.1	THAPSDRAFT_22658	yes	1	IPR006970
XP_002290186.1	THAPSDRAFT_5256	no	0	none
XP_002290187.1	THAPSDRAFT_34344	yes	1	IPR001993
XP_002290188.1	THAPSDRAFT_5259	yes	1	IPR000552
XP_002290189.1	THAPSDRAFT_262474	no	0	none
XP_002290190.1	THAPSDRAFT_5263	no	0	none
XP_002290191.1	THAPSDRAFT_268872	yes	1	IPR001214
XP_002290192.1	THAPSDRAFT_5270	no	0	none
XP_002290193.1	THAPSDRAFT_5273	no	0	none
XP_002290194.1	THAPSDRAFT_22668	yes	1	IPR002645
XP_002290195.1	THAPSDRAFT_5276	yes	1	IPR001395
XP_002290196.1	THAPSDRAFT_34418	yes	1	IPR007719
XP_002290197.1	THAPSDRAFT_22671	yes	1	IPR000733
XP_002290198.1	THAPSDRAFT_22672	no	0	none
XP_002290199.1	THAPSDRAFT_5284	yes	1	IPR001451
XP_002290200.1	THAPSDRAFT_5287	no	0	none
XP_002290201.1	THAPSDRAFT_5289	no	0	none
XP_002290202.1	THAPSDRAFT_270237	no	0	none
XP_002290203.1	THAPSDRAFT_5295	yes	1	IPR000408
XP_002290204.1	THAPSDRAFT_5298	yes	1	IPR001440
XP_002290205.1	THAPSDRAFT_22677	no	0	none
XP_002290206.1	THAPSDRAFT_5304	no	0	none
XP_002290207.1	THAPSDRAFT_262487	yes	2	IPR000330,IPR001650
XP_002290208.1	THAPSDRAFT_22681	no	0	none
XP_002290209.1	THAPSDRAFT_22682	no	0	none
XP_002290210.1	THAPSDRAFT_34058	no	0	none
XP_002290211.1	THAPSDRAFT_5313	no	0	none
XP_002290212.1	THAPSDRAFT_5314	no	0	none
XP_002290213.1	THAPSDRAFT_5317	no	0	none
XP_002290214.1	THAPSDRAFT_5322	no	0	none
XP_002290215.1	THAPSDRAFT_22685	yes	1	IPR003402
XP_002290216.1	THAPSDRAFT_268880	yes	1	IPR001680
XP_002290217.1	THAPSDRAFT_5328	no	0	none
XP_002290218.1	THAPSDRAFT_5330	yes	1	IPR000048
XP_002290219.1	THAPSDRAFT_268881	yes	1	IPR009851
XP_002290220.1	THAPSDRAFT_34203	no	0	none
XP_002290221.1	THAPSDRAFT_5336	no	0	none
XP_002290222.1	THAPSDRAFT_5337	no	0	none
XP_002290223.1	THAPSDRAFT_5340	no	0	none
XP_002290224.1	THAPSDRAFT_34221	yes	2	IPR001650,IPR011545
XP_002290225.1	THAPSDRAFT_34357	no	0	none
XP_002290226.1	THAPSDRAFT_28300	yes	1	IPR001737
XP_002290227.1	THAPSDRAFT_22696	yes	1	IPR001567
XP_002290228.1	THAPSDRAFT_22699	no	0	none
XP_002290229.1	THAPSDRAFT_5352	no	0	none
XP_002290230.1	THAPSDRAFT_262501	no	0	none
XP_002290231.1	THAPSDRAFT_262503	yes	1	IPR000086
XP_002290232.1	THAPSDRAFT_5357	no	0	none
XP_002290233.1	THAPSDRAFT_5361	no	0	none
XP_002290234.1	THAPSDRAFT_5362	no	0	none
XP_002290235.1	THAPSDRAFT_268889	yes	2	IPR000330,IPR001650
XP_002290236.1	THAPSDRAFT_5367	no	0	none
XP_002290237.1	THAPSDRAFT_40733	yes	1	IPR001247
XP_002290238.1	THAPSDRAFT_17144	no	0	none
XP_002290239.1	THAPSDRAFT_5371	no	0	none
XP_002290240.1	THAPSDRAFT_22709	no	0	none
XP_002290241.1	THAPSDRAFT_22710	no	0	none
XP_002290242.1	THAPSDRAFT_22711	no	0	none
XP_002290243.1	THAPSDRAFT_5377	no	0	none
XP_002290244.1	THAPSDRAFT_5381	no	0	none
XP_002290245.1	THAPSDRAFT_16961	yes	1	IPR000719
XP_002290246.1	THAPSDRAFT_268890	yes	1	IPR000209
XP_002290247.1	THAPSDRAFT_5387	no	0	none
XP_002290248.1	THAPSDRAFT_22716	yes	1	IPR001202
XP_002290249.1	THAPSDRAFT_34228	no	0	none
XP_002290250.1	THAPSDRAFT_5393	no	0	none
XP_002290251.1	THAPSDRAFT_22720	no	0	none
XP_002290252.1	THAPSDRAFT_262513	yes	1	IPR004365
XP_002290253.1	THAPSDRAFT_5400	no	0	none
XP_002290254.1	THAPSDRAFT_22723	no	0	none
XP_002290255.1	THAPSDRAFT_262516	no	0	none
XP_002290256.1	THAPSDRAFT_262517	yes	1	IPR001223
XP_002290257.1	THAPSDRAFT_34518	no	0	none
XP_002290258.1	THAPSDRAFT_5410	no	0	none
XP_002290259.1	THAPSDRAFT_22726	no	0	none
XP_002290260.1	THAPSDRAFT_22727	yes	2	IPR000408,IPR002110
XP_002290261.1	THAPSDRAFT_5415	yes	1	IPR002109
XP_002290262.1	THAPSDRAFT_28317	yes	1	IPR008180
XP_002290263.1	THAPSDRAFT_5419	no	0	none
XP_002290264.1	THAPSDRAFT_5420	no	0	none
XP_002290265.1	THAPSDRAFT_5421	no	0	none
XP_002290266.1	THAPSDRAFT_5424	yes	1	IPR001841
XP_002290267.1	THAPSDRAFT_5428	no	0	none
XP_002290268.1	THAPSDRAFT_22734	no	0	none
XP_002290269.1	THAPSDRAFT_5431	no	0	none
XP_002290270.1	THAPSDRAFT_268896	yes	1	IPR006055
XP_002290271.1	THAPSDRAFT_5434	no	0	none
XP_002290272.1	THAPSDRAFT_262525	yes	1	IPR001353
XP_002290273.1	THAPSDRAFT_262526	yes	1	IPR001208
XP_002290274.1	THAPSDRAFT_262527	no	0	none
XP_002290275.1	THAPSDRAFT_262528	yes	1	IPR000403
XP_002290276.1	THAPSDRAFT_262529	no	0	none
XP_002290277.1	THAPSDRAFT_22742	no	0	none
XP_002290278.1	THAPSDRAFT_22744	no	0	none
XP_002290279.1	THAPSDRAFT_26250	yes	1	IPR005824
XP_002290280.1	THAPSDRAFT_22747	yes	1	IPR001344
XP_002290281.1	THAPSDRAFT_5452	no	0	none
XP_002290282.1	THAPSDRAFT_22750	no	0	none
XP_002290283.1	THAPSDRAFT_5457	no	0	none
XP_002290284.1	THAPSDRAFT_22753	yes	1	IPR006685
XP_002290285.1	THAPSDRAFT_262535	yes	1	IPR001440
XP_002290286.1	THAPSDRAFT_262537	yes	2	IPR000795,IPR004161
XP_002290287.1	THAPSDRAFT_262540	yes	1	IPR003495
XP_002290288.1	THAPSDRAFT_28334	yes	1	IPR000173
XP_002290289.1	THAPSDRAFT_34104	yes	1	IPR001179
XP_002290290.1	THAPSDRAFT_22763	yes	1	IPR007474
XP_002290291.1	THAPSDRAFT_22764	no	0	none
XP_002290292.1	THAPSDRAFT_22765	no	0	none
XP_002290293.1	THAPSDRAFT_5479	no	0	none
XP_002290294.1	THAPSDRAFT_5485	no	0	none
XP_002290295.1	THAPSDRAFT_5487	no	0	none
XP_002290296.1	THAPSDRAFT_22772	no	0	none
XP_002290297.1	THAPSDRAFT_19991	yes	1	IPR006662
XP_002290298.1	THAPSDRAFT_22777	no	0	none
XP_002290299.1	THAPSDRAFT_5497	no	0	none
XP_002290300.1	THAPSDRAFT_5499	no	0	none
XP_002290301.1	THAPSDRAFT_14147	yes	1	IPR001926
XP_002290302.1	THAPSDRAFT_5503	no	0	none
XP_002290303.1	THAPSDRAFT_262553	yes	1	IPR001807
XP_002290304.1	THAPSDRAFT_262554	no	0	none
XP_002290305.1	THAPSDRAFT_22780	yes	3	IPR001453,IPR005110,IPR005111
XP_002290306.1	THAPSDRAFT_5511	no	0	none
XP_002290307.1	THAPSDRAFT_5513	no	0	none
XP_002290308.1	THAPSDRAFT_5515	no	0	none
XP_002290309.1	THAPSDRAFT_22783	yes	1	IPR003691
XP_002290310.1	THAPSDRAFT_22785	yes	1	IPR005624
XP_002290311.1	THAPSDRAFT_40771	yes	1	IPR000941
XP_002290312.1	THAPSDRAFT_40774	yes	1	IPR002318
XP_002290313.1	THAPSDRAFT_270251	no	0	none
XP_002290314.1	THAPSDRAFT_22790	no	0	none
XP_002290315.1	THAPSDRAFT_22792	yes	1	IPR001806
XP_002290316.1	THAPSDRAFT_22794	no	0	none
XP_002290317.1	THAPSDRAFT_262567	yes	1	IPR001395
XP_002290318.1	THAPSDRAFT_22799	no	0	none
XP_002290319.1	THAPSDRAFT_34403	yes	1	IPR001752
XP_002290320.1	THAPSDRAFT_262570	no	0	none
XP_002290321.1	THAPSDRAFT_34283	yes	1	IPR002198
XP_002290322.1	THAPSDRAFT_22802	no	0	none
XP_002290323.1	THAPSDRAFT_5548	no	0	none
XP_002290324.1	THAPSDRAFT_5552	no	0	none
XP_002290325.1	THAPSDRAFT_5553	no	0	none
XP_002290326.1	THAPSDRAFT_262573	yes	1	IPR000101
XP_002290327.1	THAPSDRAFT_5555	no	0	none
XP_002290328.1	THAPSDRAFT_22807	yes	1	IPR003358
XP_002290329.1	THAPSDRAFT_34476	yes	1	IPR001623
XP_002290330.1	THAPSDRAFT_5563	no	0	none
XP_002290331.1	THAPSDRAFT_22811	no	0	none
XP_002290332.1	THAPSDRAFT_34498	yes	1	IPR003807
XP_002290333.1	THAPSDRAFT_34303	yes	3	IPR000795,IPR004160,IPR004161
XP_002290334.1	THAPSDRAFT_40788	no	0	none
XP_002290335.1	THAPSDRAFT_5573	yes	1	IPR001345
XP_002290336.1	THAPSDRAFT_22816	no	0	none
XP_002290337.1	THAPSDRAFT_34077	yes	1	IPR009453
XP_002290338.1	THAPSDRAFT_5580	no	0	none
XP_002290339.1	THAPSDRAFT_5582	no	0	none
XP_002290340.1	THAPSDRAFT_5584	yes	1	IPR005123
XP_002290341.1	THAPSDRAFT_22821	yes	1	IPR003959
XP_002290342.1	THAPSDRAFT_5589	yes	1	IPR003409
XP_002290343.1	THAPSDRAFT_22822	yes	1	IPR002075
XP_002290344.1	THAPSDRAFT_262585	no	0	none
XP_002290345.1	THAPSDRAFT_5595	yes	1	IPR001611
XP_002290346.1	THAPSDRAFT_22826	no	0	none
XP_002290347.1	THAPSDRAFT_5599	no	0	none
XP_002290348.1	THAPSDRAFT_5601	yes	1	IPR000146
XP_002290349.1	THAPSDRAFT_5604	no	0	none
XP_002290350.1	THAPSDRAFT_268931	yes	1	IPR001611
XP_002290351.1	THAPSDRAFT_22830	yes	1	IPR007603
XP_002290352.1	THAPSDRAFT_34559	yes	1	IPR000719
XP_002290353.1	THAPSDRAFT_40801	yes	1	IPR000092
XP_002290354.1	THAPSDRAFT_20285	yes	1	IPR001075
XP_002290355.1	THAPSDRAFT_5615	no	0	none
XP_002290356.1	THAPSDRAFT_262597	no	0	none
XP_002290357.1	THAPSDRAFT_34306	no	0	none
XP_002290358.1	THAPSDRAFT_22837	no	0	none
XP_002290359.1	THAPSDRAFT_5624	no	0	none
XP_002290360.1	THAPSDRAFT_262598	yes	1	IPR006110
XP_002290361.1	THAPSDRAFT_5626	no	0	none
XP_002290362.1	THAPSDRAFT_262599	yes	1	IPR005114
XP_002290363.1	THAPSDRAFT_5630	no	0	none
XP_002290364.1	THAPSDRAFT_19301	no	0	none
XP_002290365.1	THAPSDRAFT_5635	no	0	none
XP_002290366.1	THAPSDRAFT_22844	yes	1	IPR007603
XP_002290367.1	THAPSDRAFT_5638	no	0	none
XP_002290368.1	THAPSDRAFT_22846	no	0	none
XP_002290369.1	THAPSDRAFT_22847	no	0	none
XP_002290370.1	THAPSDRAFT_5643	yes	1	IPR003173
XP_002290371.1	THAPSDRAFT_262607	yes	1	IPR001680
XP_002290372.1	THAPSDRAFT_5647	yes	1	IPR002048
XP_002290373.1	THAPSDRAFT_19374	yes	1	IPR000504
XP_002290374.1	THAPSDRAFT_5653	yes	1	IPR006695
XP_002290375.1	THAPSDRAFT_5656	no	0	none
XP_002290376.1	THAPSDRAFT_5657	no	0	none
XP_002290377.1	THAPSDRAFT_5659	no	0	none
XP_002290378.1	THAPSDRAFT_5660	no	0	none
XP_002290379.1	THAPSDRAFT_5662	no	0	none
XP_002290380.1	THAPSDRAFT_5666	yes	1	IPR007174
XP_002290381.1	THAPSDRAFT_5669	no	0	none
XP_002290382.1	THAPSDRAFT_5671	no	0	none
XP_002290383.1	THAPSDRAFT_34340	no	0	none
XP_002290384.1	THAPSDRAFT_22860	no	0	none
XP_002290385.1	THAPSDRAFT_22861	no	0	none
XP_002290386.1	THAPSDRAFT_22862	no	0	none
XP_002290387.1	THAPSDRAFT_22863	yes	2	IPR001431,IPR007863
XP_002290388.1	THAPSDRAFT_22864	yes	2	IPR006076,IPR006222
XP_002290389.1	THAPSDRAFT_268943	yes	1	IPR004843
XP_002290390.1	THAPSDRAFT_5687	no	0	none
XP_002290391.1	THAPSDRAFT_5688	no	0	none
XP_002290392.1	THAPSDRAFT_5690	yes	1	IPR003848
XP_002290393.1	THAPSDRAFT_5692	no	0	none
XP_002290394.1	THAPSDRAFT_5695	yes	1	IPR002610
XP_002290395.1	THAPSDRAFT_22871	no	0	none
XP_002290396.1	THAPSDRAFT_5699	no	0	none
XP_002290397.1	THAPSDRAFT_262619	yes	1	IPR007259
XP_002290398.1	THAPSDRAFT_22875	no	0	none
XP_002290399.1	THAPSDRAFT_5706	yes	1	IPR000884
XP_002290400.1	THAPSDRAFT_262620	yes	1	IPR002110
XP_002290401.1	THAPSDRAFT_28410	yes	1	IPR000073
XP_002290402.1	THAPSDRAFT_5711	no	0	none
XP_002290403.1	THAPSDRAFT_22879	no	0	none
XP_002290404.1	THAPSDRAFT_5713	no	0	none
XP_002290405.1	THAPSDRAFT_5715	no	0	none
XP_002290406.1	THAPSDRAFT_28413	yes	1	IPR001360
XP_002290407.1	THAPSDRAFT_34042	no	0	none
XP_002290408.1	THAPSDRAFT_22883	no	0	none
XP_002290409.1	THAPSDRAFT_5722	no	0	none
XP_002290410.1	THAPSDRAFT_12403	yes	2	IPR000330,IPR001650
XP_002290411.1	THAPSDRAFT_5725	yes	1	IPR007087
XP_002290412.1	THAPSDRAFT_5728	yes	1	IPR005114
XP_002290413.1	THAPSDRAFT_34560	yes	1	IPR000352
XP_002290414.1	THAPSDRAFT_5729	no	0	none
XP_002290415.1	THAPSDRAFT_34219	yes	1	IPR001478
XP_002290416.1	THAPSDRAFT_5734	no	0	none
XP_002290417.1	THAPSDRAFT_262625	yes	2	IPR006075,IPR006107
XP_002290418.1	THAPSDRAFT_22891	no	0	none
XP_002290419.1	THAPSDRAFT_19793	yes	1	IPR007125
XP_002290420.1	THAPSDRAFT_5743	yes	3	IPR000210,IPR006652,IPR011498
XP_002290421.1	THAPSDRAFT_34507	yes	1	IPR001932
XP_002290422.1	THAPSDRAFT_5747	no	0	none
XP_002290423.1	THAPSDRAFT_5748	no	0	none
XP_002290424.1	THAPSDRAFT_262635	yes	1	IPR001005
XP_002290425.1	THAPSDRAFT_262636	yes	1	IPR003582
XP_002290426.1	THAPSDRAFT_262637	yes	1	IPR005123
XP_002290427.1	THAPSDRAFT_22899	no	0	none
XP_002290428.1	THAPSDRAFT_22901	yes	1	IPR003611
XP_002290429.1	THAPSDRAFT_28425	yes	1	IPR001266
XP_002290430.1	THAPSDRAFT_22907	no	0	none
XP_002290431.1	THAPSDRAFT_5763	no	0	none
XP_002290432.1	THAPSDRAFT_262644	yes	1	IPR002557
XP_002290433.1	THAPSDRAFT_262645	yes	1	IPR001223
XP_002290434.1	THAPSDRAFT_262646	yes	1	IPR001611
XP_002290435.1	THAPSDRAFT_5768	no	0	none
XP_002290436.1	THAPSDRAFT_5769	yes	1	IPR002557
XP_002290437.1	THAPSDRAFT_5770	no	0	none
XP_002290438.1	THAPSDRAFT_5774	no	0	none
XP_002290439.1	THAPSDRAFT_5778	no	0	none
XP_002290440.1	THAPSDRAFT_22916	yes	2	IPR002048,IPR009543
XP_002290441.1	THAPSDRAFT_34533	no	0	none
XP_002290442.1	THAPSDRAFT_20232	no	0	none
XP_002290443.1	THAPSDRAFT_5789	no	0	none
XP_002290444.1	THAPSDRAFT_34044	no	0	none
XP_002290445.1	THAPSDRAFT_268970	yes	2	IPR006139,IPR006140
XP_002290446.1	THAPSDRAFT_5794	no	0	none
XP_002290447.1	THAPSDRAFT_5795	no	0	none
XP_002290448.1	THAPSDRAFT_5796	no	0	none
XP_002290449.1	THAPSDRAFT_5799	no	0	none
XP_002290450.1	THAPSDRAFT_5801	no	0	none
XP_002290451.1	THAPSDRAFT_5802	yes	1	IPR000719
XP_002290452.1	THAPSDRAFT_28443	yes	1	IPR001197
XP_002290453.1	THAPSDRAFT_5805	no	0	none
XP_002290454.1	THAPSDRAFT_5807	yes	1	IPR000086
XP_002290455.1	THAPSDRAFT_5809	no	0	none
XP_002290456.1	THAPSDRAFT_22928	no	0	none
XP_002290457.1	THAPSDRAFT_5815	no	0	none
XP_002290458.1	THAPSDRAFT_22931	no	0	none
XP_002290459.1	THAPSDRAFT_262668	no	0	none
XP_002290460.1	THAPSDRAFT_13427	yes	1	IPR004147
XP_002290461.1	THAPSDRAFT_22935	no	0	none
XP_002290462.1	THAPSDRAFT_20469	yes	1	IPR000268
XP_002290463.1	THAPSDRAFT_22939	yes	1	IPR002557
XP_002290464.1	THAPSDRAFT_5828	no	0	none
XP_002290465.1	THAPSDRAFT_5829	yes	1	IPR002909
XP_002290466.1	THAPSDRAFT_22941	yes	1	IPR002016
XP_002290467.1	THAPSDRAFT_5833	no	0	none
XP_002290468.1	THAPSDRAFT_34289	no	0	none
XP_002290469.1	THAPSDRAFT_5835	no	0	none
XP_002290470.1	THAPSDRAFT_22943	no	0	none
XP_002290471.1	THAPSDRAFT_5838	no	0	none
XP_002290472.1	THAPSDRAFT_262674	yes	1	IPR002198
XP_002290473.1	THAPSDRAFT_22944	yes	1	IPR008010
XP_002290474.1	THAPSDRAFT_22946	no	0	none
XP_002290475.1	THAPSDRAFT_5844	no	0	none
XP_002290476.1	THAPSDRAFT_5845	no	0	none
XP_002290477.1	THAPSDRAFT_4959	no	0	none
XP_002290478.1	THAPSDRAFT_4961	no	0	none
XP_002290479.1	THAPSDRAFT_262363	no	0	none
XP_002290480.1	THAPSDRAFT_34487	yes	4	IPR004014,IPR005834,IPR006068,IPR008250
XP_002290481.1	THAPSDRAFT_262367	no	0	none
XP_002290482.1	THAPSDRAFT_4971	no	0	none
XP_002290483.1	THAPSDRAFT_4973	yes	1	IPR004837
XP_002290484.1	THAPSDRAFT_268807	yes	2	IPR000788,IPR005144
XP_002290485.1	THAPSDRAFT_22517	no	0	none
XP_002290486.1	THAPSDRAFT_34027	yes	2	IPR001650,IPR011545
XP_002290487.1	THAPSDRAFT_4978	no	0	none
XP_002290488.1	THAPSDRAFT_4980	yes	1	IPR010283
XP_002290489.1	THAPSDRAFT_22520	no	0	none
XP_002290490.1	THAPSDRAFT_22521	no	0	none
XP_002290491.1	THAPSDRAFT_22522	no	0	none
XP_002290492.1	THAPSDRAFT_22524	no	0	none
XP_002290493.1	THAPSDRAFT_34399	yes	1	IPR000672
XP_002290494.1	THAPSDRAFT_22526	yes	2	IPR001140,IPR003439
XP_002290495.1	THAPSDRAFT_22527	yes	1	IPR001433
XP_002290496.1	THAPSDRAFT_22530	no	0	none
XP_002290497.1	THAPSDRAFT_22531	no	0	none
XP_002290498.1	THAPSDRAFT_4997	no	0	none
XP_002290499.1	THAPSDRAFT_262378	no	0	none
XP_002290500.1	THAPSDRAFT_5001	yes	3	IPR000330,IPR001487,IPR001650
XP_002290501.1	THAPSDRAFT_5004	no	0	none
XP_002290502.1	THAPSDRAFT_40586	no	0	none
XP_002290503.1	THAPSDRAFT_5007	no	0	none
XP_002290504.1	THAPSDRAFT_5008	no	0	none
XP_002290505.1	THAPSDRAFT_5010	yes	1	IPR000232
XP_002290506.1	THAPSDRAFT_268816	yes	2	IPR000783,IPR005571
XP_002290507.1	THAPSDRAFT_5013	no	0	none
XP_002290508.1	THAPSDRAFT_19622	yes	1	IPR006722
XP_002290509.1	THAPSDRAFT_270343	no	0	none
XP_002290510.1	THAPSDRAFT_34293	yes	1	IPR000571
XP_002290511.1	THAPSDRAFT_15027	no	0	none
XP_002290512.1	THAPSDRAFT_17008	yes	1	IPR001352
XP_002290513.1	THAPSDRAFT_25960	yes	1	IPR002319
XP_002290514.1	THAPSDRAFT_5026	yes	1	IPR000131
XP_002290515.1	THAPSDRAFT_5028	no	0	none
XP_002290516.1	THAPSDRAFT_22546	yes	1	IPR001708
XP_002290517.1	THAPSDRAFT_262395	yes	1	IPR003018
XP_002290518.1	THAPSDRAFT_5034	no	0	none
XP_002290519.1	THAPSDRAFT_17312	yes	1	IPR001753
XP_002290520.1	THAPSDRAFT_22549	yes	1	IPR001611
XP_002290521.1	THAPSDRAFT_34197	no	0	none
XP_002290522.1	THAPSDRAFT_5039	no	0	none
XP_002290523.1	THAPSDRAFT_13326	yes	1	IPR007603
XP_002290524.1	THAPSDRAFT_5043	no	0	none
XP_002290525.1	THAPSDRAFT_5046	yes	1	IPR001130
XP_002290526.1	THAPSDRAFT_268823	yes	1	IPR002422
XP_002290527.1	THAPSDRAFT_262400	yes	1	IPR002110
XP_002290528.1	THAPSDRAFT_28185	no	0	none
XP_002290529.1	THAPSDRAFT_13920	yes	1	IPR007012
XP_002290530.1	THAPSDRAFT_28189	yes	1	IPR001023
XP_002290531.1	THAPSDRAFT_22565	no	0	none
XP_002290532.1	THAPSDRAFT_34186	yes	1	IPR009542
XP_002290533.1	THAPSDRAFT_22568	no	0	none
XP_002290534.1	THAPSDRAFT_28199	yes	1	IPR002130
XP_002290535.1	THAPSDRAFT_22573	no	0	none
XP_002290536.1	THAPSDRAFT_5074	no	0	none
XP_002290537.1	THAPSDRAFT_270281	no	0	none
XP_002290538.1	THAPSDRAFT_5079	yes	1	IPR007871
XP_002290539.1	THAPSDRAFT_34505	yes	1	IPR001494
XP_002290540.1	THAPSDRAFT_5083	no	0	none
XP_002290541.1	THAPSDRAFT_22577	yes	1	IPR002048
XP_002290542.1	THAPSDRAFT_5087	no	0	none
XP_002290543.1	THAPSDRAFT_5089	no	0	none
XP_002290544.1	THAPSDRAFT_5090	no	0	none
XP_002290545.1	THAPSDRAFT_22580	no	0	none
XP_002290546.1	THAPSDRAFT_40630	yes	1	IPR001107
XP_002290547.1	THAPSDRAFT_5093	no	0	none
XP_002290548.1	THAPSDRAFT_22582	yes	1	IPR003029
XP_002290549.1	THAPSDRAFT_268835	yes	1	IPR001753
XP_002290550.1	THAPSDRAFT_34030	yes	1	IPR001891
XP_002290551.1	THAPSDRAFT_22585	no	0	none
XP_002290552.1	THAPSDRAFT_5104	no	0	none
XP_002290553.1	THAPSDRAFT_5106	no	0	none
XP_002290554.1	THAPSDRAFT_5108	no	0	none
XP_002290555.1	THAPSDRAFT_5110	no	0	none
XP_002290556.1	THAPSDRAFT_22589	yes	1	IPR000348
XP_002290557.1	THAPSDRAFT_22591	no	0	none
XP_002290558.1	THAPSDRAFT_5116	no	0	none
XP_002290559.1	THAPSDRAFT_5120	no	0	none
XP_002290560.1	THAPSDRAFT_22593	no	0	none
XP_002290561.1	THAPSDRAFT_28217	no	0	none
XP_002290562.1	THAPSDRAFT_5125	no	0	none
XP_002290563.1	THAPSDRAFT_22596	yes	1	IPR001451
XP_002290564.1	THAPSDRAFT_268844	no	0	none
XP_002290565.1	THAPSDRAFT_22599	no	0	none
XP_002290566.1	THAPSDRAFT_5135	no	0	none
XP_002290567.1	THAPSDRAFT_5136	no	0	none
XP_002290568.1	THAPSDRAFT_22601	no	0	none
XP_002290569.1	THAPSDRAFT_34368	yes	1	IPR001569
XP_002290570.1	THAPSDRAFT_34093	no	0	none
XP_002290571.1	THAPSDRAFT_262433	yes	1	IPR001313
XP_002290572.1	THAPSDRAFT_5147	yes	1	IPR002110
XP_002290573.1	THAPSDRAFT_5153	no	0	none
XP_002290574.1	THAPSDRAFT_28239	yes	2	IPR000173,IPR000652
XP_002290575.1	THAPSDRAFT_5161	no	0	none
XP_002290576.1	THAPSDRAFT_34094	no	0	none
XP_002290577.1	THAPSDRAFT_5167	no	0	none
XP_002290578.1	THAPSDRAFT_22622	yes	1	IPR010402
XP_002290579.1	THAPSDRAFT_22623	yes	2	IPR001202,IPR004088
XP_002290580.1	THAPSDRAFT_5172	no	0	none
XP_002290581.1	THAPSDRAFT_5175	yes	1	IPR002606
XP_002290582.1	THAPSDRAFT_5178	no	0	none
XP_002290583.1	THAPSDRAFT_5180	no	0	none
XP_002290584.1	THAPSDRAFT_268858	no	0	none
XP_002290585.1	THAPSDRAFT_22630	no	0	none
XP_002290586.1	THAPSDRAFT_22631	no	0	none
XP_002290587.1	THAPSDRAFT_268859	yes	1	IPR001330
XP_002290588.1	THAPSDRAFT_5192	no	0	none
XP_002290589.1	THAPSDRAFT_5193	no	0	none
XP_002290590.1	THAPSDRAFT_16384	yes	1	IPR003000
XP_002290591.1	THAPSDRAFT_5198	yes	1	IPR003769
XP_002290592.1	THAPSDRAFT_5201	no	0	none
XP_002290593.1	THAPSDRAFT_16136	yes	2	IPR000352,IPR005139
XP_002290594.1	THAPSDRAFT_5205	no	0	none
XP_002290595.1	THAPSDRAFT_22637	yes	1	IPR000668
XP_002290596.1	THAPSDRAFT_22639	no	0	none
XP_002290597.1	THAPSDRAFT_5210	no	0	none
XP_002290598.1	THAPSDRAFT_262455	yes	1	IPR004254
XP_002290599.1	THAPSDRAFT_262457	yes	1	IPR001708
XP_002290600.1	THAPSDRAFT_5216	yes	1	IPR006145
XP_002290601.1	THAPSDRAFT_5219	yes	1	IPR001227
XP_002290602.1	THAPSDRAFT_5221	no	0	none
XP_002290603.1	THAPSDRAFT_262459	yes	1	IPR005599
XP_002290604.1	THAPSDRAFT_5225	yes	1	IPR007758
XP_002290605.1	THAPSDRAFT_268863	yes	2	IPR001140,IPR003439
XP_002290606.1	THAPSDRAFT_34227	yes	1	IPR002554
XP_002290607.1	THAPSDRAFT_5232	no	0	none
XP_002290608.1	THAPSDRAFT_5236	yes	1	IPR008537
XP_002290609.1	THAPSDRAFT_262464	yes	1	IPR001440
XP_002290610.1	THAPSDRAFT_5241	no	0	none
XP_002290611.1	THAPSDRAFT_460	yes	1	IPR004839
XP_002290612.1	THAPSDRAFT_16772	yes	1	IPR001993
XP_002290613.1	THAPSDRAFT_5250	no	0	none
XP_002290614.1	THAPSDRAFT_22655	no	0	none
XP_002290615.1	THAPSDRAFT_22657	yes	1	IPR006662
XP_002290616.1	THAPSDRAFT_22659	no	0	none
XP_002290617.1	THAPSDRAFT_22661	no	0	none
XP_002290618.1	THAPSDRAFT_5262	no	0	none
XP_002290619.1	THAPSDRAFT_22663	yes	1	IPR001461
XP_002290620.1	THAPSDRAFT_5265	no	0	none
XP_002290621.1	THAPSDRAFT_5266	no	0	none
XP_002290622.1	THAPSDRAFT_40704	yes	1	IPR001680
XP_002290623.1	THAPSDRAFT_22666	no	0	none
XP_002290624.1	THAPSDRAFT_22667	no	0	none
XP_002290625.1	THAPSDRAFT_5272	no	0	none
XP_002290626.1	THAPSDRAFT_262478	yes	1	IPR004939
XP_002290627.1	THAPSDRAFT_22669	no	0	none
XP_002290628.1	THAPSDRAFT_22670	no	0	none
XP_002290629.1	THAPSDRAFT_262480	no	0	none
XP_002290630.1	THAPSDRAFT_5283	yes	1	IPR000432
XP_002290631.1	THAPSDRAFT_5285	yes	1	IPR000910
XP_002290632.1	THAPSDRAFT_5286	no	0	none
XP_002290633.1	THAPSDRAFT_5288	no	0	none
XP_002290634.1	THAPSDRAFT_270212	no	0	none
XP_002290635.1	THAPSDRAFT_5291	no	0	none
XP_002290636.1	THAPSDRAFT_55	no	0	none
XP_002290637.1	THAPSDRAFT_268875	no	0	none
XP_002290638.1	THAPSDRAFT_5294	no	0	none
XP_002290639.1	THAPSDRAFT_5296	no	0	none
XP_002290640.1	THAPSDRAFT_5297	yes	1	IPR001680
XP_002290641.1	THAPSDRAFT_22676	no	0	none
XP_002290642.1	THAPSDRAFT_5301	no	0	none
XP_002290643.1	THAPSDRAFT_34413	yes	1	IPR000504
XP_002290644.1	THAPSDRAFT_22679	yes	1	IPR003439
XP_002290645.1	THAPSDRAFT_40713	yes	1	IPR001189
XP_002290646.1	THAPSDRAFT_5308	no	0	none
XP_002290647.1	THAPSDRAFT_5309	no	0	none
XP_002290648.1	THAPSDRAFT_22683	yes	2	IPR006970,IPR008009
XP_002290649.1	THAPSDRAFT_5315	no	0	none
XP_002290650.1	THAPSDRAFT_26246	yes	1	IPR001344
XP_002290651.1	THAPSDRAFT_5318	no	0	none
XP_002290652.1	THAPSDRAFT_5319	yes	2	IPR001375,IPR002469
XP_002290653.1	THAPSDRAFT_270359	no	0	none
XP_002290654.1	THAPSDRAFT_5323	yes	1	IPR003442
XP_002290655.1	THAPSDRAFT_5325	no	0	none
XP_002290656.1	THAPSDRAFT_22686	no	0	none
XP_002290657.1	THAPSDRAFT_22688	no	0	none
XP_002290658.1	THAPSDRAFT_22689	no	0	none
XP_002290659.1	THAPSDRAFT_5332	yes	1	IPR005024
XP_002290660.1	THAPSDRAFT_5334	yes	1	IPR008822
XP_002290661.1	THAPSDRAFT_5335	no	0	none
XP_002290662.1	THAPSDRAFT_22690	yes	1	IPR000504
XP_002290663.1	THAPSDRAFT_5339	no	0	none
XP_002290664.1	THAPSDRAFT_5342	no	0	none
XP_002290665.1	THAPSDRAFT_22692	yes	1	IPR001841
XP_002290666.1	THAPSDRAFT_22694	yes	1	IPR007248
XP_002290667.1	THAPSDRAFT_40725	yes	2	IPR003338,IPR003959
XP_002290668.1	THAPSDRAFT_40728	yes	1	IPR002490
XP_002290669.1	THAPSDRAFT_5351	no	0	none
XP_002290670.1	THAPSDRAFT_5353	no	0	none
XP_002290671.1	THAPSDRAFT_22701	no	0	none
XP_002290672.1	THAPSDRAFT_17024	yes	1	IPR000719
XP_002290673.1	THAPSDRAFT_22702	no	0	none
XP_002290674.1	THAPSDRAFT_5360	no	0	none
XP_002290675.1	THAPSDRAFT_22703	yes	1	IPR002048
XP_002290676.1	THAPSDRAFT_22706	no	0	none
XP_002290677.1	THAPSDRAFT_5370	no	0	none
XP_002290678.1	THAPSDRAFT_22708	yes	2	IPR002557,IPR006970
XP_002290679.1	THAPSDRAFT_22712	yes	1	IPR001041
XP_002290680.1	THAPSDRAFT_262506	no	0	none
XP_002290681.1	THAPSDRAFT_5380	yes	1	IPR009472
XP_002290682.1	THAPSDRAFT_22713	yes	1	IPR000184
XP_002290683.1	THAPSDRAFT_22714	no	0	none
XP_002290684.1	THAPSDRAFT_5388	no	0	none
XP_002290685.1	THAPSDRAFT_5389	yes	1	IPR004856
XP_002290686.1	THAPSDRAFT_5394	no	0	none
XP_002290687.1	THAPSDRAFT_22721	no	0	none
XP_002290688.1	THAPSDRAFT_262512	no	0	none
XP_002290689.1	THAPSDRAFT_262514	yes	1	IPR003382
XP_002290690.1	THAPSDRAFT_5401	no	0	none
XP_002290691.1	THAPSDRAFT_22722	no	0	none
XP_002290692.1	THAPSDRAFT_262515	yes	1	IPR003492
XP_002290693.1	THAPSDRAFT_5405	no	0	none
XP_002290694.1	THAPSDRAFT_34170	yes	1	IPR001948
XP_002290695.1	THAPSDRAFT_5409	no	0	none
XP_002290696.1	THAPSDRAFT_22725	yes	1	IPR003034
XP_002290697.1	THAPSDRAFT_5414	no	0	none
XP_002290698.1	THAPSDRAFT_22728	no	0	none
XP_002290699.1	THAPSDRAFT_262521	yes	1	IPR001680
XP_002290700.1	THAPSDRAFT_268895	yes	1	IPR004693
XP_002290701.1	THAPSDRAFT_22731	yes	1	IPR001841
XP_002290702.1	THAPSDRAFT_5425	no	0	none
XP_002290703.1	THAPSDRAFT_22733	yes	1	IPR005358
XP_002290704.1	THAPSDRAFT_22735	no	0	none
XP_002290705.1	THAPSDRAFT_34265	yes	1	IPR001179
XP_002290706.1	THAPSDRAFT_5439	no	0	none
XP_002290707.1	THAPSDRAFT_22739	yes	1	IPR007529
XP_002290708.1	THAPSDRAFT_22741	no	0	none
XP_002290709.1	THAPSDRAFT_262530	yes	1	IPR004345
XP_002290710.1	THAPSDRAFT_270376	no	0	none
XP_002290711.1	THAPSDRAFT_22748	yes	1	IPR002110
XP_002290712.1	THAPSDRAFT_22749	yes	1	IPR006968
XP_002290713.1	THAPSDRAFT_5456	no	0	none
XP_002290714.1	THAPSDRAFT_22752	no	0	none
XP_002290715.1	THAPSDRAFT_268902	no	0	none
XP_002290716.1	THAPSDRAFT_268904	yes	1	IPR000863
XP_002290717.1	THAPSDRAFT_22757	yes	2	IPR001214,IPR011124
XP_002290718.1	THAPSDRAFT_22758	yes	1	IPR001372
XP_002290719.1	THAPSDRAFT_262538	no	0	none
XP_002290720.1	THAPSDRAFT_28330	yes	2	IPR002695,IPR004362
XP_002290721.1	THAPSDRAFT_5470	yes	1	IPR000644
XP_002290722.1	THAPSDRAFT_34554	yes	1	IPR005610
XP_002290723.1	THAPSDRAFT_34441	yes	1	IPR004457
XP_002290724.1	THAPSDRAFT_5476	yes	1	IPR001993
XP_002290725.1	THAPSDRAFT_22766	yes	2	IPR001404,IPR003594
XP_002290726.1	THAPSDRAFT_22767	no	0	none
XP_002290727.1	THAPSDRAFT_22768	yes	1	IPR002060
XP_002290728.1	THAPSDRAFT_34059	yes	2	IPR000719,IPR002048
XP_002290729.1	THAPSDRAFT_22770	yes	2	IPR002314,IPR004154
XP_002290730.1	THAPSDRAFT_5484	no	0	none
XP_002290731.1	THAPSDRAFT_22771	yes	1	IPR001909
XP_002290732.1	THAPSDRAFT_5488	yes	3	IPR000595,IPR002048,IPR005821
XP_002290733.1	THAPSDRAFT_268911	yes	1	IPR008854
XP_002290734.1	THAPSDRAFT_40767	yes	1	IPR003959
XP_002290735.1	THAPSDRAFT_22776	no	0	none
XP_002290736.1	THAPSDRAFT_5496	no	0	none
XP_002290737.1	THAPSDRAFT_22778	no	0	none
XP_002290738.1	THAPSDRAFT_5500	yes	3	IPR000121,IPR002192,IPR008279
XP_002290739.1	THAPSDRAFT_5502	no	0	none
XP_002290740.1	THAPSDRAFT_5504	no	0	none
XP_002290741.1	THAPSDRAFT_262555	yes	1	IPR008829
XP_002290742.1	THAPSDRAFT_5509	yes	1	IPR000719
XP_002290743.1	THAPSDRAFT_5510	no	0	none
XP_002290744.1	THAPSDRAFT_22781	no	0	none
XP_002290745.1	THAPSDRAFT_5514	yes	1	IPR002198
XP_002290746.1	THAPSDRAFT_22782	no	0	none
XP_002290747.1	THAPSDRAFT_22784	no	0	none
XP_002290748.1	THAPSDRAFT_5519	no	0	none
XP_002290749.1	THAPSDRAFT_34158	yes	1	IPR005624
XP_002290750.1	THAPSDRAFT_28350	yes	1	IPR001345
XP_002290751.1	THAPSDRAFT_34447	yes	1	IPR001199
XP_002290752.1	THAPSDRAFT_34187	yes	1	IPR000873
XP_002290753.1	THAPSDRAFT_262564	no	0	none
XP_002290754.1	THAPSDRAFT_5532	no	0	none
XP_002290755.1	THAPSDRAFT_270228	no	0	none
XP_002290756.1	THAPSDRAFT_22795	no	0	none
XP_002290757.1	THAPSDRAFT_22796	yes	1	IPR000449
XP_002290758.1	THAPSDRAFT_5538	no	0	none
XP_002290759.1	THAPSDRAFT_5540	no	0	none
XP_002290760.1	THAPSDRAFT_22801	no	0	none
XP_002290761.1	THAPSDRAFT_262568	yes	2	IPR003338,IPR003959
XP_002290762.1	THAPSDRAFT_5545	no	0	none
XP_002290763.1	THAPSDRAFT_34412	no	0	none
XP_002290764.1	THAPSDRAFT_22804	yes	2	IPR001199,IPR005804
XP_002290765.1	THAPSDRAFT_5551	no	0	none
XP_002290766.1	THAPSDRAFT_262572	yes	1	IPR003421
XP_002290767.1	THAPSDRAFT_262574	yes	2	IPR000910,IPR000969
XP_002290768.1	THAPSDRAFT_5557	yes	1	IPR001269
XP_002290769.1	THAPSDRAFT_22808	yes	1	IPR001537
XP_002290770.1	THAPSDRAFT_22809	yes	1	IPR002641
XP_002290771.1	THAPSDRAFT_15138	no	0	none
XP_002290772.1	THAPSDRAFT_22810	no	0	none
XP_002290773.1	THAPSDRAFT_262575	yes	1	IPR001295
XP_002290774.1	THAPSDRAFT_19435	yes	1	IPR002048
XP_002290775.1	THAPSDRAFT_5574	yes	2	IPR001117,IPR002641
XP_002290776.1	THAPSDRAFT_5576	no	0	none
XP_002290777.1	THAPSDRAFT_5579	yes	1	IPR000073
XP_002290778.1	THAPSDRAFT_262580	yes	1	IPR001045
XP_002290779.1	THAPSDRAFT_34233	no	0	none
XP_002290780.1	THAPSDRAFT_22820	yes	1	IPR007603
XP_002290781.1	THAPSDRAFT_5585	yes	1	IPR002088
XP_002290782.1	THAPSDRAFT_5586	no	0	none
XP_002290783.1	THAPSDRAFT_5588	no	0	none
XP_002290784.1	THAPSDRAFT_5590	no	0	none
XP_002290785.1	THAPSDRAFT_22823	no	0	none
XP_002290786.1	THAPSDRAFT_34043	yes	1	IPR000719
XP_002290787.1	THAPSDRAFT_34442	yes	1	IPR000595
XP_002290788.1	THAPSDRAFT_268929	yes	1	IPR007229
XP_002290789.1	THAPSDRAFT_262589	yes	1	IPR010729
XP_002290790.1	THAPSDRAFT_5600	no	0	none
XP_002290791.1	THAPSDRAFT_5602	no	0	none
XP_002290792.1	THAPSDRAFT_40798	yes	1	IPR001040
XP_002290793.1	THAPSDRAFT_5605	yes	1	IPR002173
XP_002290794.1	THAPSDRAFT_5607	yes	1	IPR007603
XP_002290795.1	THAPSDRAFT_262593	yes	1	IPR000086
XP_002290796.1	THAPSDRAFT_5614	yes	1	IPR000863
XP_002290797.1	THAPSDRAFT_34266	yes	1	IPR000456
XP_002290798.1	THAPSDRAFT_34514	yes	1	IPR001282
XP_002290799.1	THAPSDRAFT_22835	no	0	none
XP_002290800.1	THAPSDRAFT_5622	no	0	none
XP_002290801.1	THAPSDRAFT_5623	yes	1	IPR005834
XP_002290802.1	THAPSDRAFT_22840	no	0	none
XP_002290803.1	THAPSDRAFT_22841	no	0	none
XP_002290804.1	THAPSDRAFT_5631	yes	1	IPR000804
XP_002290805.1	THAPSDRAFT_5632	no	0	none
XP_002290806.1	THAPSDRAFT_22842	no	0	none
XP_002290807.1	THAPSDRAFT_22843	no	0	none
XP_002290808.1	THAPSDRAFT_5636	yes	1	IPR002698
XP_002290809.1	THAPSDRAFT_34332	yes	2	IPR004843,IPR007281
XP_002290810.1	THAPSDRAFT_5641	yes	1	IPR004316
XP_002290811.1	THAPSDRAFT_22848	yes	4	IPR001789,IPR003018,IPR003594,IPR003661
XP_002290812.1	THAPSDRAFT_22850	no	0	none
XP_002290813.1	THAPSDRAFT_22851	no	0	none
XP_002290814.1	THAPSDRAFT_22852	no	0	none
XP_002290815.1	THAPSDRAFT_20461	yes	1	IPR001623
XP_002290816.1	THAPSDRAFT_22854	yes	1	IPR002745
XP_002290817.1	THAPSDRAFT_22855	yes	1	IPR002557
XP_002290818.1	THAPSDRAFT_5655	no	0	none
XP_002290819.1	THAPSDRAFT_5658	yes	1	IPR001965
XP_002290820.1	THAPSDRAFT_40817	yes	1	IPR001841
XP_002290821.1	THAPSDRAFT_22857	yes	1	IPR001849
XP_002290822.1	THAPSDRAFT_5664	no	0	none
XP_002290823.1	THAPSDRAFT_22858	no	0	none
XP_002290824.1	THAPSDRAFT_5667	no	0	none
XP_002290825.1	THAPSDRAFT_5668	no	0	none
XP_002290826.1	THAPSDRAFT_22859	no	0	none
XP_002290827.1	THAPSDRAFT_5672	yes	1	IPR005114
XP_002290828.1	THAPSDRAFT_262610	yes	1	IPR000086
XP_002290829.1	THAPSDRAFT_5675	no	0	none
XP_002290830.1	THAPSDRAFT_5677	no	0	none
XP_002290831.1	THAPSDRAFT_262611	no	0	none
XP_002290832.1	THAPSDRAFT_262613	yes	1	IPR004327
XP_002290833.1	THAPSDRAFT_22867	no	0	none
XP_002290834.1	THAPSDRAFT_5686	yes	1	IPR000504
XP_002290835.1	THAPSDRAFT_5689	yes	1	IPR005114
XP_002290836.1	THAPSDRAFT_262617	yes	1	IPR001005
XP_002290837.1	THAPSDRAFT_22869	yes	2	IPR003123,IPR006166
XP_002290838.1	THAPSDRAFT_5694	no	0	none
XP_002290839.1	THAPSDRAFT_40826	no	0	none
XP_002290840.1	THAPSDRAFT_5698	no	0	none
XP_002290841.1	THAPSDRAFT_5701	no	0	none
XP_002290842.1	THAPSDRAFT_22874	no	0	none
XP_002290843.1	THAPSDRAFT_22876	no	0	none
XP_002290844.1	THAPSDRAFT_5708	no	0	none
XP_002290845.1	THAPSDRAFT_22877	yes	1	IPR003416
XP_002290846.1	THAPSDRAFT_22880	yes	1	IPR000782
XP_002290847.1	THAPSDRAFT_5717	yes	1	IPR003958
XP_002290848.1	THAPSDRAFT_22882	yes	1	IPR001440
XP_002290849.1	THAPSDRAFT_40831	yes	1	IPR001254
XP_002290850.1	THAPSDRAFT_22886	no	0	none
XP_002290851.1	THAPSDRAFT_34379	yes	1	IPR004274
XP_002290852.1	THAPSDRAFT_22887	no	0	none
XP_002290853.1	THAPSDRAFT_22888	no	0	none
XP_002290854.1	THAPSDRAFT_22889	yes	1	IPR000910
XP_002290855.1	THAPSDRAFT_22890	yes	1	IPR007266
XP_002290856.1	THAPSDRAFT_34210	yes	1	IPR007125
XP_002290857.1	THAPSDRAFT_262630	yes	1	IPR001623
XP_002290858.1	THAPSDRAFT_262632	no	0	none
XP_002290859.1	THAPSDRAFT_34333	no	0	none
XP_002290860.1	THAPSDRAFT_22897	yes	2	IPR001394,IPR002893
XP_002290861.1	THAPSDRAFT_22898	no	0	none
XP_002290862.1	THAPSDRAFT_22900	no	0	none
XP_002290863.1	THAPSDRAFT_22902	no	0	none
XP_002290864.1	THAPSDRAFT_5757	yes	1	IPR000863
XP_002290865.1	THAPSDRAFT_268958	no	0	none
XP_002290866.1	THAPSDRAFT_5760	yes	1	IPR005011
XP_002290867.1	THAPSDRAFT_34237	yes	1	IPR001752
XP_002290868.1	THAPSDRAFT_22908	yes	1	IPR002557
XP_002290869.1	THAPSDRAFT_5766	yes	1	IPR002909
XP_002290870.1	THAPSDRAFT_268963	yes	1	IPR001313
XP_002290871.1	THAPSDRAFT_5775	yes	1	IPR000719
XP_002290872.1	THAPSDRAFT_5776	no	0	none
XP_002290873.1	THAPSDRAFT_5777	no	0	none
XP_002290874.1	THAPSDRAFT_5779	no	0	none
XP_002290875.1	THAPSDRAFT_5780	no	0	none
XP_002290876.1	THAPSDRAFT_268965	yes	2	IPR001030,IPR004406
XP_002290877.1	THAPSDRAFT_268966	yes	1	IPR001223
XP_002290878.1	THAPSDRAFT_5784	no	0	none
XP_002290879.1	THAPSDRAFT_5785	no	0	none
XP_002290880.1	THAPSDRAFT_22918	no	0	none
XP_002290881.1	THAPSDRAFT_5788	yes	1	IPR003618
XP_002290882.1	THAPSDRAFT_5790	yes	1	IPR006977
XP_002290883.1	THAPSDRAFT_5793	yes	1	IPR010527
XP_002290884.1	THAPSDRAFT_5797	yes	1	IPR008172
XP_002290885.1	THAPSDRAFT_22922	yes	1	IPR002048
XP_002290886.1	THAPSDRAFT_262659	yes	1	IPR001254
XP_002290887.1	THAPSDRAFT_28441	yes	2	IPR000717,IPR008905
XP_002290888.1	THAPSDRAFT_5806	yes	1	IPR001468
XP_002290889.1	THAPSDRAFT_268976	yes	1	IPR001108
XP_002290890.1	THAPSDRAFT_20267	no	0	none
XP_002290891.1	THAPSDRAFT_5812	no	0	none
XP_002290892.1	THAPSDRAFT_22929	no	0	none
XP_002290893.1	THAPSDRAFT_34348	yes	1	IPR001985
XP_002290894.1	THAPSDRAFT_22932	yes	1	IPR000232
XP_002290895.1	THAPSDRAFT_5820	no	0	none
XP_002290896.1	THAPSDRAFT_268980	no	0	none
XP_002290897.1	THAPSDRAFT_5824	no	0	none
XP_002290898.1	THAPSDRAFT_262671	no	0	none
XP_002290899.1	THAPSDRAFT_22940	no	0	none
XP_002290900.1	THAPSDRAFT_5830	no	0	none
XP_002290901.1	THAPSDRAFT_5832	no	0	none
XP_002290902.1	THAPSDRAFT_40868	yes	1	IPR004240
XP_002290903.1	THAPSDRAFT_5840	no	0	none
XP_002290904.1	THAPSDRAFT_22947	yes	1	IPR003126
XP_002290905.1	THAPSDRAFT_5850	no	0	none
XP_002290906.1	THAPSDRAFT_5858	no	0	none
XP_002290907.1	THAPSDRAFT_262679	yes	4	IPR004014,IPR005834,IPR006068,IPR008250
XP_002290908.1	THAPSDRAFT_22950	yes	1	IPR001450
XP_002290909.1	THAPSDRAFT_5866	no	0	none
XP_002290910.1	THAPSDRAFT_5870	yes	1	IPR001440
XP_002290911.1	THAPSDRAFT_5872	no	0	none
XP_002290912.1	THAPSDRAFT_5874	no	0	none
XP_002290913.1	THAPSDRAFT_22952	no	0	none
XP_002290914.1	THAPSDRAFT_22953	no	0	none
XP_002290915.1	THAPSDRAFT_5882	no	0	none
XP_002290916.1	THAPSDRAFT_5885	no	0	none
XP_002290917.1	THAPSDRAFT_5889	no	0	none
XP_002290918.1	THAPSDRAFT_22960	no	0	none
XP_002290919.1	THAPSDRAFT_5892	no	0	none
XP_002290920.1	THAPSDRAFT_5894	no	0	none
XP_002290921.1	THAPSDRAFT_5896	yes	1	IPR001568
XP_002290922.1	THAPSDRAFT_5898	no	0	none
XP_002290923.1	THAPSDRAFT_22963	yes	2	IPR001202,IPR001680
XP_002290924.1	THAPSDRAFT_40884	yes	5	IPR000722,IPR007066,IPR007080,IPR007081,IPR007083
XP_002290925.1	THAPSDRAFT_22965	yes	2	IPR001650,IPR011545
XP_002290926.1	THAPSDRAFT_5906	no	0	none
XP_002290927.1	THAPSDRAFT_22967	yes	1	IPR001849
XP_002290928.1	THAPSDRAFT_19136	no	0	none
XP_002290929.1	THAPSDRAFT_5912	no	0	none
XP_002290930.1	THAPSDRAFT_268987	no	0	none
XP_002290931.1	THAPSDRAFT_5916	yes	2	IPR001478,IPR010614
XP_002290932.1	THAPSDRAFT_35186	yes	1	IPR001544
XP_002290933.1	THAPSDRAFT_270299	no	0	none
XP_002290934.1	THAPSDRAFT_5922	no	0	none
XP_002290935.1	THAPSDRAFT_5924	yes	1	IPR001993
XP_002290936.1	THAPSDRAFT_40894	yes	3	IPR001305,IPR001623,IPR002939
XP_002290937.1	THAPSDRAFT_5927	yes	1	IPR001012
XP_002290938.1	THAPSDRAFT_5928	no	0	none
XP_002290939.1	THAPSDRAFT_5931	no	0	none
XP_002290940.1	THAPSDRAFT_262700	yes	1	IPR007858
XP_002290941.1	THAPSDRAFT_34618	yes	1	IPR001806
XP_002290942.1	THAPSDRAFT_262704	yes	1	IPR000086
XP_002290943.1	THAPSDRAFT_5938	no	0	none
XP_002290944.1	THAPSDRAFT_22978	no	0	none
XP_002290945.1	THAPSDRAFT_5943	no	0	none
XP_002290946.1	THAPSDRAFT_5944	no	0	none
XP_002290947.1	THAPSDRAFT_22979	no	0	none
XP_002290948.1	THAPSDRAFT_28487	yes	2	IPR000850,IPR007862
XP_002290949.1	THAPSDRAFT_34855	no	0	none
XP_002290950.1	THAPSDRAFT_5952	yes	1	IPR003774
XP_002290951.1	THAPSDRAFT_28496	yes	1	IPR000043
XP_002290952.1	THAPSDRAFT_5957	no	0	none
XP_002290953.1	THAPSDRAFT_5959	no	0	none
XP_002290954.1	THAPSDRAFT_262729	no	0	none
XP_002290955.1	THAPSDRAFT_262731	no	0	none
XP_002290956.1	THAPSDRAFT_16287	yes	1	IPR000719
XP_002290957.1	THAPSDRAFT_262734	yes	1	IPR001736
XP_002290958.1	THAPSDRAFT_35005	yes	1	IPR005101
XP_002290959.1	THAPSDRAFT_22989	yes	1	IPR001005
XP_002290960.1	THAPSDRAFT_5970	no	0	none
XP_002290961.1	THAPSDRAFT_22991	no	0	none
XP_002290962.1	THAPSDRAFT_22993	no	0	none
XP_002290963.1	THAPSDRAFT_5977	no	0	none
XP_002290964.1	THAPSDRAFT_22996	yes	1	IPR001353
XP_002290965.1	THAPSDRAFT_262747	no	0	none
XP_002290966.1	THAPSDRAFT_22999	no	0	none
XP_002290967.1	THAPSDRAFT_23000	no	0	none
XP_002290968.1	THAPSDRAFT_262751	yes	1	IPR007266
XP_002290969.1	THAPSDRAFT_269017	yes	2	IPR001199,IPR003953
XP_002290970.1	THAPSDRAFT_5989	no	0	none
XP_002290971.1	THAPSDRAFT_269018	no	0	none
XP_002290972.1	THAPSDRAFT_5993	no	0	none
XP_002290973.1	THAPSDRAFT_25977	yes	1	IPR001619
XP_002290974.1	THAPSDRAFT_5996	no	0	none
XP_002290975.1	THAPSDRAFT_40929	yes	2	IPR001650,IPR011545
XP_002290976.1	THAPSDRAFT_23010	yes	1	IPR005135
XP_002290977.1	THAPSDRAFT_23012	no	0	none
XP_002290978.1	THAPSDRAFT_269028	yes	1	IPR006700
XP_002290979.1	THAPSDRAFT_269030	yes	1	IPR001680
XP_002290980.1	THAPSDRAFT_23018	yes	1	IPR001247
XP_002290981.1	THAPSDRAFT_6015	no	0	none
XP_002290982.1	THAPSDRAFT_6017	no	0	none
XP_002290983.1	THAPSDRAFT_269034	no	0	none
XP_002290984.1	THAPSDRAFT_6020	no	0	none
XP_002290985.1	THAPSDRAFT_35200	yes	1	IPR001179
XP_002290986.1	THAPSDRAFT_35103	yes	1	IPR001401
XP_002290987.1	THAPSDRAFT_23027	no	0	none
XP_002290988.1	THAPSDRAFT_6029	no	0	none
XP_002290989.1	THAPSDRAFT_6031	no	0	none
XP_002290990.1	THAPSDRAFT_23031	no	0	none
XP_002290991.1	THAPSDRAFT_19662	yes	1	IPR007305
XP_002290992.1	THAPSDRAFT_23034	no	0	none
XP_002290993.1	THAPSDRAFT_40958	yes	1	IPR000652
XP_002290994.1	THAPSDRAFT_6043	no	0	none
XP_002290995.1	THAPSDRAFT_6045	no	0	none
XP_002290996.1	THAPSDRAFT_23040	yes	1	IPR010869
XP_002290997.1	THAPSDRAFT_6048	no	0	none
XP_002290998.1	THAPSDRAFT_40966	yes	1	IPR007627
XP_002290999.1	THAPSDRAFT_6052	yes	1	IPR002687
XP_002291000.1	THAPSDRAFT_6056	yes	1	IPR000649
XP_002291001.1	THAPSDRAFT_23048	no	0	none
XP_002291002.1	THAPSDRAFT_262792	no	0	none
XP_002291003.1	THAPSDRAFT_269049	no	0	none
XP_002291004.1	THAPSDRAFT_23051	no	0	none
XP_002291005.1	THAPSDRAFT_262795	yes	1	IPR006086
XP_002291006.1	THAPSDRAFT_262796	yes	1	IPR006163
XP_002291007.1	THAPSDRAFT_6068	yes	1	IPR004088
XP_002291008.1	THAPSDRAFT_35095	yes	1	IPR001440
XP_002291009.1	THAPSDRAFT_6071	yes	1	IPR002671
XP_002291010.1	THAPSDRAFT_23054	yes	2	IPR006652,IPR011498
XP_002291011.1	THAPSDRAFT_23055	no	0	none
XP_002291012.1	THAPSDRAFT_6075	no	0	none
XP_002291013.1	THAPSDRAFT_40978	no	0	none
XP_002291014.1	THAPSDRAFT_40985	yes	1	IPR002917
XP_002291015.1	THAPSDRAFT_35046	yes	1	IPR001509
XP_002291016.1	THAPSDRAFT_23064	no	0	none
XP_002291017.1	THAPSDRAFT_262803	yes	1	IPR000727
XP_002291018.1	THAPSDRAFT_6086	no	0	none
XP_002291019.1	THAPSDRAFT_6089	no	0	none
XP_002291020.1	THAPSDRAFT_6090	yes	1	IPR003140
XP_002291021.1	THAPSDRAFT_6093	no	0	none
XP_002291022.1	THAPSDRAFT_40991	yes	1	IPR000594
XP_002291023.1	THAPSDRAFT_6097	no	0	none
XP_002291024.1	THAPSDRAFT_23070	no	0	none
XP_002291025.1	THAPSDRAFT_23072	no	0	none
XP_002291026.1	THAPSDRAFT_517	yes	1	IPR001353
XP_002291027.1	THAPSDRAFT_6105	no	0	none
XP_002291028.1	THAPSDRAFT_35085	yes	1	IPR000595
XP_002291029.1	THAPSDRAFT_518	yes	1	IPR000719
XP_002291030.1	THAPSDRAFT_23074	yes	1	IPR003169
XP_002291031.1	THAPSDRAFT_40995	yes	2	IPR005101,IPR006050
XP_002291032.1	THAPSDRAFT_34684	yes	2	IPR001254,IPR001478
XP_002291033.1	THAPSDRAFT_262815	yes	1	IPR001005
XP_002291034.1	THAPSDRAFT_269060	yes	2	IPR000286,IPR002110
XP_002291035.1	THAPSDRAFT_34982	yes	1	IPR004837
XP_002291036.1	THAPSDRAFT_23079	no	0	none
XP_002291037.1	THAPSDRAFT_6122	yes	1	IPR000182
XP_002291038.1	THAPSDRAFT_23081	no	0	none
XP_002291039.1	THAPSDRAFT_6126	no	0	none
XP_002291040.1	THAPSDRAFT_23083	no	0	none
XP_002291041.1	THAPSDRAFT_262821	yes	1	IPR003959
XP_002291042.1	THAPSDRAFT_23084	no	0	none
XP_002291043.1	THAPSDRAFT_6133	yes	1	IPR000608
XP_002291044.1	THAPSDRAFT_262824	yes	3	IPR001650,IPR006935,IPR011545
XP_002291045.1	THAPSDRAFT_6138	no	0	none
XP_002291046.1	THAPSDRAFT_6140	no	0	none
XP_002291047.1	THAPSDRAFT_262827	yes	1	IPR001611
XP_002291048.1	THAPSDRAFT_262828	yes	1	IPR001611
XP_002291049.1	THAPSDRAFT_269063	yes	1	IPR006037
XP_002291050.1	THAPSDRAFT_269065	yes	1	IPR003358
XP_002291051.1	THAPSDRAFT_269066	no	0	none
XP_002291052.1	THAPSDRAFT_23092	yes	1	IPR000637
XP_002291053.1	THAPSDRAFT_6151	no	0	none
XP_002291054.1	THAPSDRAFT_23095	yes	1	IPR000608
XP_002291055.1	THAPSDRAFT_23096	no	0	none
XP_002291056.1	THAPSDRAFT_6155	no	0	none
XP_002291057.1	THAPSDRAFT_41014	yes	1	IPR005804
XP_002291058.1	THAPSDRAFT_35041	yes	1	IPR004088
XP_002291059.1	THAPSDRAFT_23101	no	0	none
XP_002291060.1	THAPSDRAFT_23102	yes	1	IPR002423
XP_002291061.1	THAPSDRAFT_269076	yes	3	IPR000449,IPR001394,IPR001607
XP_002291062.1	THAPSDRAFT_6165	yes	1	IPR007009
XP_002291063.1	THAPSDRAFT_262844	yes	1	IPR001623
XP_002291064.1	THAPSDRAFT_34795	no	0	none
XP_002291065.1	THAPSDRAFT_23105	no	0	none
XP_002291066.1	THAPSDRAFT_23106	no	0	none
XP_002291067.1	THAPSDRAFT_6173	no	0	none
XP_002291068.1	THAPSDRAFT_262849	yes	1	IPR003370
XP_002291069.1	THAPSDRAFT_269080	yes	2	IPR000991,IPR004468
XP_002291070.1	THAPSDRAFT_6182	no	0	none
XP_002291071.1	THAPSDRAFT_262855	yes	1	IPR006571
XP_002291072.1	THAPSDRAFT_23113	no	0	none
XP_002291073.1	THAPSDRAFT_6190	no	0	none
XP_002291074.1	THAPSDRAFT_35189	yes	2	IPR006133,IPR006134
XP_002291075.1	THAPSDRAFT_23115	yes	1	IPR000608
XP_002291076.1	THAPSDRAFT_23116	no	0	none
XP_002291077.1	THAPSDRAFT_269086	yes	1	IPR001976
XP_002291078.1	THAPSDRAFT_34585	yes	2	IPR007197,IPR010722
XP_002291079.1	THAPSDRAFT_6204	no	0	none
XP_002291080.1	THAPSDRAFT_41038	yes	1	IPR001048
XP_002291081.1	THAPSDRAFT_6207	no	0	none
XP_002291082.1	THAPSDRAFT_6209	yes	1	IPR006992
XP_002291083.1	THAPSDRAFT_6211	yes	2	IPR004367,IPR006671
XP_002291084.1	THAPSDRAFT_41045	yes	1	IPR001509
XP_002291085.1	THAPSDRAFT_262874	yes	1	IPR007723
XP_002291086.1	THAPSDRAFT_23127	yes	1	IPR006571
XP_002291087.1	THAPSDRAFT_262877	yes	1	IPR005322
XP_002291088.1	THAPSDRAFT_35094	yes	1	IPR006140
XP_002291089.1	THAPSDRAFT_23130	no	0	none
XP_002291090.1	THAPSDRAFT_262879	yes	1	IPR000794
XP_002291091.1	THAPSDRAFT_35017	no	0	none
XP_002291092.1	THAPSDRAFT_34590	no	0	none
XP_002291093.1	THAPSDRAFT_35022	no	0	none
XP_002291094.1	THAPSDRAFT_34876	yes	3	IPR001680,IPR006692,IPR010714
XP_002291095.1	THAPSDRAFT_6234	no	0	none
XP_002291096.1	THAPSDRAFT_6236	no	0	none
XP_002291097.1	THAPSDRAFT_28651	yes	1	IPR002155
XP_002291098.1	THAPSDRAFT_6243	yes	1	IPR002589
XP_002291099.1	THAPSDRAFT_262891	yes	1	IPR007230
XP_002291100.1	THAPSDRAFT_23142	yes	1	IPR002422
XP_002291101.1	THAPSDRAFT_6252	no	0	none
XP_002291102.1	THAPSDRAFT_34773	yes	1	IPR007873
XP_002291103.1	THAPSDRAFT_23143	yes	2	IPR004367,IPR006671
XP_002291104.1	THAPSDRAFT_6255	no	0	none
XP_002291105.1	THAPSDRAFT_23144	no	0	none
XP_002291106.1	THAPSDRAFT_35135	yes	1	IPR000719
XP_002291107.1	THAPSDRAFT_41068	yes	1	IPR004000
XP_002291108.1	THAPSDRAFT_23147	yes	1	IPR001478
XP_002291109.1	THAPSDRAFT_6265	no	0	none
XP_002291110.1	THAPSDRAFT_269114	yes	1	IPR002085
XP_002291111.1	THAPSDRAFT_34826	no	0	none
XP_002291112.1	THAPSDRAFT_269115	no	0	none
XP_002291113.1	THAPSDRAFT_28667	yes	1	IPR000511
XP_002291114.1	THAPSDRAFT_23160	no	0	none
XP_002291115.1	THAPSDRAFT_262907	yes	1	IPR002557
XP_002291116.1	THAPSDRAFT_23162	no	0	none
XP_002291117.1	THAPSDRAFT_6284	no	0	none
XP_002291118.1	THAPSDRAFT_6285	yes	2	IPR001404,IPR003594
XP_002291119.1	THAPSDRAFT_6287	no	0	none
XP_002291120.1	THAPSDRAFT_6288	no	0	none
XP_002291121.1	THAPSDRAFT_6290	yes	1	IPR001564
XP_002291122.1	THAPSDRAFT_6292	no	0	none
XP_002291123.1	THAPSDRAFT_6294	no	0	none
XP_002291124.1	THAPSDRAFT_6295	no	0	none
XP_002291125.1	THAPSDRAFT_269123	yes	1	IPR001208
XP_002291126.1	THAPSDRAFT_35036	yes	1	IPR007599
XP_002291127.1	THAPSDRAFT_23169	yes	1	IPR001680
XP_002291128.1	THAPSDRAFT_23170	no	0	none
XP_002291129.1	THAPSDRAFT_28682	yes	1	IPR002423
XP_002291130.1	THAPSDRAFT_262924	no	0	none
XP_002291131.1	THAPSDRAFT_6307	no	0	none
XP_002291132.1	THAPSDRAFT_262926	yes	2	IPR002319,IPR005121
XP_002291133.1	THAPSDRAFT_35126	yes	1	IPR000719
XP_002291134.1	THAPSDRAFT_262934	no	0	none
XP_002291135.1	THAPSDRAFT_23177	yes	1	IPR008374
XP_002291136.1	THAPSDRAFT_23179	yes	2	IPR000640,IPR000795
XP_002291137.1	THAPSDRAFT_262936	no	0	none
XP_002291138.1	THAPSDRAFT_269135	no	0	none
XP_002291139.1	THAPSDRAFT_28704	yes	1	IPR004686
XP_002291140.1	THAPSDRAFT_262941	yes	1	IPR000232
XP_002291141.1	THAPSDRAFT_23187	yes	1	IPR007949
XP_002291142.1	THAPSDRAFT_23191	no	0	none
XP_002291143.1	THAPSDRAFT_6330	no	0	none
XP_002291144.1	THAPSDRAFT_262946	yes	2	IPR005101,IPR006050
XP_002291145.1	THAPSDRAFT_23196	yes	1	IPR000504
XP_002291146.1	THAPSDRAFT_6339	no	0	none
XP_002291147.1	THAPSDRAFT_6341	no	0	none
XP_002291148.1	THAPSDRAFT_23198	no	0	none
XP_002291149.1	THAPSDRAFT_6344	no	0	none
XP_002291150.1	THAPSDRAFT_34714	yes	1	IPR002125
XP_002291151.1	THAPSDRAFT_41117	yes	2	IPR001440,IPR010491
XP_002291152.1	THAPSDRAFT_6348	yes	1	IPR009288
XP_002291153.1	THAPSDRAFT_41122	yes	1	IPR000555
XP_002291154.1	THAPSDRAFT_35055	yes	1	IPR002891
XP_002291155.1	THAPSDRAFT_6356	no	0	none
XP_002291156.1	THAPSDRAFT_6357	yes	1	IPR002921
XP_002291157.1	THAPSDRAFT_6360	no	0	none
XP_002291158.1	THAPSDRAFT_23208	yes	1	IPR001092
XP_002291159.1	THAPSDRAFT_6365	no	0	none
XP_002291160.1	THAPSDRAFT_6368	no	0	none
XP_002291161.1	THAPSDRAFT_6370	yes	1	IPR001537
XP_002291162.1	THAPSDRAFT_6376	no	0	none
XP_002291163.1	THAPSDRAFT_6378	no	0	none
XP_002291164.1	THAPSDRAFT_6380	no	0	none
XP_002291165.1	THAPSDRAFT_6383	yes	1	IPR005576
XP_002291166.1	THAPSDRAFT_23216	no	0	none
XP_002291167.1	THAPSDRAFT_23217	no	0	none
XP_002291168.1	THAPSDRAFT_6389	yes	1	IPR007320
XP_002291169.1	THAPSDRAFT_269148	yes	4	IPR000640,IPR000795,IPR004161,IPR005517
XP_002291170.1	THAPSDRAFT_6395	yes	1	IPR000733
XP_002291171.1	THAPSDRAFT_6396	no	0	none
XP_002291172.1	THAPSDRAFT_269151	no	0	none
XP_002291173.1	THAPSDRAFT_23223	no	0	none
XP_002291174.1	THAPSDRAFT_6401	no	0	none
XP_002291175.1	THAPSDRAFT_6402	no	0	none
XP_002291176.1	THAPSDRAFT_23225	no	0	none
XP_002291177.1	THAPSDRAFT_23226	yes	1	IPR007005
XP_002291178.1	THAPSDRAFT_34735	yes	1	IPR007197
XP_002291179.1	THAPSDRAFT_34681	yes	1	IPR006683
XP_002291180.1	THAPSDRAFT_23230	no	0	none
XP_002291181.1	THAPSDRAFT_6416	no	0	none
XP_002291182.1	THAPSDRAFT_19639	yes	1	IPR007305
XP_002291183.1	THAPSDRAFT_6422	no	0	none
XP_002291184.1	THAPSDRAFT_35087	yes	1	IPR004792
XP_002291185.1	THAPSDRAFT_18613	yes	1	IPR001907
XP_002291186.1	THAPSDRAFT_262980	yes	3	IPR001650,IPR007502,IPR011545
XP_002291187.1	THAPSDRAFT_6431	no	0	none
XP_002291188.1	THAPSDRAFT_6434	no	0	none
XP_002291189.1	THAPSDRAFT_23242	yes	1	IPR001763
XP_002291190.1	THAPSDRAFT_269163	no	0	none
XP_002291191.1	THAPSDRAFT_23246	no	0	none
XP_002291192.1	THAPSDRAFT_6441	no	0	none
XP_002291193.1	THAPSDRAFT_6442	no	0	none
XP_002291194.1	THAPSDRAFT_23247	yes	2	IPR003961,IPR006970
XP_002291195.1	THAPSDRAFT_6446	no	0	none
XP_002291196.1	THAPSDRAFT_34996	yes	1	IPR004918
XP_002291197.1	THAPSDRAFT_6451	no	0	none
XP_002291198.1	THAPSDRAFT_6452	no	0	none
XP_002291199.1	THAPSDRAFT_34851	yes	1	IPR002504
XP_002291200.1	THAPSDRAFT_6456	no	0	none
XP_002291201.1	THAPSDRAFT_6459	yes	1	IPR007259
XP_002291202.1	THAPSDRAFT_35129	yes	3	IPR000330,IPR001650,IPR006935
XP_002291203.1	THAPSDRAFT_23253	no	0	none
XP_002291204.1	THAPSDRAFT_34738	no	0	none
XP_002291205.1	THAPSDRAFT_269169	yes	1	IPR000409
XP_002291206.1	THAPSDRAFT_35116	yes	1	IPR009846
XP_002291207.1	THAPSDRAFT_6468	no	0	none
XP_002291208.1	THAPSDRAFT_263000	yes	1	IPR000504
XP_002291209.1	THAPSDRAFT_6473	no	0	none
XP_002291210.1	THAPSDRAFT_23263	no	0	none
XP_002291211.1	THAPSDRAFT_6478	no	0	none
XP_002291212.1	THAPSDRAFT_6480	yes	1	IPR005123
XP_002291213.1	THAPSDRAFT_263002	no	0	none
XP_002291214.1	THAPSDRAFT_6483	yes	1	IPR008775
XP_002291215.1	THAPSDRAFT_15977	yes	2	IPR000756,IPR001206
XP_002291216.1	THAPSDRAFT_23270	no	0	none
XP_002291217.1	THAPSDRAFT_6491	no	0	none
XP_002291218.1	THAPSDRAFT_23273	no	0	none
XP_002291219.1	THAPSDRAFT_23275	yes	1	IPR000304
XP_002291220.1	THAPSDRAFT_23277	yes	1	IPR005135
XP_002291221.1	THAPSDRAFT_13909	no	0	none
XP_002291222.1	THAPSDRAFT_263010	no	0	none
XP_002291223.1	THAPSDRAFT_23279	no	0	none
XP_002291224.1	THAPSDRAFT_6505	no	0	none
XP_002291225.1	THAPSDRAFT_270210	no	0	none
XP_002291226.1	THAPSDRAFT_23284	no	0	none
XP_002291227.1	THAPSDRAFT_23285	yes	1	IPR001440
XP_002291228.1	THAPSDRAFT_14384	yes	1	IPR002130
XP_002291229.1	THAPSDRAFT_6517	yes	1	IPR006571
XP_002291230.1	THAPSDRAFT_6519	yes	1	IPR001611
XP_002291231.1	THAPSDRAFT_6522	yes	1	IPR001163
XP_002291232.1	THAPSDRAFT_41211	yes	1	IPR001705
XP_002291233.1	THAPSDRAFT_23292	yes	1	IPR005804
XP_002291234.1	THAPSDRAFT_41216	yes	1	IPR001308
XP_002291235.1	THAPSDRAFT_6529	no	0	none
XP_002291236.1	THAPSDRAFT_23295	no	0	none
XP_002291237.1	THAPSDRAFT_6532	no	0	none
XP_002291238.1	THAPSDRAFT_6533	yes	1	IPR009600
XP_002291239.1	THAPSDRAFT_6536	no	0	none
XP_002291240.1	THAPSDRAFT_6539	no	0	none
XP_002291241.1	THAPSDRAFT_6541	no	0	none
XP_002291242.1	THAPSDRAFT_28816	yes	5	IPR000722,IPR007066,IPR007080,IPR007081,IPR007083
XP_002291243.1	THAPSDRAFT_269183	no	0	none
XP_002291244.1	THAPSDRAFT_23304	no	0	none
XP_002291245.1	THAPSDRAFT_35133	yes	1	IPR004693
XP_002291246.1	THAPSDRAFT_23306	no	0	none
XP_002291247.1	THAPSDRAFT_35207	no	0	none
XP_002291248.1	THAPSDRAFT_19465	no	0	none
XP_002291249.1	THAPSDRAFT_23308	no	0	none
XP_002291250.1	THAPSDRAFT_6562	no	0	none
XP_002291251.1	THAPSDRAFT_6564	yes	1	IPR004307
XP_002291252.1	THAPSDRAFT_23310	no	0	none
XP_002291253.1	THAPSDRAFT_23311	yes	1	IPR007234
XP_002291254.1	THAPSDRAFT_6568	no	0	none
XP_002291255.1	THAPSDRAFT_23315	yes	1	IPR000408
XP_002291256.1	THAPSDRAFT_23316	yes	1	IPR002877
XP_002291257.1	THAPSDRAFT_6576	no	0	none
XP_002291258.1	THAPSDRAFT_34701	yes	1	IPR007242
XP_002291259.1	THAPSDRAFT_6580	no	0	none
XP_002291260.1	THAPSDRAFT_269188	yes	1	IPR001680
XP_002291261.1	THAPSDRAFT_6586	no	0	none
XP_002291262.1	THAPSDRAFT_34881	yes	2	IPR001357,IPR010613
XP_002291263.1	THAPSDRAFT_263033	yes	1	IPR001098
XP_002291264.1	THAPSDRAFT_6591	yes	1	IPR003961
XP_002291265.1	THAPSDRAFT_6592	no	0	none
XP_002291266.1	THAPSDRAFT_6594	no	0	none
XP_002291267.1	THAPSDRAFT_34729	yes	1	IPR002917
XP_002291268.1	THAPSDRAFT_263036	yes	1	IPR001345
XP_002291269.1	THAPSDRAFT_6600	yes	1	IPR001163
XP_002291270.1	THAPSDRAFT_28842	no	0	none
XP_002291271.1	THAPSDRAFT_6603	no	0	none
XP_002291272.1	THAPSDRAFT_6604	no	0	none
XP_002291273.1	THAPSDRAFT_6605	no	0	none
XP_002291274.1	THAPSDRAFT_6607	yes	1	IPR001537
XP_002291275.1	THAPSDRAFT_23327	no	0	none
XP_002291276.1	THAPSDRAFT_6612	no	0	none
XP_002291277.1	THAPSDRAFT_6615	no	0	none
XP_002291278.1	THAPSDRAFT_6616	no	0	none
XP_002291279.1	THAPSDRAFT_6617	no	0	none
XP_002291280.1	THAPSDRAFT_34785	yes	2	IPR000352,IPR005139
XP_002291281.1	THAPSDRAFT_5848	no	0	none
XP_002291282.1	THAPSDRAFT_5851	yes	2	IPR006652,IPR011498
XP_002291283.1	THAPSDRAFT_5852	no	0	none
XP_002291284.1	THAPSDRAFT_35194	no	0	none
XP_002291285.1	THAPSDRAFT_5854	no	0	none
XP_002291286.1	THAPSDRAFT_5855	no	0	none
XP_002291287.1	THAPSDRAFT_5856	yes	1	IPR004837
XP_002291288.1	THAPSDRAFT_5857	yes	1	IPR002557
XP_002291289.1	THAPSDRAFT_5859	no	0	none
XP_002291290.1	THAPSDRAFT_34838	yes	1	IPR000608
XP_002291291.1	THAPSDRAFT_40871	yes	1	IPR007807
XP_002291292.1	THAPSDRAFT_5865	no	0	none
XP_002291293.1	THAPSDRAFT_5867	no	0	none
XP_002291294.1	THAPSDRAFT_5868	no	0	none
XP_002291295.1	THAPSDRAFT_5869	no	0	none
XP_002291296.1	THAPSDRAFT_5871	no	0	none
XP_002291297.1	THAPSDRAFT_22951	yes	1	IPR007867
XP_002291298.1	THAPSDRAFT_5875	no	0	none
XP_002291299.1	THAPSDRAFT_5878	no	0	none
XP_002291300.1	THAPSDRAFT_22954	no	0	none
XP_002291301.1	THAPSDRAFT_5880	no	0	none
XP_002291302.1	THAPSDRAFT_5881	no	0	none
XP_002291303.1	THAPSDRAFT_34925	no	0	none
XP_002291304.1	THAPSDRAFT_34571	yes	1	IPR000330
XP_002291305.1	THAPSDRAFT_19623	yes	1	IPR007201
XP_002291306.1	THAPSDRAFT_22957	no	0	none
XP_002291307.1	THAPSDRAFT_22958	no	0	none
XP_002291308.1	THAPSDRAFT_22959	no	0	none
XP_002291309.1	THAPSDRAFT_5891	no	0	none
XP_002291310.1	THAPSDRAFT_22961	yes	1	IPR004136
XP_002291311.1	THAPSDRAFT_34620	yes	1	IPR001683
XP_002291312.1	THAPSDRAFT_5897	no	0	none
XP_002291313.1	THAPSDRAFT_5899	no	0	none
XP_002291314.1	THAPSDRAFT_5902	no	0	none
XP_002291315.1	THAPSDRAFT_5904	yes	1	IPR006153
XP_002291316.1	THAPSDRAFT_268986	yes	1	IPR002773
XP_002291317.1	THAPSDRAFT_5907	no	0	none
XP_002291318.1	THAPSDRAFT_5909	yes	1	IPR000232
XP_002291319.1	THAPSDRAFT_22969	no	0	none
XP_002291320.1	THAPSDRAFT_5913	yes	1	IPR004827
XP_002291321.1	THAPSDRAFT_5915	no	0	none
XP_002291322.1	THAPSDRAFT_17145	no	0	none
XP_002291323.1	THAPSDRAFT_22971	no	0	none
XP_002291324.1	THAPSDRAFT_5921	no	0	none
XP_002291325.1	THAPSDRAFT_268988	yes	2	IPR005101,IPR006050
XP_002291326.1	THAPSDRAFT_5926	no	0	none
XP_002291327.1	THAPSDRAFT_262697	no	0	none
XP_002291328.1	THAPSDRAFT_262698	yes	1	IPR007216
XP_002291329.1	THAPSDRAFT_262699	yes	1	IPR000594
XP_002291330.1	THAPSDRAFT_34632	no	0	none
XP_002291331.1	THAPSDRAFT_22976	yes	2	IPR001199,IPR005804
XP_002291332.1	THAPSDRAFT_262707	no	0	none
XP_002291333.1	THAPSDRAFT_262708	yes	1	IPR001440
XP_002291334.1	THAPSDRAFT_5942	yes	1	IPR000707
XP_002291335.1	THAPSDRAFT_5945	yes	1	IPR004147
XP_002291336.1	THAPSDRAFT_5947	yes	1	IPR000727
XP_002291337.1	THAPSDRAFT_34975	yes	1	IPR001208
XP_002291338.1	THAPSDRAFT_262719	yes	1	IPR001054
XP_002291339.1	THAPSDRAFT_262720	yes	1	IPR000014
XP_002291340.1	THAPSDRAFT_262721	yes	1	IPR000014
XP_002291341.1	THAPSDRAFT_262722	yes	2	IPR001650,IPR011545
XP_002291342.1	THAPSDRAFT_5954	yes	1	IPR000043
XP_002291343.1	THAPSDRAFT_34591	yes	1	IPR005037
XP_002291344.1	THAPSDRAFT_5958	no	0	none
XP_002291345.1	THAPSDRAFT_22984	yes	1	IPR007123
XP_002291346.1	THAPSDRAFT_5961	no	0	none
XP_002291347.1	THAPSDRAFT_22985	yes	1	IPR001680
XP_002291348.1	THAPSDRAFT_269004	yes	1	IPR000836
XP_002291349.1	THAPSDRAFT_5967	no	0	none
XP_002291350.1	THAPSDRAFT_5971	no	0	none
XP_002291351.1	THAPSDRAFT_508	yes	2	IPR002478,IPR002501
XP_002291352.1	THAPSDRAFT_22994	yes	1	IPR010721
XP_002291353.1	THAPSDRAFT_262743	yes	1	IPR007603
XP_002291354.1	THAPSDRAFT_262744	no	0	none
XP_002291355.1	THAPSDRAFT_22998	no	0	none
XP_002291356.1	THAPSDRAFT_23001	no	0	none
XP_002291357.1	THAPSDRAFT_262750	no	0	none
XP_002291358.1	THAPSDRAFT_35091	no	0	none
XP_002291359.1	THAPSDRAFT_262753	yes	1	IPR002016
XP_002291360.1	THAPSDRAFT_5992	no	0	none
XP_002291361.1	THAPSDRAFT_13740	no	0	none
XP_002291362.1	THAPSDRAFT_35182	yes	1	IPR001214
XP_002291363.1	THAPSDRAFT_40925	yes	7	IPR007120,IPR007641,IPR007642,IPR007644,IPR007645,IPR007646,IPR007647
XP_002291364.1	THAPSDRAFT_262762	yes	1	IPR002088
XP_002291365.1	THAPSDRAFT_262764	no	0	none
XP_002291366.1	THAPSDRAFT_6004	no	0	none
XP_002291367.1	THAPSDRAFT_23013	no	0	none
XP_002291368.1	THAPSDRAFT_262767	yes	1	IPR001611
XP_002291369.1	THAPSDRAFT_28521	yes	1	IPR002930
XP_002291370.1	THAPSDRAFT_6010	no	0	none
XP_002291371.1	THAPSDRAFT_6012	yes	1	IPR000637
XP_002291372.1	THAPSDRAFT_28523	yes	1	IPR006762
XP_002291373.1	THAPSDRAFT_12971	no	0	none
XP_002291374.1	THAPSDRAFT_262775	no	0	none
XP_002291375.1	THAPSDRAFT_511	yes	1	IPR004396
XP_002291376.1	THAPSDRAFT_23024	no	0	none
XP_002291377.1	THAPSDRAFT_23025	yes	1	IPR002143
XP_002291378.1	THAPSDRAFT_23028	yes	1	IPR001752
XP_002291379.1	THAPSDRAFT_270253	no	0	none
XP_002291380.1	THAPSDRAFT_23029	no	0	none
XP_002291381.1	THAPSDRAFT_6032	yes	1	IPR003613
XP_002291382.1	THAPSDRAFT_23033	no	0	none
XP_002291383.1	THAPSDRAFT_17242	yes	1	IPR001107
XP_002291384.1	THAPSDRAFT_262785	no	0	none
XP_002291385.1	THAPSDRAFT_34710	yes	2	IPR000330,IPR001650
XP_002291386.1	THAPSDRAFT_23036	no	0	none
XP_002291387.1	THAPSDRAFT_28544	yes	1	IPR000846
XP_002291388.1	THAPSDRAFT_15267	yes	1	IPR001395
XP_002291389.1	THAPSDRAFT_23039	no	0	none
XP_002291390.1	THAPSDRAFT_6047	yes	1	IPR006571
XP_002291391.1	THAPSDRAFT_40962	yes	1	IPR000555
XP_002291392.1	THAPSDRAFT_23043	no	0	none
XP_002291393.1	THAPSDRAFT_23044	no	0	none
XP_002291394.1	THAPSDRAFT_34994	yes	1	IPR004127
XP_002291395.1	THAPSDRAFT_34992	no	0	none
XP_002291396.1	THAPSDRAFT_23047	no	0	none
XP_002291397.1	THAPSDRAFT_23050	no	0	none
XP_002291398.1	THAPSDRAFT_6062	no	0	none
XP_002291399.1	THAPSDRAFT_23052	yes	2	IPR000938,IPR001611
XP_002291400.1	THAPSDRAFT_6066	no	0	none
XP_002291401.1	THAPSDRAFT_13653	yes	1	IPR002423
XP_002291402.1	THAPSDRAFT_23058	no	0	none
XP_002291403.1	THAPSDRAFT_28570	yes	1	IPR004038
XP_002291404.1	THAPSDRAFT_23061	no	0	none
XP_002291405.1	THAPSDRAFT_35107	yes	1	IPR000608
XP_002291406.1	THAPSDRAFT_6087	no	0	none
XP_002291407.1	THAPSDRAFT_23066	no	0	none
XP_002291408.1	THAPSDRAFT_269057	yes	1	IPR001576
XP_002291409.1	THAPSDRAFT_34746	no	0	none
XP_002291410.1	THAPSDRAFT_262807	yes	1	IPR003140
XP_002291411.1	THAPSDRAFT_6095	no	0	none
XP_002291412.1	THAPSDRAFT_262809	yes	1	IPR002016
XP_002291413.1	THAPSDRAFT_23071	no	0	none
XP_002291414.1	THAPSDRAFT_516	yes	1	IPR003959
XP_002291415.1	THAPSDRAFT_6104	no	0	none
XP_002291416.1	THAPSDRAFT_34672	yes	1	IPR001163
XP_002291417.1	THAPSDRAFT_6112	yes	1	IPR006571
XP_002291418.1	THAPSDRAFT_6114	no	0	none
XP_002291419.1	THAPSDRAFT_17935	yes	1	IPR002562
XP_002291420.1	THAPSDRAFT_28592	yes	1	IPR006204
XP_002291421.1	THAPSDRAFT_34973	yes	1	IPR001375
XP_002291422.1	THAPSDRAFT_262819	yes	1	IPR001440
XP_002291423.1	THAPSDRAFT_6121	no	0	none
XP_002291424.1	THAPSDRAFT_6123	yes	1	IPR002110
XP_002291425.1	THAPSDRAFT_23082	no	0	none
XP_002291426.1	THAPSDRAFT_6127	no	0	none
XP_002291427.1	THAPSDRAFT_6130	no	0	none
XP_002291428.1	THAPSDRAFT_6132	no	0	none
XP_002291429.1	THAPSDRAFT_23085	no	0	none
XP_002291430.1	THAPSDRAFT_34968	yes	1	IPR001382
XP_002291431.1	THAPSDRAFT_23086	no	0	none
XP_002291432.1	THAPSDRAFT_6139	yes	1	IPR001344
XP_002291433.1	THAPSDRAFT_262826	no	0	none
XP_002291434.1	THAPSDRAFT_6143	yes	1	IPR006562
XP_002291435.1	THAPSDRAFT_269064	no	0	none
XP_002291436.1	THAPSDRAFT_41005	yes	2	IPR005475,IPR005476
XP_002291437.1	THAPSDRAFT_16169	yes	1	IPR001017
XP_002291438.1	THAPSDRAFT_18109	yes	1	IPR001727
XP_002291439.1	THAPSDRAFT_6150	no	0	none
XP_002291440.1	THAPSDRAFT_23094	yes	2	IPR001965,IPR003822
XP_002291441.1	THAPSDRAFT_34595	yes	2	IPR006131,IPR006132
XP_002291442.1	THAPSDRAFT_6164	no	0	none
XP_002291443.1	THAPSDRAFT_6167	no	0	none
XP_002291444.1	THAPSDRAFT_6170	no	0	none
XP_002291445.1	THAPSDRAFT_41025	yes	1	IPR000286
XP_002291446.1	THAPSDRAFT_6174	no	0	none
XP_002291447.1	THAPSDRAFT_6176	no	0	none
XP_002291448.1	THAPSDRAFT_23108	no	0	none
XP_002291449.1	THAPSDRAFT_6178	yes	2	IPR001607,IPR001841
XP_002291450.1	THAPSDRAFT_23111	yes	2	IPR001431,IPR007863
XP_002291451.1	THAPSDRAFT_35197	yes	1	IPR000644
XP_002291452.1	THAPSDRAFT_262854	yes	1	IPR000644
XP_002291453.1	THAPSDRAFT_35059	yes	1	IPR001609
XP_002291454.1	THAPSDRAFT_35025	yes	1	IPR009637
XP_002291455.1	THAPSDRAFT_6186	no	0	none
XP_002291456.1	THAPSDRAFT_262856	yes	1	IPR001254
XP_002291457.1	THAPSDRAFT_262858	yes	1	IPR006849
XP_002291458.1	THAPSDRAFT_262860	yes	1	IPR008551
XP_002291459.1	THAPSDRAFT_6192	yes	1	IPR000225
XP_002291460.1	THAPSDRAFT_262862	yes	1	IPR002676
XP_002291461.1	THAPSDRAFT_262863	yes	1	IPR001683
XP_002291462.1	THAPSDRAFT_35108	yes	1	IPR003959
XP_002291463.1	THAPSDRAFT_6198	no	0	none
XP_002291464.1	THAPSDRAFT_6200	no	0	none
XP_002291465.1	THAPSDRAFT_34698	yes	1	IPR002876
XP_002291466.1	THAPSDRAFT_6203	no	0	none
XP_002291467.1	THAPSDRAFT_23120	yes	1	IPR001849
XP_002291468.1	THAPSDRAFT_28635	yes	1	IPR008254
XP_002291469.1	THAPSDRAFT_34596	yes	2	IPR001680,IPR007148
XP_002291470.1	THAPSDRAFT_269091	no	0	none
XP_002291471.1	THAPSDRAFT_23126	no	0	none
XP_002291472.1	THAPSDRAFT_6217	no	0	none
XP_002291473.1	THAPSDRAFT_269095	no	0	none
XP_002291474.1	THAPSDRAFT_23129	no	0	none
XP_002291475.1	THAPSDRAFT_6223	no	0	none
XP_002291476.1	THAPSDRAFT_6224	no	0	none
XP_002291477.1	THAPSDRAFT_262880	yes	1	IPR000399
XP_002291478.1	THAPSDRAFT_269097	yes	1	IPR003228
XP_002291479.1	THAPSDRAFT_34635	no	0	none
XP_002291480.1	THAPSDRAFT_20008	yes	1	IPR000892
XP_002291481.1	THAPSDRAFT_6231	no	0	none
XP_002291482.1	THAPSDRAFT_6232	no	0	none
XP_002291483.1	THAPSDRAFT_6233	no	0	none
XP_002291484.1	THAPSDRAFT_34739	yes	1	IPR008698
XP_002291485.1	THAPSDRAFT_34824	yes	3	IPR000642,IPR003959,IPR011546
XP_002291486.1	THAPSDRAFT_6238	no	0	none
XP_002291487.1	THAPSDRAFT_269100	yes	1	IPR000719
XP_002291488.1	THAPSDRAFT_6240	no	0	none
XP_002291489.1	THAPSDRAFT_23137	no	0	none
XP_002291490.1	THAPSDRAFT_34661	yes	2	IPR001650,IPR011545
XP_002291491.1	THAPSDRAFT_34850	yes	3	IPR003111,IPR003959,IPR008269
XP_002291492.1	THAPSDRAFT_6248	no	0	none
XP_002291493.1	THAPSDRAFT_6250	no	0	none
XP_002291494.1	THAPSDRAFT_6253	no	0	none
XP_002291495.1	THAPSDRAFT_34730	yes	1	IPR002198
XP_002291496.1	THAPSDRAFT_6258	yes	1	IPR000086
XP_002291497.1	THAPSDRAFT_23148	yes	1	IPR001012
XP_002291498.1	THAPSDRAFT_269110	no	0	none
XP_002291499.1	THAPSDRAFT_6264	no	0	none
XP_002291500.1	THAPSDRAFT_23150	yes	1	IPR000873
XP_002291501.1	THAPSDRAFT_23152	yes	1	IPR006671
XP_002291502.1	THAPSDRAFT_269113	yes	1	IPR001567
XP_002291503.1	THAPSDRAFT_6273	no	0	none
XP_002291504.1	THAPSDRAFT_35031	yes	1	IPR006863
XP_002291505.1	THAPSDRAFT_23159	no	0	none
XP_002291506.1	THAPSDRAFT_270288	yes	1	IPR000771
XP_002291507.1	THAPSDRAFT_262908	yes	2	IPR001650,IPR011545
XP_002291508.1	THAPSDRAFT_269120	yes	1	IPR001023
XP_002291509.1	THAPSDRAFT_6286	no	0	none
XP_002291510.1	THAPSDRAFT_262914	no	0	none
XP_002291511.1	THAPSDRAFT_6291	yes	2	IPR003829,IPR008778
XP_002291512.1	THAPSDRAFT_269121	yes	1	IPR005599
XP_002291513.1	THAPSDRAFT_26293	yes	1	IPR001465
XP_002291514.1	THAPSDRAFT_6299	yes	1	IPR001926
XP_002291515.1	THAPSDRAFT_34647	no	0	none
XP_002291516.1	THAPSDRAFT_262923	no	0	none
XP_002291517.1	THAPSDRAFT_270334	no	0	none
XP_002291518.1	THAPSDRAFT_269127	yes	3	IPR006090,IPR006091,IPR006092
XP_002291519.1	THAPSDRAFT_23175	yes	1	IPR000399
XP_002291520.1	THAPSDRAFT_15992	yes	1	IPR007197
XP_002291521.1	THAPSDRAFT_6316	no	0	none
XP_002291522.1	THAPSDRAFT_41106	yes	1	IPR003107
XP_002291523.1	THAPSDRAFT_34742	yes	1	IPR002130
XP_002291524.1	THAPSDRAFT_23184	yes	1	IPR000683
XP_002291525.1	THAPSDRAFT_6323	no	0	none
XP_002291526.1	THAPSDRAFT_23188	yes	1	IPR000232
XP_002291527.1	THAPSDRAFT_269141	yes	1	IPR001440
XP_002291528.1	THAPSDRAFT_6332	no	0	none
XP_002291529.1	THAPSDRAFT_41113	yes	2	IPR001199,IPR005804
XP_002291530.1	THAPSDRAFT_28710	yes	1	IPR003613
XP_002291531.1	THAPSDRAFT_262949	no	0	none
XP_002291532.1	THAPSDRAFT_6343	no	0	none
XP_002291533.1	THAPSDRAFT_23199	yes	1	IPR001680
XP_002291534.1	THAPSDRAFT_23201	yes	1	IPR004342
XP_002291535.1	THAPSDRAFT_23202	yes	1	IPR006145
XP_002291536.1	THAPSDRAFT_34594	yes	1	IPR005122
XP_002291537.1	THAPSDRAFT_23205	no	0	none
XP_002291538.1	THAPSDRAFT_13482	no	0	none
XP_002291539.1	THAPSDRAFT_23207	no	0	none
XP_002291540.1	THAPSDRAFT_6359	no	0	none
XP_002291541.1	THAPSDRAFT_6361	yes	1	IPR001327
XP_002291542.1	THAPSDRAFT_6363	yes	2	IPR001014,IPR005633
XP_002291543.1	THAPSDRAFT_23209	no	0	none
XP_002291544.1	THAPSDRAFT_23210	no	0	none
XP_002291545.1	THAPSDRAFT_262956	no	0	none
XP_002291546.1	THAPSDRAFT_35180	yes	1	IPR007248
XP_002291547.1	THAPSDRAFT_13806	yes	1	IPR000924
XP_002291548.1	THAPSDRAFT_23212	yes	1	IPR001214
XP_002291549.1	THAPSDRAFT_270370	no	0	none
XP_002291550.1	THAPSDRAFT_6372	yes	1	IPR002557
XP_002291551.1	THAPSDRAFT_6373	no	0	none
XP_002291552.1	THAPSDRAFT_15916	yes	1	IPR000719
XP_002291553.1	THAPSDRAFT_6375	no	0	none
XP_002291554.1	THAPSDRAFT_34629	yes	1	IPR004579
XP_002291555.1	THAPSDRAFT_6379	no	0	none
XP_002291556.1	THAPSDRAFT_262960	yes	1	IPR006153
XP_002291557.1	THAPSDRAFT_34809	yes	1	IPR002155
XP_002291558.1	THAPSDRAFT_34864	yes	1	IPR001179
XP_002291559.1	THAPSDRAFT_23215	yes	2	IPR001623,IPR003613
XP_002291560.1	THAPSDRAFT_262963	yes	1	IPR003733
XP_002291561.1	THAPSDRAFT_262964	no	0	none
XP_002291562.1	THAPSDRAFT_23218	yes	1	IPR006768
XP_002291563.1	THAPSDRAFT_35049	yes	2	IPR000594,IPR007901
XP_002291564.1	THAPSDRAFT_18434	no	0	none
XP_002291565.1	THAPSDRAFT_6398	no	0	none
XP_002291566.1	THAPSDRAFT_6400	no	0	none
XP_002291567.1	THAPSDRAFT_23224	no	0	none
XP_002291568.1	THAPSDRAFT_6404	no	0	none
XP_002291569.1	THAPSDRAFT_34771	yes	2	IPR002376,IPR005793
XP_002291570.1	THAPSDRAFT_6408	no	0	none
XP_002291571.1	THAPSDRAFT_23228	yes	1	IPR000506
XP_002291572.1	THAPSDRAFT_547	yes	3	IPR000089,IPR001078,IPR004167
XP_002291573.1	THAPSDRAFT_6413	yes	1	IPR000089
XP_002291574.1	THAPSDRAFT_262975	no	0	none
XP_002291575.1	THAPSDRAFT_6418	yes	1	IPR005269
XP_002291576.1	THAPSDRAFT_262976	yes	1	IPR002073
XP_002291577.1	THAPSDRAFT_270386	no	0	none
XP_002291578.1	THAPSDRAFT_23232	no	0	none
XP_002291579.1	THAPSDRAFT_6424	yes	1	IPR001478
XP_002291580.1	THAPSDRAFT_6426	no	0	none
XP_002291581.1	THAPSDRAFT_269158	yes	1	IPR005828
XP_002291582.1	THAPSDRAFT_269159	yes	1	IPR001173
XP_002291583.1	THAPSDRAFT_269160	yes	1	IPR001327
XP_002291584.1	THAPSDRAFT_23240	no	0	none
XP_002291585.1	THAPSDRAFT_28755	yes	1	IPR001047
XP_002291586.1	THAPSDRAFT_23243	no	0	none
XP_002291587.1	THAPSDRAFT_23245	no	0	none
XP_002291588.1	THAPSDRAFT_41166	yes	1	IPR006083
XP_002291589.1	THAPSDRAFT_41169	yes	2	IPR001431,IPR007863
XP_002291590.1	THAPSDRAFT_6445	no	0	none
XP_002291591.1	THAPSDRAFT_6447	yes	1	IPR009730
XP_002291592.1	THAPSDRAFT_23249	yes	1	IPR006885
XP_002291593.1	THAPSDRAFT_34782	yes	3	IPR001650,IPR007502,IPR011545
XP_002291594.1	THAPSDRAFT_28769	yes	1	IPR002208
XP_002291595.1	THAPSDRAFT_6457	yes	1	IPR002550
XP_002291596.1	THAPSDRAFT_6458	yes	1	IPR006811
XP_002291597.1	THAPSDRAFT_6461	yes	1	IPR007785
XP_002291598.1	THAPSDRAFT_23254	no	0	none
XP_002291599.1	THAPSDRAFT_41178	yes	1	IPR001348
XP_002291600.1	THAPSDRAFT_23258	no	0	none
XP_002291601.1	THAPSDRAFT_23259	yes	2	IPR000863,IPR001487
XP_002291602.1	THAPSDRAFT_23261	yes	1	IPR001138
XP_002291603.1	THAPSDRAFT_6472	no	0	none
XP_002291604.1	THAPSDRAFT_23262	yes	1	IPR003864
XP_002291605.1	THAPSDRAFT_6476	no	0	none
XP_002291606.1	THAPSDRAFT_23264	no	0	none
XP_002291607.1	THAPSDRAFT_15142	yes	1	IPR000537
XP_002291608.1	THAPSDRAFT_6481	no	0	none
XP_002291609.1	THAPSDRAFT_34810	yes	1	IPR001580
XP_002291610.1	THAPSDRAFT_6486	yes	1	IPR005123
XP_002291611.1	THAPSDRAFT_23269	no	0	none
XP_002291612.1	THAPSDRAFT_6489	no	0	none
XP_002291613.1	THAPSDRAFT_23271	no	0	none
XP_002291614.1	THAPSDRAFT_23272	no	0	none
XP_002291615.1	THAPSDRAFT_23274	no	0	none
XP_002291616.1	THAPSDRAFT_34959	yes	1	IPR001269
XP_002291617.1	THAPSDRAFT_263006	yes	1	IPR005123
XP_002291618.1	THAPSDRAFT_263007	yes	1	IPR003582
XP_002291619.1	THAPSDRAFT_23278	yes	1	IPR000740
XP_002291620.1	THAPSDRAFT_263012	yes	1	IPR002048
XP_002291621.1	THAPSDRAFT_6504	yes	1	IPR000462
XP_002291622.1	THAPSDRAFT_28795	yes	1	IPR001611
XP_002291623.1	THAPSDRAFT_23283	no	0	none
XP_002291624.1	THAPSDRAFT_6511	yes	1	IPR003961
XP_002291625.1	THAPSDRAFT_263019	no	0	none
XP_002291626.1	THAPSDRAFT_34878	no	0	none
XP_002291627.1	THAPSDRAFT_35206	yes	1	IPR001611
XP_002291628.1	THAPSDRAFT_23288	yes	1	IPR000449
XP_002291629.1	THAPSDRAFT_19126	yes	1	IPR000571
XP_002291630.1	THAPSDRAFT_23290	no	0	none
XP_002291631.1	THAPSDRAFT_6523	no	0	none
XP_002291632.1	THAPSDRAFT_23291	yes	1	IPR002937
XP_002291633.1	THAPSDRAFT_34592	yes	1	IPR001433
XP_002291634.1	THAPSDRAFT_6528	no	0	none
XP_002291635.1	THAPSDRAFT_6531	no	0	none
XP_002291636.1	THAPSDRAFT_34702	yes	1	IPR007233
XP_002291637.1	THAPSDRAFT_6534	yes	1	IPR007599
XP_002291638.1	THAPSDRAFT_6535	yes	1	IPR001214
XP_002291639.1	THAPSDRAFT_6537	no	0	none
XP_002291640.1	THAPSDRAFT_23296	no	0	none
XP_002291641.1	THAPSDRAFT_6542	no	0	none
XP_002291642.1	THAPSDRAFT_23300	no	0	none
XP_002291643.1	THAPSDRAFT_23301	no	0	none
XP_002291644.1	THAPSDRAFT_6547	yes	1	IPR000253
XP_002291645.1	THAPSDRAFT_23303	no	0	none
XP_002291646.1	THAPSDRAFT_6551	no	0	none
XP_002291647.1	THAPSDRAFT_6552	no	0	none
XP_002291648.1	THAPSDRAFT_6555	no	0	none
XP_002291649.1	THAPSDRAFT_6558	yes	2	IPR001841,IPR003892
XP_002291650.1	THAPSDRAFT_6560	no	0	none
XP_002291651.1	THAPSDRAFT_23309	no	0	none
XP_002291652.1	THAPSDRAFT_13149	yes	1	IPR001680
XP_002291653.1	THAPSDRAFT_6567	no	0	none
XP_002291654.1	THAPSDRAFT_23313	no	0	none
XP_002291655.1	THAPSDRAFT_23314	yes	2	IPR000772,IPR002889
XP_002291656.1	THAPSDRAFT_6571	no	0	none
XP_002291657.1	THAPSDRAFT_6572	no	0	none
XP_002291658.1	THAPSDRAFT_28825	yes	2	IPR001199,IPR004835
XP_002291659.1	THAPSDRAFT_263031	yes	2	IPR000449,IPR000626
XP_002291660.1	THAPSDRAFT_35084	yes	1	IPR001040
XP_002291661.1	THAPSDRAFT_6581	no	0	none
XP_002291662.1	THAPSDRAFT_6582	no	0	none
XP_002291663.1	THAPSDRAFT_6584	yes	1	IPR002483
XP_002291664.1	THAPSDRAFT_6585	yes	1	IPR002083
XP_002291665.1	THAPSDRAFT_6589	no	0	none
XP_002291666.1	THAPSDRAFT_263034	no	0	none
XP_002291667.1	THAPSDRAFT_263035	yes	1	IPR001345
XP_002291668.1	THAPSDRAFT_6595	no	0	none
XP_002291669.1	THAPSDRAFT_6597	no	0	none
XP_002291670.1	THAPSDRAFT_41246	yes	3	IPR002792,IPR005839,IPR007197
XP_002291671.1	THAPSDRAFT_34900	yes	1	IPR005708
XP_002291672.1	THAPSDRAFT_6606	yes	1	IPR006169
XP_002291673.1	THAPSDRAFT_6608	no	0	none
XP_002291674.1	THAPSDRAFT_6610	yes	1	IPR002423
XP_002291675.1	THAPSDRAFT_17593	yes	1	IPR000209
XP_002291676.1	THAPSDRAFT_6614	no	0	none
XP_002291677.1	THAPSDRAFT_7341	no	0	none
XP_002291678.1	THAPSDRAFT_35968	no	0	none
XP_002291679.1	THAPSDRAFT_7343	yes	1	IPR000232
XP_002291680.1	THAPSDRAFT_263327	no	0	none
XP_002291681.1	THAPSDRAFT_23649	no	0	none
XP_002291682.1	THAPSDRAFT_23650	yes	2	IPR002625,IPR002885
XP_002291683.1	THAPSDRAFT_7349	no	0	none
XP_002291684.1	THAPSDRAFT_7351	no	0	none
XP_002291685.1	THAPSDRAFT_23653	yes	1	IPR006671
XP_002291686.1	THAPSDRAFT_7356	no	0	none
XP_002291687.1	THAPSDRAFT_23656	no	0	none
XP_002291688.1	THAPSDRAFT_7359	yes	1	IPR001471
XP_002291689.1	THAPSDRAFT_23658	no	0	none
XP_002291690.1	THAPSDRAFT_7363	no	0	none
XP_002291691.1	THAPSDRAFT_7365	no	0	none
XP_002291692.1	THAPSDRAFT_7366	no	0	none
XP_002291693.1	THAPSDRAFT_7367	no	0	none
XP_002291694.1	THAPSDRAFT_269322	yes	3	IPR000194,IPR000793,IPR004100
XP_002291695.1	THAPSDRAFT_263332	yes	1	IPR002110
XP_002291696.1	THAPSDRAFT_7372	yes	1	IPR001254
XP_002291697.1	THAPSDRAFT_7375	no	0	none
XP_002291698.1	THAPSDRAFT_29075	yes	1	IPR000362
XP_002291699.1	THAPSDRAFT_269325	yes	1	IPR000232
XP_002291700.1	THAPSDRAFT_23665	yes	1	IPR000232
XP_002291701.1	THAPSDRAFT_7394	no	0	none
XP_002291702.1	THAPSDRAFT_7395	no	0	none
XP_002291703.1	THAPSDRAFT_23667	no	0	none
XP_002291704.1	THAPSDRAFT_23668	no	0	none
XP_002291705.1	THAPSDRAFT_18090	no	0	none
XP_002291706.1	THAPSDRAFT_23669	no	0	none
XP_002291707.1	THAPSDRAFT_7401	no	0	none
XP_002291708.1	THAPSDRAFT_269327	yes	1	IPR007627
XP_002291709.1	THAPSDRAFT_23672	no	0	none
XP_002291710.1	THAPSDRAFT_14727	yes	3	IPR005479,IPR005481,IPR005482
XP_002291711.1	THAPSDRAFT_269328	yes	1	IPR000022
XP_002291712.1	THAPSDRAFT_23677	no	0	none
XP_002291713.1	THAPSDRAFT_7417	no	0	none
XP_002291714.1	THAPSDRAFT_7419	no	0	none
XP_002291715.1	THAPSDRAFT_7420	no	0	none
XP_002291716.1	THAPSDRAFT_263347	no	0	none
XP_002291717.1	THAPSDRAFT_7423	no	0	none
XP_002291718.1	THAPSDRAFT_23682	no	0	none
XP_002291719.1	THAPSDRAFT_7426	no	0	none
XP_002291720.1	THAPSDRAFT_23686	yes	1	IPR001678
XP_002291721.1	THAPSDRAFT_23688	no	0	none
XP_002291722.1	THAPSDRAFT_263350	yes	1	IPR005576
XP_002291723.1	THAPSDRAFT_23691	yes	1	IPR006674
XP_002291724.1	THAPSDRAFT_18624	yes	1	IPR007248
XP_002291725.1	THAPSDRAFT_7440	no	0	none
XP_002291726.1	THAPSDRAFT_7442	no	0	none
XP_002291727.1	THAPSDRAFT_270286	no	0	none
XP_002291728.1	THAPSDRAFT_7448	no	0	none
XP_002291729.1	THAPSDRAFT_7450	yes	1	IPR001611
XP_002291730.1	THAPSDRAFT_269333	no	0	none
XP_002291731.1	THAPSDRAFT_7453	no	0	none
XP_002291732.1	THAPSDRAFT_23701	no	0	none
XP_002291733.1	THAPSDRAFT_23702	no	0	none
XP_002291734.1	THAPSDRAFT_23704	yes	1	IPR004294
XP_002291735.1	THAPSDRAFT_7460	no	0	none
XP_002291736.1	THAPSDRAFT_7462	no	0	none
XP_002291737.1	THAPSDRAFT_23705	no	0	none
XP_002291738.1	THAPSDRAFT_7466	no	0	none
XP_002291739.1	THAPSDRAFT_23707	yes	1	IPR007461
XP_002291740.1	THAPSDRAFT_7469	no	0	none
XP_002291741.1	THAPSDRAFT_269335	yes	1	IPR007577
XP_002291742.1	THAPSDRAFT_263360	yes	1	IPR000760
XP_002291743.1	THAPSDRAFT_7474	yes	1	IPR010400
XP_002291744.1	THAPSDRAFT_7475	no	0	none
XP_002291745.1	THAPSDRAFT_7479	yes	1	IPR002885
XP_002291746.1	THAPSDRAFT_7480	no	0	none
XP_002291747.1	THAPSDRAFT_263365	no	0	none
XP_002291748.1	THAPSDRAFT_263366	yes	1	IPR000719
XP_002291749.1	THAPSDRAFT_23714	no	0	none
XP_002291750.1	THAPSDRAFT_35798	yes	1	IPR003959
XP_002291751.1	THAPSDRAFT_7491	yes	1	IPR005114
XP_002291752.1	THAPSDRAFT_7493	no	0	none
XP_002291753.1	THAPSDRAFT_263371	yes	1	IPR008594
XP_002291754.1	THAPSDRAFT_23719	no	0	none
XP_002291755.1	THAPSDRAFT_23720	no	0	none
XP_002291756.1	THAPSDRAFT_35780	yes	1	IPR000597
XP_002291757.1	THAPSDRAFT_269341	yes	2	IPR007052,IPR007699
XP_002291758.1	THAPSDRAFT_23724	no	0	none
XP_002291759.1	THAPSDRAFT_23725	no	0	none
XP_002291760.1	THAPSDRAFT_7505	no	0	none
XP_002291761.1	THAPSDRAFT_263375	no	0	none
XP_002291762.1	THAPSDRAFT_7507	no	0	none
XP_002291763.1	THAPSDRAFT_23726	no	0	none
XP_002291764.1	THAPSDRAFT_7513	no	0	none
XP_002291765.1	THAPSDRAFT_23728	yes	1	IPR001680
XP_002291766.1	THAPSDRAFT_7519	no	0	none
XP_002291767.1	THAPSDRAFT_29117	yes	1	IPR002842
XP_002291768.1	THAPSDRAFT_23734	no	0	none
XP_002291769.1	THAPSDRAFT_7527	no	0	none
XP_002291770.1	THAPSDRAFT_23735	no	0	none
XP_002291771.1	THAPSDRAFT_7530	no	0	none
XP_002291772.1	THAPSDRAFT_23738	no	0	none
XP_002291773.1	THAPSDRAFT_7537	yes	1	IPR007632
XP_002291774.1	THAPSDRAFT_7540	yes	1	IPR001345
XP_002291775.1	THAPSDRAFT_7541	no	0	none
XP_002291776.1	THAPSDRAFT_269348	yes	1	IPR008162
XP_002291777.1	THAPSDRAFT_35855	no	0	none
XP_002291778.1	THAPSDRAFT_7546	yes	2	IPR001375,IPR004106
XP_002291779.1	THAPSDRAFT_29139	no	0	none
XP_002291780.1	THAPSDRAFT_7550	yes	1	IPR002125
XP_002291781.1	THAPSDRAFT_7551	yes	1	IPR001164
XP_002291782.1	THAPSDRAFT_7553	no	0	none
XP_002291783.1	THAPSDRAFT_7554	no	0	none
XP_002291784.1	THAPSDRAFT_23748	yes	1	IPR000357
XP_002291785.1	THAPSDRAFT_263385	yes	1	IPR002422
XP_002291786.1	THAPSDRAFT_35896	yes	1	IPR000649
XP_002291787.1	THAPSDRAFT_263386	yes	1	IPR000407
XP_002291788.1	THAPSDRAFT_29144	yes	2	IPR001342,IPR005106
XP_002291789.1	THAPSDRAFT_23753	no	0	none
XP_002291790.1	THAPSDRAFT_7567	no	0	none
XP_002291791.1	THAPSDRAFT_23755	yes	1	IPR001478
XP_002291792.1	THAPSDRAFT_41547	yes	1	IPR001993
XP_002291793.1	THAPSDRAFT_41548	yes	1	IPR001509
XP_002291794.1	THAPSDRAFT_263389	no	0	none
XP_002291795.1	THAPSDRAFT_20292	no	0	none
XP_002291796.1	THAPSDRAFT_7576	no	0	none
XP_002291797.1	THAPSDRAFT_35932	yes	1	IPR001164
XP_002291798.1	THAPSDRAFT_7586	yes	1	IPR007145
XP_002291799.1	THAPSDRAFT_36088	yes	1	IPR001993
XP_002291800.1	THAPSDRAFT_263397	yes	1	IPR001345
XP_002291801.1	THAPSDRAFT_7596	no	0	none
XP_002291802.1	THAPSDRAFT_7597	no	0	none
XP_002291803.1	THAPSDRAFT_7600	no	0	none
XP_002291804.1	THAPSDRAFT_7602	no	0	none
XP_002291805.1	THAPSDRAFT_7603	no	0	none
XP_002291806.1	THAPSDRAFT_41566	yes	1	IPR001451
XP_002291807.1	THAPSDRAFT_7607	no	0	none
XP_002291808.1	THAPSDRAFT_7608	no	0	none
XP_002291809.1	THAPSDRAFT_26002	yes	1	IPR002023
XP_002291810.1	THAPSDRAFT_7611	yes	1	IPR001878
XP_002291811.1	THAPSDRAFT_7613	no	0	none
XP_002291812.1	THAPSDRAFT_23776	yes	1	IPR000719
XP_002291813.1	THAPSDRAFT_23777	no	0	none
XP_002291814.1	THAPSDRAFT_23778	no	0	none
XP_002291815.1	THAPSDRAFT_23780	yes	1	IPR005821
XP_002291816.1	THAPSDRAFT_23782	no	0	none
XP_002291817.1	THAPSDRAFT_23784	no	0	none
XP_002291818.1	THAPSDRAFT_7628	yes	1	IPR001810
XP_002291819.1	THAPSDRAFT_7630	no	0	none
XP_002291820.1	THAPSDRAFT_7633	no	0	none
XP_002291821.1	THAPSDRAFT_29183	yes	1	IPR000891
XP_002291822.1	THAPSDRAFT_263409	yes	1	IPR005801
XP_002291823.1	THAPSDRAFT_19526	no	0	none
XP_002291824.1	THAPSDRAFT_7638	no	0	none
XP_002291825.1	THAPSDRAFT_41583	yes	1	IPR001680
XP_002291826.1	THAPSDRAFT_7641	no	0	none
XP_002291827.1	THAPSDRAFT_7642	no	0	none
XP_002291828.1	THAPSDRAFT_23792	yes	1	IPR002921
XP_002291829.1	THAPSDRAFT_35810	yes	1	IPR002198
XP_002291830.1	THAPSDRAFT_7647	yes	1	IPR001005
XP_002291831.1	THAPSDRAFT_7649	no	0	none
XP_002291832.1	THAPSDRAFT_23794	no	0	none
XP_002291833.1	THAPSDRAFT_23795	no	0	none
XP_002291834.1	THAPSDRAFT_23796	no	0	none
XP_002291835.1	THAPSDRAFT_7656	no	0	none
XP_002291836.1	THAPSDRAFT_23800	yes	1	IPR002110
XP_002291837.1	THAPSDRAFT_23801	yes	1	IPR000232
XP_002291838.1	THAPSDRAFT_23802	yes	1	IPR000232
XP_002291839.1	THAPSDRAFT_35984	no	0	none
XP_002291840.1	THAPSDRAFT_35808	yes	1	IPR006917
XP_002291841.1	THAPSDRAFT_7667	no	0	none
XP_002291842.1	THAPSDRAFT_7672	no	0	none
XP_002291843.1	THAPSDRAFT_35871	yes	1	IPR006140
XP_002291844.1	THAPSDRAFT_263425	yes	1	IPR001345
XP_002291845.1	THAPSDRAFT_7679	no	0	none
XP_002291846.1	THAPSDRAFT_263428	yes	1	IPR001680
XP_002291847.1	THAPSDRAFT_23811	yes	1	IPR003439
XP_002291848.1	THAPSDRAFT_263431	yes	2	IPR001431,IPR007863
XP_002291849.1	THAPSDRAFT_35816	yes	1	IPR000173
XP_002291850.1	THAPSDRAFT_7686	no	0	none
XP_002291851.1	THAPSDRAFT_7687	no	0	none
XP_002291852.1	THAPSDRAFT_23812	no	0	none
XP_002291853.1	THAPSDRAFT_23814	yes	2	IPR002350,IPR011497
XP_002291854.1	THAPSDRAFT_7692	no	0	none
XP_002291855.1	THAPSDRAFT_23816	no	0	none
XP_002291856.1	THAPSDRAFT_7695	yes	2	IPR000225,IPR001611
XP_002291857.1	THAPSDRAFT_23817	no	0	none
XP_002291858.1	THAPSDRAFT_7699	yes	1	IPR007272
XP_002291859.1	THAPSDRAFT_23819	no	0	none
XP_002291860.1	THAPSDRAFT_7702	no	0	none
XP_002291861.1	THAPSDRAFT_7704	yes	3	IPR001327,IPR001763,IPR004099
XP_002291862.1	THAPSDRAFT_7708	no	0	none
XP_002291863.1	THAPSDRAFT_7709	yes	1	IPR002110
XP_002291864.1	THAPSDRAFT_269376	yes	2	IPR001650,IPR011545
XP_002291865.1	THAPSDRAFT_23825	no	0	none
XP_002291866.1	THAPSDRAFT_36045	yes	1	IPR000608
XP_002291867.1	THAPSDRAFT_7716	yes	2	IPR000571,IPR001841
XP_002291868.1	THAPSDRAFT_35764	yes	1	IPR004113
XP_002291869.1	THAPSDRAFT_23828	no	0	none
XP_002291870.1	THAPSDRAFT_23829	no	0	none
XP_002291871.1	THAPSDRAFT_7723	no	0	none
XP_002291872.1	THAPSDRAFT_7727	no	0	none
XP_002291873.1	THAPSDRAFT_7729	no	0	none
XP_002291874.1	THAPSDRAFT_23835	no	0	none
XP_002291875.1	THAPSDRAFT_23836	no	0	none
XP_002291876.1	THAPSDRAFT_7734	no	0	none
XP_002291877.1	THAPSDRAFT_23841	no	0	none
XP_002291878.1	THAPSDRAFT_18503	yes	1	IPR006662
XP_002291879.1	THAPSDRAFT_7743	no	0	none
XP_002291880.1	THAPSDRAFT_17747	yes	1	IPR001196
XP_002291881.1	THAPSDRAFT_23847	yes	1	IPR002816
XP_002291882.1	THAPSDRAFT_7752	no	0	none
XP_002291883.1	THAPSDRAFT_23851	no	0	none
XP_002291884.1	THAPSDRAFT_263452	yes	1	IPR001254
XP_002291885.1	THAPSDRAFT_269386	yes	1	IPR001254
XP_002291886.1	THAPSDRAFT_23856	no	0	none
XP_002291887.1	THAPSDRAFT_7768	no	0	none
XP_002291888.1	THAPSDRAFT_41637	yes	1	IPR002641
XP_002291889.1	THAPSDRAFT_7771	yes	1	IPR001159
XP_002291890.1	THAPSDRAFT_23865	no	0	none
XP_002291891.1	THAPSDRAFT_35963	yes	1	IPR000868
XP_002291892.1	THAPSDRAFT_7775	yes	1	IPR005123
XP_002291893.1	THAPSDRAFT_263456	yes	1	IPR010342
XP_002291894.1	THAPSDRAFT_269387	yes	1	IPR003675
XP_002291895.1	THAPSDRAFT_29244	yes	1	IPR002130
XP_002291896.1	THAPSDRAFT_263459	no	0	none
XP_002291897.1	THAPSDRAFT_7786	no	0	none
XP_002291898.1	THAPSDRAFT_263461	yes	1	IPR004033
XP_002291899.1	THAPSDRAFT_7789	yes	1	IPR001087
XP_002291900.1	THAPSDRAFT_7790	no	0	none
XP_002291901.1	THAPSDRAFT_269391	no	0	none
XP_002291902.1	THAPSDRAFT_7794	no	0	none
XP_002291903.1	THAPSDRAFT_7796	yes	1	IPR002110
XP_002291904.1	THAPSDRAFT_7798	yes	1	IPR007734
XP_002291905.1	THAPSDRAFT_269392	yes	1	IPR002794
XP_002291906.1	THAPSDRAFT_7801	no	0	none
XP_002291907.1	THAPSDRAFT_23881	no	0	none
XP_002291908.1	THAPSDRAFT_7805	yes	1	IPR001395
XP_002291909.1	THAPSDRAFT_7806	no	0	none
XP_002291910.1	THAPSDRAFT_36015	yes	1	IPR007248
XP_002291911.1	THAPSDRAFT_269395	no	0	none
XP_002291912.1	THAPSDRAFT_23887	yes	1	IPR002885
XP_002291913.1	THAPSDRAFT_7815	yes	1	IPR006970
XP_002291914.1	THAPSDRAFT_7818	no	0	none
XP_002291915.1	THAPSDRAFT_7825	no	0	none
XP_002291916.1	THAPSDRAFT_263472	no	0	none
XP_002291917.1	THAPSDRAFT_7828	no	0	none
XP_002291918.1	THAPSDRAFT_7830	yes	1	IPR000337
XP_002291919.1	THAPSDRAFT_23894	yes	1	IPR006970
XP_002291920.1	THAPSDRAFT_270199	no	0	none
XP_002291921.1	THAPSDRAFT_23648	no	0	none
XP_002291922.1	THAPSDRAFT_23651	no	0	none
XP_002291923.1	THAPSDRAFT_13064	yes	1	IPR004308
XP_002291924.1	THAPSDRAFT_7353	no	0	none
XP_002291925.1	THAPSDRAFT_23654	no	0	none
XP_002291926.1	THAPSDRAFT_7355	no	0	none
XP_002291927.1	THAPSDRAFT_23655	yes	1	IPR003428
XP_002291928.1	THAPSDRAFT_23657	yes	1	IPR000971
XP_002291929.1	THAPSDRAFT_269320	yes	1	IPR001509
XP_002291930.1	THAPSDRAFT_23660	no	0	none
XP_002291931.1	THAPSDRAFT_7368	no	0	none
XP_002291932.1	THAPSDRAFT_7370	no	0	none
XP_002291933.1	THAPSDRAFT_23662	yes	1	IPR001254
XP_002291934.1	THAPSDRAFT_7374	no	0	none
XP_002291935.1	THAPSDRAFT_7376	no	0	none
XP_002291936.1	THAPSDRAFT_7378	yes	1	IPR001611
XP_002291937.1	THAPSDRAFT_7379	yes	1	IPR000232
XP_002291938.1	THAPSDRAFT_93	yes	1	IPR002076
XP_002291939.1	THAPSDRAFT_23666	no	0	none
XP_002291940.1	THAPSDRAFT_23671	no	0	none
XP_002291941.1	THAPSDRAFT_7404	no	0	none
XP_002291942.1	THAPSDRAFT_7406	no	0	none
XP_002291943.1	THAPSDRAFT_263343	yes	1	IPR002539
XP_002291944.1	THAPSDRAFT_263344	no	0	none
XP_002291945.1	THAPSDRAFT_17310	yes	1	IPR001345
XP_002291946.1	THAPSDRAFT_23674	no	0	none
XP_002291947.1	THAPSDRAFT_23675	no	0	none
XP_002291948.1	THAPSDRAFT_13887	yes	1	IPR011531
XP_002291949.1	THAPSDRAFT_23679	no	0	none
XP_002291950.1	THAPSDRAFT_7416	no	0	none
XP_002291951.1	THAPSDRAFT_263346	yes	1	IPR001611
XP_002291952.1	THAPSDRAFT_35911	no	0	none
XP_002291953.1	THAPSDRAFT_7424	no	0	none
XP_002291954.1	THAPSDRAFT_35818	yes	1	IPR001806
XP_002291955.1	THAPSDRAFT_23684	no	0	none
XP_002291956.1	THAPSDRAFT_23685	no	0	none
XP_002291957.1	THAPSDRAFT_263349	yes	1	IPR003439
XP_002291958.1	THAPSDRAFT_23689	no	0	none
XP_002291959.1	THAPSDRAFT_7435	yes	1	IPR002495
XP_002291960.1	THAPSDRAFT_23692	no	0	none
XP_002291961.1	THAPSDRAFT_23694	no	0	none
XP_002291962.1	THAPSDRAFT_17579	yes	1	IPR008913
XP_002291963.1	THAPSDRAFT_7444	no	0	none
XP_002291964.1	THAPSDRAFT_7445	no	0	none
XP_002291965.1	THAPSDRAFT_7446	no	0	none
XP_002291966.1	THAPSDRAFT_23697	yes	3	IPR001202,IPR001623,IPR003900
XP_002291967.1	THAPSDRAFT_23698	no	0	none
XP_002291968.1	THAPSDRAFT_7451	no	0	none
XP_002291969.1	THAPSDRAFT_23700	yes	1	IPR000726
XP_002291970.1	THAPSDRAFT_7458	yes	1	IPR007803
XP_002291971.1	THAPSDRAFT_263354	yes	1	IPR002894
XP_002291972.1	THAPSDRAFT_23706	no	0	none
XP_002291973.1	THAPSDRAFT_35956	yes	1	IPR003000
XP_002291974.1	THAPSDRAFT_35934	yes	1	IPR003088
XP_002291975.1	THAPSDRAFT_7471	no	0	none
XP_002291976.1	THAPSDRAFT_263361	yes	1	IPR001054
XP_002291977.1	THAPSDRAFT_36053	yes	2	IPR000719,IPR002110
XP_002291978.1	THAPSDRAFT_263363	yes	1	IPR002110
XP_002291979.1	THAPSDRAFT_7478	no	0	none
XP_002291980.1	THAPSDRAFT_41505	yes	2	IPR002048,IPR006076
XP_002291981.1	THAPSDRAFT_7482	no	0	none
XP_002291982.1	THAPSDRAFT_7484	no	0	none
XP_002291983.1	THAPSDRAFT_18190	no	0	none
XP_002291984.1	THAPSDRAFT_7487	no	0	none
XP_002291985.1	THAPSDRAFT_23716	no	0	none
XP_002291986.1	THAPSDRAFT_18089	yes	1	IPR000866
XP_002291987.1	THAPSDRAFT_23718	no	0	none
XP_002291988.1	THAPSDRAFT_7495	no	0	none
XP_002291989.1	THAPSDRAFT_7497	yes	1	IPR011421
XP_002291990.1	THAPSDRAFT_263374	no	0	none
XP_002291991.1	THAPSDRAFT_7503	no	0	none
XP_002291992.1	THAPSDRAFT_7506	yes	2	IPR000127,IPR000594
XP_002291993.1	THAPSDRAFT_7508	no	0	none
XP_002291994.1	THAPSDRAFT_7509	no	0	none
XP_002291995.1	THAPSDRAFT_7510	no	0	none
XP_002291996.1	THAPSDRAFT_7512	no	0	none
XP_002291997.1	THAPSDRAFT_15610	yes	1	IPR001752
XP_002291998.1	THAPSDRAFT_7516	yes	1	IPR001395
XP_002291999.1	THAPSDRAFT_23729	no	0	none
XP_002292000.1	THAPSDRAFT_23731	yes	1	IPR001394
XP_002292001.1	THAPSDRAFT_7523	no	0	none
XP_002292002.1	THAPSDRAFT_41521	yes	1	IPR001563
XP_002292003.1	THAPSDRAFT_263381	yes	5	IPR004199,IPR004200,IPR006102,IPR006103,IPR006104
XP_002292004.1	THAPSDRAFT_269347	yes	2	IPR006085,IPR006086
XP_002292005.1	THAPSDRAFT_23737	yes	1	IPR007356
XP_002292006.1	THAPSDRAFT_35771	yes	1	IPR000717
XP_002292007.1	THAPSDRAFT_23740	yes	1	IPR002763
XP_002292008.1	THAPSDRAFT_41530	yes	1	IPR003088
XP_002292009.1	THAPSDRAFT_7536	no	0	none
XP_002292010.1	THAPSDRAFT_36073	yes	1	IPR000719
XP_002292011.1	THAPSDRAFT_7539	no	0	none
XP_002292012.1	THAPSDRAFT_7542	yes	1	IPR001352
XP_002292013.1	THAPSDRAFT_7545	no	0	none
XP_002292014.1	THAPSDRAFT_7547	no	0	none
XP_002292015.1	THAPSDRAFT_14492	yes	1	IPR000719
XP_002292016.1	THAPSDRAFT_23747	no	0	none
XP_002292017.1	THAPSDRAFT_7558	no	0	none
XP_002292018.1	THAPSDRAFT_23750	no	0	none
XP_002292019.1	THAPSDRAFT_23751	no	0	none
XP_002292020.1	THAPSDRAFT_270261	no	0	none
XP_002292021.1	THAPSDRAFT_7564	yes	1	IPR006869
XP_002292022.1	THAPSDRAFT_23754	no	0	none
XP_002292023.1	THAPSDRAFT_7569	no	0	none
XP_002292024.1	THAPSDRAFT_23757	no	0	none
XP_002292025.1	THAPSDRAFT_269352	yes	2	IPR001680,IPR007287
XP_002292026.1	THAPSDRAFT_23762	yes	1	IPR006941
XP_002292027.1	THAPSDRAFT_269355	yes	2	IPR002350,IPR011497
XP_002292028.1	THAPSDRAFT_7582	no	0	none
XP_002292029.1	THAPSDRAFT_7583	no	0	none
XP_002292030.1	THAPSDRAFT_7584	yes	1	IPR001461
XP_002292031.1	THAPSDRAFT_16390	yes	1	IPR000668
XP_002292032.1	THAPSDRAFT_7588	no	0	none
XP_002292033.1	THAPSDRAFT_36013	yes	1	IPR002539
XP_002292034.1	THAPSDRAFT_263396	no	0	none
XP_002292035.1	THAPSDRAFT_23766	no	0	none
XP_002292036.1	THAPSDRAFT_29166	yes	1	IPR008758
XP_002292037.1	THAPSDRAFT_23769	no	0	none
XP_002292038.1	THAPSDRAFT_7594	no	0	none
XP_002292039.1	THAPSDRAFT_7595	no	0	none
XP_002292040.1	THAPSDRAFT_23770	no	0	none
XP_002292041.1	THAPSDRAFT_263399	yes	1	IPR001128
XP_002292042.1	THAPSDRAFT_7601	yes	1	IPR001680
XP_002292043.1	THAPSDRAFT_23771	no	0	none
XP_002292044.1	THAPSDRAFT_23773	no	0	none
XP_002292045.1	THAPSDRAFT_7610	no	0	none
XP_002292046.1	THAPSDRAFT_35985	yes	1	IPR001372
XP_002292047.1	THAPSDRAFT_23775	no	0	none
XP_002292048.1	THAPSDRAFT_7617	no	0	none
XP_002292049.1	THAPSDRAFT_23779	no	0	none
XP_002292050.1	THAPSDRAFT_263403	yes	1	IPR000583
XP_002292051.1	THAPSDRAFT_35982	yes	1	IPR003780
XP_002292052.1	THAPSDRAFT_7623	no	0	none
XP_002292053.1	THAPSDRAFT_35933	no	0	none
XP_002292054.1	THAPSDRAFT_7626	no	0	none
XP_002292055.1	THAPSDRAFT_7627	yes	1	IPR003877
XP_002292056.1	THAPSDRAFT_263404	yes	1	IPR000668
XP_002292057.1	THAPSDRAFT_14707	yes	1	IPR001752
XP_002292058.1	THAPSDRAFT_12259	yes	4	IPR001650,IPR004179,IPR006935,IPR011545
XP_002292059.1	THAPSDRAFT_7632	no	0	none
XP_002292060.1	THAPSDRAFT_23786	yes	2	IPR002109,IPR006869
XP_002292061.1	THAPSDRAFT_23788	no	0	none
XP_002292062.1	THAPSDRAFT_23791	no	0	none
XP_002292063.1	THAPSDRAFT_20016	yes	1	IPR001179
XP_002292064.1	THAPSDRAFT_14643	no	0	none
XP_002292065.1	THAPSDRAFT_7643	yes	1	IPR001753
XP_002292066.1	THAPSDRAFT_7645	yes	1	IPR001395
XP_002292067.1	THAPSDRAFT_7648	no	0	none
XP_002292068.1	THAPSDRAFT_263415	yes	2	IPR004365,IPR007199
XP_002292069.1	THAPSDRAFT_7652	no	0	none
XP_002292070.1	THAPSDRAFT_7655	no	0	none
XP_002292071.1	THAPSDRAFT_23798	yes	1	IPR005804
XP_002292072.1	THAPSDRAFT_23803	yes	1	IPR000232
XP_002292073.1	THAPSDRAFT_23804	no	0	none
XP_002292074.1	THAPSDRAFT_23806	yes	1	IPR007271
XP_002292075.1	THAPSDRAFT_7669	no	0	none
XP_002292076.1	THAPSDRAFT_263422	yes	1	IPR001023
XP_002292077.1	THAPSDRAFT_23808	yes	1	IPR001344
XP_002292078.1	THAPSDRAFT_269371	no	0	none
XP_002292079.1	THAPSDRAFT_7676	no	0	none
XP_002292080.1	THAPSDRAFT_7677	yes	1	IPR010788
XP_002292081.1	THAPSDRAFT_7678	no	0	none
XP_002292082.1	THAPSDRAFT_23810	yes	3	IPR000121,IPR002192,IPR008279
XP_002292083.1	THAPSDRAFT_7683	no	0	none
XP_002292084.1	THAPSDRAFT_7689	no	0	none
XP_002292085.1	THAPSDRAFT_23813	yes	2	IPR002350,IPR011497
XP_002292086.1	THAPSDRAFT_23815	no	0	none
XP_002292087.1	THAPSDRAFT_7696	no	0	none
XP_002292088.1	THAPSDRAFT_23818	yes	1	IPR007272
XP_002292089.1	THAPSDRAFT_7700	no	0	none
XP_002292090.1	THAPSDRAFT_23820	yes	1	IPR002198
XP_002292091.1	THAPSDRAFT_263436	no	0	none
XP_002292092.1	THAPSDRAFT_23821	no	0	none
XP_002292093.1	THAPSDRAFT_7707	no	0	none
XP_002292094.1	THAPSDRAFT_263437	no	0	none
XP_002292095.1	THAPSDRAFT_29212	yes	2	IPR004887,IPR005615
XP_002292096.1	THAPSDRAFT_29217	yes	1	IPR004038
XP_002292097.1	THAPSDRAFT_7714	yes	1	IPR010422
XP_002292098.1	THAPSDRAFT_23827	no	0	none
XP_002292099.1	THAPSDRAFT_7719	yes	1	IPR007214
XP_002292100.1	THAPSDRAFT_23830	yes	3	IPR006090,IPR006091,IPR006092
XP_002292101.1	THAPSDRAFT_35907	yes	1	IPR004098
XP_002292102.1	THAPSDRAFT_7725	no	0	none
XP_002292103.1	THAPSDRAFT_23831	yes	1	IPR002893
XP_002292104.1	THAPSDRAFT_23832	no	0	none
XP_002292105.1	THAPSDRAFT_23833	no	0	none
XP_002292106.1	THAPSDRAFT_23834	yes	1	IPR001202
XP_002292107.1	THAPSDRAFT_23837	yes	1	IPR002109
XP_002292108.1	THAPSDRAFT_29228	yes	1	IPR004588
XP_002292109.1	THAPSDRAFT_29232	yes	2	IPR004364,IPR004365
XP_002292110.1	THAPSDRAFT_7740	no	0	none
XP_002292111.1	THAPSDRAFT_35830	yes	1	IPR000462
XP_002292112.1	THAPSDRAFT_7742	no	0	none
XP_002292113.1	THAPSDRAFT_35768	no	0	none
XP_002292114.1	THAPSDRAFT_41632	yes	1	IPR001461
XP_002292115.1	THAPSDRAFT_29237	yes	2	IPR003008,IPR008280
XP_002292116.1	THAPSDRAFT_41636	yes	1	IPR001126
XP_002292117.1	THAPSDRAFT_270348	no	0	none
XP_002292118.1	THAPSDRAFT_23848	yes	1	IPR000232
XP_002292119.1	THAPSDRAFT_23850	yes	1	IPR001680
XP_002292120.1	THAPSDRAFT_263451	yes	1	IPR001254
XP_002292121.1	THAPSDRAFT_35916	yes	1	IPR000086
XP_002292122.1	THAPSDRAFT_263454	yes	1	IPR001254
XP_002292123.1	THAPSDRAFT_23855	yes	1	IPR001813
XP_002292124.1	THAPSDRAFT_23857	yes	2	IPR006662,IPR007087
XP_002292125.1	THAPSDRAFT_23858	yes	1	IPR004129
XP_002292126.1	THAPSDRAFT_23860	yes	1	IPR000620
XP_002292127.1	THAPSDRAFT_23861	no	0	none
XP_002292128.1	THAPSDRAFT_23862	no	0	none
XP_002292129.1	THAPSDRAFT_7767	no	0	none
XP_002292130.1	THAPSDRAFT_17952	no	0	none
XP_002292131.1	THAPSDRAFT_23867	yes	1	IPR000682
XP_002292132.1	THAPSDRAFT_7776	no	0	none
XP_002292133.1	THAPSDRAFT_7778	no	0	none
XP_002292134.1	THAPSDRAFT_23872	no	0	none
XP_002292135.1	THAPSDRAFT_263460	yes	1	IPR004166
XP_002292136.1	THAPSDRAFT_7788	yes	1	IPR001810
XP_002292137.1	THAPSDRAFT_7791	no	0	none
XP_002292138.1	THAPSDRAFT_23875	no	0	none
XP_002292139.1	THAPSDRAFT_263463	no	0	none
XP_002292140.1	THAPSDRAFT_23878	no	0	none
XP_002292141.1	THAPSDRAFT_36076	yes	1	IPR000286
XP_002292142.1	THAPSDRAFT_7800	yes	1	IPR000719
XP_002292143.1	THAPSDRAFT_35929	yes	1	IPR000719
XP_002292144.1	THAPSDRAFT_7804	no	0	none
XP_002292145.1	THAPSDRAFT_269393	no	0	none
XP_002292146.1	THAPSDRAFT_41650	yes	2	IPR000172,IPR007867
XP_002292147.1	THAPSDRAFT_7810	no	0	none
XP_002292148.1	THAPSDRAFT_23886	no	0	none
XP_002292149.1	THAPSDRAFT_23888	yes	1	IPR006970
XP_002292150.1	THAPSDRAFT_7816	no	0	none
XP_002292151.1	THAPSDRAFT_7817	no	0	none
XP_002292152.1	THAPSDRAFT_7819	no	0	none
XP_002292153.1	THAPSDRAFT_23889	yes	1	IPR001344
XP_002292154.1	THAPSDRAFT_7821	no	0	none
XP_002292155.1	THAPSDRAFT_7822	no	0	none
XP_002292156.1	THAPSDRAFT_23890	no	0	none
XP_002292157.1	THAPSDRAFT_7827	no	0	none
XP_002292158.1	THAPSDRAFT_20462	yes	1	IPR001623
XP_002292159.1	THAPSDRAFT_41658	yes	1	IPR001179
XP_002292160.1	THAPSDRAFT_263473	yes	1	IPR004841
XP_002292161.1	THAPSDRAFT_7837	no	0	none
XP_002292162.1	THAPSDRAFT_7839	yes	1	IPR000337
XP_002292163.1	THAPSDRAFT_7840	no	0	none
XP_002292164.1	THAPSDRAFT_23897	no	0	none
XP_002292165.1	THAPSDRAFT_7842	yes	1	IPR001471
XP_002292166.1	THAPSDRAFT_7846	no	0	none
XP_002292167.1	THAPSDRAFT_23899	no	0	none
XP_002292168.1	THAPSDRAFT_23900	no	0	none
XP_002292169.1	THAPSDRAFT_23901	no	0	none
XP_002292170.1	THAPSDRAFT_23903	no	0	none
XP_002292171.1	THAPSDRAFT_23907	no	0	none
XP_002292172.1	THAPSDRAFT_269400	yes	1	IPR001128
XP_002292173.1	THAPSDRAFT_23911	no	0	none
XP_002292174.1	THAPSDRAFT_7865	no	0	none
XP_002292175.1	THAPSDRAFT_269403	no	0	none
XP_002292176.1	THAPSDRAFT_23915	yes	1	IPR001005
XP_002292177.1	THAPSDRAFT_7870	no	0	none
XP_002292178.1	THAPSDRAFT_7873	no	0	none
XP_002292179.1	THAPSDRAFT_263482	yes	1	IPR006086
XP_002292180.1	THAPSDRAFT_7876	no	0	none
XP_002292181.1	THAPSDRAFT_7878	no	0	none
XP_002292182.1	THAPSDRAFT_36206	yes	1	IPR004932
XP_002292183.1	THAPSDRAFT_23918	no	0	none
XP_002292184.1	THAPSDRAFT_7883	no	0	none
XP_002292185.1	THAPSDRAFT_18378	yes	1	IPR000409
XP_002292186.1	THAPSDRAFT_263487	yes	1	IPR001471
XP_002292187.1	THAPSDRAFT_7889	no	0	none
XP_002292188.1	THAPSDRAFT_7890	yes	1	IPR003511
XP_002292189.1	THAPSDRAFT_263489	yes	1	IPR001680
XP_002292190.1	THAPSDRAFT_36099	yes	1	IPR002871
XP_002292191.1	THAPSDRAFT_7895	no	0	none
XP_002292192.1	THAPSDRAFT_263495	yes	3	IPR001247,IPR003029,IPR004088
XP_002292193.1	THAPSDRAFT_7898	yes	1	IPR007751
XP_002292194.1	THAPSDRAFT_36137	yes	1	IPR001715
XP_002292195.1	THAPSDRAFT_7900	yes	1	IPR001283
XP_002292196.1	THAPSDRAFT_23927	yes	1	IPR002625
XP_002292197.1	THAPSDRAFT_7903	no	0	none
XP_002292198.1	THAPSDRAFT_7904	no	0	none
XP_002292199.1	THAPSDRAFT_7906	yes	1	IPR010292
XP_002292200.1	THAPSDRAFT_269412	yes	1	IPR000744
XP_002292201.1	THAPSDRAFT_7910	no	0	none
XP_002292202.1	THAPSDRAFT_16584	no	0	none
XP_002292203.1	THAPSDRAFT_23933	no	0	none
XP_002292204.1	THAPSDRAFT_263499	no	0	none
XP_002292205.1	THAPSDRAFT_23934	no	0	none
XP_002292206.1	THAPSDRAFT_7916	yes	1	IPR001344
XP_002292207.1	THAPSDRAFT_41687	yes	1	IPR002553
XP_002292208.1	THAPSDRAFT_23937	no	0	none
XP_002292209.1	THAPSDRAFT_7921	no	0	none
XP_002292210.1	THAPSDRAFT_23938	yes	1	IPR005114
XP_002292211.1	THAPSDRAFT_7926	no	0	none
XP_002292212.1	THAPSDRAFT_23939	yes	2	IPR003409,IPR003900
XP_002292213.1	THAPSDRAFT_7929	yes	1	IPR001878
XP_002292214.1	THAPSDRAFT_7936	no	0	none
XP_002292215.1	THAPSDRAFT_263504	yes	2	IPR000014,IPR001610
XP_002292216.1	THAPSDRAFT_263505	yes	1	IPR001054
XP_002292217.1	THAPSDRAFT_7939	no	0	none
XP_002292218.1	THAPSDRAFT_7940	no	0	none
XP_002292219.1	THAPSDRAFT_23946	yes	1	IPR001478
XP_002292220.1	THAPSDRAFT_23951	no	0	none
XP_002292221.1	THAPSDRAFT_263509	yes	2	IPR002099,IPR003594
XP_002292222.1	THAPSDRAFT_7957	no	0	none
XP_002292223.1	THAPSDRAFT_23953	no	0	none
XP_002292224.1	THAPSDRAFT_263511	yes	1	IPR007581
XP_002292225.1	THAPSDRAFT_36208	yes	1	IPR006222
XP_002292226.1	THAPSDRAFT_7964	yes	1	IPR001353
XP_002292227.1	THAPSDRAFT_23954	no	0	none
XP_002292228.1	THAPSDRAFT_7967	yes	1	IPR005828
XP_002292229.1	THAPSDRAFT_14096	yes	1	IPR010256
XP_002292230.1	THAPSDRAFT_105	yes	2	IPR003029,IPR011488
XP_002292231.1	THAPSDRAFT_23957	yes	1	IPR001813
XP_002292232.1	THAPSDRAFT_7974	no	0	none
XP_002292233.1	THAPSDRAFT_23958	yes	1	IPR008183
XP_002292234.1	THAPSDRAFT_41694	no	0	none
XP_002292235.1	THAPSDRAFT_18407	yes	1	IPR001353
XP_002292236.1	THAPSDRAFT_23962	no	0	none
XP_002292237.1	THAPSDRAFT_29304	yes	2	IPR003008,IPR008280
XP_002292238.1	THAPSDRAFT_269421	yes	1	IPR005123
XP_002292239.1	THAPSDRAFT_269422	yes	1	IPR001680
XP_002292240.1	THAPSDRAFT_23967	no	0	none
XP_002292241.1	THAPSDRAFT_263528	yes	1	IPR001293
XP_002292242.1	THAPSDRAFT_7996	yes	1	IPR001810
XP_002292243.1	THAPSDRAFT_23969	no	0	none
XP_002292244.1	THAPSDRAFT_36297	yes	1	IPR001461
XP_002292245.1	THAPSDRAFT_8004	no	0	none
XP_002292246.1	THAPSDRAFT_23973	yes	1	IPR004324
XP_002292247.1	THAPSDRAFT_8009	no	0	none
XP_002292248.1	THAPSDRAFT_23976	yes	1	IPR002657
XP_002292249.1	THAPSDRAFT_8011	no	0	none
XP_002292250.1	THAPSDRAFT_14389	yes	1	IPR002129
XP_002292251.1	THAPSDRAFT_8014	no	0	none
XP_002292252.1	THAPSDRAFT_23979	yes	1	IPR001965
XP_002292253.1	THAPSDRAFT_263534	yes	1	IPR004856
XP_002292254.1	THAPSDRAFT_8019	yes	1	IPR005532
XP_002292255.1	THAPSDRAFT_263535	yes	1	IPR002048
XP_002292256.1	THAPSDRAFT_8022	no	0	none
XP_002292257.1	THAPSDRAFT_23983	no	0	none
XP_002292258.1	THAPSDRAFT_263536	yes	1	IPR005123
XP_002292259.1	THAPSDRAFT_23984	yes	1	IPR002641
XP_002292260.1	THAPSDRAFT_8028	no	0	none
XP_002292261.1	THAPSDRAFT_23987	no	0	none
XP_002292262.1	THAPSDRAFT_8031	no	0	none
XP_002292263.1	THAPSDRAFT_8033	no	0	none
XP_002292264.1	THAPSDRAFT_36108	yes	1	IPR005651
XP_002292265.1	THAPSDRAFT_8036	yes	1	IPR005123
XP_002292266.1	THAPSDRAFT_8038	no	0	none
XP_002292267.1	THAPSDRAFT_263538	no	0	none
XP_002292268.1	THAPSDRAFT_8042	no	0	none
XP_002292269.1	THAPSDRAFT_8044	yes	1	IPR001646
XP_002292270.1	THAPSDRAFT_23993	no	0	none
XP_002292271.1	THAPSDRAFT_23994	yes	1	IPR001394
XP_002292272.1	THAPSDRAFT_263540	no	0	none
XP_002292273.1	THAPSDRAFT_36303	yes	1	IPR001932
XP_002292274.1	THAPSDRAFT_8054	no	0	none
XP_002292275.1	THAPSDRAFT_8055	no	0	none
XP_002292276.1	THAPSDRAFT_29327	yes	1	IPR005123
XP_002292277.1	THAPSDRAFT_24002	no	0	none
XP_002292278.1	THAPSDRAFT_24003	no	0	none
XP_002292279.1	THAPSDRAFT_24004	yes	1	IPR004600
XP_002292280.1	THAPSDRAFT_8062	no	0	none
XP_002292281.1	THAPSDRAFT_8064	no	0	none
XP_002292282.1	THAPSDRAFT_8065	yes	1	IPR001199
XP_002292283.1	THAPSDRAFT_8067	no	0	none
XP_002292284.1	THAPSDRAFT_8068	yes	1	IPR004837
XP_002292285.1	THAPSDRAFT_24008	no	0	none
XP_002292286.1	THAPSDRAFT_8073	no	0	none
XP_002292287.1	THAPSDRAFT_270336	no	0	none
XP_002292288.1	THAPSDRAFT_8075	yes	3	IPR001194,IPR005112,IPR005113
XP_002292289.1	THAPSDRAFT_36301	yes	1	IPR000910
XP_002292290.1	THAPSDRAFT_269434	no	0	none
XP_002292291.1	THAPSDRAFT_24013	no	0	none
XP_002292292.1	THAPSDRAFT_8084	no	0	none
XP_002292293.1	THAPSDRAFT_8086	no	0	none
XP_002292294.1	THAPSDRAFT_24016	yes	1	IPR008610
XP_002292295.1	THAPSDRAFT_8092	no	0	none
XP_002292296.1	THAPSDRAFT_24018	no	0	none
XP_002292297.1	THAPSDRAFT_8094	no	0	none
XP_002292298.1	THAPSDRAFT_269437	no	0	none
XP_002292299.1	THAPSDRAFT_24021	no	0	none
XP_002292300.1	THAPSDRAFT_24023	yes	1	IPR005114
XP_002292301.1	THAPSDRAFT_8101	yes	1	IPR006571
XP_002292302.1	THAPSDRAFT_263562	yes	1	IPR004046
XP_002292303.1	THAPSDRAFT_24025	no	0	none
XP_002292304.1	THAPSDRAFT_8106	no	0	none
XP_002292305.1	THAPSDRAFT_36246	yes	1	IPR004843
XP_002292306.1	THAPSDRAFT_8110	yes	1	IPR009643
XP_002292307.1	THAPSDRAFT_24029	no	0	none
XP_002292308.1	THAPSDRAFT_24031	no	0	none
XP_002292309.1	THAPSDRAFT_263565	yes	1	IPR011261
XP_002292310.1	THAPSDRAFT_41733	yes	1	IPR002817
XP_002292311.1	THAPSDRAFT_36186	yes	1	IPR004394
XP_002292312.1	THAPSDRAFT_8122	no	0	none
XP_002292313.1	THAPSDRAFT_24038	no	0	none
XP_002292314.1	THAPSDRAFT_8130	no	0	none
XP_002292315.1	THAPSDRAFT_269446	yes	1	IPR000577
XP_002292316.1	THAPSDRAFT_24042	yes	1	IPR002125
XP_002292317.1	THAPSDRAFT_8138	no	0	none
XP_002292318.1	THAPSDRAFT_8140	no	0	none
XP_002292319.1	THAPSDRAFT_269449	no	0	none
XP_002292320.1	THAPSDRAFT_8145	no	0	none
XP_002292321.1	THAPSDRAFT_8147	no	0	none
XP_002292322.1	THAPSDRAFT_269450	yes	3	IPR001650,IPR001878,IPR011545
XP_002292323.1	THAPSDRAFT_24049	no	0	none
XP_002292324.1	THAPSDRAFT_263579	yes	1	IPR005828
XP_002292325.1	THAPSDRAFT_263580	yes	1	IPR002059
XP_002292326.1	THAPSDRAFT_263581	yes	1	IPR003841
XP_002292327.1	THAPSDRAFT_24051	no	0	none
XP_002292328.1	THAPSDRAFT_263583	no	0	none
XP_002292329.1	THAPSDRAFT_36204	yes	2	IPR001140,IPR003439
XP_002292330.1	THAPSDRAFT_8164	no	0	none
XP_002292331.1	THAPSDRAFT_15259	yes	1	IPR003029
XP_002292332.1	THAPSDRAFT_8166	no	0	none
XP_002292333.1	THAPSDRAFT_24053	no	0	none
XP_002292334.1	THAPSDRAFT_20404	yes	1	IPR001202
XP_002292335.1	THAPSDRAFT_24057	no	0	none
XP_002292336.1	THAPSDRAFT_36213	yes	1	IPR000595
XP_002292337.1	THAPSDRAFT_41754	yes	1	IPR000719
XP_002292338.1	THAPSDRAFT_24063	no	0	none
XP_002292339.1	THAPSDRAFT_8181	no	0	none
XP_002292340.1	THAPSDRAFT_8183	no	0	none
XP_002292341.1	THAPSDRAFT_24067	no	0	none
XP_002292342.1	THAPSDRAFT_24068	yes	1	IPR007705
XP_002292343.1	THAPSDRAFT_263598	yes	1	IPR003104
XP_002292344.1	THAPSDRAFT_263599	no	0	none
XP_002292345.1	THAPSDRAFT_24072	no	0	none
XP_002292346.1	THAPSDRAFT_24074	no	0	none
XP_002292347.1	THAPSDRAFT_24077	no	0	none
XP_002292348.1	THAPSDRAFT_8199	no	0	none
XP_002292349.1	THAPSDRAFT_24079	no	0	none
XP_002292350.1	THAPSDRAFT_8203	no	0	none
XP_002292351.1	THAPSDRAFT_8205	yes	1	IPR006970
XP_002292352.1	THAPSDRAFT_8206	no	0	none
XP_002292353.1	THAPSDRAFT_24080	yes	1	IPR001344
XP_002292354.1	THAPSDRAFT_24082	no	0	none
XP_002292355.1	THAPSDRAFT_36249	no	0	none
XP_002292356.1	THAPSDRAFT_18076	yes	1	IPR000850
XP_002292357.1	THAPSDRAFT_24084	yes	1	IPR002423
XP_002292358.1	THAPSDRAFT_36203	no	0	none
XP_002292359.1	THAPSDRAFT_41778	yes	1	IPR001114
XP_002292360.1	THAPSDRAFT_8217	no	0	none
XP_002292361.1	THAPSDRAFT_41780	yes	1	IPR000719
XP_002292362.1	THAPSDRAFT_8219	no	0	none
XP_002292363.1	THAPSDRAFT_24089	no	0	none
XP_002292364.1	THAPSDRAFT_8221	yes	1	IPR006671
XP_002292365.1	THAPSDRAFT_8223	no	0	none
XP_002292366.1	THAPSDRAFT_24091	no	0	none
XP_002292367.1	THAPSDRAFT_8227	no	0	none
XP_002292368.1	THAPSDRAFT_8228	no	0	none
XP_002292369.1	THAPSDRAFT_36107	no	0	none
XP_002292370.1	THAPSDRAFT_7833	no	0	none
XP_002292371.1	THAPSDRAFT_23895	no	0	none
XP_002292372.1	THAPSDRAFT_23896	no	0	none
XP_002292373.1	THAPSDRAFT_7838	no	0	none
XP_002292374.1	THAPSDRAFT_23898	no	0	none
XP_002292375.1	THAPSDRAFT_7844	no	0	none
XP_002292376.1	THAPSDRAFT_7845	no	0	none
XP_002292377.1	THAPSDRAFT_263475	yes	1	IPR001611
XP_002292378.1	THAPSDRAFT_7850	no	0	none
XP_002292379.1	THAPSDRAFT_7851	no	0	none
XP_002292380.1	THAPSDRAFT_23902	yes	1	IPR003959
XP_002292381.1	THAPSDRAFT_7853	no	0	none
XP_002292382.1	THAPSDRAFT_23904	no	0	none
XP_002292383.1	THAPSDRAFT_23906	no	0	none
XP_002292384.1	THAPSDRAFT_7859	no	0	none
XP_002292385.1	THAPSDRAFT_23908	yes	3	IPR000644,IPR002550,IPR005170
XP_002292386.1	THAPSDRAFT_269399	yes	2	IPR002314,IPR002317
XP_002292387.1	THAPSDRAFT_7863	no	0	none
XP_002292388.1	THAPSDRAFT_263480	yes	4	IPR000089,IPR005479,IPR005481,IPR005482
XP_002292389.1	THAPSDRAFT_7868	no	0	none
XP_002292390.1	THAPSDRAFT_23916	no	0	none
XP_002292391.1	THAPSDRAFT_7872	no	0	none
XP_002292392.1	THAPSDRAFT_7874	no	0	none
XP_002292393.1	THAPSDRAFT_263483	no	0	none
XP_002292394.1	THAPSDRAFT_7880	no	0	none
XP_002292395.1	THAPSDRAFT_7881	no	0	none
XP_002292396.1	THAPSDRAFT_7885	yes	1	IPR001345
XP_002292397.1	THAPSDRAFT_7886	yes	1	IPR000182
XP_002292398.1	THAPSDRAFT_7887	yes	1	IPR005024
XP_002292399.1	THAPSDRAFT_23922	yes	1	IPR001471
XP_002292400.1	THAPSDRAFT_263491	yes	1	IPR001471
XP_002292401.1	THAPSDRAFT_263492	yes	1	IPR001471
XP_002292402.1	THAPSDRAFT_13459	yes	1	IPR003959
XP_002292403.1	THAPSDRAFT_7902	no	0	none
XP_002292404.1	THAPSDRAFT_36273	yes	1	IPR002761
XP_002292405.1	THAPSDRAFT_23929	no	0	none
XP_002292406.1	THAPSDRAFT_23931	no	0	none
XP_002292407.1	THAPSDRAFT_23932	no	0	none
XP_002292408.1	THAPSDRAFT_23935	yes	1	IPR002110
XP_002292409.1	THAPSDRAFT_7917	no	0	none
XP_002292410.1	THAPSDRAFT_7919	no	0	none
XP_002292411.1	THAPSDRAFT_7924	no	0	none
XP_002292412.1	THAPSDRAFT_7928	no	0	none
XP_002292413.1	THAPSDRAFT_23940	no	0	none
XP_002292414.1	THAPSDRAFT_23941	no	0	none
XP_002292415.1	THAPSDRAFT_23942	no	0	none
XP_002292416.1	THAPSDRAFT_269416	no	0	none
XP_002292417.1	THAPSDRAFT_7934	no	0	none
XP_002292418.1	THAPSDRAFT_7935	no	0	none
XP_002292419.1	THAPSDRAFT_7937	yes	2	IPR001054,IPR001610
XP_002292420.1	THAPSDRAFT_23944	yes	1	IPR003877
XP_002292421.1	THAPSDRAFT_7942	no	0	none
XP_002292422.1	THAPSDRAFT_41690	no	0	none
XP_002292423.1	THAPSDRAFT_7945	no	0	none
XP_002292424.1	THAPSDRAFT_23947	no	0	none
XP_002292425.1	THAPSDRAFT_23948	no	0	none
XP_002292426.1	THAPSDRAFT_23949	no	0	none
XP_002292427.1	THAPSDRAFT_7950	no	0	none
XP_002292428.1	THAPSDRAFT_23950	no	0	none
XP_002292429.1	THAPSDRAFT_7953	yes	1	IPR002838
XP_002292430.1	THAPSDRAFT_7955	yes	1	IPR006671
XP_002292431.1	THAPSDRAFT_7956	yes	1	IPR008579
XP_002292432.1	THAPSDRAFT_23952	no	0	none
XP_002292433.1	THAPSDRAFT_263510	yes	1	IPR002815
XP_002292434.1	THAPSDRAFT_7963	yes	4	IPR001194,IPR002885,IPR005112,IPR005113
XP_002292435.1	THAPSDRAFT_263515	no	0	none
XP_002292436.1	THAPSDRAFT_36263	yes	1	IPR010256
XP_002292437.1	THAPSDRAFT_7973	no	0	none
XP_002292438.1	THAPSDRAFT_7975	yes	1	IPR001950
XP_002292439.1	THAPSDRAFT_7977	no	0	none
XP_002292440.1	THAPSDRAFT_7978	yes	1	IPR002524
XP_002292441.1	THAPSDRAFT_7980	yes	1	IPR000863
XP_002292442.1	THAPSDRAFT_23960	no	0	none
XP_002292443.1	THAPSDRAFT_7982	no	0	none
XP_002292444.1	THAPSDRAFT_41697	yes	1	IPR006662
XP_002292445.1	THAPSDRAFT_7987	no	0	none
XP_002292446.1	THAPSDRAFT_7989	yes	1	IPR001486
XP_002292447.1	THAPSDRAFT_23966	yes	1	IPR002110
XP_002292448.1	THAPSDRAFT_36243	yes	1	IPR002130
XP_002292449.1	THAPSDRAFT_269423	no	0	none
XP_002292450.1	THAPSDRAFT_7997	yes	1	IPR006571
XP_002292451.1	THAPSDRAFT_7999	no	0	none
XP_002292452.1	THAPSDRAFT_23971	yes	1	IPR003126
XP_002292453.1	THAPSDRAFT_8002	yes	1	IPR006571
XP_002292454.1	THAPSDRAFT_8003	no	0	none
XP_002292455.1	THAPSDRAFT_8006	yes	2	IPR002893,IPR007803
XP_002292456.1	THAPSDRAFT_23975	no	0	none
XP_002292457.1	THAPSDRAFT_8015	yes	1	IPR003034
XP_002292458.1	THAPSDRAFT_29314	yes	1	IPR000819
XP_002292459.1	THAPSDRAFT_23981	no	0	none
XP_002292460.1	THAPSDRAFT_23982	no	0	none
XP_002292461.1	THAPSDRAFT_644	yes	1	IPR002173
XP_002292462.1	THAPSDRAFT_23986	no	0	none
XP_002292463.1	THAPSDRAFT_23988	yes	1	IPR006970
XP_002292464.1	THAPSDRAFT_23989	no	0	none
XP_002292465.1	THAPSDRAFT_8035	no	0	none
XP_002292466.1	THAPSDRAFT_23990	no	0	none
XP_002292467.1	THAPSDRAFT_23991	no	0	none
XP_002292468.1	THAPSDRAFT_8041	no	0	none
XP_002292469.1	THAPSDRAFT_23992	no	0	none
XP_002292470.1	THAPSDRAFT_36275	yes	1	IPR002717
XP_002292471.1	THAPSDRAFT_23996	no	0	none
XP_002292472.1	THAPSDRAFT_29322	no	0	none
XP_002292473.1	THAPSDRAFT_8051	yes	1	IPR003386
XP_002292474.1	THAPSDRAFT_263542	no	0	none
XP_002292475.1	THAPSDRAFT_24000	yes	3	IPR001194,IPR005112,IPR005113
XP_002292476.1	THAPSDRAFT_8058	no	0	none
XP_002292477.1	THAPSDRAFT_8063	yes	1	IPR002198
XP_002292478.1	THAPSDRAFT_17815	yes	1	IPR000594
XP_002292479.1	THAPSDRAFT_8069	yes	2	IPR003008,IPR008280
XP_002292480.1	THAPSDRAFT_24007	yes	1	IPR001092
XP_002292481.1	THAPSDRAFT_36091	no	0	none
XP_002292482.1	THAPSDRAFT_36139	no	0	none
XP_002292483.1	THAPSDRAFT_36291	yes	3	IPR000089,IPR001078,IPR004167
XP_002292484.1	THAPSDRAFT_270379	no	0	none
XP_002292485.1	THAPSDRAFT_36183	yes	1	IPR001019
XP_002292486.1	THAPSDRAFT_24011	yes	1	IPR006970
XP_002292487.1	THAPSDRAFT_263557	yes	1	IPR001611
XP_002292488.1	THAPSDRAFT_24014	no	0	none
XP_002292489.1	THAPSDRAFT_8085	no	0	none
XP_002292490.1	THAPSDRAFT_263558	no	0	none
XP_002292491.1	THAPSDRAFT_24015	no	0	none
XP_002292492.1	THAPSDRAFT_8090	no	0	none
XP_002292493.1	THAPSDRAFT_24017	no	0	none
XP_002292494.1	THAPSDRAFT_24019	yes	1	IPR001126
XP_002292495.1	THAPSDRAFT_8097	no	0	none
XP_002292496.1	THAPSDRAFT_24022	no	0	none
XP_002292497.1	THAPSDRAFT_14890	yes	1	IPR003347
XP_002292498.1	THAPSDRAFT_24026	no	0	none
XP_002292499.1	THAPSDRAFT_269439	no	0	none
XP_002292500.1	THAPSDRAFT_24028	no	0	none
XP_002292501.1	THAPSDRAFT_8111	yes	1	IPR008217
XP_002292502.1	THAPSDRAFT_24030	no	0	none
XP_002292503.1	THAPSDRAFT_263566	yes	1	IPR002173
XP_002292504.1	THAPSDRAFT_16511	yes	1	IPR007271
XP_002292505.1	THAPSDRAFT_8119	no	0	none
XP_002292506.1	THAPSDRAFT_8121	yes	1	IPR000086
XP_002292507.1	THAPSDRAFT_24034	no	0	none
XP_002292508.1	THAPSDRAFT_24035	yes	1	IPR001394
XP_002292509.1	THAPSDRAFT_24037	no	0	none
XP_002292510.1	THAPSDRAFT_649	yes	2	IPR001650,IPR011545
XP_002292511.1	THAPSDRAFT_8129	no	0	none
XP_002292512.1	THAPSDRAFT_24039	no	0	none
XP_002292513.1	THAPSDRAFT_8134	yes	1	IPR001965
XP_002292514.1	THAPSDRAFT_8136	no	0	none
XP_002292515.1	THAPSDRAFT_8137	no	0	none
XP_002292516.1	THAPSDRAFT_269448	yes	1	IPR002528
XP_002292517.1	THAPSDRAFT_24044	no	0	none
XP_002292518.1	THAPSDRAFT_8143	no	0	none
XP_002292519.1	THAPSDRAFT_8144	no	0	none
XP_002292520.1	THAPSDRAFT_24046	no	0	none
XP_002292521.1	THAPSDRAFT_8148	no	0	none
XP_002292522.1	THAPSDRAFT_8149	no	0	none
XP_002292523.1	THAPSDRAFT_8153	no	0	none
XP_002292524.1	THAPSDRAFT_8157	yes	1	IPR008775
XP_002292525.1	THAPSDRAFT_8159	no	0	none
XP_002292526.1	THAPSDRAFT_8161	no	0	none
XP_002292527.1	THAPSDRAFT_269452	no	0	none
XP_002292528.1	THAPSDRAFT_29359	yes	1	IPR000711
XP_002292529.1	THAPSDRAFT_24056	yes	1	IPR000719
XP_002292530.1	THAPSDRAFT_269456	yes	1	IPR002550
XP_002292531.1	THAPSDRAFT_8174	no	0	none
XP_002292532.1	THAPSDRAFT_24060	no	0	none
XP_002292533.1	THAPSDRAFT_269459	no	0	none
XP_002292534.1	THAPSDRAFT_8180	no	0	none
XP_002292535.1	THAPSDRAFT_8182	no	0	none
XP_002292536.1	THAPSDRAFT_24064	no	0	none
XP_002292537.1	THAPSDRAFT_24066	no	0	none
XP_002292538.1	THAPSDRAFT_36202	yes	1	IPR000719
XP_002292539.1	THAPSDRAFT_36223	yes	1	IPR000595
XP_002292540.1	THAPSDRAFT_8190	no	0	none
XP_002292541.1	THAPSDRAFT_24073	yes	1	IPR001487
XP_002292542.1	THAPSDRAFT_12983	yes	2	IPR000595,IPR000719
XP_002292543.1	THAPSDRAFT_24076	no	0	none
XP_002292544.1	THAPSDRAFT_24078	yes	2	IPR001876,IPR001965
XP_002292545.1	THAPSDRAFT_16303	yes	1	IPR000719
XP_002292546.1	THAPSDRAFT_36201	yes	1	IPR001204
XP_002292547.1	THAPSDRAFT_24087	no	0	none
XP_002292548.1	THAPSDRAFT_8215	yes	2	IPR000232,IPR006031
XP_002292549.1	THAPSDRAFT_8216	no	0	none
XP_002292550.1	THAPSDRAFT_8222	no	0	none
XP_002292551.1	THAPSDRAFT_24090	no	0	none
XP_002292552.1	THAPSDRAFT_8226	no	0	none
XP_002292553.1	THAPSDRAFT_8235	no	0	none
XP_002292554.1	THAPSDRAFT_8236	no	0	none
XP_002292555.1	THAPSDRAFT_8238	no	0	none
XP_002292556.1	THAPSDRAFT_24094	no	0	none
XP_002292557.1	THAPSDRAFT_8243	no	0	none
XP_002292558.1	THAPSDRAFT_24097	yes	4	IPR001194,IPR002885,IPR005112,IPR005113
XP_002292559.1	THAPSDRAFT_8249	no	0	none
XP_002292560.1	THAPSDRAFT_24100	no	0	none
XP_002292561.1	THAPSDRAFT_24101	no	0	none
XP_002292562.1	THAPSDRAFT_8253	yes	1	IPR002921
XP_002292563.1	THAPSDRAFT_8255	yes	2	IPR001680,IPR003961
XP_002292564.1	THAPSDRAFT_269475	yes	1	IPR003000
XP_002292565.1	THAPSDRAFT_8259	yes	1	IPR000637
XP_002292566.1	THAPSDRAFT_36345	yes	3	IPR007624,IPR007627,IPR007630
XP_002292567.1	THAPSDRAFT_8262	no	0	none
XP_002292568.1	THAPSDRAFT_8263	no	0	none
XP_002292569.1	THAPSDRAFT_24106	yes	1	IPR000637
XP_002292570.1	THAPSDRAFT_36454	yes	1	IPR002143
XP_002292571.1	THAPSDRAFT_24108	yes	1	IPR006209
XP_002292572.1	THAPSDRAFT_24110	no	0	none
XP_002292573.1	THAPSDRAFT_8269	yes	2	IPR005114,IPR005172
XP_002292574.1	THAPSDRAFT_24112	yes	1	IPR000232
XP_002292575.1	THAPSDRAFT_8274	no	0	none
XP_002292576.1	THAPSDRAFT_24115	no	0	none
XP_002292577.1	THAPSDRAFT_17956	no	0	none
XP_002292578.1	THAPSDRAFT_263622	yes	1	IPR001223
XP_002292579.1	THAPSDRAFT_8281	no	0	none
XP_002292580.1	THAPSDRAFT_36334	yes	1	IPR003439
XP_002292581.1	THAPSDRAFT_8289	no	0	none
XP_002292582.1	THAPSDRAFT_8292	no	0	none
XP_002292583.1	THAPSDRAFT_36350	yes	1	IPR001907
XP_002292584.1	THAPSDRAFT_8295	no	0	none
XP_002292585.1	THAPSDRAFT_263630	yes	1	IPR002547
XP_002292586.1	THAPSDRAFT_656	no	0	none
XP_002292587.1	THAPSDRAFT_24123	yes	1	IPR000362
XP_002292588.1	THAPSDRAFT_8302	no	0	none
XP_002292589.1	THAPSDRAFT_8304	yes	1	IPR002110
XP_002292590.1	THAPSDRAFT_36490	yes	1	IPR000804
XP_002292591.1	THAPSDRAFT_36527	no	0	none
XP_002292592.1	THAPSDRAFT_24125	no	0	none
XP_002292593.1	THAPSDRAFT_24126	yes	1	IPR007257
XP_002292594.1	THAPSDRAFT_24129	no	0	none
XP_002292595.1	THAPSDRAFT_24130	no	0	none
XP_002292596.1	THAPSDRAFT_36373	yes	1	IPR010721
XP_002292597.1	THAPSDRAFT_24132	yes	1	IPR006137
XP_002292598.1	THAPSDRAFT_8321	no	0	none
XP_002292599.1	THAPSDRAFT_263637	yes	1	IPR000683
XP_002292600.1	THAPSDRAFT_36337	yes	1	IPR005378
XP_002292601.1	THAPSDRAFT_8329	no	0	none
XP_002292602.1	THAPSDRAFT_8330	no	0	none
XP_002292603.1	THAPSDRAFT_8333	no	0	none
XP_002292604.1	THAPSDRAFT_8334	no	0	none
XP_002292605.1	THAPSDRAFT_8336	no	0	none
XP_002292606.1	THAPSDRAFT_263641	yes	2	IPR000795,IPR004161
XP_002292607.1	THAPSDRAFT_8338	no	0	none
XP_002292608.1	THAPSDRAFT_24140	no	0	none
XP_002292609.1	THAPSDRAFT_24141	yes	1	IPR003104
XP_002292610.1	THAPSDRAFT_263642	yes	1	IPR002509
XP_002292611.1	THAPSDRAFT_8344	no	0	none
XP_002292612.1	THAPSDRAFT_263644	yes	3	IPR001241,IPR002205,IPR003594
XP_002292613.1	THAPSDRAFT_8348	yes	1	IPR008580
XP_002292614.1	THAPSDRAFT_24144	yes	1	IPR001623
XP_002292615.1	THAPSDRAFT_270310	no	0	none
XP_002292616.1	THAPSDRAFT_24145	no	0	none
XP_002292617.1	THAPSDRAFT_8354	no	0	none
XP_002292618.1	THAPSDRAFT_24146	yes	1	IPR000357
XP_002292619.1	THAPSDRAFT_36330	yes	1	IPR011261
XP_002292620.1	THAPSDRAFT_8360	yes	1	IPR001594
XP_002292621.1	THAPSDRAFT_24150	no	0	none
XP_002292622.1	THAPSDRAFT_269495	yes	1	IPR001810
XP_002292623.1	THAPSDRAFT_269496	yes	3	IPR000197,IPR001487,IPR009255
XP_002292624.1	THAPSDRAFT_263653	yes	2	IPR005834,IPR008250
XP_002292625.1	THAPSDRAFT_8365	no	0	none
XP_002292626.1	THAPSDRAFT_24152	no	0	none
XP_002292627.1	THAPSDRAFT_8370	yes	2	IPR001623,IPR002110
XP_002292628.1	THAPSDRAFT_8372	no	0	none
XP_002292629.1	THAPSDRAFT_263655	yes	1	IPR006076
XP_002292630.1	THAPSDRAFT_8380	no	0	none
XP_002292631.1	THAPSDRAFT_8382	no	0	none
XP_002292632.1	THAPSDRAFT_8384	no	0	none
XP_002292633.1	THAPSDRAFT_8387	yes	1	IPR001680
XP_002292634.1	THAPSDRAFT_263661	yes	1	IPR001993
XP_002292635.1	THAPSDRAFT_24164	no	0	none
XP_002292636.1	THAPSDRAFT_24165	yes	1	IPR001202
XP_002292637.1	THAPSDRAFT_36425	yes	1	IPR003409
XP_002292638.1	THAPSDRAFT_263663	yes	1	IPR004294
XP_002292639.1	THAPSDRAFT_36553	yes	1	IPR001806
XP_002292640.1	THAPSDRAFT_24172	no	0	none
XP_002292641.1	THAPSDRAFT_269503	no	0	none
XP_002292642.1	THAPSDRAFT_8405	no	0	none
XP_002292643.1	THAPSDRAFT_8407	no	0	none
XP_002292644.1	THAPSDRAFT_8409	no	0	none
XP_002292645.1	THAPSDRAFT_8410	yes	1	IPR000637
XP_002292646.1	THAPSDRAFT_24174	no	0	none
XP_002292647.1	THAPSDRAFT_8414	no	0	none
XP_002292648.1	THAPSDRAFT_8416	yes	1	IPR002657
XP_002292649.1	THAPSDRAFT_24177	no	0	none
XP_002292650.1	THAPSDRAFT_8420	yes	1	IPR000733
XP_002292651.1	THAPSDRAFT_24178	no	0	none
XP_002292652.1	THAPSDRAFT_36477	yes	1	IPR003439
XP_002292653.1	THAPSDRAFT_36406	yes	1	IPR000517
XP_002292654.1	THAPSDRAFT_8426	yes	1	IPR001993
XP_002292655.1	THAPSDRAFT_24182	no	0	none
XP_002292656.1	THAPSDRAFT_8429	no	0	none
XP_002292657.1	THAPSDRAFT_24183	no	0	none
XP_002292658.1	THAPSDRAFT_8432	no	0	none
XP_002292659.1	THAPSDRAFT_36501	yes	1	IPR000608
XP_002292660.1	THAPSDRAFT_8437	yes	1	IPR008250
XP_002292661.1	THAPSDRAFT_8438	yes	1	IPR002885
XP_002292662.1	THAPSDRAFT_24187	no	0	none
XP_002292663.1	THAPSDRAFT_36368	yes	1	IPR000819
XP_002292664.1	THAPSDRAFT_36539	yes	1	IPR005651
XP_002292665.1	THAPSDRAFT_26364	yes	1	IPR004667
XP_002292666.1	THAPSDRAFT_8446	no	0	none
XP_002292667.1	THAPSDRAFT_17585	no	0	none
XP_002292668.1	THAPSDRAFT_8448	no	0	none
XP_002292669.1	THAPSDRAFT_8450	yes	1	IPR001623
XP_002292670.1	THAPSDRAFT_263682	no	0	none
XP_002292671.1	THAPSDRAFT_269513	yes	3	IPR006090,IPR006091,IPR006092
XP_002292672.1	THAPSDRAFT_8453	no	0	none
XP_002292673.1	THAPSDRAFT_24195	yes	1	IPR005114
XP_002292674.1	THAPSDRAFT_26365	yes	3	IPR001753,IPR006108,IPR006176
XP_002292675.1	THAPSDRAFT_8459	no	0	none
XP_002292676.1	THAPSDRAFT_8460	no	0	none
XP_002292677.1	THAPSDRAFT_24199	no	0	none
XP_002292678.1	THAPSDRAFT_8464	no	0	none
XP_002292679.1	THAPSDRAFT_269515	yes	1	IPR001680
XP_002292680.1	THAPSDRAFT_24201	no	0	none
XP_002292681.1	THAPSDRAFT_24205	no	0	none
XP_002292682.1	THAPSDRAFT_36420	yes	3	IPR001241,IPR002205,IPR003594
XP_002292683.1	THAPSDRAFT_8480	no	0	none
XP_002292684.1	THAPSDRAFT_269520	yes	1	IPR000277
XP_002292685.1	THAPSDRAFT_8482	no	0	none
XP_002292686.1	THAPSDRAFT_24213	no	0	none
XP_002292687.1	THAPSDRAFT_24214	no	0	none
XP_002292688.1	THAPSDRAFT_8489	no	0	none
XP_002292689.1	THAPSDRAFT_8490	no	0	none
XP_002292690.1	THAPSDRAFT_24216	no	0	none
XP_002292691.1	THAPSDRAFT_24218	no	0	none
XP_002292692.1	THAPSDRAFT_36443	yes	1	IPR001309
XP_002292693.1	THAPSDRAFT_8498	yes	1	IPR000244
XP_002292694.1	THAPSDRAFT_8500	yes	1	IPR005037
XP_002292695.1	THAPSDRAFT_8502	no	0	none
XP_002292696.1	THAPSDRAFT_36522	yes	3	IPR001241,IPR002205,IPR003594
XP_002292697.1	THAPSDRAFT_8506	no	0	none
XP_002292698.1	THAPSDRAFT_8507	yes	1	IPR000504
XP_002292699.1	THAPSDRAFT_24220	no	0	none
XP_002292700.1	THAPSDRAFT_8510	no	0	none
XP_002292701.1	THAPSDRAFT_29496	no	0	none
XP_002292702.1	THAPSDRAFT_8515	no	0	none
XP_002292703.1	THAPSDRAFT_263701	no	0	none
XP_002292704.1	THAPSDRAFT_8517	no	0	none
XP_002292705.1	THAPSDRAFT_8518	no	0	none
XP_002292706.1	THAPSDRAFT_8521	no	0	none
XP_002292707.1	THAPSDRAFT_8523	no	0	none
XP_002292708.1	THAPSDRAFT_8524	yes	3	IPR004003,IPR007698,IPR007886
XP_002292709.1	THAPSDRAFT_8526	yes	1	IPR004147
XP_002292710.1	THAPSDRAFT_8528	no	0	none
XP_002292711.1	THAPSDRAFT_36506	yes	1	IPR001406
XP_002292712.1	THAPSDRAFT_8535	no	0	none
XP_002292713.1	THAPSDRAFT_19106	yes	1	IPR002130
XP_002292714.1	THAPSDRAFT_8541	yes	1	IPR000504
XP_002292715.1	THAPSDRAFT_8542	yes	1	IPR003959
XP_002292716.1	THAPSDRAFT_669	yes	1	IPR001806
XP_002292717.1	THAPSDRAFT_8544	yes	1	IPR002867
XP_002292718.1	THAPSDRAFT_24231	no	0	none
XP_002292719.1	THAPSDRAFT_41892	yes	2	IPR001375,IPR004106
XP_002292720.1	THAPSDRAFT_263715	no	0	none
XP_002292721.1	THAPSDRAFT_8551	yes	1	IPR004177
XP_002292722.1	THAPSDRAFT_24235	yes	1	IPR001394
XP_002292723.1	THAPSDRAFT_29506	yes	1	IPR001476
XP_002292724.1	THAPSDRAFT_263721	yes	1	IPR009613
XP_002292725.1	THAPSDRAFT_8561	no	0	none
XP_002292726.1	THAPSDRAFT_8562	no	0	none
XP_002292727.1	THAPSDRAFT_8564	no	0	none
XP_002292728.1	THAPSDRAFT_41898	yes	1	IPR001023
XP_002292729.1	THAPSDRAFT_36481	no	0	none
XP_002292730.1	THAPSDRAFT_24241	yes	1	IPR003323
XP_002292731.1	THAPSDRAFT_24243	no	0	none
XP_002292732.1	THAPSDRAFT_263726	yes	1	IPR003959
XP_002292733.1	THAPSDRAFT_269534	no	0	none
XP_002292734.1	THAPSDRAFT_24247	no	0	none
XP_002292735.1	THAPSDRAFT_24248	yes	6	IPR000991,IPR002474,IPR004362,IPR005479,IPR005480,IPR005481
XP_002292736.1	THAPSDRAFT_18220	yes	1	IPR001806
XP_002292737.1	THAPSDRAFT_8582	no	0	none
XP_002292738.1	THAPSDRAFT_8584	yes	1	IPR001683
XP_002292739.1	THAPSDRAFT_8586	no	0	none
XP_002292740.1	THAPSDRAFT_263734	yes	1	IPR001611
XP_002292741.1	THAPSDRAFT_29531	yes	1	IPR001780
XP_002292742.1	THAPSDRAFT_8598	no	0	none
XP_002292743.1	THAPSDRAFT_24260	no	0	none
XP_002292744.1	THAPSDRAFT_24262	yes	2	IPR000851,IPR005324
XP_002292745.1	THAPSDRAFT_36456	yes	1	IPR002735
XP_002292746.1	THAPSDRAFT_8608	no	0	none
XP_002292747.1	THAPSDRAFT_24267	no	0	none
XP_002292748.1	THAPSDRAFT_8611	no	0	none
XP_002292749.1	THAPSDRAFT_8613	no	0	none
XP_002292750.1	THAPSDRAFT_8614	no	0	none
XP_002292751.1	THAPSDRAFT_8231	yes	1	IPR011545
XP_002292752.1	THAPSDRAFT_8232	no	0	none
XP_002292753.1	THAPSDRAFT_8233	no	0	none
XP_002292754.1	THAPSDRAFT_8234	yes	1	IPR005135
XP_002292755.1	THAPSDRAFT_8237	no	0	none
XP_002292756.1	THAPSDRAFT_8240	no	0	none
XP_002292757.1	THAPSDRAFT_269474	yes	1	IPR000232
XP_002292758.1	THAPSDRAFT_24096	yes	1	IPR002422
XP_002292759.1	THAPSDRAFT_8244	yes	1	IPR002921
XP_002292760.1	THAPSDRAFT_24098	yes	1	IPR006970
XP_002292761.1	THAPSDRAFT_24099	no	0	none
XP_002292762.1	THAPSDRAFT_8248	no	0	none
XP_002292763.1	THAPSDRAFT_36524	yes	1	IPR007808
XP_002292764.1	THAPSDRAFT_8254	no	0	none
XP_002292765.1	THAPSDRAFT_8256	no	0	none
XP_002292766.1	THAPSDRAFT_8258	yes	2	IPR001054,IPR002073
XP_002292767.1	THAPSDRAFT_8261	yes	1	IPR008537
XP_002292768.1	THAPSDRAFT_24109	no	0	none
XP_002292769.1	THAPSDRAFT_8270	yes	1	IPR002110
XP_002292770.1	THAPSDRAFT_24111	yes	1	IPR002921
XP_002292771.1	THAPSDRAFT_8273	no	0	none
XP_002292772.1	THAPSDRAFT_24113	no	0	none
XP_002292773.1	THAPSDRAFT_24114	no	0	none
XP_002292774.1	THAPSDRAFT_8280	no	0	none
XP_002292775.1	THAPSDRAFT_36322	yes	1	IPR010280
XP_002292776.1	THAPSDRAFT_24118	yes	1	IPR001005
XP_002292777.1	THAPSDRAFT_8287	no	0	none
XP_002292778.1	THAPSDRAFT_8288	no	0	none
XP_002292779.1	THAPSDRAFT_8290	no	0	none
XP_002292780.1	THAPSDRAFT_263627	no	0	none
XP_002292781.1	THAPSDRAFT_24120	no	0	none
XP_002292782.1	THAPSDRAFT_8293	no	0	none
XP_002292783.1	THAPSDRAFT_36431	yes	1	IPR002130
XP_002292784.1	THAPSDRAFT_36434	yes	1	IPR010678
XP_002292785.1	THAPSDRAFT_8301	no	0	none
XP_002292786.1	THAPSDRAFT_8303	no	0	none
XP_002292787.1	THAPSDRAFT_24124	no	0	none
XP_002292788.1	THAPSDRAFT_8308	no	0	none
XP_002292789.1	THAPSDRAFT_8309	yes	1	IPR000719
XP_002292790.1	THAPSDRAFT_8311	no	0	none
XP_002292791.1	THAPSDRAFT_24127	yes	1	IPR007197
XP_002292792.1	THAPSDRAFT_36411	yes	1	IPR000719
XP_002292793.1	THAPSDRAFT_36441	yes	2	IPR004367,IPR006671
XP_002292794.1	THAPSDRAFT_269487	no	0	none
XP_002292795.1	THAPSDRAFT_36502	yes	1	IPR001040
XP_002292796.1	THAPSDRAFT_8322	yes	1	IPR008313
XP_002292797.1	THAPSDRAFT_24133	no	0	none
XP_002292798.1	THAPSDRAFT_8324	no	0	none
XP_002292799.1	THAPSDRAFT_24134	no	0	none
XP_002292800.1	THAPSDRAFT_8327	no	0	none
XP_002292801.1	THAPSDRAFT_269490	yes	1	IPR002606
XP_002292802.1	THAPSDRAFT_24137	no	0	none
XP_002292803.1	THAPSDRAFT_263640	no	0	none
XP_002292804.1	THAPSDRAFT_24142	no	0	none
XP_002292805.1	THAPSDRAFT_263643	yes	1	IPR000007
XP_002292806.1	THAPSDRAFT_16039	yes	1	IPR000432
XP_002292807.1	THAPSDRAFT_8347	no	0	none
XP_002292808.1	THAPSDRAFT_8349	no	0	none
XP_002292809.1	THAPSDRAFT_8353	no	0	none
XP_002292810.1	THAPSDRAFT_8355	no	0	none
XP_002292811.1	THAPSDRAFT_36476	yes	1	IPR001680
XP_002292812.1	THAPSDRAFT_41829	yes	3	IPR000795,IPR004160,IPR004161
XP_002292813.1	THAPSDRAFT_24149	no	0	none
XP_002292814.1	THAPSDRAFT_8366	no	0	none
XP_002292815.1	THAPSDRAFT_24153	no	0	none
XP_002292816.1	THAPSDRAFT_8369	no	0	none
XP_002292817.1	THAPSDRAFT_8371	no	0	none
XP_002292818.1	THAPSDRAFT_24155	yes	1	IPR002573
XP_002292819.1	THAPSDRAFT_8375	no	0	none
XP_002292820.1	THAPSDRAFT_8376	no	0	none
XP_002292821.1	THAPSDRAFT_24157	no	0	none
XP_002292822.1	THAPSDRAFT_24158	yes	1	IPR004274
XP_002292823.1	THAPSDRAFT_24159	no	0	none
XP_002292824.1	THAPSDRAFT_24160	no	0	none
XP_002292825.1	THAPSDRAFT_263656	no	0	none
XP_002292826.1	THAPSDRAFT_8386	yes	1	IPR006674
XP_002292827.1	THAPSDRAFT_263658	yes	1	IPR008629
XP_002292828.1	THAPSDRAFT_24163	yes	2	IPR002319,IPR005121
XP_002292829.1	THAPSDRAFT_263660	yes	1	IPR002123
XP_002292830.1	THAPSDRAFT_661	yes	1	IPR000523
XP_002292831.1	THAPSDRAFT_8395	no	0	none
XP_002292832.1	THAPSDRAFT_8397	no	0	none
XP_002292833.1	THAPSDRAFT_24167	no	0	none
XP_002292834.1	THAPSDRAFT_263665	yes	1	IPR000266
XP_002292835.1	THAPSDRAFT_24171	no	0	none
XP_002292836.1	THAPSDRAFT_269504	yes	1	IPR004000
XP_002292837.1	THAPSDRAFT_8408	no	0	none
XP_002292838.1	THAPSDRAFT_36494	no	0	none
XP_002292839.1	THAPSDRAFT_263669	no	0	none
XP_002292840.1	THAPSDRAFT_8415	yes	2	IPR003582,IPR005123
XP_002292841.1	THAPSDRAFT_8417	yes	1	IPR007051
XP_002292842.1	THAPSDRAFT_36366	yes	1	IPR005135
XP_002292843.1	THAPSDRAFT_14347	no	0	none
XP_002292844.1	THAPSDRAFT_24180	yes	1	IPR008775
XP_002292845.1	THAPSDRAFT_8428	no	0	none
XP_002292846.1	THAPSDRAFT_8431	no	0	none
XP_002292847.1	THAPSDRAFT_8433	yes	2	IPR001222,IPR003618
XP_002292848.1	THAPSDRAFT_24184	yes	1	IPR001164
XP_002292849.1	THAPSDRAFT_8436	no	0	none
XP_002292850.1	THAPSDRAFT_8439	yes	1	IPR001509
XP_002292851.1	THAPSDRAFT_24189	no	0	none
XP_002292852.1	THAPSDRAFT_8445	no	0	none
XP_002292853.1	THAPSDRAFT_8449	no	0	none
XP_002292854.1	THAPSDRAFT_29469	yes	1	IPR001440
XP_002292855.1	THAPSDRAFT_36511	yes	2	IPR002942,IPR006145
XP_002292856.1	THAPSDRAFT_36557	yes	1	IPR006843
XP_002292857.1	THAPSDRAFT_24197	no	0	none
XP_002292858.1	THAPSDRAFT_8461	no	0	none
XP_002292859.1	THAPSDRAFT_24198	no	0	none
XP_002292860.1	THAPSDRAFT_263685	yes	1	IPR002085
XP_002292861.1	THAPSDRAFT_8469	no	0	none
XP_002292862.1	THAPSDRAFT_263687	yes	1	IPR001353
XP_002292863.1	THAPSDRAFT_36438	yes	1	IPR000424
XP_002292864.1	THAPSDRAFT_8472	yes	1	IPR000073
XP_002292865.1	THAPSDRAFT_24204	yes	1	IPR000726
XP_002292866.1	THAPSDRAFT_8475	no	0	none
XP_002292867.1	THAPSDRAFT_24206	yes	1	IPR002656
XP_002292868.1	THAPSDRAFT_24207	no	0	none
XP_002292869.1	THAPSDRAFT_18158	no	0	none
XP_002292870.1	THAPSDRAFT_24211	yes	2	IPR001155,IPR001327
XP_002292871.1	THAPSDRAFT_24212	no	0	none
XP_002292872.1	THAPSDRAFT_8486	no	0	none
XP_002292873.1	THAPSDRAFT_8487	yes	1	IPR008532
XP_002292874.1	THAPSDRAFT_36372	yes	1	IPR000719
XP_002292875.1	THAPSDRAFT_24217	yes	1	IPR003034
XP_002292876.1	THAPSDRAFT_263695	yes	1	IPR006966
XP_002292877.1	THAPSDRAFT_8497	no	0	none
XP_002292878.1	THAPSDRAFT_36419	no	0	none
XP_002292879.1	THAPSDRAFT_8501	no	0	none
XP_002292880.1	THAPSDRAFT_8503	no	0	none
XP_002292881.1	THAPSDRAFT_36525	yes	1	IPR001240
XP_002292882.1	THAPSDRAFT_36407	yes	1	IPR001468
XP_002292883.1	THAPSDRAFT_8509	no	0	none
XP_002292884.1	THAPSDRAFT_8511	no	0	none
XP_002292885.1	THAPSDRAFT_17511	no	0	none
XP_002292886.1	THAPSDRAFT_8514	no	0	none
XP_002292887.1	THAPSDRAFT_263700	yes	1	IPR005114
XP_002292888.1	THAPSDRAFT_263702	yes	1	IPR002586
XP_002292889.1	THAPSDRAFT_8519	no	0	none
XP_002292890.1	THAPSDRAFT_26366	yes	1	IPR001993
XP_002292891.1	THAPSDRAFT_8522	yes	1	IPR000358
XP_002292892.1	THAPSDRAFT_24224	no	0	none
XP_002292893.1	THAPSDRAFT_8527	no	0	none
XP_002292894.1	THAPSDRAFT_24225	no	0	none
XP_002292895.1	THAPSDRAFT_24226	no	0	none
XP_002292896.1	THAPSDRAFT_24227	no	0	none
XP_002292897.1	THAPSDRAFT_8533	no	0	none
XP_002292898.1	THAPSDRAFT_36367	yes	1	IPR001680
XP_002292899.1	THAPSDRAFT_8536	no	0	none
XP_002292900.1	THAPSDRAFT_8537	yes	1	IPR008915
XP_002292901.1	THAPSDRAFT_263707	yes	1	IPR001993
XP_002292902.1	THAPSDRAFT_24230	no	0	none
XP_002292903.1	THAPSDRAFT_8546	yes	1	IPR001708
XP_002292904.1	THAPSDRAFT_263713	no	0	none
XP_002292905.1	THAPSDRAFT_270373	no	0	none
XP_002292906.1	THAPSDRAFT_24233	no	0	none
XP_002292907.1	THAPSDRAFT_8552	no	0	none
XP_002292908.1	THAPSDRAFT_263716	no	0	none
XP_002292909.1	THAPSDRAFT_263717	yes	1	IPR007185
XP_002292910.1	THAPSDRAFT_36459	no	0	none
XP_002292911.1	THAPSDRAFT_263720	yes	1	IPR006910
XP_002292912.1	THAPSDRAFT_8559	no	0	none
XP_002292913.1	THAPSDRAFT_8560	no	0	none
XP_002292914.1	THAPSDRAFT_263722	yes	1	IPR000760
XP_002292915.1	THAPSDRAFT_263724	yes	1	IPR006198
XP_002292916.1	THAPSDRAFT_36310	yes	1	IPR001915
XP_002292917.1	THAPSDRAFT_269532	no	0	none
XP_002292918.1	THAPSDRAFT_8571	no	0	none
XP_002292919.1	THAPSDRAFT_8573	no	0	none
XP_002292920.1	THAPSDRAFT_24245	no	0	none
XP_002292921.1	THAPSDRAFT_8576	no	0	none
XP_002292922.1	THAPSDRAFT_36321	yes	1	IPR007271
XP_002292923.1	THAPSDRAFT_19351	yes	1	IPR001611
XP_002292924.1	THAPSDRAFT_36339	yes	1	IPR002300
XP_002292925.1	THAPSDRAFT_8587	no	0	none
XP_002292926.1	THAPSDRAFT_24250	yes	1	IPR001734
XP_002292927.1	THAPSDRAFT_36462	yes	1	IPR000652
XP_002292928.1	THAPSDRAFT_26367	yes	1	IPR000630
XP_002292929.1	THAPSDRAFT_24255	no	0	none
XP_002292930.1	THAPSDRAFT_269540	yes	2	IPR000547,IPR001473
XP_002292931.1	THAPSDRAFT_24257	no	0	none
XP_002292932.1	THAPSDRAFT_24258	yes	1	IPR002110
XP_002292933.1	THAPSDRAFT_8599	yes	1	IPR003582
XP_002292934.1	THAPSDRAFT_269541	yes	1	IPR002933
XP_002292935.1	THAPSDRAFT_263742	yes	1	IPR001388
XP_002292936.1	THAPSDRAFT_24261	no	0	none
XP_002292937.1	THAPSDRAFT_29547	yes	1	IPR001369
XP_002292938.1	THAPSDRAFT_263745	yes	1	IPR002073
XP_002292939.1	THAPSDRAFT_263852	yes	1	IPR011547
XP_002292940.1	THAPSDRAFT_8927	no	0	none
XP_002292941.1	THAPSDRAFT_24408	no	0	none
XP_002292942.1	THAPSDRAFT_24409	yes	1	IPR011515
XP_002292943.1	THAPSDRAFT_24410	yes	1	IPR001515
XP_002292944.1	THAPSDRAFT_8937	no	0	none
XP_002292945.1	THAPSDRAFT_24414	yes	1	IPR000994
XP_002292946.1	THAPSDRAFT_36909	yes	1	IPR000719
XP_002292947.1	THAPSDRAFT_8945	no	0	none
XP_002292948.1	THAPSDRAFT_36897	yes	1	IPR000719
XP_002292949.1	THAPSDRAFT_36889	yes	1	IPR000719
XP_002292950.1	THAPSDRAFT_8952	yes	2	IPR000583,IPR001347
XP_002292951.1	THAPSDRAFT_8954	no	0	none
XP_002292952.1	THAPSDRAFT_8956	no	0	none
XP_002292953.1	THAPSDRAFT_24423	yes	1	IPR000218
XP_002292954.1	THAPSDRAFT_24425	yes	1	IPR000620
XP_002292955.1	THAPSDRAFT_8964	no	0	none
XP_002292956.1	THAPSDRAFT_16210	yes	1	IPR001611
XP_002292957.1	THAPSDRAFT_24428	no	0	none
XP_002292958.1	THAPSDRAFT_8968	no	0	none
XP_002292959.1	THAPSDRAFT_36787	yes	1	IPR000910
XP_002292960.1	THAPSDRAFT_24431	no	0	none
XP_002292961.1	THAPSDRAFT_8974	no	0	none
XP_002292962.1	THAPSDRAFT_24434	yes	1	IPR001841
XP_002292963.1	THAPSDRAFT_8979	yes	1	IPR006685
XP_002292964.1	THAPSDRAFT_24435	yes	1	IPR003841
XP_002292965.1	THAPSDRAFT_8982	no	0	none
XP_002292966.1	THAPSDRAFT_263872	yes	3	IPR002792,IPR005839,IPR007197
XP_002292967.1	THAPSDRAFT_8986	no	0	none
XP_002292968.1	THAPSDRAFT_36788	yes	1	IPR002587
XP_002292969.1	THAPSDRAFT_8988	no	0	none
XP_002292970.1	THAPSDRAFT_8990	no	0	none
XP_002292971.1	THAPSDRAFT_36835	yes	1	IPR000719
XP_002292972.1	THAPSDRAFT_8994	no	0	none
XP_002292973.1	THAPSDRAFT_8995	no	0	none
XP_002292974.1	THAPSDRAFT_8997	yes	2	IPR001650,IPR011545
XP_002292975.1	THAPSDRAFT_8998	no	0	none
XP_002292976.1	THAPSDRAFT_9000	no	0	none
XP_002292977.1	THAPSDRAFT_24443	no	0	none
XP_002292978.1	THAPSDRAFT_9003	no	0	none
XP_002292979.1	THAPSDRAFT_18388	yes	1	IPR000608
XP_002292980.1	THAPSDRAFT_9007	no	0	none
XP_002292981.1	THAPSDRAFT_9008	yes	1	IPR000504
XP_002292982.1	THAPSDRAFT_9011	no	0	none
XP_002292983.1	THAPSDRAFT_9012	no	0	none
XP_002292984.1	THAPSDRAFT_9014	no	0	none
XP_002292985.1	THAPSDRAFT_263879	yes	1	IPR003959
XP_002292986.1	THAPSDRAFT_9021	yes	1	IPR000860
XP_002292987.1	THAPSDRAFT_24451	yes	1	IPR008654
XP_002292988.1	THAPSDRAFT_9023	yes	1	IPR005527
XP_002292989.1	THAPSDRAFT_24452	no	0	none
XP_002292990.1	THAPSDRAFT_263883	no	0	none
XP_002292991.1	THAPSDRAFT_9029	no	0	none
XP_002292992.1	THAPSDRAFT_9032	no	0	none
XP_002292993.1	THAPSDRAFT_24456	no	0	none
XP_002292994.1	THAPSDRAFT_24457	yes	1	IPR003034
XP_002292995.1	THAPSDRAFT_9037	no	0	none
XP_002292996.1	THAPSDRAFT_9040	yes	2	IPR000182,IPR007197
XP_002292997.1	THAPSDRAFT_24460	no	0	none
XP_002292998.1	THAPSDRAFT_36798	yes	1	IPR010513
XP_002292999.1	THAPSDRAFT_9047	no	0	none
XP_002293000.1	THAPSDRAFT_9048	no	0	none
XP_002293001.1	THAPSDRAFT_24464	no	0	none
XP_002293002.1	THAPSDRAFT_9052	no	0	none
XP_002293003.1	THAPSDRAFT_24465	no	0	none
XP_002293004.1	THAPSDRAFT_9055	no	0	none
XP_002293005.1	THAPSDRAFT_24468	no	0	none
XP_002293006.1	THAPSDRAFT_9061	no	0	none
XP_002293007.1	THAPSDRAFT_36845	yes	6	IPR007120,IPR007641,IPR007642,IPR007645,IPR007647,IPR009674
XP_002293008.1	THAPSDRAFT_9065	no	0	none
XP_002293009.1	THAPSDRAFT_9067	yes	1	IPR007125
XP_002293010.1	THAPSDRAFT_24475	yes	1	IPR003959
XP_002293011.1	THAPSDRAFT_9073	no	0	none
XP_002293012.1	THAPSDRAFT_269619	yes	1	IPR004000
XP_002293013.1	THAPSDRAFT_24482	no	0	none
XP_002293014.1	THAPSDRAFT_26393	yes	1	IPR000608
XP_002293015.1	THAPSDRAFT_263902	yes	1	IPR000537
XP_002293016.1	THAPSDRAFT_9087	yes	1	IPR001993
XP_002293017.1	THAPSDRAFT_263903	no	0	none
XP_002293018.1	THAPSDRAFT_24488	no	0	none
XP_002293019.1	THAPSDRAFT_9092	no	0	none
XP_002293020.1	THAPSDRAFT_24489	yes	1	IPR001440
XP_002293021.1	THAPSDRAFT_24491	no	0	none
XP_002293022.1	THAPSDRAFT_24492	yes	1	IPR002921
XP_002293023.1	THAPSDRAFT_9097	no	0	none
XP_002293024.1	THAPSDRAFT_24493	no	0	none
XP_002293025.1	THAPSDRAFT_9101	no	0	none
XP_002293026.1	THAPSDRAFT_24495	yes	1	IPR007529
XP_002293027.1	THAPSDRAFT_9103	no	0	none
XP_002293028.1	THAPSDRAFT_24498	no	0	none
XP_002293029.1	THAPSDRAFT_24499	no	0	none
XP_002293030.1	THAPSDRAFT_9108	no	0	none
XP_002293031.1	THAPSDRAFT_9110	no	0	none
XP_002293032.1	THAPSDRAFT_9111	no	0	none
XP_002293033.1	THAPSDRAFT_24500	no	0	none
XP_002293034.1	THAPSDRAFT_36972	yes	1	IPR001623
XP_002293035.1	THAPSDRAFT_9115	no	0	none
XP_002293036.1	THAPSDRAFT_36928	no	0	none
XP_002293037.1	THAPSDRAFT_29728	yes	1	IPR001509
XP_002293038.1	THAPSDRAFT_24505	yes	1	IPR002885
XP_002293039.1	THAPSDRAFT_24507	no	0	none
XP_002293040.1	THAPSDRAFT_9125	no	0	none
XP_002293041.1	THAPSDRAFT_9127	no	0	none
XP_002293042.1	THAPSDRAFT_24510	yes	1	IPR006222
XP_002293043.1	THAPSDRAFT_9130	no	0	none
XP_002293044.1	THAPSDRAFT_24511	no	0	none
XP_002293045.1	THAPSDRAFT_24512	no	0	none
XP_002293046.1	THAPSDRAFT_9135	no	0	none
XP_002293047.1	THAPSDRAFT_24515	no	0	none
XP_002293048.1	THAPSDRAFT_9141	no	0	none
XP_002293049.1	THAPSDRAFT_9143	no	0	none
XP_002293050.1	THAPSDRAFT_24521	yes	2	IPR000583,IPR001347
XP_002293051.1	THAPSDRAFT_9150	no	0	none
XP_002293052.1	THAPSDRAFT_9152	no	0	none
XP_002293053.1	THAPSDRAFT_9154	no	0	none
XP_002293054.1	THAPSDRAFT_9155	yes	1	IPR001487
XP_002293055.1	THAPSDRAFT_42123	yes	2	IPR000583,IPR001347
XP_002293056.1	THAPSDRAFT_9163	no	0	none
XP_002293057.1	THAPSDRAFT_24527	yes	1	IPR010339
XP_002293058.1	THAPSDRAFT_9167	no	0	none
XP_002293059.1	THAPSDRAFT_9168	no	0	none
XP_002293060.1	THAPSDRAFT_9170	no	0	none
XP_002293061.1	THAPSDRAFT_24530	yes	1	IPR008395
XP_002293062.1	THAPSDRAFT_9174	no	0	none
XP_002293063.1	THAPSDRAFT_24534	no	0	none
XP_002293064.1	THAPSDRAFT_24535	yes	1	IPR002085
XP_002293065.1	THAPSDRAFT_24537	no	0	none
XP_002293066.1	THAPSDRAFT_36964	yes	1	IPR002638
XP_002293067.1	THAPSDRAFT_9186	no	0	none
XP_002293068.1	THAPSDRAFT_9187	no	0	none
XP_002293069.1	THAPSDRAFT_36884	yes	1	IPR000182
XP_002293070.1	THAPSDRAFT_24540	yes	1	IPR009769
XP_002293071.1	THAPSDRAFT_263924	no	0	none
XP_002293072.1	THAPSDRAFT_263925	yes	1	IPR007685
XP_002293073.1	THAPSDRAFT_24544	no	0	none
XP_002293074.1	THAPSDRAFT_9203	no	0	none
XP_002293075.1	THAPSDRAFT_9206	no	0	none
XP_002293076.1	THAPSDRAFT_24548	no	0	none
XP_002293077.1	THAPSDRAFT_24549	yes	1	IPR002048
XP_002293078.1	THAPSDRAFT_36960	no	0	none
XP_002293079.1	THAPSDRAFT_13343	yes	1	IPR003439
XP_002293080.1	THAPSDRAFT_9218	no	0	none
XP_002293081.1	THAPSDRAFT_36970	yes	1	IPR000361
XP_002293082.1	THAPSDRAFT_263934	yes	2	IPR000330,IPR001650
XP_002293083.1	THAPSDRAFT_9222	no	0	none
XP_002293084.1	THAPSDRAFT_24555	no	0	none
XP_002293085.1	THAPSDRAFT_24558	no	0	none
XP_002293086.1	THAPSDRAFT_9230	no	0	none
XP_002293087.1	THAPSDRAFT_24561	yes	1	IPR001478
XP_002293088.1	THAPSDRAFT_24562	yes	1	IPR000237
XP_002293089.1	THAPSDRAFT_9240	yes	1	IPR006970
XP_002293090.1	THAPSDRAFT_9241	no	0	none
XP_002293091.1	THAPSDRAFT_263938	no	0	none
XP_002293092.1	THAPSDRAFT_9242	no	0	none
XP_002293093.1	THAPSDRAFT_9243	no	0	none
XP_002293094.1	THAPSDRAFT_9244	no	0	none
XP_002293095.1	THAPSDRAFT_9246	no	0	none
XP_002293096.1	THAPSDRAFT_9247	no	0	none
XP_002293097.1	THAPSDRAFT_263944	yes	1	IPR003104
XP_002293098.1	THAPSDRAFT_24564	no	0	none
XP_002293099.1	THAPSDRAFT_263946	yes	1	IPR000749
XP_002293100.1	THAPSDRAFT_263947	yes	2	IPR000330,IPR001650
XP_002293101.1	THAPSDRAFT_9258	no	0	none
XP_002293102.1	THAPSDRAFT_9261	no	0	none
XP_002293103.1	THAPSDRAFT_9263	no	0	none
XP_002293104.1	THAPSDRAFT_24566	no	0	none
XP_002293105.1	THAPSDRAFT_42152	yes	1	IPR001680
XP_002293106.1	THAPSDRAFT_9270	no	0	none
XP_002293107.1	THAPSDRAFT_29771	yes	3	IPR000403,IPR003151,IPR003152
XP_002293108.1	THAPSDRAFT_24571	no	0	none
XP_002293109.1	THAPSDRAFT_9274	no	0	none
XP_002293110.1	THAPSDRAFT_9277	yes	1	IPR006970
XP_002293111.1	THAPSDRAFT_9278	no	0	none
XP_002293112.1	THAPSDRAFT_9279	no	0	none
XP_002293113.1	THAPSDRAFT_269593	yes	1	IPR003959
XP_002293114.1	THAPSDRAFT_8924	no	0	none
XP_002293115.1	THAPSDRAFT_8926	yes	1	IPR002085
XP_002293116.1	THAPSDRAFT_8928	no	0	none
XP_002293117.1	THAPSDRAFT_8930	no	0	none
XP_002293118.1	THAPSDRAFT_8932	no	0	none
XP_002293119.1	THAPSDRAFT_8934	yes	3	IPR003610,IPR004153,IPR006970
XP_002293120.1	THAPSDRAFT_693	yes	5	IPR000489,IPR003726,IPR003759,IPR004223,IPR006158
XP_002293121.1	THAPSDRAFT_36911	yes	1	IPR002610
XP_002293122.1	THAPSDRAFT_24412	no	0	none
XP_002293123.1	THAPSDRAFT_24413	yes	1	IPR003386
XP_002293124.1	THAPSDRAFT_8940	no	0	none
XP_002293125.1	THAPSDRAFT_8942	no	0	none
XP_002293126.1	THAPSDRAFT_24415	no	0	none
XP_002293127.1	THAPSDRAFT_24416	no	0	none
XP_002293128.1	THAPSDRAFT_24417	yes	2	IPR005084,IPR006970
XP_002293129.1	THAPSDRAFT_24418	no	0	none
XP_002293130.1	THAPSDRAFT_29651	yes	1	IPR000719
XP_002293131.1	THAPSDRAFT_8953	no	0	none
XP_002293132.1	THAPSDRAFT_263859	yes	1	IPR001223
XP_002293133.1	THAPSDRAFT_26383	yes	1	IPR002674
XP_002293134.1	THAPSDRAFT_8959	yes	2	IPR003959,IPR007330
XP_002293135.1	THAPSDRAFT_36774	yes	1	IPR003721
XP_002293136.1	THAPSDRAFT_8962	yes	1	IPR003841
XP_002293137.1	THAPSDRAFT_263866	yes	1	IPR001048
XP_002293138.1	THAPSDRAFT_8967	yes	1	IPR002110
XP_002293139.1	THAPSDRAFT_24429	yes	1	IPR007857
XP_002293140.1	THAPSDRAFT_8972	yes	1	IPR006575
XP_002293141.1	THAPSDRAFT_263868	yes	1	IPR001752
XP_002293142.1	THAPSDRAFT_36837	yes	2	IPR001140,IPR003439
XP_002293143.1	THAPSDRAFT_8978	no	0	none
XP_002293144.1	THAPSDRAFT_8980	no	0	none
XP_002293145.1	THAPSDRAFT_24437	no	0	none
XP_002293146.1	THAPSDRAFT_263873	yes	1	IPR001993
XP_002293147.1	THAPSDRAFT_36775	yes	1	IPR002130
XP_002293148.1	THAPSDRAFT_24439	no	0	none
XP_002293149.1	THAPSDRAFT_8992	no	0	none
XP_002293150.1	THAPSDRAFT_24441	no	0	none
XP_002293151.1	THAPSDRAFT_8999	no	0	none
XP_002293152.1	THAPSDRAFT_9002	no	0	none
XP_002293153.1	THAPSDRAFT_24445	no	0	none
XP_002293154.1	THAPSDRAFT_9006	no	0	none
XP_002293155.1	THAPSDRAFT_9009	no	0	none
XP_002293156.1	THAPSDRAFT_42074	yes	2	IPR001721,IPR001926
XP_002293157.1	THAPSDRAFT_263878	yes	1	IPR002655
XP_002293158.1	THAPSDRAFT_9015	no	0	none
XP_002293159.1	THAPSDRAFT_9017	no	0	none
XP_002293160.1	THAPSDRAFT_9018	yes	1	IPR001965
XP_002293161.1	THAPSDRAFT_24448	no	0	none
XP_002293162.1	THAPSDRAFT_263880	yes	1	IPR002547
XP_002293163.1	THAPSDRAFT_13572	yes	1	IPR002300
XP_002293164.1	THAPSDRAFT_9024	no	0	none
XP_002293165.1	THAPSDRAFT_9026	no	0	none
XP_002293166.1	THAPSDRAFT_9028	no	0	none
XP_002293167.1	THAPSDRAFT_24454	yes	1	IPR001594
XP_002293168.1	THAPSDRAFT_9031	yes	1	IPR007143
XP_002293169.1	THAPSDRAFT_24455	no	0	none
XP_002293170.1	THAPSDRAFT_9036	no	0	none
XP_002293171.1	THAPSDRAFT_36979	yes	1	IPR006984
XP_002293172.1	THAPSDRAFT_36858	no	0	none
XP_002293173.1	THAPSDRAFT_24462	yes	1	IPR004667
XP_002293174.1	THAPSDRAFT_29705	yes	1	IPR000228
XP_002293175.1	THAPSDRAFT_9049	no	0	none
XP_002293176.1	THAPSDRAFT_9051	no	0	none
XP_002293177.1	THAPSDRAFT_24466	no	0	none
XP_002293178.1	THAPSDRAFT_263887	yes	1	IPR000719
XP_002293179.1	THAPSDRAFT_9057	no	0	none
XP_002293180.1	THAPSDRAFT_9060	no	0	none
XP_002293181.1	THAPSDRAFT_269616	yes	3	IPR000795,IPR004160,IPR004161
XP_002293182.1	THAPSDRAFT_36811	yes	1	IPR007125
XP_002293183.1	THAPSDRAFT_36986	yes	1	IPR005304
XP_002293184.1	THAPSDRAFT_24477	no	0	none
XP_002293185.1	THAPSDRAFT_24478	yes	1	IPR000225
XP_002293186.1	THAPSDRAFT_24479	yes	1	IPR001611
XP_002293187.1	THAPSDRAFT_24480	no	0	none
XP_002293188.1	THAPSDRAFT_263899	no	0	none
XP_002293189.1	THAPSDRAFT_9079	no	0	none
XP_002293190.1	THAPSDRAFT_24483	no	0	none
XP_002293191.1	THAPSDRAFT_24484	no	0	none
XP_002293192.1	THAPSDRAFT_24486	no	0	none
XP_002293193.1	THAPSDRAFT_9085	no	0	none
XP_002293194.1	THAPSDRAFT_9086	yes	1	IPR000232
XP_002293195.1	THAPSDRAFT_20223	yes	1	IPR000504
XP_002293196.1	THAPSDRAFT_9091	yes	1	IPR001251
XP_002293197.1	THAPSDRAFT_24490	no	0	none
XP_002293198.1	THAPSDRAFT_36879	no	0	none
XP_002293199.1	THAPSDRAFT_9099	no	0	none
XP_002293200.1	THAPSDRAFT_24494	no	0	none
XP_002293201.1	THAPSDRAFT_24496	no	0	none
XP_002293202.1	THAPSDRAFT_24497	no	0	none
XP_002293203.1	THAPSDRAFT_9109	no	0	none
XP_002293204.1	THAPSDRAFT_263906	yes	1	IPR000889
XP_002293205.1	THAPSDRAFT_24501	no	0	none
XP_002293206.1	THAPSDRAFT_15638	yes	1	IPR001214
XP_002293207.1	THAPSDRAFT_24503	no	0	none
XP_002293208.1	THAPSDRAFT_9118	yes	1	IPR002820
XP_002293209.1	THAPSDRAFT_24506	no	0	none
XP_002293210.1	THAPSDRAFT_9122	no	0	none
XP_002293211.1	THAPSDRAFT_9124	no	0	none
XP_002293212.1	THAPSDRAFT_24508	yes	3	IPR006209,IPR006652,IPR011498
XP_002293213.1	THAPSDRAFT_42114	yes	1	IPR001854
XP_002293214.1	THAPSDRAFT_9131	yes	1	IPR001283
XP_002293215.1	THAPSDRAFT_9133	yes	1	IPR000086
XP_002293216.1	THAPSDRAFT_24514	yes	1	IPR009548
XP_002293217.1	THAPSDRAFT_263911	yes	1	IPR005114
XP_002293218.1	THAPSDRAFT_711	yes	1	IPR002657
XP_002293219.1	THAPSDRAFT_9142	no	0	none
XP_002293220.1	THAPSDRAFT_24519	yes	1	IPR002557
XP_002293221.1	THAPSDRAFT_9145	no	0	none
XP_002293222.1	THAPSDRAFT_9148	no	0	none
XP_002293223.1	THAPSDRAFT_18741	no	0	none
XP_002293224.1	THAPSDRAFT_24523	yes	1	IPR002557
XP_002293225.1	THAPSDRAFT_9153	no	0	none
XP_002293226.1	THAPSDRAFT_24525	no	0	none
XP_002293227.1	THAPSDRAFT_36995	no	0	none
XP_002293228.1	THAPSDRAFT_9161	no	0	none
XP_002293229.1	THAPSDRAFT_9162	no	0	none
XP_002293230.1	THAPSDRAFT_9166	no	0	none
XP_002293231.1	THAPSDRAFT_24529	no	0	none
XP_002293232.1	THAPSDRAFT_36947	no	0	none
XP_002293233.1	THAPSDRAFT_9173	no	0	none
XP_002293234.1	THAPSDRAFT_9175	no	0	none
XP_002293235.1	THAPSDRAFT_36971	yes	2	IPR000089,IPR001078
XP_002293236.1	THAPSDRAFT_36958	no	0	none
XP_002293237.1	THAPSDRAFT_42133	no	0	none
XP_002293238.1	THAPSDRAFT_9180	no	0	none
XP_002293239.1	THAPSDRAFT_269633	no	0	none
XP_002293240.1	THAPSDRAFT_9184	yes	1	IPR003675
XP_002293241.1	THAPSDRAFT_24538	no	0	none
XP_002293242.1	THAPSDRAFT_9189	no	0	none
XP_002293243.1	THAPSDRAFT_36917	yes	1	IPR002616
XP_002293244.1	THAPSDRAFT_9195	no	0	none
XP_002293245.1	THAPSDRAFT_24542	yes	1	IPR004843
XP_002293246.1	THAPSDRAFT_36937	yes	2	IPR000403,IPR001263
XP_002293247.1	THAPSDRAFT_9199	no	0	none
XP_002293248.1	THAPSDRAFT_36988	no	0	none
XP_002293249.1	THAPSDRAFT_263928	yes	1	IPR001611
XP_002293250.1	THAPSDRAFT_24545	no	0	none
XP_002293251.1	THAPSDRAFT_263929	no	0	none
XP_002293252.1	THAPSDRAFT_9207	yes	1	IPR001202
XP_002293253.1	THAPSDRAFT_24546	no	0	none
XP_002293254.1	THAPSDRAFT_263931	yes	1	IPR001578
XP_002293255.1	THAPSDRAFT_24550	no	0	none
XP_002293256.1	THAPSDRAFT_36927	yes	1	IPR000719
XP_002293257.1	THAPSDRAFT_24552	no	0	none
XP_002293258.1	THAPSDRAFT_9221	no	0	none
XP_002293259.1	THAPSDRAFT_36929	yes	1	IPR004088
XP_002293260.1	THAPSDRAFT_719	yes	1	IPR000257
XP_002293261.1	THAPSDRAFT_26398	yes	1	IPR001578
XP_002293262.1	THAPSDRAFT_24556	yes	1	IPR000225
XP_002293263.1	THAPSDRAFT_24557	no	0	none
XP_002293264.1	THAPSDRAFT_24559	no	0	none
XP_002293265.1	THAPSDRAFT_24560	yes	1	IPR006662
XP_002293266.1	THAPSDRAFT_263935	yes	1	IPR001610
XP_002293267.1	THAPSDRAFT_263936	yes	1	IPR000209
XP_002293268.1	THAPSDRAFT_9236	no	0	none
XP_002293269.1	THAPSDRAFT_9238	yes	1	IPR000253
XP_002293270.1	THAPSDRAFT_36764	yes	1	IPR000182
XP_002293271.1	THAPSDRAFT_263945	yes	2	IPR000595,IPR002641
XP_002293272.1	THAPSDRAFT_24563	yes	2	IPR000415,IPR002048
XP_002293273.1	THAPSDRAFT_9252	no	0	none
XP_002293274.1	THAPSDRAFT_24565	no	0	none
XP_002293275.1	THAPSDRAFT_9255	no	0	none
XP_002293276.1	THAPSDRAFT_9257	no	0	none
XP_002293277.1	THAPSDRAFT_9259	no	0	none
XP_002293278.1	THAPSDRAFT_9260	no	0	none
XP_002293279.1	THAPSDRAFT_9262	no	0	none
XP_002293280.1	THAPSDRAFT_9265	no	0	none
XP_002293281.1	THAPSDRAFT_24568	no	0	none
XP_002293282.1	THAPSDRAFT_9268	no	0	none
XP_002293283.1	THAPSDRAFT_24569	no	0	none
XP_002293284.1	THAPSDRAFT_9271	no	0	none
XP_002293285.1	THAPSDRAFT_9275	no	0	none
XP_002293286.1	THAPSDRAFT_24572	yes	1	IPR002016
XP_002293287.1	THAPSDRAFT_9280	no	0	none
XP_002293288.1	THAPSDRAFT_9282	no	0	none
XP_002293289.1	THAPSDRAFT_9287	no	0	none
XP_002293290.1	THAPSDRAFT_9289	yes	1	IPR001254
XP_002293291.1	THAPSDRAFT_24577	no	0	none
XP_002293292.1	THAPSDRAFT_9292	no	0	none
XP_002293293.1	THAPSDRAFT_37047	yes	1	IPR000156
XP_002293294.1	THAPSDRAFT_9297	yes	1	IPR006671
XP_002293295.1	THAPSDRAFT_9299	yes	1	IPR006671
XP_002293296.1	THAPSDRAFT_9301	yes	1	IPR003656
XP_002293297.1	THAPSDRAFT_24584	no	0	none
XP_002293298.1	THAPSDRAFT_9304	no	0	none
XP_002293299.1	THAPSDRAFT_9306	no	0	none
XP_002293300.1	THAPSDRAFT_9307	no	0	none
XP_002293301.1	THAPSDRAFT_9309	no	0	none
XP_002293302.1	THAPSDRAFT_9310	no	0	none
XP_002293303.1	THAPSDRAFT_29782	yes	1	IPR002769
XP_002293304.1	THAPSDRAFT_24588	yes	1	IPR007062
XP_002293305.1	THAPSDRAFT_37120	yes	1	IPR004910
XP_002293306.1	THAPSDRAFT_9321	yes	1	IPR001163
XP_002293307.1	THAPSDRAFT_9323	no	0	none
XP_002293308.1	THAPSDRAFT_269653	no	0	none
XP_002293309.1	THAPSDRAFT_9330	no	0	none
XP_002293310.1	THAPSDRAFT_24595	no	0	none
XP_002293311.1	THAPSDRAFT_24596	yes	2	IPR000719,IPR001478
XP_002293312.1	THAPSDRAFT_24597	no	0	none
XP_002293313.1	THAPSDRAFT_24598	yes	1	IPR001394
XP_002293314.1	THAPSDRAFT_9336	yes	1	IPR006876
XP_002293315.1	THAPSDRAFT_9339	no	0	none
XP_002293316.1	THAPSDRAFT_24601	no	0	none
XP_002293317.1	THAPSDRAFT_9342	no	0	none
XP_002293318.1	THAPSDRAFT_24602	no	0	none
XP_002293319.1	THAPSDRAFT_9345	no	0	none
XP_002293320.1	THAPSDRAFT_9351	no	0	none
XP_002293321.1	THAPSDRAFT_9352	yes	1	IPR007300
XP_002293322.1	THAPSDRAFT_269660	no	0	none
XP_002293323.1	THAPSDRAFT_37071	yes	1	IPR000836
XP_002293324.1	THAPSDRAFT_269662	no	0	none
XP_002293325.1	THAPSDRAFT_269663	yes	1	IPR002553
XP_002293326.1	THAPSDRAFT_9360	no	0	none
XP_002293327.1	THAPSDRAFT_9361	no	0	none
XP_002293328.1	THAPSDRAFT_24613	no	0	none
XP_002293329.1	THAPSDRAFT_24614	no	0	none
XP_002293330.1	THAPSDRAFT_17337	yes	1	IPR006671
XP_002293331.1	THAPSDRAFT_263984	no	0	none
XP_002293332.1	THAPSDRAFT_9371	no	0	none
XP_002293333.1	THAPSDRAFT_9374	no	0	none
XP_002293334.1	THAPSDRAFT_24618	no	0	none
XP_002293335.1	THAPSDRAFT_37187	yes	1	IPR000504
XP_002293336.1	THAPSDRAFT_9382	no	0	none
XP_002293337.1	THAPSDRAFT_9384	no	0	none
XP_002293338.1	THAPSDRAFT_24623	no	0	none
XP_002293339.1	THAPSDRAFT_24624	yes	1	IPR001023
XP_002293340.1	THAPSDRAFT_17961	yes	1	IPR006214
XP_002293341.1	THAPSDRAFT_9391	yes	1	IPR007274
XP_002293342.1	THAPSDRAFT_24626	yes	1	IPR001841
XP_002293343.1	THAPSDRAFT_9393	no	0	none
XP_002293344.1	THAPSDRAFT_24627	no	0	none
XP_002293345.1	THAPSDRAFT_263989	no	0	none
XP_002293346.1	THAPSDRAFT_269666	no	0	none
XP_002293347.1	THAPSDRAFT_24632	no	0	none
XP_002293348.1	THAPSDRAFT_9405	yes	1	IPR011577
XP_002293349.1	THAPSDRAFT_24634	no	0	none
XP_002293350.1	THAPSDRAFT_24635	no	0	none
XP_002293351.1	THAPSDRAFT_9410	yes	1	IPR002931
XP_002293352.1	THAPSDRAFT_9412	no	0	none
XP_002293353.1	THAPSDRAFT_9414	no	0	none
XP_002293354.1	THAPSDRAFT_24639	no	0	none
XP_002293355.1	THAPSDRAFT_9417	no	0	none
XP_002293356.1	THAPSDRAFT_263994	yes	2	IPR002553,IPR008152
XP_002293357.1	THAPSDRAFT_9424	no	0	none
XP_002293358.1	THAPSDRAFT_24642	no	0	none
XP_002293359.1	THAPSDRAFT_42213	yes	2	IPR001278,IPR008909
XP_002293360.1	THAPSDRAFT_24644	no	0	none
XP_002293361.1	THAPSDRAFT_9431	no	0	none
XP_002293362.1	THAPSDRAFT_24647	yes	1	IPR001254
XP_002293363.1	THAPSDRAFT_9434	yes	1	IPR001254
XP_002293364.1	THAPSDRAFT_9436	yes	1	IPR005123
XP_002293365.1	THAPSDRAFT_37198	no	0	none
XP_002293366.1	THAPSDRAFT_264001	yes	1	IPR002937
XP_002293367.1	THAPSDRAFT_9443	yes	1	IPR007369
XP_002293368.1	THAPSDRAFT_264002	yes	1	IPR000408
XP_002293369.1	THAPSDRAFT_24653	no	0	none
XP_002293370.1	THAPSDRAFT_9449	no	0	none
XP_002293371.1	THAPSDRAFT_24655	no	0	none
XP_002293372.1	THAPSDRAFT_24656	yes	3	IPR001623,IPR003613,IPR004088
XP_002293373.1	THAPSDRAFT_9458	no	0	none
XP_002293374.1	THAPSDRAFT_9460	yes	3	IPR001878,IPR006652,IPR011498
XP_002293375.1	THAPSDRAFT_9462	no	0	none
XP_002293376.1	THAPSDRAFT_29842	yes	1	IPR005806
XP_002293377.1	THAPSDRAFT_9465	no	0	none
XP_002293378.1	THAPSDRAFT_9467	no	0	none
XP_002293379.1	THAPSDRAFT_26403	no	0	none
XP_002293380.1	THAPSDRAFT_42226	yes	1	IPR000924
XP_002293381.1	THAPSDRAFT_9472	no	0	none
XP_002293382.1	THAPSDRAFT_24666	yes	1	IPR001604
XP_002293383.1	THAPSDRAFT_9475	no	0	none
XP_002293384.1	THAPSDRAFT_9477	no	0	none
XP_002293385.1	THAPSDRAFT_264010	yes	1	IPR005123
XP_002293386.1	THAPSDRAFT_37041	yes	1	IPR006680
XP_002293387.1	THAPSDRAFT_9483	no	0	none
XP_002293388.1	THAPSDRAFT_24671	no	0	none
XP_002293389.1	THAPSDRAFT_9489	no	0	none
XP_002293390.1	THAPSDRAFT_9491	yes	1	IPR000048
XP_002293391.1	THAPSDRAFT_264018	yes	1	IPR001611
XP_002293392.1	THAPSDRAFT_9494	yes	1	IPR001623
XP_002293393.1	THAPSDRAFT_37231	yes	1	IPR000569
XP_002293394.1	THAPSDRAFT_9499	yes	1	IPR005834
XP_002293395.1	THAPSDRAFT_728	yes	1	IPR002076
XP_002293396.1	THAPSDRAFT_9503	no	0	none
XP_002293397.1	THAPSDRAFT_264023	yes	1	IPR000195
XP_002293398.1	THAPSDRAFT_9506	no	0	none
XP_002293399.1	THAPSDRAFT_24677	yes	1	IPR002625
XP_002293400.1	THAPSDRAFT_26405	yes	1	IPR004209
XP_002293401.1	THAPSDRAFT_9513	no	0	none
XP_002293402.1	THAPSDRAFT_24679	no	0	none
XP_002293403.1	THAPSDRAFT_269690	no	0	none
XP_002293404.1	THAPSDRAFT_9519	yes	1	IPR002110
XP_002293405.1	THAPSDRAFT_37116	yes	1	IPR007271
XP_002293406.1	THAPSDRAFT_24682	yes	1	IPR001452
XP_002293407.1	THAPSDRAFT_9524	no	0	none
XP_002293408.1	THAPSDRAFT_9525	no	0	none
XP_002293409.1	THAPSDRAFT_9527	no	0	none
XP_002293410.1	THAPSDRAFT_24684	no	0	none
XP_002293411.1	THAPSDRAFT_264034	yes	1	IPR001932
XP_002293412.1	THAPSDRAFT_24685	no	0	none
XP_002293413.1	THAPSDRAFT_9532	no	0	none
XP_002293414.1	THAPSDRAFT_24686	no	0	none
XP_002293415.1	THAPSDRAFT_264036	yes	1	IPR000232
XP_002293416.1	THAPSDRAFT_24689	no	0	none
XP_002293417.1	THAPSDRAFT_29867	yes	1	IPR000873
XP_002293418.1	THAPSDRAFT_24693	no	0	none
XP_002293419.1	THAPSDRAFT_269696	no	0	none
XP_002293420.1	THAPSDRAFT_9549	no	0	none
XP_002293421.1	THAPSDRAFT_9552	no	0	none
XP_002293422.1	THAPSDRAFT_24698	no	0	none
XP_002293423.1	THAPSDRAFT_264048	no	0	none
XP_002293424.1	THAPSDRAFT_24699	no	0	none
XP_002293425.1	THAPSDRAFT_9558	no	0	none
XP_002293426.1	THAPSDRAFT_24700	no	0	none
XP_002293427.1	THAPSDRAFT_17228	yes	1	IPR001254
XP_002293428.1	THAPSDRAFT_264051	yes	1	IPR003422
XP_002293429.1	THAPSDRAFT_42258	yes	1	IPR001680
XP_002293430.1	THAPSDRAFT_37137	yes	1	IPR001387
XP_002293431.1	THAPSDRAFT_24704	no	0	none
XP_002293432.1	THAPSDRAFT_24705	yes	1	IPR001440
XP_002293433.1	THAPSDRAFT_9569	no	0	none
XP_002293434.1	THAPSDRAFT_9570	yes	1	IPR000569
XP_002293435.1	THAPSDRAFT_24709	no	0	none
XP_002293436.1	THAPSDRAFT_9577	no	0	none
XP_002293437.1	THAPSDRAFT_24711	no	0	none
XP_002293438.1	THAPSDRAFT_9581	no	0	none
XP_002293439.1	THAPSDRAFT_24715	yes	1	IPR001680
XP_002293440.1	THAPSDRAFT_9587	no	0	none
XP_002293441.1	THAPSDRAFT_37032	yes	1	IPR000915
XP_002293442.1	THAPSDRAFT_264061	yes	1	IPR000340
XP_002293443.1	THAPSDRAFT_14637	no	0	none
XP_002293444.1	THAPSDRAFT_9594	no	0	none
XP_002293445.1	THAPSDRAFT_264063	yes	2	IPR002942,IPR006145
XP_002293446.1	THAPSDRAFT_24719	no	0	none
XP_002293447.1	THAPSDRAFT_9598	no	0	none
XP_002293448.1	THAPSDRAFT_264064	no	0	none
XP_002293449.1	THAPSDRAFT_9607	yes	1	IPR000232
XP_002293450.1	THAPSDRAFT_9608	no	0	none
XP_002293451.1	THAPSDRAFT_12846	yes	2	IPR000330,IPR001650
XP_002293452.1	THAPSDRAFT_9617	yes	1	IPR001388
XP_002293453.1	THAPSDRAFT_264072	yes	1	IPR000232
XP_002293454.1	THAPSDRAFT_24729	no	0	none
XP_002293455.1	THAPSDRAFT_37123	yes	3	IPR000194,IPR000793,IPR004100
XP_002293456.1	THAPSDRAFT_42283	yes	1	IPR000195
XP_002293457.1	THAPSDRAFT_18392	no	0	none
XP_002293458.1	THAPSDRAFT_9630	yes	1	IPR001440
XP_002293459.1	THAPSDRAFT_24735	yes	1	IPR004240
XP_002293460.1	THAPSDRAFT_9632	no	0	none
XP_002293461.1	THAPSDRAFT_9633	no	0	none
XP_002293462.1	THAPSDRAFT_24736	yes	1	IPR002048
XP_002293463.1	THAPSDRAFT_9635	no	0	none
XP_002293464.1	THAPSDRAFT_9636	yes	1	IPR000874
XP_002293465.1	THAPSDRAFT_19034	no	0	none
XP_002293466.1	THAPSDRAFT_269717	no	0	none
XP_002293467.1	THAPSDRAFT_269718	yes	2	IPR001017,IPR005475
XP_002293468.1	THAPSDRAFT_9648	no	0	none
XP_002293469.1	THAPSDRAFT_264090	no	0	none
XP_002293470.1	THAPSDRAFT_9653	no	0	none
XP_002293471.1	THAPSDRAFT_9655	no	0	none
XP_002293472.1	THAPSDRAFT_263953	yes	1	IPR001054
XP_002293473.1	THAPSDRAFT_37197	yes	1	IPR001313
XP_002293474.1	THAPSDRAFT_9284	yes	1	IPR001054
XP_002293475.1	THAPSDRAFT_24575	yes	1	IPR001054
XP_002293476.1	THAPSDRAFT_9286	yes	1	IPR001254
XP_002293477.1	THAPSDRAFT_24576	no	0	none
XP_002293478.1	THAPSDRAFT_9291	no	0	none
XP_002293479.1	THAPSDRAFT_29778	yes	1	IPR000409
XP_002293480.1	THAPSDRAFT_24580	yes	2	IPR001841,IPR002893
XP_002293481.1	THAPSDRAFT_263961	no	0	none
XP_002293482.1	THAPSDRAFT_9298	no	0	none
XP_002293483.1	THAPSDRAFT_24583	yes	1	IPR000415
XP_002293484.1	THAPSDRAFT_9303	no	0	none
XP_002293485.1	THAPSDRAFT_263963	yes	1	IPR002553
XP_002293486.1	THAPSDRAFT_9308	no	0	none
XP_002293487.1	THAPSDRAFT_9311	no	0	none
XP_002293488.1	THAPSDRAFT_24585	yes	1	IPR000727
XP_002293489.1	THAPSDRAFT_9314	no	0	none
XP_002293490.1	THAPSDRAFT_24587	no	0	none
XP_002293491.1	THAPSDRAFT_9318	yes	2	IPR000449,IPR001816
XP_002293492.1	THAPSDRAFT_24590	yes	1	IPR007034
XP_002293493.1	THAPSDRAFT_42169	yes	1	IPR007264
XP_002293494.1	THAPSDRAFT_37166	yes	1	IPR000456
XP_002293495.1	THAPSDRAFT_723	yes	1	IPR003959
XP_002293496.1	THAPSDRAFT_24591	no	0	none
XP_002293497.1	THAPSDRAFT_24592	no	0	none
XP_002293498.1	THAPSDRAFT_9328	no	0	none
XP_002293499.1	THAPSDRAFT_9329	no	0	none
XP_002293500.1	THAPSDRAFT_29789	yes	1	IPR006662
XP_002293501.1	THAPSDRAFT_24594	no	0	none
XP_002293502.1	THAPSDRAFT_37100	yes	1	IPR001222
XP_002293503.1	THAPSDRAFT_24599	no	0	none
XP_002293504.1	THAPSDRAFT_9338	no	0	none
XP_002293505.1	THAPSDRAFT_270227	no	0	none
XP_002293506.1	THAPSDRAFT_24603	yes	1	IPR000232
XP_002293507.1	THAPSDRAFT_24604	no	0	none
XP_002293508.1	THAPSDRAFT_263978	yes	1	IPR000232
XP_002293509.1	THAPSDRAFT_24606	no	0	none
XP_002293510.1	THAPSDRAFT_263979	yes	1	IPR000719
XP_002293511.1	THAPSDRAFT_9353	yes	1	IPR000232
XP_002293512.1	THAPSDRAFT_37139	yes	1	IPR007533
XP_002293513.1	THAPSDRAFT_24610	no	0	none
XP_002293514.1	THAPSDRAFT_17396	yes	1	IPR006671
XP_002293515.1	THAPSDRAFT_19890	yes	1	IPR001623
XP_002293516.1	THAPSDRAFT_9364	no	0	none
XP_002293517.1	THAPSDRAFT_9367	yes	1	IPR006970
XP_002293518.1	THAPSDRAFT_24615	no	0	none
XP_002293519.1	THAPSDRAFT_9370	no	0	none
XP_002293520.1	THAPSDRAFT_24616	no	0	none
XP_002293521.1	THAPSDRAFT_9373	no	0	none
XP_002293522.1	THAPSDRAFT_9375	yes	1	IPR000232
XP_002293523.1	THAPSDRAFT_24617	yes	1	IPR001478
XP_002293524.1	THAPSDRAFT_9378	no	0	none
XP_002293525.1	THAPSDRAFT_24619	yes	1	IPR006140
XP_002293526.1	THAPSDRAFT_9381	no	0	none
XP_002293527.1	THAPSDRAFT_42194	yes	1	IPR002048
XP_002293528.1	THAPSDRAFT_263987	no	0	none
XP_002293529.1	THAPSDRAFT_37183	yes	1	IPR000182
XP_002293530.1	THAPSDRAFT_9388	no	0	none
XP_002293531.1	THAPSDRAFT_29818	yes	1	IPR003439
XP_002293532.1	THAPSDRAFT_9394	no	0	none
XP_002293533.1	THAPSDRAFT_9396	no	0	none
XP_002293534.1	THAPSDRAFT_24628	yes	1	IPR000086
XP_002293535.1	THAPSDRAFT_37156	yes	1	IPR000836
XP_002293536.1	THAPSDRAFT_24631	no	0	none
XP_002293537.1	THAPSDRAFT_9401	no	0	none
XP_002293538.1	THAPSDRAFT_24633	yes	1	IPR001680
XP_002293539.1	THAPSDRAFT_9404	no	0	none
XP_002293540.1	THAPSDRAFT_9406	no	0	none
XP_002293541.1	THAPSDRAFT_24636	no	0	none
XP_002293542.1	THAPSDRAFT_20014	yes	1	IPR004226
XP_002293543.1	THAPSDRAFT_263992	no	0	none
XP_002293544.1	THAPSDRAFT_29825	yes	1	IPR001047
XP_002293545.1	THAPSDRAFT_9419	no	0	none
XP_002293546.1	THAPSDRAFT_9420	no	0	none
XP_002293547.1	THAPSDRAFT_24641	no	0	none
XP_002293548.1	THAPSDRAFT_9423	no	0	none
XP_002293549.1	THAPSDRAFT_9425	yes	1	IPR001440
XP_002293550.1	THAPSDRAFT_263996	yes	3	IPR000330,IPR001650,IPR011124
XP_002293551.1	THAPSDRAFT_263997	yes	2	IPR002553,IPR008152
XP_002293552.1	THAPSDRAFT_9432	no	0	none
XP_002293553.1	THAPSDRAFT_9435	no	0	none
XP_002293554.1	THAPSDRAFT_9438	no	0	none
XP_002293555.1	THAPSDRAFT_9440	no	0	none
XP_002293556.1	THAPSDRAFT_24649	no	0	none
XP_002293557.1	THAPSDRAFT_9442	yes	1	IPR000692
XP_002293558.1	THAPSDRAFT_37054	yes	1	IPR002016
XP_002293559.1	THAPSDRAFT_9447	no	0	none
XP_002293560.1	THAPSDRAFT_37232	yes	1	IPR004183
XP_002293561.1	THAPSDRAFT_264004	yes	2	IPR005834,IPR008250
XP_002293562.1	THAPSDRAFT_264005	no	0	none
XP_002293563.1	THAPSDRAFT_9454	no	0	none
XP_002293564.1	THAPSDRAFT_24657	no	0	none
XP_002293565.1	THAPSDRAFT_24658	no	0	none
XP_002293566.1	THAPSDRAFT_24659	yes	1	IPR002562
XP_002293567.1	THAPSDRAFT_9459	no	0	none
XP_002293568.1	THAPSDRAFT_24660	no	0	none
XP_002293569.1	THAPSDRAFT_9463	no	0	none
XP_002293570.1	THAPSDRAFT_9466	no	0	none
XP_002293571.1	THAPSDRAFT_9471	yes	1	IPR004027
XP_002293572.1	THAPSDRAFT_24665	no	0	none
XP_002293573.1	THAPSDRAFT_9476	no	0	none
XP_002293574.1	THAPSDRAFT_9479	no	0	none
XP_002293575.1	THAPSDRAFT_24668	no	0	none
XP_002293576.1	THAPSDRAFT_264013	yes	1	IPR009695
XP_002293577.1	THAPSDRAFT_24669	no	0	none
XP_002293578.1	THAPSDRAFT_9485	yes	1	IPR003690
XP_002293579.1	THAPSDRAFT_26022	yes	1	IPR005341
XP_002293580.1	THAPSDRAFT_29850	yes	1	IPR011538
XP_002293581.1	THAPSDRAFT_9490	no	0	none
XP_002293582.1	THAPSDRAFT_264016	yes	3	IPR005834,IPR006068,IPR008250
XP_002293583.1	THAPSDRAFT_9495	no	0	none
XP_002293584.1	THAPSDRAFT_9497	no	0	none
XP_002293585.1	THAPSDRAFT_9498	no	0	none
XP_002293586.1	THAPSDRAFT_9500	no	0	none
XP_002293587.1	THAPSDRAFT_9502	no	0	none
XP_002293588.1	THAPSDRAFT_269683	no	0	none
XP_002293589.1	THAPSDRAFT_37158	no	0	none
XP_002293590.1	THAPSDRAFT_29861	yes	4	IPR002489,IPR002932,IPR006981,IPR006982
XP_002293591.1	THAPSDRAFT_9511	yes	1	IPR000850
XP_002293592.1	THAPSDRAFT_9512	yes	1	IPR001993
XP_002293593.1	THAPSDRAFT_9514	no	0	none
XP_002293594.1	THAPSDRAFT_37240	yes	1	IPR001611
XP_002293595.1	THAPSDRAFT_24680	no	0	none
XP_002293596.1	THAPSDRAFT_9520	yes	1	IPR002110
XP_002293597.1	THAPSDRAFT_9522	no	0	none
XP_002293598.1	THAPSDRAFT_37040	yes	1	IPR001841
XP_002293599.1	THAPSDRAFT_24683	yes	1	IPR001680
XP_002293600.1	THAPSDRAFT_9529	no	0	none
XP_002293601.1	THAPSDRAFT_9534	no	0	none
XP_002293602.1	THAPSDRAFT_24688	no	0	none
XP_002293603.1	THAPSDRAFT_37097	no	0	none
XP_002293604.1	THAPSDRAFT_264039	yes	1	IPR001128
XP_002293605.1	THAPSDRAFT_9543	no	0	none
XP_002293606.1	THAPSDRAFT_24694	no	0	none
XP_002293607.1	THAPSDRAFT_264043	no	0	none
XP_002293608.1	THAPSDRAFT_37127	no	0	none
XP_002293609.1	THAPSDRAFT_269699	no	0	none
XP_002293610.1	THAPSDRAFT_9551	no	0	none
XP_002293611.1	THAPSDRAFT_9555	no	0	none
XP_002293612.1	THAPSDRAFT_9557	no	0	none
XP_002293613.1	THAPSDRAFT_37126	yes	1	IPR000504
XP_002293614.1	THAPSDRAFT_24702	no	0	none
XP_002293615.1	THAPSDRAFT_37098	yes	1	IPR001533
XP_002293616.1	THAPSDRAFT_9566	no	0	none
XP_002293617.1	THAPSDRAFT_9568	no	0	none
XP_002293618.1	THAPSDRAFT_9571	yes	1	IPR000232
XP_002293619.1	THAPSDRAFT_735	yes	1	IPR001450
XP_002293620.1	THAPSDRAFT_24708	no	0	none
XP_002293621.1	THAPSDRAFT_9575	no	0	none
XP_002293622.1	THAPSDRAFT_9576	no	0	none
XP_002293623.1	THAPSDRAFT_24710	no	0	none
XP_002293624.1	THAPSDRAFT_24712	yes	2	IPR001650,IPR011545
XP_002293625.1	THAPSDRAFT_264058	no	0	none
XP_002293626.1	THAPSDRAFT_42265	yes	1	IPR001594
XP_002293627.1	THAPSDRAFT_24714	no	0	none
XP_002293628.1	THAPSDRAFT_269704	yes	1	IPR001926
XP_002293629.1	THAPSDRAFT_9591	no	0	none
XP_002293630.1	THAPSDRAFT_24718	yes	1	IPR004147
XP_002293631.1	THAPSDRAFT_17880	yes	1	IPR006674
XP_002293632.1	THAPSDRAFT_24720	no	0	none
XP_002293633.1	THAPSDRAFT_24721	yes	1	IPR001623
XP_002293634.1	THAPSDRAFT_37124	yes	1	IPR001680
XP_002293635.1	THAPSDRAFT_9602	no	0	none
XP_002293636.1	THAPSDRAFT_9604	no	0	none
XP_002293637.1	THAPSDRAFT_9605	no	0	none
XP_002293638.1	THAPSDRAFT_24722	no	0	none
XP_002293639.1	THAPSDRAFT_264065	yes	1	IPR000878
XP_002293640.1	THAPSDRAFT_269705	yes	1	IPR004038
XP_002293641.1	THAPSDRAFT_18348	no	0	none
XP_002293642.1	THAPSDRAFT_12292	yes	2	IPR001140,IPR003439
XP_002293643.1	THAPSDRAFT_264070	yes	1	IPR000897
XP_002293644.1	THAPSDRAFT_24725	no	0	none
XP_002293645.1	THAPSDRAFT_24726	yes	1	IPR001611
XP_002293646.1	THAPSDRAFT_9619	no	0	none
XP_002293647.1	THAPSDRAFT_37083	yes	3	IPR001305,IPR001623,IPR002939
XP_002293648.1	THAPSDRAFT_13065	yes	1	IPR000542
XP_002293649.1	THAPSDRAFT_42282	yes	3	IPR001650,IPR007502,IPR011545
XP_002293650.1	THAPSDRAFT_269710	no	0	none
XP_002293651.1	THAPSDRAFT_24733	no	0	none
XP_002293652.1	THAPSDRAFT_24734	no	0	none
XP_002293653.1	THAPSDRAFT_264081	no	0	none
XP_002293654.1	THAPSDRAFT_24738	no	0	none
XP_002293655.1	THAPSDRAFT_269714	yes	3	IPR002650,IPR002891,IPR008162
XP_002293656.1	THAPSDRAFT_9642	no	0	none
XP_002293657.1	THAPSDRAFT_9643	yes	1	IPR004827
XP_002293658.1	THAPSDRAFT_24744	yes	1	IPR000191
XP_002293659.1	THAPSDRAFT_9647	no	0	none
XP_002293660.1	THAPSDRAFT_9649	no	0	none
XP_002293661.1	THAPSDRAFT_9650	yes	1	IPR003265
XP_002293662.1	THAPSDRAFT_9652	yes	1	IPR002085
XP_002293663.1	THAPSDRAFT_14700	yes	1	IPR001680
XP_002293664.1	THAPSDRAFT_9656	no	0	none
XP_002293665.1	THAPSDRAFT_24748	no	0	none
XP_002293666.1	THAPSDRAFT_264095	yes	1	IPR000814
XP_002293667.1	THAPSDRAFT_24750	no	0	none
XP_002293668.1	THAPSDRAFT_9666	no	0	none
XP_002293669.1	THAPSDRAFT_269723	no	0	none
XP_002293670.1	THAPSDRAFT_24753	yes	1	IPR000008
XP_002293671.1	THAPSDRAFT_24757	no	0	none
XP_002293672.1	THAPSDRAFT_24759	no	0	none
XP_002293673.1	THAPSDRAFT_24763	yes	1	IPR003604
XP_002293674.1	THAPSDRAFT_269724	yes	1	IPR001932
XP_002293675.1	THAPSDRAFT_9689	no	0	none
XP_002293676.1	THAPSDRAFT_9691	no	0	none
XP_002293677.1	THAPSDRAFT_24768	no	0	none
XP_002293678.1	THAPSDRAFT_37493	yes	1	IPR002376
XP_002293679.1	THAPSDRAFT_24769	no	0	none
XP_002293680.1	THAPSDRAFT_264111	yes	1	IPR006662
XP_002293681.1	THAPSDRAFT_9700	no	0	none
XP_002293682.1	THAPSDRAFT_24772	no	0	none
XP_002293683.1	THAPSDRAFT_18099	yes	1	IPR001075
XP_002293684.1	THAPSDRAFT_9707	no	0	none
XP_002293685.1	THAPSDRAFT_24777	no	0	none
XP_002293686.1	THAPSDRAFT_9711	no	0	none
XP_002293687.1	THAPSDRAFT_29936	yes	1	IPR001208
XP_002293688.1	THAPSDRAFT_24779	no	0	none
XP_002293689.1	THAPSDRAFT_9714	no	0	none
XP_002293690.1	THAPSDRAFT_9716	yes	2	IPR001650,IPR011545
XP_002293691.1	THAPSDRAFT_42320	yes	1	IPR005024
XP_002293692.1	THAPSDRAFT_37464	yes	1	IPR002130
XP_002293693.1	THAPSDRAFT_264121	yes	1	IPR004045
XP_002293694.1	THAPSDRAFT_264122	yes	1	IPR000719
XP_002293695.1	THAPSDRAFT_9724	no	0	none
XP_002293696.1	THAPSDRAFT_9725	no	0	none
XP_002293697.1	THAPSDRAFT_9727	no	0	none
XP_002293698.1	THAPSDRAFT_9730	no	0	none
XP_002293699.1	THAPSDRAFT_24786	no	0	none
XP_002293700.1	THAPSDRAFT_42326	no	0	none
XP_002293701.1	THAPSDRAFT_29950	yes	1	IPR007125
XP_002293702.1	THAPSDRAFT_24791	no	0	none
XP_002293703.1	THAPSDRAFT_264129	yes	2	IPR001431,IPR007863
XP_002293704.1	THAPSDRAFT_9746	no	0	none
XP_002293705.1	THAPSDRAFT_24796	no	0	none
XP_002293706.1	THAPSDRAFT_9752	no	0	none
XP_002293707.1	THAPSDRAFT_9754	no	0	none
XP_002293708.1	THAPSDRAFT_9756	yes	1	IPR001787
XP_002293709.1	THAPSDRAFT_24801	no	0	none
XP_002293710.1	THAPSDRAFT_269744	yes	2	IPR002553,IPR008152
XP_002293711.1	THAPSDRAFT_37509	yes	1	IPR002843
XP_002293712.1	THAPSDRAFT_269747	yes	4	IPR006895,IPR006896,IPR006900,IPR007123
XP_002293713.1	THAPSDRAFT_24808	no	0	none
XP_002293714.1	THAPSDRAFT_24809	no	0	none
XP_002293715.1	THAPSDRAFT_9770	no	0	none
XP_002293716.1	THAPSDRAFT_9771	no	0	none
XP_002293717.1	THAPSDRAFT_9772	yes	2	IPR001631,IPR008336
XP_002293718.1	THAPSDRAFT_24812	yes	1	IPR000683
XP_002293719.1	THAPSDRAFT_9775	yes	1	IPR002761
XP_002293720.1	THAPSDRAFT_9776	no	0	none
XP_002293721.1	THAPSDRAFT_24813	no	0	none
XP_002293722.1	THAPSDRAFT_24815	yes	1	IPR004837
XP_002293723.1	THAPSDRAFT_37444	yes	1	IPR004033
XP_002293724.1	THAPSDRAFT_24818	no	0	none
XP_002293725.1	THAPSDRAFT_42368	yes	1	IPR001732
XP_002293726.1	THAPSDRAFT_9787	no	0	none
XP_002293727.1	THAPSDRAFT_269752	yes	1	IPR001753
XP_002293728.1	THAPSDRAFT_9790	yes	1	IPR002909
XP_002293729.1	THAPSDRAFT_9793	yes	1	IPR002198
XP_002293730.1	THAPSDRAFT_9795	no	0	none
XP_002293731.1	THAPSDRAFT_26418	yes	1	IPR006198
XP_002293732.1	THAPSDRAFT_37442	yes	1	IPR004038
XP_002293733.1	THAPSDRAFT_24826	no	0	none
XP_002293734.1	THAPSDRAFT_24827	no	0	none
XP_002293735.1	THAPSDRAFT_9803	no	0	none
XP_002293736.1	THAPSDRAFT_24830	yes	1	IPR006175
XP_002293737.1	THAPSDRAFT_9806	no	0	none
XP_002293738.1	THAPSDRAFT_24832	yes	1	IPR002937
XP_002293739.1	THAPSDRAFT_37306	yes	2	IPR007627,IPR007630
XP_002293740.1	THAPSDRAFT_24834	no	0	none
XP_002293741.1	THAPSDRAFT_24835	no	0	none
XP_002293742.1	THAPSDRAFT_269759	no	0	none
XP_002293743.1	THAPSDRAFT_37523	yes	1	IPR000719
XP_002293744.1	THAPSDRAFT_264161	no	0	none
XP_002293745.1	THAPSDRAFT_264164	yes	1	IPR001925
XP_002293746.1	THAPSDRAFT_9818	no	0	none
XP_002293747.1	THAPSDRAFT_269763	yes	1	IPR002125
XP_002293748.1	THAPSDRAFT_9822	no	0	none
XP_002293749.1	THAPSDRAFT_37409	no	0	none
XP_002293750.1	THAPSDRAFT_37458	yes	1	IPR003495
XP_002293751.1	THAPSDRAFT_9831	no	0	none
XP_002293752.1	THAPSDRAFT_24849	yes	2	IPR000571,IPR006055
XP_002293753.1	THAPSDRAFT_9834	no	0	none
XP_002293754.1	THAPSDRAFT_24850	no	0	none
XP_002293755.1	THAPSDRAFT_24853	no	0	none
XP_002293756.1	THAPSDRAFT_24856	no	0	none
XP_002293757.1	THAPSDRAFT_37450	yes	2	IPR001431,IPR007863
XP_002293758.1	THAPSDRAFT_24858	no	0	none
XP_002293759.1	THAPSDRAFT_9848	yes	1	IPR001200
XP_002293760.1	THAPSDRAFT_264177	yes	1	IPR005123
XP_002293761.1	THAPSDRAFT_264181	no	0	none
XP_002293762.1	THAPSDRAFT_24862	no	0	none
XP_002293763.1	THAPSDRAFT_24864	no	0	none
XP_002293764.1	THAPSDRAFT_37277	yes	2	IPR001179,IPR008881
XP_002293765.1	THAPSDRAFT_9861	no	0	none
XP_002293766.1	THAPSDRAFT_42412	yes	2	IPR011261,IPR011262
XP_002293767.1	THAPSDRAFT_37549	yes	1	IPR001648
XP_002293768.1	THAPSDRAFT_9865	no	0	none
XP_002293769.1	THAPSDRAFT_9866	no	0	none
XP_002293770.1	THAPSDRAFT_37376	yes	2	IPR000048,IPR001609
XP_002293771.1	THAPSDRAFT_24871	no	0	none
XP_002293772.1	THAPSDRAFT_269773	no	0	none
XP_002293773.1	THAPSDRAFT_9874	no	0	none
XP_002293774.1	THAPSDRAFT_24873	no	0	none
XP_002293775.1	THAPSDRAFT_30036	yes	1	IPR000592
XP_002293776.1	THAPSDRAFT_9880	no	0	none
XP_002293777.1	THAPSDRAFT_9882	no	0	none
XP_002293778.1	THAPSDRAFT_9883	no	0	none
XP_002293779.1	THAPSDRAFT_24877	no	0	none
XP_002293780.1	THAPSDRAFT_37559	yes	1	IPR007590
XP_002293781.1	THAPSDRAFT_24880	no	0	none
XP_002293782.1	THAPSDRAFT_264188	yes	2	IPR001431,IPR007863
XP_002293783.1	THAPSDRAFT_9892	no	0	none
XP_002293784.1	THAPSDRAFT_37280	yes	1	IPR004147
XP_002293785.1	THAPSDRAFT_24883	yes	1	IPR002641
XP_002293786.1	THAPSDRAFT_269776	no	0	none
XP_002293787.1	THAPSDRAFT_24887	yes	1	IPR002500
XP_002293788.1	THAPSDRAFT_37471	yes	2	IPR000489,IPR000550
XP_002293789.1	THAPSDRAFT_24888	no	0	none
XP_002293790.1	THAPSDRAFT_9902	yes	1	IPR004827
XP_002293791.1	THAPSDRAFT_9903	no	0	none
XP_002293792.1	THAPSDRAFT_269779	yes	1	IPR001377
XP_002293793.1	THAPSDRAFT_24891	yes	1	IPR011124
XP_002293794.1	THAPSDRAFT_9908	yes	1	IPR001678
XP_002293795.1	THAPSDRAFT_9911	yes	1	IPR000682
XP_002293796.1	THAPSDRAFT_24893	yes	1	IPR002885
XP_002293797.1	THAPSDRAFT_37564	yes	1	IPR004123
XP_002293798.1	THAPSDRAFT_264201	yes	1	IPR002171
XP_002293799.1	THAPSDRAFT_270332	no	0	none
XP_002293800.1	THAPSDRAFT_37294	yes	1	IPR004147
XP_002293801.1	THAPSDRAFT_9922	no	0	none
XP_002293802.1	THAPSDRAFT_37328	yes	1	IPR007238
XP_002293803.1	THAPSDRAFT_24900	no	0	none
XP_002293804.1	THAPSDRAFT_24901	yes	1	IPR002300
XP_002293805.1	THAPSDRAFT_24902	yes	1	IPR001841
XP_002293806.1	THAPSDRAFT_24904	no	0	none
XP_002293807.1	THAPSDRAFT_24906	no	0	none
XP_002293808.1	THAPSDRAFT_30075	yes	1	IPR001353
XP_002293809.1	THAPSDRAFT_42457	yes	1	IPR004977
XP_002293810.1	THAPSDRAFT_24914	yes	1	IPR001476
XP_002293811.1	THAPSDRAFT_264222	yes	1	IPR006134
XP_002293812.1	THAPSDRAFT_269798	yes	1	IPR000182
XP_002293813.1	THAPSDRAFT_37302	no	0	none
XP_002293814.1	THAPSDRAFT_24918	no	0	none
XP_002293815.1	THAPSDRAFT_24919	no	0	none
XP_002293816.1	THAPSDRAFT_269802	no	0	none
XP_002293817.1	THAPSDRAFT_37367	yes	1	IPR001179
XP_002293818.1	THAPSDRAFT_9963	yes	2	IPR000408,IPR006970
XP_002293819.1	THAPSDRAFT_24925	yes	1	IPR003439
XP_002293820.1	THAPSDRAFT_9966	no	0	none
XP_002293821.1	THAPSDRAFT_9968	no	0	none
XP_002293822.1	THAPSDRAFT_24926	no	0	none
XP_002293823.1	THAPSDRAFT_37486	yes	3	IPR000330,IPR001650,IPR006935
XP_002293824.1	THAPSDRAFT_24928	no	0	none
XP_002293825.1	THAPSDRAFT_9976	yes	1	IPR001478
XP_002293826.1	THAPSDRAFT_24931	yes	1	IPR006662
XP_002293827.1	THAPSDRAFT_264237	no	0	none
XP_002293828.1	THAPSDRAFT_24936	yes	1	IPR002931
XP_002293829.1	THAPSDRAFT_24939	no	0	none
XP_002293830.1	THAPSDRAFT_9987	no	0	none
XP_002293831.1	THAPSDRAFT_9990	no	0	none
XP_002293832.1	THAPSDRAFT_9993	yes	1	IPR005818
XP_002293833.1	THAPSDRAFT_37309	yes	1	IPR007125
XP_002293834.1	THAPSDRAFT_37357	yes	1	IPR007125
XP_002293835.1	THAPSDRAFT_9998	yes	1	IPR003131
XP_002293836.1	THAPSDRAFT_37264	yes	1	IPR001392
XP_002293837.1	THAPSDRAFT_10002	yes	1	IPR005178
XP_002293838.1	THAPSDRAFT_24942	no	0	none
XP_002293839.1	THAPSDRAFT_24943	no	0	none
XP_002293840.1	THAPSDRAFT_264261	no	0	none
XP_002293841.1	THAPSDRAFT_264262	no	0	none
XP_002293842.1	THAPSDRAFT_10008	no	0	none
XP_002293843.1	THAPSDRAFT_9657	no	0	none
XP_002293844.1	THAPSDRAFT_24746	no	0	none
XP_002293845.1	THAPSDRAFT_24747	no	0	none
XP_002293846.1	THAPSDRAFT_9661	no	0	none
XP_002293847.1	THAPSDRAFT_264096	yes	1	IPR007745
XP_002293848.1	THAPSDRAFT_37495	yes	1	IPR000537
XP_002293849.1	THAPSDRAFT_9667	no	0	none
XP_002293850.1	THAPSDRAFT_24752	yes	1	IPR000637
XP_002293851.1	THAPSDRAFT_24754	no	0	none
XP_002293852.1	THAPSDRAFT_24755	no	0	none
XP_002293853.1	THAPSDRAFT_9674	no	0	none
XP_002293854.1	THAPSDRAFT_24758	no	0	none
XP_002293855.1	THAPSDRAFT_9677	no	0	none
XP_002293856.1	THAPSDRAFT_9678	no	0	none
XP_002293857.1	THAPSDRAFT_9679	yes	1	IPR001250
XP_002293858.1	THAPSDRAFT_24760	no	0	none
XP_002293859.1	THAPSDRAFT_24761	no	0	none
XP_002293860.1	THAPSDRAFT_24762	no	0	none
XP_002293861.1	THAPSDRAFT_9684	yes	1	IPR006906
XP_002293862.1	THAPSDRAFT_24764	no	0	none
XP_002293863.1	THAPSDRAFT_9688	no	0	none
XP_002293864.1	THAPSDRAFT_269725	yes	1	IPR001611
XP_002293865.1	THAPSDRAFT_269726	yes	1	IPR001254
XP_002293866.1	THAPSDRAFT_24767	no	0	none
XP_002293867.1	THAPSDRAFT_9693	yes	1	IPR001611
XP_002293868.1	THAPSDRAFT_9695	no	0	none
XP_002293869.1	THAPSDRAFT_264109	yes	1	IPR002198
XP_002293870.1	THAPSDRAFT_24770	yes	1	IPR006729
XP_002293871.1	THAPSDRAFT_9701	no	0	none
XP_002293872.1	THAPSDRAFT_42307	no	0	none
XP_002293873.1	THAPSDRAFT_17031	yes	1	IPR000403
XP_002293874.1	THAPSDRAFT_9705	no	0	none
XP_002293875.1	THAPSDRAFT_24776	yes	1	IPR001611
XP_002293876.1	THAPSDRAFT_9710	yes	1	IPR000719
XP_002293877.1	THAPSDRAFT_24780	no	0	none
XP_002293878.1	THAPSDRAFT_37516	yes	1	IPR007248
XP_002293879.1	THAPSDRAFT_9720	no	0	none
XP_002293880.1	THAPSDRAFT_9722	no	0	none
XP_002293881.1	THAPSDRAFT_24783	no	0	none
XP_002293882.1	THAPSDRAFT_24784	no	0	none
XP_002293883.1	THAPSDRAFT_9729	no	0	none
XP_002293884.1	THAPSDRAFT_24785	yes	2	IPR001680,IPR003131
XP_002293885.1	THAPSDRAFT_269735	yes	1	IPR003034
XP_002293886.1	THAPSDRAFT_15537	yes	1	IPR001752
XP_002293887.1	THAPSDRAFT_24790	yes	1	IPR000415
XP_002293888.1	THAPSDRAFT_9737	no	0	none
XP_002293889.1	THAPSDRAFT_24792	yes	2	IPR002110,IPR003613
XP_002293890.1	THAPSDRAFT_42332	no	0	none
XP_002293891.1	THAPSDRAFT_9741	no	0	none
XP_002293892.1	THAPSDRAFT_9742	yes	1	IPR005114
XP_002293893.1	THAPSDRAFT_24793	no	0	none
XP_002293894.1	THAPSDRAFT_24795	yes	2	IPR000330,IPR001650
XP_002293895.1	THAPSDRAFT_9747	no	0	none
XP_002293896.1	THAPSDRAFT_9749	no	0	none
XP_002293897.1	THAPSDRAFT_24797	no	0	none
XP_002293898.1	THAPSDRAFT_29955	yes	1	IPR000235
XP_002293899.1	THAPSDRAFT_18662	yes	1	IPR000850
XP_002293900.1	THAPSDRAFT_37258	yes	1	IPR002110
XP_002293901.1	THAPSDRAFT_270367	no	0	none
XP_002293902.1	THAPSDRAFT_269743	no	0	none
XP_002293903.1	THAPSDRAFT_264137	yes	1	IPR001019
XP_002293904.1	THAPSDRAFT_37472	yes	1	IPR007196
XP_002293905.1	THAPSDRAFT_9763	yes	1	IPR001841
XP_002293906.1	THAPSDRAFT_9764	yes	2	IPR001611,IPR006970
XP_002293907.1	THAPSDRAFT_24806	no	0	none
XP_002293908.1	THAPSDRAFT_750	yes	1	IPR001619
XP_002293909.1	THAPSDRAFT_264143	yes	1	IPR001932
XP_002293910.1	THAPSDRAFT_264144	no	0	none
XP_002293911.1	THAPSDRAFT_264145	yes	1	IPR005114
XP_002293912.1	THAPSDRAFT_24816	yes	1	IPR004618
XP_002293913.1	THAPSDRAFT_42365	yes	3	IPR003395,IPR003405,IPR010935
XP_002293914.1	THAPSDRAFT_264149	yes	1	IPR001383
XP_002293915.1	THAPSDRAFT_24820	no	0	none
XP_002293916.1	THAPSDRAFT_9792	yes	1	IPR003406
XP_002293917.1	THAPSDRAFT_37443	yes	1	IPR004313
XP_002293918.1	THAPSDRAFT_42380	yes	1	IPR000504
XP_002293919.1	THAPSDRAFT_24828	yes	1	IPR000938
XP_002293920.1	THAPSDRAFT_24829	yes	1	IPR003613
XP_002293921.1	THAPSDRAFT_9804	no	0	none
XP_002293922.1	THAPSDRAFT_30004	yes	1	IPR002657
XP_002293923.1	THAPSDRAFT_264157	yes	1	IPR000644
XP_002293924.1	THAPSDRAFT_37359	yes	1	IPR001907
XP_002293925.1	THAPSDRAFT_37534	yes	1	IPR002744
XP_002293926.1	THAPSDRAFT_269764	yes	1	IPR006145
XP_002293927.1	THAPSDRAFT_269765	yes	1	IPR006145
XP_002293928.1	THAPSDRAFT_17193	yes	1	IPR001345
XP_002293929.1	THAPSDRAFT_37410	yes	1	IPR002423
XP_002293930.1	THAPSDRAFT_9830	yes	1	IPR000277
XP_002293931.1	THAPSDRAFT_9835	no	0	none
XP_002293932.1	THAPSDRAFT_37441	no	0	none
XP_002293933.1	THAPSDRAFT_16372	yes	1	IPR001395
XP_002293934.1	THAPSDRAFT_24852	no	0	none
XP_002293935.1	THAPSDRAFT_9840	yes	1	IPR001046
XP_002293936.1	THAPSDRAFT_24854	no	0	none
XP_002293937.1	THAPSDRAFT_24855	no	0	none
XP_002293938.1	THAPSDRAFT_37398	yes	1	IPR001752
XP_002293939.1	THAPSDRAFT_37362	yes	1	IPR001208
XP_002293940.1	THAPSDRAFT_9849	yes	1	IPR000701
XP_002293941.1	THAPSDRAFT_9851	yes	1	IPR003395
XP_002293942.1	THAPSDRAFT_9852	yes	1	IPR007653
XP_002293943.1	THAPSDRAFT_37427	yes	1	IPR000789
XP_002293944.1	THAPSDRAFT_9855	no	0	none
XP_002293945.1	THAPSDRAFT_24863	no	0	none
XP_002293946.1	THAPSDRAFT_9860	no	0	none
XP_002293947.1	THAPSDRAFT_24867	no	0	none
XP_002293948.1	THAPSDRAFT_9867	no	0	none
XP_002293949.1	THAPSDRAFT_24870	no	0	none
XP_002293950.1	THAPSDRAFT_24874	no	0	none
XP_002293951.1	THAPSDRAFT_9878	no	0	none
XP_002293952.1	THAPSDRAFT_24876	no	0	none
XP_002293953.1	THAPSDRAFT_9881	no	0	none
XP_002293954.1	THAPSDRAFT_9884	no	0	none
XP_002293955.1	THAPSDRAFT_24878	yes	1	IPR003034
XP_002293956.1	THAPSDRAFT_24879	no	0	none
XP_002293957.1	THAPSDRAFT_37562	no	0	none
XP_002293958.1	THAPSDRAFT_24882	no	0	none
XP_002293959.1	THAPSDRAFT_264191	yes	1	IPR001680
XP_002293960.1	THAPSDRAFT_269777	yes	1	IPR001930
XP_002293961.1	THAPSDRAFT_269780	yes	2	IPR006568,IPR007180
XP_002293962.1	THAPSDRAFT_37430	yes	1	IPR001163
XP_002293963.1	THAPSDRAFT_9907	no	0	none
XP_002293964.1	THAPSDRAFT_37366	no	0	none
XP_002293965.1	THAPSDRAFT_9910	no	0	none
XP_002293966.1	THAPSDRAFT_9912	no	0	none
XP_002293967.1	THAPSDRAFT_24894	yes	1	IPR006209
XP_002293968.1	THAPSDRAFT_37336	yes	1	IPR000409
XP_002293969.1	THAPSDRAFT_9918	yes	1	IPR008579
XP_002293970.1	THAPSDRAFT_9921	no	0	none
XP_002293971.1	THAPSDRAFT_24897	no	0	none
XP_002293972.1	THAPSDRAFT_37485	no	0	none
XP_002293973.1	THAPSDRAFT_264206	yes	1	IPR003959
XP_002293974.1	THAPSDRAFT_264208	yes	1	IPR001623
XP_002293975.1	THAPSDRAFT_37327	yes	1	IPR004506
XP_002293976.1	THAPSDRAFT_42447	yes	1	IPR000504
XP_002293977.1	THAPSDRAFT_24907	yes	1	IPR007146
XP_002293978.1	THAPSDRAFT_269792	yes	1	IPR001464
XP_002293979.1	THAPSDRAFT_24910	no	0	none
XP_002293980.1	THAPSDRAFT_9941	no	0	none
XP_002293981.1	THAPSDRAFT_9943	no	0	none
XP_002293982.1	THAPSDRAFT_9945	yes	1	IPR001440
XP_002293983.1	THAPSDRAFT_9947	yes	1	IPR001611
XP_002293984.1	THAPSDRAFT_16777	no	0	none
XP_002293985.1	THAPSDRAFT_9950	no	0	none
XP_002293986.1	THAPSDRAFT_9953	no	0	none
XP_002293987.1	THAPSDRAFT_24920	no	0	none
XP_002293988.1	THAPSDRAFT_24921	yes	1	IPR005114
XP_002293989.1	THAPSDRAFT_24923	no	0	none
XP_002293990.1	THAPSDRAFT_9958	no	0	none
XP_002293991.1	THAPSDRAFT_9959	no	0	none
XP_002293992.1	THAPSDRAFT_37338	yes	1	IPR006662
XP_002293993.1	THAPSDRAFT_26031	yes	1	IPR001085
XP_002293994.1	THAPSDRAFT_9964	no	0	none
XP_002293995.1	THAPSDRAFT_9967	no	0	none
XP_002293996.1	THAPSDRAFT_9972	no	0	none
XP_002293997.1	THAPSDRAFT_42475	yes	2	IPR003953,IPR004112
XP_002293998.1	THAPSDRAFT_9975	yes	1	IPR005114
XP_002293999.1	THAPSDRAFT_24932	yes	1	IPR006662
XP_002294000.1	THAPSDRAFT_37374	yes	1	IPR002501
XP_002294001.1	THAPSDRAFT_24935	no	0	none
XP_002294002.1	THAPSDRAFT_24937	no	0	none
XP_002294003.1	THAPSDRAFT_264240	no	0	none
XP_002294004.1	THAPSDRAFT_24940	no	0	none
XP_002294005.1	THAPSDRAFT_37322	no	0	none
XP_002294006.1	THAPSDRAFT_9991	no	0	none
XP_002294007.1	THAPSDRAFT_9992	yes	1	IPR005818
XP_002294008.1	THAPSDRAFT_37431	yes	1	IPR007125
XP_002294009.1	THAPSDRAFT_37432	yes	1	IPR007125
XP_002294010.1	THAPSDRAFT_264258	yes	1	IPR003959
XP_002294011.1	THAPSDRAFT_264260	no	0	none
XP_002294012.1	THAPSDRAFT_10006	yes	1	IPR001394
XP_002294013.1	THAPSDRAFT_24946	no	0	none
XP_002294014.1	THAPSDRAFT_10010	no	0	none
XP_002294015.1	THAPSDRAFT_10012	no	0	none
XP_002294016.1	THAPSDRAFT_10013	yes	2	IPR004367,IPR006671
XP_002294017.1	THAPSDRAFT_24949	no	0	none
XP_002294018.1	THAPSDRAFT_24950	yes	1	IPR006671
XP_002294019.1	THAPSDRAFT_10017	no	0	none
XP_002294020.1	THAPSDRAFT_10018	no	0	none
XP_002294021.1	THAPSDRAFT_24952	yes	1	IPR006671
XP_002294022.1	THAPSDRAFT_24954	yes	1	IPR000910
XP_002294023.1	THAPSDRAFT_10023	no	0	none
XP_002294024.1	THAPSDRAFT_10024	no	0	none
XP_002294025.1	THAPSDRAFT_10025	yes	1	IPR001680
XP_002294026.1	THAPSDRAFT_10027	no	0	none
XP_002294027.1	THAPSDRAFT_24956	no	0	none
XP_002294028.1	THAPSDRAFT_37609	yes	1	IPR000719
XP_002294029.1	THAPSDRAFT_37662	yes	4	IPR004014,IPR005834,IPR006068,IPR008250
XP_002294030.1	THAPSDRAFT_10034	no	0	none
XP_002294031.1	THAPSDRAFT_10035	no	0	none
XP_002294032.1	THAPSDRAFT_18795	yes	1	IPR001005
XP_002294033.1	THAPSDRAFT_24961	yes	2	IPR006652,IPR011498
XP_002294034.1	THAPSDRAFT_10041	no	0	none
XP_002294035.1	THAPSDRAFT_24962	no	0	none
XP_002294036.1	THAPSDRAFT_10045	no	0	none
XP_002294037.1	THAPSDRAFT_37599	no	0	none
XP_002294038.1	THAPSDRAFT_264268	yes	1	IPR001789
XP_002294039.1	THAPSDRAFT_10053	no	0	none
XP_002294040.1	THAPSDRAFT_37607	no	0	none
XP_002294041.1	THAPSDRAFT_10057	no	0	none
XP_002294042.1	THAPSDRAFT_10059	no	0	none
XP_002294043.1	THAPSDRAFT_10063	yes	1	IPR000181
XP_002294044.1	THAPSDRAFT_30105	yes	1	IPR000092
XP_002294045.1	THAPSDRAFT_24969	no	0	none
XP_002294046.1	THAPSDRAFT_264274	yes	1	IPR003198
XP_002294047.1	THAPSDRAFT_10071	no	0	none
XP_002294048.1	THAPSDRAFT_37615	no	0	none
XP_002294049.1	THAPSDRAFT_10077	yes	1	IPR001232
XP_002294050.1	THAPSDRAFT_10079	no	0	none
XP_002294051.1	THAPSDRAFT_10081	yes	1	IPR004843
XP_002294052.1	THAPSDRAFT_10082	no	0	none
XP_002294053.1	THAPSDRAFT_10085	no	0	none
XP_002294054.1	THAPSDRAFT_10088	no	0	none
XP_002294055.1	THAPSDRAFT_10091	yes	1	IPR007599
XP_002294056.1	THAPSDRAFT_10093	yes	1	IPR000733
XP_002294057.1	THAPSDRAFT_10095	no	0	none
XP_002294058.1	THAPSDRAFT_10096	no	0	none
XP_002294059.1	THAPSDRAFT_24978	no	0	none
XP_002294060.1	THAPSDRAFT_10098	yes	1	IPR006671
XP_002294061.1	THAPSDRAFT_10100	yes	1	IPR006671
XP_002294062.1	THAPSDRAFT_10102	yes	1	IPR003526
XP_002294063.1	THAPSDRAFT_37705	yes	2	IPR006652,IPR011498
XP_002294064.1	THAPSDRAFT_37584	yes	1	IPR008579
XP_002294065.1	THAPSDRAFT_10109	no	0	none
XP_002294066.1	THAPSDRAFT_10111	yes	1	IPR001395
XP_002294067.1	THAPSDRAFT_24981	no	0	none
XP_002294068.1	THAPSDRAFT_37592	yes	1	IPR000719
XP_002294069.1	THAPSDRAFT_269820	yes	1	IPR006603
XP_002294070.1	THAPSDRAFT_37707	yes	1	IPR003409
XP_002294071.1	THAPSDRAFT_10123	no	0	none
XP_002294072.1	THAPSDRAFT_37683	yes	1	IPR002110
XP_002294073.1	THAPSDRAFT_24989	no	0	none
XP_002294074.1	THAPSDRAFT_10128	no	0	none
XP_002294075.1	THAPSDRAFT_24991	no	0	none
XP_002294076.1	THAPSDRAFT_10133	no	0	none
XP_002294077.1	THAPSDRAFT_771	no	0	none
XP_002294078.1	THAPSDRAFT_10136	yes	2	IPR000432,IPR002625
XP_002294079.1	THAPSDRAFT_24997	no	0	none
XP_002294080.1	THAPSDRAFT_264295	no	0	none
XP_002294081.1	THAPSDRAFT_264296	yes	1	IPR001345
XP_002294082.1	THAPSDRAFT_24999	no	0	none
XP_002294083.1	THAPSDRAFT_264297	yes	1	IPR000073
XP_002294084.1	THAPSDRAFT_10150	no	0	none
XP_002294085.1	THAPSDRAFT_25001	no	0	none
XP_002294086.1	THAPSDRAFT_10156	yes	1	IPR009852
XP_002294087.1	THAPSDRAFT_10158	no	0	none
XP_002294088.1	THAPSDRAFT_269828	no	0	none
XP_002294089.1	THAPSDRAFT_264305	yes	1	IPR004937
XP_002294090.1	THAPSDRAFT_264306	yes	1	IPR002048
XP_002294091.1	THAPSDRAFT_13877	yes	1	IPR010734
XP_002294092.1	THAPSDRAFT_10164	yes	1	IPR001343
XP_002294093.1	THAPSDRAFT_42515	yes	2	IPR001650,IPR011545
XP_002294094.1	THAPSDRAFT_37571	yes	1	IPR003594
XP_002294095.1	THAPSDRAFT_37617	yes	1	IPR004344
XP_002294096.1	THAPSDRAFT_10173	no	0	none
XP_002294097.1	THAPSDRAFT_25015	yes	1	IPR001841
XP_002294098.1	THAPSDRAFT_25016	yes	1	IPR002086
XP_002294099.1	THAPSDRAFT_25017	no	0	none
XP_002294100.1	THAPSDRAFT_10181	no	0	none
XP_002294101.1	THAPSDRAFT_10183	no	0	none
XP_002294102.1	THAPSDRAFT_10185	no	0	none
XP_002294103.1	THAPSDRAFT_10189	yes	1	IPR001478
XP_002294104.1	THAPSDRAFT_10192	no	0	none
XP_002294105.1	THAPSDRAFT_10194	no	0	none
XP_002294106.1	THAPSDRAFT_25024	yes	1	IPR001012
XP_002294107.1	THAPSDRAFT_10198	no	0	none
XP_002294108.1	THAPSDRAFT_10203	no	0	none
XP_002294109.1	THAPSDRAFT_42533	no	0	none
XP_002294110.1	THAPSDRAFT_10207	no	0	none
XP_002294111.1	THAPSDRAFT_30154	yes	1	IPR001141
XP_002294112.1	THAPSDRAFT_25034	yes	1	IPR002085
XP_002294113.1	THAPSDRAFT_25036	no	0	none
XP_002294114.1	THAPSDRAFT_10216	no	0	none
XP_002294115.1	THAPSDRAFT_25038	no	0	none
XP_002294116.1	THAPSDRAFT_10219	yes	2	IPR001344,IPR007072
XP_002294117.1	THAPSDRAFT_270329	no	0	none
XP_002294118.1	THAPSDRAFT_25041	yes	1	IPR001440
XP_002294119.1	THAPSDRAFT_10230	no	0	none
XP_002294120.1	THAPSDRAFT_10232	no	0	none
XP_002294121.1	THAPSDRAFT_37725	yes	1	IPR007715
XP_002294122.1	THAPSDRAFT_10236	no	0	none
XP_002294123.1	THAPSDRAFT_264332	yes	1	IPR000408
XP_002294124.1	THAPSDRAFT_10239	no	0	none
XP_002294125.1	THAPSDRAFT_10241	no	0	none
XP_002294126.1	THAPSDRAFT_25048	yes	1	IPR001810
XP_002294127.1	THAPSDRAFT_37640	yes	1	IPR000390
XP_002294128.1	THAPSDRAFT_25051	yes	1	IPR000237
XP_002294129.1	THAPSDRAFT_10249	no	0	none
XP_002294130.1	THAPSDRAFT_37621	yes	2	IPR001431,IPR007863
XP_002294131.1	THAPSDRAFT_25054	no	0	none
XP_002294132.1	THAPSDRAFT_25059	no	0	none
XP_002294133.1	THAPSDRAFT_25061	no	0	none
XP_002294134.1	THAPSDRAFT_25062	yes	1	IPR003137
XP_002294135.1	THAPSDRAFT_42545	yes	1	IPR003137
XP_002294136.1	THAPSDRAFT_25064	no	0	none
XP_002294137.1	THAPSDRAFT_10271	no	0	none
XP_002294138.1	THAPSDRAFT_37628	yes	1	IPR004038
XP_002294139.1	THAPSDRAFT_10273	no	0	none
XP_002294140.1	THAPSDRAFT_25067	no	0	none
XP_002294141.1	THAPSDRAFT_10277	no	0	none
XP_002294142.1	THAPSDRAFT_10278	no	0	none
XP_002294143.1	THAPSDRAFT_10279	no	0	none
XP_002294144.1	THAPSDRAFT_10280	no	0	none
XP_002294145.1	THAPSDRAFT_25069	no	0	none
XP_002294146.1	THAPSDRAFT_264337	no	0	none
XP_002294147.1	THAPSDRAFT_10286	no	0	none
XP_002294148.1	THAPSDRAFT_25073	no	0	none
XP_002294149.1	THAPSDRAFT_25075	no	0	none
XP_002294150.1	THAPSDRAFT_25076	yes	1	IPR003029
XP_002294151.1	THAPSDRAFT_10295	no	0	none
XP_002294152.1	THAPSDRAFT_10297	no	0	none
XP_002294153.1	THAPSDRAFT_37596	yes	4	IPR002912,IPR004095,IPR006674,IPR007685
XP_002294154.1	THAPSDRAFT_25079	no	0	none
XP_002294155.1	THAPSDRAFT_264344	yes	1	IPR002073
XP_002294156.1	THAPSDRAFT_264346	yes	1	IPR000232
XP_002294157.1	THAPSDRAFT_25084	no	0	none
XP_002294158.1	THAPSDRAFT_264347	no	0	none
XP_002294159.1	THAPSDRAFT_25088	no	0	none
XP_002294160.1	THAPSDRAFT_10313	no	0	none
XP_002294161.1	THAPSDRAFT_10314	no	0	none
XP_002294162.1	THAPSDRAFT_264353	yes	1	IPR001993
XP_002294163.1	THAPSDRAFT_24947	yes	1	IPR001594
XP_002294164.1	THAPSDRAFT_10016	yes	1	IPR006671
XP_002294165.1	THAPSDRAFT_24953	yes	1	IPR006671
XP_002294166.1	THAPSDRAFT_24955	no	0	none
XP_002294167.1	THAPSDRAFT_37724	yes	1	IPR001365
XP_002294168.1	THAPSDRAFT_24958	no	0	none
XP_002294169.1	THAPSDRAFT_24959	no	0	none
XP_002294170.1	THAPSDRAFT_10037	no	0	none
XP_002294171.1	THAPSDRAFT_10039	no	0	none
XP_002294172.1	THAPSDRAFT_10042	no	0	none
XP_002294173.1	THAPSDRAFT_24963	no	0	none
XP_002294174.1	THAPSDRAFT_10046	no	0	none
XP_002294175.1	THAPSDRAFT_10047	no	0	none
XP_002294176.1	THAPSDRAFT_10048	no	0	none
XP_002294177.1	THAPSDRAFT_10050	no	0	none
XP_002294178.1	THAPSDRAFT_10052	no	0	none
XP_002294179.1	THAPSDRAFT_264269	no	0	none
XP_002294180.1	THAPSDRAFT_10055	no	0	none
XP_002294181.1	THAPSDRAFT_10058	no	0	none
XP_002294182.1	THAPSDRAFT_24965	yes	1	IPR001129
XP_002294183.1	THAPSDRAFT_10062	no	0	none
XP_002294184.1	THAPSDRAFT_10064	yes	1	IPR011022
XP_002294185.1	THAPSDRAFT_37739	yes	2	IPR001697,IPR002198
XP_002294186.1	THAPSDRAFT_10068	no	0	none
XP_002294187.1	THAPSDRAFT_24970	no	0	none
XP_002294188.1	THAPSDRAFT_24971	no	0	none
XP_002294189.1	THAPSDRAFT_10073	no	0	none
XP_002294190.1	THAPSDRAFT_24972	no	0	none
XP_002294191.1	THAPSDRAFT_264276	no	0	none
XP_002294192.1	THAPSDRAFT_10078	no	0	none
XP_002294193.1	THAPSDRAFT_10080	no	0	none
XP_002294194.1	THAPSDRAFT_10083	no	0	none
XP_002294195.1	THAPSDRAFT_24974	yes	2	IPR001440,IPR002182
XP_002294196.1	THAPSDRAFT_12645	yes	2	IPR000048,IPR001609
XP_002294197.1	THAPSDRAFT_37637	yes	1	IPR003439
XP_002294198.1	THAPSDRAFT_269819	yes	1	IPR001296
XP_002294199.1	THAPSDRAFT_264282	yes	1	IPR001752
XP_002294200.1	THAPSDRAFT_10092	no	0	none
XP_002294201.1	THAPSDRAFT_24977	no	0	none
XP_002294202.1	THAPSDRAFT_10099	yes	1	IPR000910
XP_002294203.1	THAPSDRAFT_10101	no	0	none
XP_002294204.1	THAPSDRAFT_37740	yes	1	IPR002528
XP_002294205.1	THAPSDRAFT_37642	yes	1	IPR002715
XP_002294206.1	THAPSDRAFT_10106	no	0	none
XP_002294207.1	THAPSDRAFT_24980	no	0	none
XP_002294208.1	THAPSDRAFT_10115	yes	1	IPR004136
XP_002294209.1	THAPSDRAFT_24982	no	0	none
XP_002294210.1	THAPSDRAFT_264289	yes	1	IPR002068
XP_002294211.1	THAPSDRAFT_18775	yes	1	IPR003409
XP_002294212.1	THAPSDRAFT_24988	yes	1	IPR001214
XP_002294213.1	THAPSDRAFT_24990	no	0	none
XP_002294214.1	THAPSDRAFT_10129	yes	1	IPR003732
XP_002294215.1	THAPSDRAFT_269821	yes	1	IPR000719
XP_002294216.1	THAPSDRAFT_24993	yes	1	IPR002110
XP_002294217.1	THAPSDRAFT_37748	yes	1	IPR003959
XP_002294218.1	THAPSDRAFT_264293	no	0	none
XP_002294219.1	THAPSDRAFT_37710	yes	1	IPR001932
XP_002294220.1	THAPSDRAFT_24996	no	0	none
XP_002294221.1	THAPSDRAFT_10140	no	0	none
XP_002294222.1	THAPSDRAFT_10142	no	0	none
XP_002294223.1	THAPSDRAFT_10143	no	0	none
XP_002294224.1	THAPSDRAFT_10146	no	0	none
XP_002294225.1	THAPSDRAFT_10148	no	0	none
XP_002294226.1	THAPSDRAFT_10149	no	0	none
XP_002294227.1	THAPSDRAFT_10151	no	0	none
XP_002294228.1	THAPSDRAFT_37576	yes	1	IPR001440
XP_002294229.1	THAPSDRAFT_42508	yes	1	IPR001680
XP_002294230.1	THAPSDRAFT_269826	yes	1	IPR006671
XP_002294231.1	THAPSDRAFT_10157	no	0	none
XP_002294232.1	THAPSDRAFT_25005	no	0	none
XP_002294233.1	THAPSDRAFT_37638	yes	3	IPR001650,IPR007502,IPR011545
XP_002294234.1	THAPSDRAFT_25011	no	0	none
XP_002294235.1	THAPSDRAFT_10169	no	0	none
XP_002294236.1	THAPSDRAFT_25012	no	0	none
XP_002294237.1	THAPSDRAFT_10172	yes	2	IPR000048,IPR003959
XP_002294238.1	THAPSDRAFT_37727	yes	1	IPR000719
XP_002294239.1	THAPSDRAFT_25014	no	0	none
XP_002294240.1	THAPSDRAFT_10178	no	0	none
XP_002294241.1	THAPSDRAFT_10180	no	0	none
XP_002294242.1	THAPSDRAFT_264314	yes	1	IPR009695
XP_002294243.1	THAPSDRAFT_264316	yes	1	IPR001295
XP_002294244.1	THAPSDRAFT_25019	no	0	none
XP_002294245.1	THAPSDRAFT_264317	no	0	none
XP_002294246.1	THAPSDRAFT_264318	no	0	none
XP_002294247.1	THAPSDRAFT_25022	yes	1	IPR000873
XP_002294248.1	THAPSDRAFT_10191	yes	3	IPR000595,IPR002645,IPR011547
XP_002294249.1	THAPSDRAFT_25023	yes	1	IPR007225
XP_002294250.1	THAPSDRAFT_10195	no	0	none
XP_002294251.1	THAPSDRAFT_25025	no	0	none
XP_002294252.1	THAPSDRAFT_25026	no	0	none
XP_002294253.1	THAPSDRAFT_25027	yes	1	IPR000504
XP_002294254.1	THAPSDRAFT_10201	no	0	none
XP_002294255.1	THAPSDRAFT_30149	yes	1	IPR005178
XP_002294256.1	THAPSDRAFT_25028	no	0	none
XP_002294257.1	THAPSDRAFT_25030	no	0	none
XP_002294258.1	THAPSDRAFT_25031	no	0	none
XP_002294259.1	THAPSDRAFT_25033	yes	1	IPR002547
XP_002294260.1	THAPSDRAFT_264321	no	0	none
XP_002294261.1	THAPSDRAFT_264322	yes	1	IPR003890
XP_002294262.1	THAPSDRAFT_25037	no	0	none
XP_002294263.1	THAPSDRAFT_264323	yes	1	IPR001214
XP_002294264.1	THAPSDRAFT_269843	yes	1	IPR001965
XP_002294265.1	THAPSDRAFT_10222	no	0	none
XP_002294266.1	THAPSDRAFT_10223	no	0	none
XP_002294267.1	THAPSDRAFT_10224	no	0	none
XP_002294268.1	THAPSDRAFT_25042	yes	1	IPR000873
XP_002294269.1	THAPSDRAFT_264325	no	0	none
XP_002294270.1	THAPSDRAFT_264326	no	0	none
XP_002294271.1	THAPSDRAFT_10228	yes	1	IPR002048
XP_002294272.1	THAPSDRAFT_10229	no	0	none
XP_002294273.1	THAPSDRAFT_269844	no	0	none
XP_002294274.1	THAPSDRAFT_10233	no	0	none
XP_002294275.1	THAPSDRAFT_10234	no	0	none
XP_002294276.1	THAPSDRAFT_25046	no	0	none
XP_002294277.1	THAPSDRAFT_25047	no	0	none
XP_002294278.1	THAPSDRAFT_25049	no	0	none
XP_002294279.1	THAPSDRAFT_10244	no	0	none
XP_002294280.1	THAPSDRAFT_25050	yes	1	IPR001164
XP_002294281.1	THAPSDRAFT_10248	no	0	none
XP_002294282.1	THAPSDRAFT_25052	no	0	none
XP_002294283.1	THAPSDRAFT_10252	no	0	none
XP_002294284.1	THAPSDRAFT_10254	no	0	none
XP_002294285.1	THAPSDRAFT_42543	yes	1	IPR005123
XP_002294286.1	THAPSDRAFT_10256	no	0	none
XP_002294287.1	THAPSDRAFT_25058	no	0	none
XP_002294288.1	THAPSDRAFT_25060	no	0	none
XP_002294289.1	THAPSDRAFT_10262	no	0	none
XP_002294290.1	THAPSDRAFT_10264	no	0	none
XP_002294291.1	THAPSDRAFT_10266	yes	3	IPR005140,IPR005141,IPR005142
XP_002294292.1	THAPSDRAFT_264335	yes	1	IPR002498
XP_002294293.1	THAPSDRAFT_25065	no	0	none
XP_002294294.1	THAPSDRAFT_10270	no	0	none
XP_002294295.1	THAPSDRAFT_10275	no	0	none
XP_002294296.1	THAPSDRAFT_37574	yes	1	IPR000297
XP_002294297.1	THAPSDRAFT_25068	no	0	none
XP_002294298.1	THAPSDRAFT_10282	no	0	none
XP_002294299.1	THAPSDRAFT_37665	yes	1	IPR008218
XP_002294300.1	THAPSDRAFT_264339	yes	1	IPR001199
XP_002294301.1	THAPSDRAFT_25072	no	0	none
XP_002294302.1	THAPSDRAFT_25074	no	0	none
XP_002294303.1	THAPSDRAFT_10292	yes	1	IPR004837
XP_002294304.1	THAPSDRAFT_25077	no	0	none
XP_002294305.1	THAPSDRAFT_12570	yes	3	IPR001650,IPR007502,IPR011545
XP_002294306.1	THAPSDRAFT_10298	yes	1	IPR001611
XP_002294307.1	THAPSDRAFT_264341	no	0	none
XP_002294308.1	THAPSDRAFT_25078	yes	1	IPR001611
XP_002294309.1	THAPSDRAFT_10302	no	0	none
XP_002294310.1	THAPSDRAFT_25080	no	0	none
XP_002294311.1	THAPSDRAFT_264345	yes	1	IPR001537
XP_002294312.1	THAPSDRAFT_25085	no	0	none
XP_002294313.1	THAPSDRAFT_25087	no	0	none
XP_002294314.1	THAPSDRAFT_10311	no	0	none
XP_002294315.1	THAPSDRAFT_264350	yes	1	IPR001965
XP_002294316.1	THAPSDRAFT_269858	yes	1	IPR007087
XP_002294317.1	THAPSDRAFT_12695	yes	1	IPR003440
XP_002294318.1	THAPSDRAFT_37976	yes	1	IPR002130
XP_002294319.1	THAPSDRAFT_10541	yes	1	IPR002086
XP_002294320.1	THAPSDRAFT_10542	no	0	none
XP_002294321.1	THAPSDRAFT_10545	yes	1	IPR002610
XP_002294322.1	THAPSDRAFT_264407	yes	1	IPR001468
XP_002294323.1	THAPSDRAFT_10548	no	0	none
XP_002294324.1	THAPSDRAFT_10550	no	0	none
XP_002294325.1	THAPSDRAFT_10551	yes	1	IPR005834
XP_002294326.1	THAPSDRAFT_25202	no	0	none
XP_002294327.1	THAPSDRAFT_25203	yes	1	IPR000504
XP_002294328.1	THAPSDRAFT_25205	no	0	none
XP_002294329.1	THAPSDRAFT_10559	yes	1	IPR006062
XP_002294330.1	THAPSDRAFT_264410	yes	1	IPR005828
XP_002294331.1	THAPSDRAFT_25207	no	0	none
XP_002294332.1	THAPSDRAFT_37979	yes	1	IPR001680
XP_002294333.1	THAPSDRAFT_10567	yes	2	IPR000583,IPR001347
XP_002294334.1	THAPSDRAFT_20431	yes	1	IPR002694
XP_002294335.1	THAPSDRAFT_269893	yes	1	IPR006171
XP_002294336.1	THAPSDRAFT_42621	yes	2	IPR002314,IPR004154
XP_002294337.1	THAPSDRAFT_10571	no	0	none
XP_002294338.1	THAPSDRAFT_25212	no	0	none
XP_002294339.1	THAPSDRAFT_42624	yes	1	IPR007704
XP_002294340.1	THAPSDRAFT_25218	no	0	none
XP_002294341.1	THAPSDRAFT_10581	no	0	none
XP_002294342.1	THAPSDRAFT_264421	yes	1	IPR003439
XP_002294343.1	THAPSDRAFT_37862	yes	1	IPR000719
XP_002294344.1	THAPSDRAFT_25223	yes	4	IPR000330,IPR001487,IPR001650,IPR001810
XP_002294345.1	THAPSDRAFT_25225	yes	1	IPR005176
XP_002294346.1	THAPSDRAFT_17582	yes	1	IPR005834
XP_002294347.1	THAPSDRAFT_269896	no	0	none
XP_002294348.1	THAPSDRAFT_25229	no	0	none
XP_002294349.1	THAPSDRAFT_15950	yes	1	IPR007369
XP_002294350.1	THAPSDRAFT_10603	no	0	none
XP_002294351.1	THAPSDRAFT_264430	yes	1	IPR000092
XP_002294352.1	THAPSDRAFT_264431	yes	1	IPR001104
XP_002294353.1	THAPSDRAFT_25236	no	0	none
XP_002294354.1	THAPSDRAFT_25237	no	0	none
XP_002294355.1	THAPSDRAFT_10612	yes	1	IPR001763
XP_002294356.1	THAPSDRAFT_10613	yes	1	IPR000232
XP_002294357.1	THAPSDRAFT_38022	yes	1	IPR001260
XP_002294358.1	THAPSDRAFT_10616	no	0	none
XP_002294359.1	THAPSDRAFT_25240	no	0	none
XP_002294360.1	THAPSDRAFT_25242	yes	1	IPR002673
XP_002294361.1	THAPSDRAFT_264438	yes	1	IPR001440
XP_002294362.1	THAPSDRAFT_10624	no	0	none
XP_002294363.1	THAPSDRAFT_25246	yes	1	IPR000504
XP_002294364.1	THAPSDRAFT_10629	no	0	none
XP_002294365.1	THAPSDRAFT_264439	no	0	none
XP_002294366.1	THAPSDRAFT_19937	yes	1	IPR008831
XP_002294367.1	THAPSDRAFT_25249	no	0	none
XP_002294368.1	THAPSDRAFT_264441	no	0	none
XP_002294369.1	THAPSDRAFT_10638	no	0	none
XP_002294370.1	THAPSDRAFT_25252	no	0	none
XP_002294371.1	THAPSDRAFT_269908	yes	6	IPR000089,IPR000891,IPR003379,IPR005479,IPR005481,IPR005482
XP_002294372.1	THAPSDRAFT_25254	no	0	none
XP_002294373.1	THAPSDRAFT_42652	yes	2	IPR004095,IPR006169
XP_002294374.1	THAPSDRAFT_37995	no	0	none
XP_002294375.1	THAPSDRAFT_10647	no	0	none
XP_002294376.1	THAPSDRAFT_26436	yes	1	IPR001567
XP_002294377.1	THAPSDRAFT_37980	yes	1	IPR007248
XP_002294378.1	THAPSDRAFT_789	yes	2	IPR000719,IPR002048
XP_002294379.1	THAPSDRAFT_17657	yes	1	IPR002917
XP_002294380.1	THAPSDRAFT_25261	no	0	none
XP_002294381.1	THAPSDRAFT_37923	yes	1	IPR001623
XP_002294382.1	THAPSDRAFT_25263	yes	1	IPR002641
XP_002294383.1	THAPSDRAFT_25264	no	0	none
XP_002294384.1	THAPSDRAFT_10661	no	0	none
XP_002294385.1	THAPSDRAFT_25267	no	0	none
XP_002294386.1	THAPSDRAFT_37963	yes	1	IPR007282
XP_002294387.1	THAPSDRAFT_37911	yes	1	IPR001179
XP_002294388.1	THAPSDRAFT_10671	no	0	none
XP_002294389.1	THAPSDRAFT_10673	yes	1	IPR002121
XP_002294390.1	THAPSDRAFT_25276	yes	1	IPR002110
XP_002294391.1	THAPSDRAFT_10681	no	0	none
XP_002294392.1	THAPSDRAFT_10683	yes	1	IPR001163
XP_002294393.1	THAPSDRAFT_25279	yes	1	IPR002423
XP_002294394.1	THAPSDRAFT_37988	yes	1	IPR006689
XP_002294395.1	THAPSDRAFT_10690	no	0	none
XP_002294396.1	THAPSDRAFT_269917	no	0	none
XP_002294397.1	THAPSDRAFT_25284	yes	1	IPR000571
XP_002294398.1	THAPSDRAFT_14028	yes	1	IPR005828
XP_002294399.1	THAPSDRAFT_37942	no	0	none
XP_002294400.1	THAPSDRAFT_795	yes	1	IPR001017
XP_002294401.1	THAPSDRAFT_10712	no	0	none
XP_002294402.1	THAPSDRAFT_10713	no	0	none
XP_002294403.1	THAPSDRAFT_10714	no	0	none
XP_002294404.1	THAPSDRAFT_10715	no	0	none
XP_002294405.1	THAPSDRAFT_15472	yes	1	IPR001932
XP_002294406.1	THAPSDRAFT_264466	yes	1	IPR003323
XP_002294407.1	THAPSDRAFT_13884	yes	1	IPR003439
XP_002294408.1	THAPSDRAFT_10722	yes	1	IPR002921
XP_002294409.1	THAPSDRAFT_10724	yes	1	IPR002110
XP_002294410.1	THAPSDRAFT_25299	yes	5	IPR000572,IPR001199,IPR001433,IPR005066,IPR008333
XP_002294411.1	THAPSDRAFT_25302	no	0	none
XP_002294412.1	THAPSDRAFT_19598	no	0	none
XP_002294413.1	THAPSDRAFT_37928	yes	1	IPR002717
XP_002294414.1	THAPSDRAFT_10731	yes	1	IPR001950
XP_002294415.1	THAPSDRAFT_25304	no	0	none
XP_002294416.1	THAPSDRAFT_25306	no	0	none
XP_002294417.1	THAPSDRAFT_25307	no	0	none
XP_002294418.1	THAPSDRAFT_25308	no	0	none
XP_002294419.1	THAPSDRAFT_10738	no	0	none
XP_002294420.1	THAPSDRAFT_10740	no	0	none
XP_002294421.1	THAPSDRAFT_10741	no	0	none
XP_002294422.1	THAPSDRAFT_42704	yes	2	IPR000573,IPR001030
XP_002294423.1	THAPSDRAFT_10744	no	0	none
XP_002294424.1	THAPSDRAFT_25312	no	0	none
XP_002294425.1	THAPSDRAFT_14370	yes	1	IPR001680
XP_002294426.1	THAPSDRAFT_10750	yes	1	IPR002085
XP_002294427.1	THAPSDRAFT_10752	yes	1	IPR003265
XP_002294428.1	THAPSDRAFT_10753	no	0	none
XP_002294429.1	THAPSDRAFT_10754	no	0	none
XP_002294430.1	THAPSDRAFT_37880	no	0	none
XP_002294431.1	THAPSDRAFT_10539	no	0	none
XP_002294432.1	THAPSDRAFT_269889	no	0	none
XP_002294433.1	THAPSDRAFT_37960	yes	2	IPR000048,IPR001609
XP_002294434.1	THAPSDRAFT_25198	yes	1	IPR005114
XP_002294435.1	THAPSDRAFT_25199	no	0	none
XP_002294436.1	THAPSDRAFT_10547	no	0	none
XP_002294437.1	THAPSDRAFT_10552	no	0	none
XP_002294438.1	THAPSDRAFT_10554	no	0	none
XP_002294439.1	THAPSDRAFT_10556	no	0	none
XP_002294440.1	THAPSDRAFT_10558	yes	1	IPR005834
XP_002294441.1	THAPSDRAFT_10560	no	0	none
XP_002294442.1	THAPSDRAFT_25206	no	0	none
XP_002294443.1	THAPSDRAFT_10564	no	0	none
XP_002294444.1	THAPSDRAFT_264413	yes	1	IPR001498
XP_002294445.1	THAPSDRAFT_10566	yes	1	IPR004837
XP_002294446.1	THAPSDRAFT_42620	yes	1	IPR001680
XP_002294447.1	THAPSDRAFT_25214	yes	1	IPR001841
XP_002294448.1	THAPSDRAFT_10577	no	0	none
XP_002294449.1	THAPSDRAFT_25217	no	0	none
XP_002294450.1	THAPSDRAFT_264420	yes	1	IPR001406
XP_002294451.1	THAPSDRAFT_25219	no	0	none
XP_002294452.1	THAPSDRAFT_10585	no	0	none
XP_002294453.1	THAPSDRAFT_25222	no	0	none
XP_002294454.1	THAPSDRAFT_10588	no	0	none
XP_002294455.1	THAPSDRAFT_10589	no	0	none
XP_002294456.1	THAPSDRAFT_25224	no	0	none
XP_002294457.1	THAPSDRAFT_10592	no	0	none
XP_002294458.1	THAPSDRAFT_10595	no	0	none
XP_002294459.1	THAPSDRAFT_25228	no	0	none
XP_002294460.1	THAPSDRAFT_10598	no	0	none
XP_002294461.1	THAPSDRAFT_25231	yes	1	IPR000182
XP_002294462.1	THAPSDRAFT_269900	yes	4	IPR002489,IPR002932,IPR006981,IPR006982
XP_002294463.1	THAPSDRAFT_25233	no	0	none
XP_002294464.1	THAPSDRAFT_10604	no	0	none
XP_002294465.1	THAPSDRAFT_25234	no	0	none
XP_002294466.1	THAPSDRAFT_25235	no	0	none
XP_002294467.1	THAPSDRAFT_10608	no	0	none
XP_002294468.1	THAPSDRAFT_269901	yes	1	IPR001045
XP_002294469.1	THAPSDRAFT_10615	yes	2	IPR002110,IPR002562
XP_002294470.1	THAPSDRAFT_25239	no	0	none
XP_002294471.1	THAPSDRAFT_10619	yes	1	IPR004263
XP_002294472.1	THAPSDRAFT_25241	no	0	none
XP_002294473.1	THAPSDRAFT_25243	no	0	none
XP_002294474.1	THAPSDRAFT_37965	no	0	none
XP_002294475.1	THAPSDRAFT_10626	no	0	none
XP_002294476.1	THAPSDRAFT_10628	no	0	none
XP_002294477.1	THAPSDRAFT_25247	no	0	none
XP_002294478.1	THAPSDRAFT_25248	yes	1	IPR007594
XP_002294479.1	THAPSDRAFT_264440	yes	2	IPR001327,IPR004099
XP_002294480.1	THAPSDRAFT_10635	yes	2	IPR005302,IPR005303
XP_002294481.1	THAPSDRAFT_42646	yes	1	IPR002815
XP_002294482.1	THAPSDRAFT_10641	no	0	none
XP_002294483.1	THAPSDRAFT_37867	yes	1	IPR007130
XP_002294484.1	THAPSDRAFT_37962	yes	1	IPR001163
XP_002294485.1	THAPSDRAFT_42660	yes	1	IPR000073
XP_002294486.1	THAPSDRAFT_20248	no	0	none
XP_002294487.1	THAPSDRAFT_10654	no	0	none
XP_002294488.1	THAPSDRAFT_25262	no	0	none
XP_002294489.1	THAPSDRAFT_10659	no	0	none
XP_002294490.1	THAPSDRAFT_37881	no	0	none
XP_002294491.1	THAPSDRAFT_264451	yes	1	IPR000555
XP_002294492.1	THAPSDRAFT_25270	no	0	none
XP_002294493.1	THAPSDRAFT_38006	yes	1	IPR001179
XP_002294494.1	THAPSDRAFT_25272	no	0	none
XP_002294495.1	THAPSDRAFT_37948	yes	1	IPR001602
XP_002294496.1	THAPSDRAFT_37861	yes	1	IPR000717
XP_002294497.1	THAPSDRAFT_10677	yes	1	IPR005804
XP_002294498.1	THAPSDRAFT_30301	yes	2	IPR000728,IPR010918
XP_002294499.1	THAPSDRAFT_37970	yes	1	IPR001993
XP_002294500.1	THAPSDRAFT_25277	no	0	none
XP_002294501.1	THAPSDRAFT_25278	no	0	none
XP_002294502.1	THAPSDRAFT_270300	no	0	none
XP_002294503.1	THAPSDRAFT_25280	no	0	none
XP_002294504.1	THAPSDRAFT_25281	no	0	none
XP_002294505.1	THAPSDRAFT_10693	yes	2	IPR004367,IPR006671
XP_002294506.1	THAPSDRAFT_264461	yes	1	IPR001254
XP_002294507.1	THAPSDRAFT_10695	yes	1	IPR007628
XP_002294508.1	THAPSDRAFT_38011	yes	1	IPR000719
XP_002294509.1	THAPSDRAFT_10699	no	0	none
XP_002294510.1	THAPSDRAFT_37944	yes	1	IPR003846
XP_002294511.1	THAPSDRAFT_25288	no	0	none
XP_002294512.1	THAPSDRAFT_30310	yes	1	IPR001395
XP_002294513.1	THAPSDRAFT_25290	no	0	none
XP_002294514.1	THAPSDRAFT_37920	yes	1	IPR002130
XP_002294515.1	THAPSDRAFT_42687	no	0	none
XP_002294516.1	THAPSDRAFT_25292	no	0	none
XP_002294517.1	THAPSDRAFT_37961	yes	1	IPR004217
XP_002294518.1	THAPSDRAFT_25294	no	0	none
XP_002294519.1	THAPSDRAFT_25295	yes	1	IPR004045
XP_002294520.1	THAPSDRAFT_25297	no	0	none
XP_002294521.1	THAPSDRAFT_10718	no	0	none
XP_002294522.1	THAPSDRAFT_20194	no	0	none
XP_002294523.1	THAPSDRAFT_37854	no	0	none
XP_002294524.1	THAPSDRAFT_10723	no	0	none
XP_002294525.1	THAPSDRAFT_20349	no	0	none
XP_002294526.1	THAPSDRAFT_10732	no	0	none
XP_002294527.1	THAPSDRAFT_25309	no	0	none
XP_002294528.1	THAPSDRAFT_37974	yes	1	IPR005828
XP_002294529.1	THAPSDRAFT_25311	no	0	none
XP_002294530.1	THAPSDRAFT_18047	yes	1	IPR000326
XP_002294531.1	THAPSDRAFT_10747	no	0	none
XP_002294532.1	THAPSDRAFT_10749	no	0	none
XP_002294533.1	THAPSDRAFT_269925	no	0	none
XP_002294534.1	THAPSDRAFT_30335	no	0	none
XP_002294535.1	THAPSDRAFT_37959	no	0	none
XP_002294536.1	THAPSDRAFT_264660	no	0	none
XP_002294537.1	THAPSDRAFT_11407	no	0	none
XP_002294538.1	THAPSDRAFT_11411	yes	1	IPR002020
XP_002294539.1	THAPSDRAFT_11412	no	0	none
XP_002294540.1	THAPSDRAFT_264663	yes	1	IPR006662
XP_002294541.1	THAPSDRAFT_26457	yes	2	IPR001327,IPR004099
XP_002294542.1	THAPSDRAFT_11418	no	0	none
XP_002294543.1	THAPSDRAFT_25573	no	0	none
XP_002294544.1	THAPSDRAFT_25574	yes	1	IPR002198
XP_002294545.1	THAPSDRAFT_11426	no	0	none
XP_002294546.1	THAPSDRAFT_25576	yes	1	IPR002659
XP_002294547.1	THAPSDRAFT_270013	yes	2	IPR001098,IPR002562
XP_002294548.1	THAPSDRAFT_11431	no	0	none
XP_002294549.1	THAPSDRAFT_11432	no	0	none
XP_002294550.1	THAPSDRAFT_11434	no	0	none
XP_002294551.1	THAPSDRAFT_38475	yes	1	IPR007502
XP_002294552.1	THAPSDRAFT_38472	no	0	none
XP_002294553.1	THAPSDRAFT_11436	no	0	none
XP_002294554.1	THAPSDRAFT_264671	yes	1	IPR000719
XP_002294555.1	THAPSDRAFT_264672	yes	1	IPR003874
XP_002294556.1	THAPSDRAFT_30533	yes	1	IPR005824
XP_002294557.1	THAPSDRAFT_270017	yes	1	IPR005123
XP_002294558.1	THAPSDRAFT_19289	yes	1	IPR003958
XP_002294559.1	THAPSDRAFT_11453	no	0	none
XP_002294560.1	THAPSDRAFT_11455	yes	1	IPR004342
XP_002294561.1	THAPSDRAFT_25591	no	0	none
XP_002294562.1	THAPSDRAFT_11461	no	0	none
XP_002294563.1	THAPSDRAFT_11462	no	0	none
XP_002294564.1	THAPSDRAFT_38490	no	0	none
XP_002294565.1	THAPSDRAFT_832	yes	1	IPR003226
XP_002294566.1	THAPSDRAFT_264678	yes	3	IPR001433,IPR003097,IPR008254
XP_002294567.1	THAPSDRAFT_25599	no	0	none
XP_002294568.1	THAPSDRAFT_25600	no	0	none
XP_002294569.1	THAPSDRAFT_11474	no	0	none
XP_002294570.1	THAPSDRAFT_25603	no	0	none
XP_002294571.1	THAPSDRAFT_11478	no	0	none
XP_002294572.1	THAPSDRAFT_11480	no	0	none
XP_002294573.1	THAPSDRAFT_270023	yes	1	IPR005307
XP_002294574.1	THAPSDRAFT_11486	no	0	none
XP_002294575.1	THAPSDRAFT_11488	no	0	none
XP_002294576.1	THAPSDRAFT_11490	no	0	none
XP_002294577.1	THAPSDRAFT_25610	yes	1	IPR000782
XP_002294578.1	THAPSDRAFT_16947	yes	2	IPR001650,IPR011545
XP_002294579.1	THAPSDRAFT_11500	yes	1	IPR002110
XP_002294580.1	THAPSDRAFT_11501	yes	1	IPR001344
XP_002294581.1	THAPSDRAFT_11503	no	0	none
XP_002294582.1	THAPSDRAFT_11504	no	0	none
XP_002294583.1	THAPSDRAFT_11505	no	0	none
XP_002294584.1	THAPSDRAFT_264690	yes	3	IPR004143,IPR004367,IPR006671
XP_002294585.1	THAPSDRAFT_11508	yes	1	IPR002777
XP_002294586.1	THAPSDRAFT_25618	no	0	none
XP_002294587.1	THAPSDRAFT_11514	no	0	none
XP_002294588.1	THAPSDRAFT_11515	no	0	none
XP_002294589.1	THAPSDRAFT_25619	no	0	none
XP_002294590.1	THAPSDRAFT_25620	no	0	none
XP_002294591.1	THAPSDRAFT_25622	no	0	none
XP_002294592.1	THAPSDRAFT_11522	no	0	none
XP_002294593.1	THAPSDRAFT_11523	no	0	none
XP_002294594.1	THAPSDRAFT_25626	no	0	none
XP_002294595.1	THAPSDRAFT_270031	no	0	none
XP_002294596.1	THAPSDRAFT_42946	yes	1	IPR004820
XP_002294597.1	THAPSDRAFT_25629	yes	4	IPR000640,IPR000795,IPR004161,IPR005517
XP_002294598.1	THAPSDRAFT_11530	yes	1	IPR010775
XP_002294599.1	THAPSDRAFT_26046	yes	1	IPR001593
XP_002294600.1	THAPSDRAFT_270037	yes	2	IPR000504,IPR000571
XP_002294601.1	THAPSDRAFT_11536	no	0	none
XP_002294602.1	THAPSDRAFT_25634	yes	1	IPR001406
XP_002294603.1	THAPSDRAFT_11540	no	0	none
XP_002294604.1	THAPSDRAFT_11542	yes	1	IPR001406
XP_002294605.1	THAPSDRAFT_25635	no	0	none
XP_002294606.1	THAPSDRAFT_25637	no	0	none
XP_002294607.1	THAPSDRAFT_38555	yes	1	IPR001752
XP_002294608.1	THAPSDRAFT_42962	yes	1	IPR001344
XP_002294609.1	THAPSDRAFT_264711	yes	1	IPR002857
XP_002294610.1	THAPSDRAFT_264714	yes	1	IPR001344
XP_002294611.1	THAPSDRAFT_42971	yes	1	IPR002300
XP_002294612.1	THAPSDRAFT_264717	yes	1	IPR007036
XP_002294613.1	THAPSDRAFT_264718	yes	1	IPR001005
XP_002294614.1	THAPSDRAFT_11563	no	0	none
XP_002294615.1	THAPSDRAFT_25647	no	0	none
XP_002294616.1	THAPSDRAFT_25648	no	0	none
XP_002294617.1	THAPSDRAFT_25649	no	0	none
XP_002294618.1	THAPSDRAFT_11569	no	0	none
XP_002294619.1	THAPSDRAFT_38510	no	0	none
XP_002294620.1	THAPSDRAFT_11572	no	0	none
XP_002294621.1	THAPSDRAFT_25652	yes	1	IPR002110
XP_002294622.1	THAPSDRAFT_25653	no	0	none
XP_002294623.1	THAPSDRAFT_25655	yes	1	IPR001611
XP_002294624.1	THAPSDRAFT_25656	no	0	none
XP_002294625.1	THAPSDRAFT_17208	yes	1	IPR000704
XP_002294626.1	THAPSDRAFT_25660	no	0	none
XP_002294627.1	THAPSDRAFT_11585	no	0	none
XP_002294628.1	THAPSDRAFT_264722	yes	1	IPR001806
XP_002294629.1	THAPSDRAFT_11589	yes	1	IPR003959
XP_002294630.1	THAPSDRAFT_11590	no	0	none
XP_002294631.1	THAPSDRAFT_11592	yes	1	IPR001841
XP_002294632.1	THAPSDRAFT_25662	no	0	none
XP_002294633.1	THAPSDRAFT_11598	no	0	none
XP_002294634.1	THAPSDRAFT_38509	no	0	none
XP_002294635.1	THAPSDRAFT_264728	yes	1	IPR005334
XP_002294636.1	THAPSDRAFT_11604	no	0	none
XP_002294637.1	THAPSDRAFT_19813	no	0	none
XP_002294638.1	THAPSDRAFT_264730	yes	1	IPR001045
XP_002294639.1	THAPSDRAFT_11606	no	0	none
XP_002294640.1	THAPSDRAFT_30620	yes	1	IPR003333
XP_002294641.1	THAPSDRAFT_25669	yes	2	IPR000008,IPR005135
XP_002294642.1	THAPSDRAFT_11615	yes	1	IPR002016
XP_002294643.1	THAPSDRAFT_11616	no	0	none
XP_002294644.1	THAPSDRAFT_11618	no	0	none
XP_002294645.1	THAPSDRAFT_38543	yes	1	IPR001199
XP_002294646.1	THAPSDRAFT_25671	no	0	none
XP_002294647.1	THAPSDRAFT_11623	no	0	none
XP_002294648.1	THAPSDRAFT_11624	yes	1	IPR007854
XP_002294649.1	THAPSDRAFT_264740	yes	1	IPR003439
XP_002294650.1	THAPSDRAFT_16722	yes	1	IPR003439
XP_002294651.1	THAPSDRAFT_11626	no	0	none
XP_002294652.1	THAPSDRAFT_11627	no	0	none
XP_002294653.1	THAPSDRAFT_42992	yes	1	IPR002680
XP_002294654.1	THAPSDRAFT_11632	no	0	none
XP_002294655.1	THAPSDRAFT_264746	no	0	none
XP_002294656.1	THAPSDRAFT_11641	no	0	none
XP_002294657.1	THAPSDRAFT_38473	yes	1	IPR005301
XP_002294658.1	THAPSDRAFT_270060	yes	1	IPR005114
XP_002294659.1	THAPSDRAFT_11648	no	0	none
XP_002294660.1	THAPSDRAFT_11649	no	0	none
XP_002294661.1	THAPSDRAFT_11650	no	0	none
XP_002294662.1	THAPSDRAFT_25678	yes	1	IPR001440
XP_002294663.1	THAPSDRAFT_25680	yes	1	IPR002048
XP_002294664.1	THAPSDRAFT_11655	no	0	none
XP_002294665.1	THAPSDRAFT_11405	no	0	none
XP_002294666.1	THAPSDRAFT_11408	no	0	none
XP_002294667.1	THAPSDRAFT_11409	no	0	none
XP_002294668.1	THAPSDRAFT_25567	no	0	none
XP_002294669.1	THAPSDRAFT_38512	yes	1	IPR000073
XP_002294670.1	THAPSDRAFT_11415	no	0	none
XP_002294671.1	THAPSDRAFT_264664	no	0	none
XP_002294672.1	THAPSDRAFT_25570	no	0	none
XP_002294673.1	THAPSDRAFT_25572	yes	2	IPR000182,IPR003781
XP_002294674.1	THAPSDRAFT_11420	no	0	none
XP_002294675.1	THAPSDRAFT_25575	no	0	none
XP_002294676.1	THAPSDRAFT_11424	no	0	none
XP_002294677.1	THAPSDRAFT_11425	no	0	none
XP_002294678.1	THAPSDRAFT_11427	yes	1	IPR002123
XP_002294679.1	THAPSDRAFT_11430	no	0	none
XP_002294680.1	THAPSDRAFT_11433	yes	1	IPR000719
XP_002294681.1	THAPSDRAFT_38482	yes	1	IPR004217
XP_002294682.1	THAPSDRAFT_11437	no	0	none
XP_002294683.1	THAPSDRAFT_11438	no	0	none
XP_002294684.1	THAPSDRAFT_11439	no	0	none
XP_002294685.1	THAPSDRAFT_270271	no	0	none
XP_002294686.1	THAPSDRAFT_11441	no	0	none
XP_002294687.1	THAPSDRAFT_11442	yes	1	IPR006970
XP_002294688.1	THAPSDRAFT_14322	yes	1	IPR000719
XP_002294689.1	THAPSDRAFT_25582	yes	1	IPR000504
XP_002294690.1	THAPSDRAFT_25583	yes	2	IPR001012,IPR003903
XP_002294691.1	THAPSDRAFT_264674	no	0	none
XP_002294692.1	THAPSDRAFT_25587	no	0	none
XP_002294693.1	THAPSDRAFT_11454	yes	1	IPR000008
XP_002294694.1	THAPSDRAFT_17861	yes	1	IPR002198
XP_002294695.1	THAPSDRAFT_25590	no	0	none
XP_002294696.1	THAPSDRAFT_11460	no	0	none
XP_002294697.1	THAPSDRAFT_25593	no	0	none
XP_002294698.1	THAPSDRAFT_25594	no	0	none
XP_002294699.1	THAPSDRAFT_11466	no	0	none
XP_002294700.1	THAPSDRAFT_38469	yes	1	IPR001680
XP_002294701.1	THAPSDRAFT_264679	yes	1	IPR002013
XP_002294702.1	THAPSDRAFT_25601	no	0	none
XP_002294703.1	THAPSDRAFT_30550	yes	1	IPR007144
XP_002294704.1	THAPSDRAFT_25604	no	0	none
XP_002294705.1	THAPSDRAFT_11479	no	0	none
XP_002294706.1	THAPSDRAFT_25605	yes	2	IPR001926,IPR002028
XP_002294707.1	THAPSDRAFT_38460	yes	1	IPR001232
XP_002294708.1	THAPSDRAFT_11484	yes	1	IPR003131
XP_002294709.1	THAPSDRAFT_25608	no	0	none
XP_002294710.1	THAPSDRAFT_11487	yes	1	IPR008775
XP_002294711.1	THAPSDRAFT_11489	no	0	none
XP_002294712.1	THAPSDRAFT_38513	yes	1	IPR004147
XP_002294713.1	THAPSDRAFT_11492	no	0	none
XP_002294714.1	THAPSDRAFT_25613	yes	2	IPR000403,IPR003151
XP_002294715.1	THAPSDRAFT_270027	yes	1	IPR001932
XP_002294716.1	THAPSDRAFT_11498	no	0	none
XP_002294717.1	THAPSDRAFT_11499	no	0	none
XP_002294718.1	THAPSDRAFT_11506	yes	2	IPR003008,IPR008280
XP_002294719.1	THAPSDRAFT_264691	yes	1	IPR010796
XP_002294720.1	THAPSDRAFT_11510	no	0	none
XP_002294721.1	THAPSDRAFT_270029	yes	1	IPR001373
XP_002294722.1	THAPSDRAFT_25617	no	0	none
XP_002294723.1	THAPSDRAFT_11516	no	0	none
XP_002294724.1	THAPSDRAFT_25621	no	0	none
XP_002294725.1	THAPSDRAFT_25623	no	0	none
XP_002294726.1	THAPSDRAFT_17966	no	0	none
XP_002294727.1	THAPSDRAFT_270030	yes	1	IPR000569
XP_002294728.1	THAPSDRAFT_264694	yes	1	IPR002068
XP_002294729.1	THAPSDRAFT_11529	no	0	none
XP_002294730.1	THAPSDRAFT_264699	yes	1	IPR000408
XP_002294731.1	THAPSDRAFT_11534	no	0	none
XP_002294732.1	THAPSDRAFT_25633	no	0	none
XP_002294733.1	THAPSDRAFT_11537	no	0	none
XP_002294734.1	THAPSDRAFT_11539	no	0	none
XP_002294735.1	THAPSDRAFT_11541	no	0	none
XP_002294736.1	THAPSDRAFT_11543	no	0	none
XP_002294737.1	THAPSDRAFT_11545	yes	1	IPR001283
XP_002294738.1	THAPSDRAFT_270038	yes	1	IPR001309
XP_002294739.1	THAPSDRAFT_11548	yes	1	IPR002085
XP_002294740.1	THAPSDRAFT_25639	yes	1	IPR002573
XP_002294741.1	THAPSDRAFT_25640	no	0	none
XP_002294742.1	THAPSDRAFT_42965	yes	2	IPR004113,IPR006094
XP_002294743.1	THAPSDRAFT_260392	no	0	none
XP_002294744.1	THAPSDRAFT_11557	yes	1	IPR008775
XP_002294745.1	THAPSDRAFT_11559	no	0	none
XP_002294746.1	THAPSDRAFT_11562	yes	1	IPR006970
XP_002294747.1	THAPSDRAFT_38466	yes	1	IPR001537
XP_002294748.1	THAPSDRAFT_11564	no	0	none
XP_002294749.1	THAPSDRAFT_38449	yes	1	IPR001129
XP_002294750.1	THAPSDRAFT_25650	no	0	none
XP_002294751.1	THAPSDRAFT_25651	no	0	none
XP_002294752.1	THAPSDRAFT_11575	no	0	none
XP_002294753.1	THAPSDRAFT_11576	no	0	none
XP_002294754.1	THAPSDRAFT_270048	yes	1	IPR000834
XP_002294755.1	THAPSDRAFT_25658	no	0	none
XP_002294756.1	THAPSDRAFT_25659	no	0	none
XP_002294757.1	THAPSDRAFT_11586	no	0	none
XP_002294758.1	THAPSDRAFT_11588	yes	1	IPR000637
XP_002294759.1	THAPSDRAFT_38514	no	0	none
XP_002294760.1	THAPSDRAFT_15545	yes	1	IPR007085
XP_002294761.1	THAPSDRAFT_11594	no	0	none
XP_002294762.1	THAPSDRAFT_14364	yes	1	IPR000374
XP_002294763.1	THAPSDRAFT_38391	no	0	none
XP_002294764.1	THAPSDRAFT_264725	no	0	none
XP_002294765.1	THAPSDRAFT_25663	no	0	none
XP_002294766.1	THAPSDRAFT_264726	yes	1	IPR001789
XP_002294767.1	THAPSDRAFT_264727	yes	1	IPR001611
XP_002294768.1	THAPSDRAFT_25664	no	0	none
XP_002294769.1	THAPSDRAFT_12662	yes	1	IPR003333
XP_002294770.1	THAPSDRAFT_11609	no	0	none
XP_002294771.1	THAPSDRAFT_11612	yes	2	IPR000873,IPR002110
XP_002294772.1	THAPSDRAFT_11613	no	0	none
XP_002294773.1	THAPSDRAFT_11614	yes	1	IPR004130
XP_002294774.1	THAPSDRAFT_11617	no	0	none
XP_002294775.1	THAPSDRAFT_11621	no	0	none
XP_002294776.1	THAPSDRAFT_11622	no	0	none
XP_002294777.1	THAPSDRAFT_11628	no	0	none
XP_002294778.1	THAPSDRAFT_11629	no	0	none
XP_002294779.1	THAPSDRAFT_38428	yes	1	IPR002680
XP_002294780.1	THAPSDRAFT_11633	no	0	none
XP_002294781.1	THAPSDRAFT_25675	yes	1	IPR001611
XP_002294782.1	THAPSDRAFT_11636	no	0	none
XP_002294783.1	THAPSDRAFT_11637	yes	1	IPR001952
XP_002294784.1	THAPSDRAFT_11639	no	0	none
XP_002294785.1	THAPSDRAFT_11640	no	0	none
XP_002294786.1	THAPSDRAFT_11643	yes	1	IPR001471
XP_002294787.1	THAPSDRAFT_25677	yes	1	IPR006667
XP_002294788.1	THAPSDRAFT_11646	no	0	none
XP_002294789.1	THAPSDRAFT_11647	no	0	none
XP_002294790.1	THAPSDRAFT_25679	no	0	none
XP_002294791.1	THAPSDRAFT_11654	no	0	none
XP_002294792.1	THAPSDRAFT_11656	no	0	none
XP_002294793.1	THAPSDRAFT_264751	no	0	none
XP_002294794.1	THAPSDRAFT_11659	no	0	none
XP_002294795.1	THAPSDRAFT_11661	yes	1	IPR001585
XP_002294796.1	THAPSDRAFT_38597	yes	2	IPR001150,IPR004184
XP_002294797.1	THAPSDRAFT_264757	yes	1	IPR007197
XP_002294798.1	THAPSDRAFT_11665	no	0	none
XP_002294799.1	THAPSDRAFT_38576	yes	1	IPR004839
XP_002294800.1	THAPSDRAFT_264759	yes	1	IPR000101
XP_002294801.1	THAPSDRAFT_38757	yes	1	IPR002917
XP_002294802.1	THAPSDRAFT_38735	yes	1	IPR001611
XP_002294803.1	THAPSDRAFT_25681	no	0	none
XP_002294804.1	THAPSDRAFT_264761	no	0	none
XP_002294805.1	THAPSDRAFT_11676	no	0	none
XP_002294806.1	THAPSDRAFT_264767	yes	1	IPR000399
XP_002294807.1	THAPSDRAFT_25686	no	0	none
XP_002294808.1	THAPSDRAFT_11683	no	0	none
XP_002294809.1	THAPSDRAFT_11684	no	0	none
XP_002294810.1	THAPSDRAFT_25687	no	0	none
XP_002294811.1	THAPSDRAFT_11687	yes	1	IPR000727
XP_002294812.1	THAPSDRAFT_11688	no	0	none
XP_002294813.1	THAPSDRAFT_25689	no	0	none
XP_002294814.1	THAPSDRAFT_11691	no	0	none
XP_002294815.1	THAPSDRAFT_38764	yes	1	IPR001487
XP_002294816.1	THAPSDRAFT_11695	no	0	none
XP_002294817.1	THAPSDRAFT_11697	no	0	none
XP_002294818.1	THAPSDRAFT_38724	yes	1	IPR002016
XP_002294819.1	THAPSDRAFT_25693	yes	1	IPR002921
XP_002294820.1	THAPSDRAFT_264773	yes	1	IPR003439
XP_002294821.1	THAPSDRAFT_11707	no	0	none
XP_002294822.1	THAPSDRAFT_11710	no	0	none
XP_002294823.1	THAPSDRAFT_25698	no	0	none
XP_002294824.1	THAPSDRAFT_11718	no	0	none
XP_002294825.1	THAPSDRAFT_11721	no	0	none
XP_002294826.1	THAPSDRAFT_11722	no	0	none
XP_002294827.1	THAPSDRAFT_11724	no	0	none
XP_002294828.1	THAPSDRAFT_11725	yes	1	IPR001584
XP_002294829.1	THAPSDRAFT_264777	yes	1	IPR001878
XP_002294830.1	THAPSDRAFT_38743	yes	2	IPR000719,IPR002048
XP_002294831.1	THAPSDRAFT_264781	yes	1	IPR000727
XP_002294832.1	THAPSDRAFT_11734	no	0	none
XP_002294833.1	THAPSDRAFT_25702	no	0	none
XP_002294834.1	THAPSDRAFT_25703	no	0	none
XP_002294835.1	THAPSDRAFT_11737	no	0	none
XP_002294836.1	THAPSDRAFT_11738	no	0	none
XP_002294837.1	THAPSDRAFT_264783	yes	2	IPR002099,IPR003594
XP_002294838.1	THAPSDRAFT_264786	yes	1	IPR007832
XP_002294839.1	THAPSDRAFT_11743	no	0	none
XP_002294840.1	THAPSDRAFT_270071	yes	5	IPR000674,IPR002346,IPR002888,IPR005107,IPR008274
XP_002294841.1	THAPSDRAFT_25707	yes	1	IPR005123
XP_002294842.1	THAPSDRAFT_11749	no	0	none
XP_002294843.1	THAPSDRAFT_11751	no	0	none
XP_002294844.1	THAPSDRAFT_25708	no	0	none
XP_002294845.1	THAPSDRAFT_38667	yes	1	IPR001344
XP_002294846.1	THAPSDRAFT_11757	yes	1	IPR002048
XP_002294847.1	THAPSDRAFT_11758	no	0	none
XP_002294848.1	THAPSDRAFT_11760	no	0	none
XP_002294849.1	THAPSDRAFT_11761	no	0	none
XP_002294850.1	THAPSDRAFT_25713	no	0	none
XP_002294851.1	THAPSDRAFT_38685	yes	1	IPR001752
XP_002294852.1	THAPSDRAFT_25719	no	0	none
XP_002294853.1	THAPSDRAFT_25722	yes	3	IPR000409,IPR000504,IPR001680
XP_002294854.1	THAPSDRAFT_25724	yes	1	IPR002838
XP_002294855.1	THAPSDRAFT_25725	yes	1	IPR003369
XP_002294856.1	THAPSDRAFT_15688	no	0	none
XP_002294857.1	THAPSDRAFT_25726	yes	1	IPR002921
XP_002294858.1	THAPSDRAFT_11788	no	0	none
XP_002294859.1	THAPSDRAFT_11789	no	0	none
XP_002294860.1	THAPSDRAFT_11790	no	0	none
XP_002294861.1	THAPSDRAFT_264809	yes	1	IPR003000
XP_002294862.1	THAPSDRAFT_11793	no	0	none
XP_002294863.1	THAPSDRAFT_11794	no	0	none
XP_002294864.1	THAPSDRAFT_11795	yes	1	IPR000571
XP_002294865.1	THAPSDRAFT_11796	no	0	none
XP_002294866.1	THAPSDRAFT_25729	yes	2	IPR001451,IPR003307
XP_002294867.1	THAPSDRAFT_264811	yes	1	IPR005240
XP_002294868.1	THAPSDRAFT_25730	yes	1	IPR007843
XP_002294869.1	THAPSDRAFT_38768	yes	1	IPR001005
XP_002294870.1	THAPSDRAFT_19897	yes	1	IPR001005
XP_002294871.1	THAPSDRAFT_25733	yes	1	IPR005547
XP_002294872.1	THAPSDRAFT_25734	no	0	none
XP_002294873.1	THAPSDRAFT_25736	no	0	none
XP_002294874.1	THAPSDRAFT_264816	yes	3	IPR000305,IPR000432,IPR007695
XP_002294875.1	THAPSDRAFT_270273	no	0	none
XP_002294876.1	THAPSDRAFT_11817	no	0	none
XP_002294877.1	THAPSDRAFT_30683	yes	1	IPR001353
XP_002294878.1	THAPSDRAFT_38732	yes	1	IPR003018
XP_002294879.1	THAPSDRAFT_38647	yes	1	IPR001789
XP_002294880.1	THAPSDRAFT_25742	no	0	none
XP_002294881.1	THAPSDRAFT_11823	yes	1	IPR002110
XP_002294882.1	THAPSDRAFT_11825	no	0	none
XP_002294883.1	THAPSDRAFT_38632	no	0	none
XP_002294884.1	THAPSDRAFT_11832	no	0	none
XP_002294885.1	THAPSDRAFT_25744	no	0	none
XP_002294886.1	THAPSDRAFT_270092	yes	1	IPR001344
XP_002294887.1	THAPSDRAFT_11838	yes	1	IPR002035
XP_002294888.1	THAPSDRAFT_30691	yes	1	IPR001045
XP_002294889.1	THAPSDRAFT_11842	yes	1	IPR006198
XP_002294890.1	THAPSDRAFT_25749	no	0	none
XP_002294891.1	THAPSDRAFT_25750	no	0	none
XP_002294892.1	THAPSDRAFT_264834	yes	1	IPR005114
XP_002294893.1	THAPSDRAFT_38723	no	0	none
XP_002294894.1	THAPSDRAFT_25753	yes	3	IPR005844,IPR005845,IPR005846
XP_002294895.1	THAPSDRAFT_25754	no	0	none
XP_002294896.1	THAPSDRAFT_11853	yes	1	IPR002921
XP_002294897.1	THAPSDRAFT_25755	no	0	none
XP_002294898.1	THAPSDRAFT_19963	yes	1	IPR001164
XP_002294899.1	THAPSDRAFT_11858	no	0	none
XP_002294900.1	THAPSDRAFT_11860	no	0	none
XP_002294901.1	THAPSDRAFT_25757	yes	1	IPR000237
XP_002294902.1	THAPSDRAFT_11864	no	0	none
XP_002294903.1	THAPSDRAFT_11865	no	0	none
XP_002294904.1	THAPSDRAFT_11867	no	0	none
XP_002294905.1	THAPSDRAFT_11868	no	0	none
XP_002294906.1	THAPSDRAFT_11869	yes	1	IPR001849
XP_002294907.1	THAPSDRAFT_11871	no	0	none
XP_002294908.1	THAPSDRAFT_38767	no	0	none
XP_002294909.1	THAPSDRAFT_264847	no	0	none
XP_002294910.1	THAPSDRAFT_38616	yes	1	IPR002048
XP_002294911.1	THAPSDRAFT_38609	yes	1	IPR000286
XP_002294912.1	THAPSDRAFT_25766	no	0	none
XP_002294913.1	THAPSDRAFT_25767	no	0	none
XP_002294914.1	THAPSDRAFT_13224	yes	2	IPR000504,IPR002004
XP_002294915.1	THAPSDRAFT_25771	no	0	none
XP_002294916.1	THAPSDRAFT_264854	yes	1	IPR000719
XP_002294917.1	THAPSDRAFT_25772	yes	1	IPR004000
XP_002294918.1	THAPSDRAFT_25775	yes	1	IPR001841
XP_002294919.1	THAPSDRAFT_11897	yes	1	IPR000421
XP_002294920.1	THAPSDRAFT_25777	no	0	none
XP_002294921.1	THAPSDRAFT_264858	yes	1	IPR000733
XP_002294922.1	THAPSDRAFT_11906	no	0	none
XP_002294923.1	THAPSDRAFT_270110	yes	1	IPR002882
XP_002294924.1	THAPSDRAFT_25782	no	0	none
XP_002294925.1	THAPSDRAFT_38652	yes	2	IPR000008,IPR001711
XP_002294926.1	THAPSDRAFT_264862	yes	2	IPR000582,IPR002110
XP_002294927.1	THAPSDRAFT_264863	yes	1	IPR006977
XP_002294928.1	THAPSDRAFT_11913	yes	1	IPR001130
XP_002294929.1	THAPSDRAFT_38672	yes	1	IPR001806
XP_002294930.1	THAPSDRAFT_264865	yes	1	IPR002059
XP_002294931.1	THAPSDRAFT_11918	no	0	none
XP_002294932.1	THAPSDRAFT_264866	yes	1	IPR000719
XP_002294933.1	THAPSDRAFT_270113	yes	2	IPR000595,IPR002048
XP_002294934.1	THAPSDRAFT_25786	no	0	none
XP_002294935.1	THAPSDRAFT_11921	no	0	none
XP_002294936.1	THAPSDRAFT_264868	yes	2	IPR006935,IPR011545
XP_002294937.1	THAPSDRAFT_264869	yes	1	IPR001650
XP_002294938.1	THAPSDRAFT_11924	yes	1	IPR002885
XP_002294939.1	THAPSDRAFT_11926	yes	1	IPR006461
XP_002294940.1	THAPSDRAFT_11927	no	0	none
XP_002294941.1	THAPSDRAFT_11929	yes	1	IPR000225
XP_002294942.1	THAPSDRAFT_11932	no	0	none
XP_002294943.1	THAPSDRAFT_11933	no	0	none
XP_002294944.1	THAPSDRAFT_11934	no	0	none
XP_002294945.1	THAPSDRAFT_26051	yes	2	IPR008146,IPR008147
XP_002294946.1	THAPSDRAFT_25793	no	0	none
XP_002294947.1	THAPSDRAFT_11939	no	0	none
XP_002294948.1	THAPSDRAFT_11941	no	0	none
XP_002294949.1	THAPSDRAFT_11943	no	0	none
XP_002294950.1	THAPSDRAFT_25796	no	0	none
XP_002294951.1	THAPSDRAFT_11947	no	0	none
XP_002294952.1	THAPSDRAFT_18846	no	0	none
XP_002294953.1	THAPSDRAFT_25799	no	0	none
XP_002294954.1	THAPSDRAFT_25800	no	0	none
XP_002294955.1	THAPSDRAFT_264879	no	0	none
XP_002294956.1	THAPSDRAFT_11958	no	0	none
XP_002294957.1	THAPSDRAFT_270115	no	0	none
XP_002294958.1	THAPSDRAFT_11960	no	0	none
XP_002294959.1	THAPSDRAFT_25805	no	0	none
XP_002294960.1	THAPSDRAFT_25806	no	0	none
XP_002294961.1	THAPSDRAFT_11965	no	0	none
XP_002294962.1	THAPSDRAFT_11966	no	0	none
XP_002294963.1	THAPSDRAFT_11968	no	0	none
XP_002294964.1	THAPSDRAFT_11969	no	0	none
XP_002294965.1	THAPSDRAFT_25808	yes	1	IPR001993
XP_002294966.1	THAPSDRAFT_264748	no	0	none
XP_002294967.1	THAPSDRAFT_11660	no	0	none
XP_002294968.1	THAPSDRAFT_264753	yes	1	IPR007197
XP_002294969.1	THAPSDRAFT_38760	yes	2	IPR001150,IPR004184
XP_002294970.1	THAPSDRAFT_11664	no	0	none
XP_002294971.1	THAPSDRAFT_11666	no	0	none
XP_002294972.1	THAPSDRAFT_11667	no	0	none
XP_002294973.1	THAPSDRAFT_11671	no	0	none
XP_002294974.1	THAPSDRAFT_26467	no	0	none
XP_002294975.1	THAPSDRAFT_843	yes	1	IPR001806
XP_002294976.1	THAPSDRAFT_14225	yes	2	IPR001650,IPR011545
XP_002294977.1	THAPSDRAFT_38726	yes	1	IPR001611
XP_002294978.1	THAPSDRAFT_25685	no	0	none
XP_002294979.1	THAPSDRAFT_11680	no	0	none
XP_002294980.1	THAPSDRAFT_11681	no	0	none
XP_002294981.1	THAPSDRAFT_11685	no	0	none
XP_002294982.1	THAPSDRAFT_25688	yes	1	IPR001680
XP_002294983.1	THAPSDRAFT_264768	no	0	none
XP_002294984.1	THAPSDRAFT_11693	no	0	none
XP_002294985.1	THAPSDRAFT_38575	yes	1	IPR002198
XP_002294986.1	THAPSDRAFT_11698	no	0	none
XP_002294987.1	THAPSDRAFT_38574	yes	1	IPR001623
XP_002294988.1	THAPSDRAFT_11700	no	0	none
XP_002294989.1	THAPSDRAFT_25692	no	0	none
XP_002294990.1	THAPSDRAFT_270065	yes	1	IPR001680
XP_002294991.1	THAPSDRAFT_25695	no	0	none
XP_002294992.1	THAPSDRAFT_11709	no	0	none
XP_002294993.1	THAPSDRAFT_264774	yes	1	IPR003104
XP_002294994.1	THAPSDRAFT_11712	no	0	none
XP_002294995.1	THAPSDRAFT_11713	yes	1	IPR000727
XP_002294996.1	THAPSDRAFT_25697	yes	1	IPR002110
XP_002294997.1	THAPSDRAFT_11717	yes	1	IPR000086
XP_002294998.1	THAPSDRAFT_11719	no	0	none
XP_002294999.1	THAPSDRAFT_11720	no	0	none
XP_002295000.1	THAPSDRAFT_264776	yes	2	IPR003959,IPR004176
XP_002295001.1	THAPSDRAFT_11726	no	0	none
XP_002295002.1	THAPSDRAFT_11727	no	0	none
XP_002295003.1	THAPSDRAFT_11728	no	0	none
XP_002295004.1	THAPSDRAFT_264782	no	0	none
XP_002295005.1	THAPSDRAFT_11731	no	0	none
XP_002295006.1	THAPSDRAFT_25701	no	0	none
XP_002295007.1	THAPSDRAFT_11733	no	0	none
XP_002295008.1	THAPSDRAFT_11739	yes	1	IPR005834
XP_002295009.1	THAPSDRAFT_270069	yes	1	IPR002498
XP_002295010.1	THAPSDRAFT_11744	no	0	none
XP_002295011.1	THAPSDRAFT_11746	yes	1	IPR005818
XP_002295012.1	THAPSDRAFT_11747	yes	1	IPR001680
XP_002295013.1	THAPSDRAFT_11750	yes	1	IPR001683
XP_002295014.1	THAPSDRAFT_11752	no	0	none
XP_002295015.1	THAPSDRAFT_270233	no	0	none
XP_002295016.1	THAPSDRAFT_11756	no	0	none
XP_002295017.1	THAPSDRAFT_264792	yes	2	IPR001650,IPR011545
XP_002295018.1	THAPSDRAFT_11762	no	0	none
XP_002295019.1	THAPSDRAFT_38578	yes	1	IPR001023
XP_002295020.1	THAPSDRAFT_30659	yes	1	IPR001279
XP_002295021.1	THAPSDRAFT_14772	yes	1	IPR002129
XP_002295022.1	THAPSDRAFT_38736	yes	1	IPR000719
XP_002295023.1	THAPSDRAFT_11770	no	0	none
XP_002295024.1	THAPSDRAFT_264799	no	0	none
XP_002295025.1	THAPSDRAFT_25718	no	0	none
XP_002295026.1	THAPSDRAFT_264804	no	0	none
XP_002295027.1	THAPSDRAFT_264805	no	0	none
XP_002295028.1	THAPSDRAFT_25721	no	0	none
XP_002295029.1	THAPSDRAFT_11777	no	0	none
XP_002295030.1	THAPSDRAFT_11779	yes	1	IPR001214
XP_002295031.1	THAPSDRAFT_264807	no	0	none
XP_002295032.1	THAPSDRAFT_264808	yes	1	IPR005123
XP_002295033.1	THAPSDRAFT_25727	no	0	none
XP_002295034.1	THAPSDRAFT_20220	no	0	none
XP_002295035.1	THAPSDRAFT_18991	yes	1	IPR000504
XP_002295036.1	THAPSDRAFT_11797	no	0	none
XP_002295037.1	THAPSDRAFT_11799	no	0	none
XP_002295038.1	THAPSDRAFT_11801	yes	1	IPR006700
XP_002295039.1	THAPSDRAFT_38662	yes	1	IPR001680
XP_002295040.1	THAPSDRAFT_270087	yes	1	IPR001680
XP_002295041.1	THAPSDRAFT_11806	yes	1	IPR005547
XP_002295042.1	THAPSDRAFT_17654	yes	1	IPR006055
XP_002295043.1	THAPSDRAFT_264815	yes	1	IPR001567
XP_002295044.1	THAPSDRAFT_25735	no	0	none
XP_002295045.1	THAPSDRAFT_38679	no	0	none
XP_002295046.1	THAPSDRAFT_25738	yes	1	IPR002110
XP_002295047.1	THAPSDRAFT_25739	yes	1	IPR002035
XP_002295048.1	THAPSDRAFT_11822	yes	1	IPR002860
XP_002295049.1	THAPSDRAFT_11824	yes	1	IPR003682
XP_002295050.1	THAPSDRAFT_11826	yes	1	IPR003689
XP_002295051.1	THAPSDRAFT_19069	no	0	none
XP_002295052.1	THAPSDRAFT_264824	yes	1	IPR000649
XP_002295053.1	THAPSDRAFT_38559	yes	1	IPR000719
XP_002295054.1	THAPSDRAFT_11831	no	0	none
XP_002295055.1	THAPSDRAFT_11833	no	0	none
XP_002295056.1	THAPSDRAFT_38651	yes	1	IPR008496
XP_002295057.1	THAPSDRAFT_264827	yes	1	IPR000719
XP_002295058.1	THAPSDRAFT_11836	no	0	none
XP_002295059.1	THAPSDRAFT_25746	no	0	none
XP_002295060.1	THAPSDRAFT_11841	no	0	none
XP_002295061.1	THAPSDRAFT_25748	no	0	none
XP_002295062.1	THAPSDRAFT_11846	no	0	none
XP_002295063.1	THAPSDRAFT_11848	no	0	none
XP_002295064.1	THAPSDRAFT_11851	no	0	none
XP_002295065.1	THAPSDRAFT_11854	no	0	none
XP_002295066.1	THAPSDRAFT_11855	no	0	none
XP_002295067.1	THAPSDRAFT_264837	yes	1	IPR007577
XP_002295068.1	THAPSDRAFT_264838	no	0	none
XP_002295069.1	THAPSDRAFT_38656	yes	1	IPR000182
XP_002295070.1	THAPSDRAFT_30701	yes	1	IPR000182
XP_002295071.1	THAPSDRAFT_264846	yes	1	IPR000668
XP_002295072.1	THAPSDRAFT_25762	yes	1	IPR000048
XP_002295073.1	THAPSDRAFT_11876	no	0	none
XP_002295074.1	THAPSDRAFT_11878	yes	1	IPR002921
XP_002295075.1	THAPSDRAFT_11879	no	0	none
XP_002295076.1	THAPSDRAFT_38602	yes	1	IPR001327
XP_002295077.1	THAPSDRAFT_26470	no	0	none
XP_002295078.1	THAPSDRAFT_264851	no	0	none
XP_002295079.1	THAPSDRAFT_43076	yes	1	IPR004044
XP_002295080.1	THAPSDRAFT_11887	no	0	none
XP_002295081.1	THAPSDRAFT_264853	yes	1	IPR001005
XP_002295082.1	THAPSDRAFT_38752	no	0	none
XP_002295083.1	THAPSDRAFT_25773	yes	1	IPR001680
XP_002295084.1	THAPSDRAFT_26473	yes	1	IPR004843
XP_002295085.1	THAPSDRAFT_11896	no	0	none
XP_002295086.1	THAPSDRAFT_25776	no	0	none
XP_002295087.1	THAPSDRAFT_38583	yes	1	IPR001344
XP_002295088.1	THAPSDRAFT_11902	no	0	none
XP_002295089.1	THAPSDRAFT_25779	no	0	none
XP_002295090.1	THAPSDRAFT_11905	no	0	none
XP_002295091.1	THAPSDRAFT_11907	no	0	none
XP_002295092.1	THAPSDRAFT_25781	no	0	none
XP_002295093.1	THAPSDRAFT_25783	no	0	none
XP_002295094.1	THAPSDRAFT_11915	no	0	none
XP_002295095.1	THAPSDRAFT_25787	no	0	none
XP_002295096.1	THAPSDRAFT_25788	yes	1	IPR001378
XP_002295097.1	THAPSDRAFT_25789	no	0	none
XP_002295098.1	THAPSDRAFT_260604	no	0	none
XP_002295099.1	THAPSDRAFT_25790	no	0	none
XP_002295100.1	THAPSDRAFT_11938	no	0	none
XP_002295101.1	THAPSDRAFT_25794	no	0	none
XP_002295102.1	THAPSDRAFT_25795	yes	1	IPR006055
XP_002295103.1	THAPSDRAFT_11945	no	0	none
XP_002295104.1	THAPSDRAFT_25797	yes	1	IPR001092
XP_002295105.1	THAPSDRAFT_11949	no	0	none
XP_002295106.1	THAPSDRAFT_11951	yes	1	IPR002198
XP_002295107.1	THAPSDRAFT_11953	yes	1	IPR000873
XP_002295108.1	THAPSDRAFT_25801	yes	1	IPR001611
XP_002295109.1	THAPSDRAFT_25802	no	0	none
XP_002295110.1	THAPSDRAFT_25803	no	0	none
XP_002295111.1	THAPSDRAFT_11962	no	0	none
XP_002295112.1	THAPSDRAFT_11963	yes	2	IPR001223,IPR002557
XP_002295113.1	THAPSDRAFT_25807	no	0	none
XP_002295114.1	THAPSDRAFT_11970	no	0	none
XP_002295115.1	THAPSDRAFT_25809	no	0	none
XP_002295116.1	THAPSDRAFT_11974	yes	2	IPR001478,IPR001680
XP_002295117.1	THAPSDRAFT_25811	no	0	none
XP_002295118.1	THAPSDRAFT_11977	no	0	none
XP_002295119.1	THAPSDRAFT_264883	no	0	none
XP_002295120.1	THAPSDRAFT_11981	no	0	none
XP_002295121.1	THAPSDRAFT_25813	yes	1	IPR002916
XP_002295122.1	THAPSDRAFT_25814	no	0	none
XP_002295123.1	THAPSDRAFT_25815	yes	1	IPR004088
XP_002295124.1	THAPSDRAFT_11988	no	0	none
XP_002295125.1	THAPSDRAFT_270116	no	0	none
XP_002295126.1	THAPSDRAFT_264885	no	0	none
XP_002295127.1	THAPSDRAFT_14638	yes	1	IPR000719
XP_002295128.1	THAPSDRAFT_11993	yes	1	IPR000277
XP_002295129.1	THAPSDRAFT_25820	yes	1	IPR000008
XP_002295130.1	THAPSDRAFT_11998	no	0	none
XP_002295131.1	THAPSDRAFT_38780	no	0	none
XP_002295132.1	THAPSDRAFT_25824	yes	1	IPR001680
XP_002295133.1	THAPSDRAFT_12008	no	0	none
XP_002295134.1	THAPSDRAFT_12009	no	0	none
XP_002295135.1	THAPSDRAFT_25829	no	0	none
XP_002295136.1	THAPSDRAFT_38861	no	0	none
XP_002295137.1	THAPSDRAFT_12013	no	0	none
XP_002295138.1	THAPSDRAFT_12014	no	0	none
XP_002295139.1	THAPSDRAFT_270120	yes	1	IPR003439
XP_002295140.1	THAPSDRAFT_38788	yes	1	IPR000306
XP_002295141.1	THAPSDRAFT_25831	no	0	none
XP_002295142.1	THAPSDRAFT_264896	yes	2	IPR001140,IPR003439
XP_002295143.1	THAPSDRAFT_12021	no	0	none
XP_002295144.1	THAPSDRAFT_25834	no	0	none
XP_002295145.1	THAPSDRAFT_38845	yes	2	IPR001140,IPR003439
XP_002295146.1	THAPSDRAFT_38800	yes	1	IPR002016
XP_002295147.1	THAPSDRAFT_25837	no	0	none
XP_002295148.1	THAPSDRAFT_12030	yes	1	IPR004839
XP_002295149.1	THAPSDRAFT_12031	yes	1	IPR001611
XP_002295150.1	THAPSDRAFT_25838	no	0	none
XP_002295151.1	THAPSDRAFT_12035	yes	1	IPR007705
XP_002295152.1	THAPSDRAFT_12037	no	0	none
XP_002295153.1	THAPSDRAFT_25843	no	0	none
XP_002295154.1	THAPSDRAFT_25844	no	0	none
XP_002295155.1	THAPSDRAFT_12044	no	0	none
XP_002295156.1	THAPSDRAFT_25848	no	0	none
XP_002295157.1	THAPSDRAFT_264902	no	0	none
XP_002295158.1	THAPSDRAFT_264903	yes	1	IPR001223
XP_002295159.1	THAPSDRAFT_270127	yes	1	IPR002557
XP_002295160.1	THAPSDRAFT_264905	yes	4	IPR001041,IPR001450,IPR003149,IPR004108
XP_002295161.1	THAPSDRAFT_12052	no	0	none
XP_002295162.1	THAPSDRAFT_38775	yes	1	IPR001296
XP_002295163.1	THAPSDRAFT_25852	yes	1	IPR007369
XP_002295164.1	THAPSDRAFT_25854	yes	1	IPR003653
XP_002295165.1	THAPSDRAFT_12061	no	0	none
XP_002295166.1	THAPSDRAFT_38815	yes	1	IPR005570
XP_002295167.1	THAPSDRAFT_18351	yes	1	IPR003697
XP_002295168.1	THAPSDRAFT_270220	no	0	none
XP_002295169.1	THAPSDRAFT_12072	no	0	none
XP_002295170.1	THAPSDRAFT_25860	no	0	none
XP_002295171.1	THAPSDRAFT_12075	yes	1	IPR006970
XP_002295172.1	THAPSDRAFT_12078	yes	1	IPR001584
XP_002295173.1	THAPSDRAFT_264918	yes	1	IPR004841
XP_002295174.1	THAPSDRAFT_17492	yes	1	IPR000594
XP_002295175.1	THAPSDRAFT_17651	yes	1	IPR001345
XP_002295176.1	THAPSDRAFT_12085	no	0	none
XP_002295177.1	THAPSDRAFT_12087	no	0	none
XP_002295178.1	THAPSDRAFT_12088	yes	2	IPR004095,IPR006169
XP_002295179.1	THAPSDRAFT_12090	no	0	none
XP_002295180.1	THAPSDRAFT_25867	yes	1	IPR008380
XP_002295181.1	THAPSDRAFT_25868	no	0	none
XP_002295182.1	THAPSDRAFT_12095	no	0	none
XP_002295183.1	THAPSDRAFT_12097	yes	1	IPR001344
XP_002295184.1	THAPSDRAFT_38879	yes	1	IPR001344
XP_002295185.1	THAPSDRAFT_264925	yes	1	IPR008254
XP_002295186.1	THAPSDRAFT_12100	no	0	none
XP_002295187.1	THAPSDRAFT_12104	yes	2	IPR000086,IPR000649
XP_002295188.1	THAPSDRAFT_25871	no	0	none
XP_002295189.1	THAPSDRAFT_12107	no	0	none
XP_002295190.1	THAPSDRAFT_25873	no	0	none
XP_002295191.1	THAPSDRAFT_25874	no	0	none
XP_002295192.1	THAPSDRAFT_25875	no	0	none
XP_002295193.1	THAPSDRAFT_270136	yes	1	IPR005814
XP_002295194.1	THAPSDRAFT_25878	no	0	none
XP_002295195.1	THAPSDRAFT_12116	no	0	none
XP_002295196.1	THAPSDRAFT_25879	no	0	none
XP_002295197.1	THAPSDRAFT_12118	no	0	none
XP_002295198.1	THAPSDRAFT_12120	no	0	none
XP_002295199.1	THAPSDRAFT_12122	no	0	none
XP_002295200.1	THAPSDRAFT_12123	no	0	none
XP_002295201.1	THAPSDRAFT_25810	no	0	none
XP_002295202.1	THAPSDRAFT_11975	no	0	none
XP_002295203.1	THAPSDRAFT_11978	yes	1	IPR001199
XP_002295204.1	THAPSDRAFT_38860	yes	1	IPR001650
XP_002295205.1	THAPSDRAFT_38813	yes	1	IPR005654
XP_002295206.1	THAPSDRAFT_25812	yes	2	IPR001790,IPR001813
XP_002295207.1	THAPSDRAFT_11984	no	0	none
XP_002295208.1	THAPSDRAFT_25816	no	0	none
XP_002295209.1	THAPSDRAFT_38802	yes	1	IPR005345
XP_002295210.1	THAPSDRAFT_38827	yes	1	IPR003711
XP_002295211.1	THAPSDRAFT_11996	no	0	none
XP_002295212.1	THAPSDRAFT_25821	no	0	none
XP_002295213.1	THAPSDRAFT_43097	yes	2	IPR000225,IPR002652
XP_002295214.1	THAPSDRAFT_38789	yes	1	IPR006037
XP_002295215.1	THAPSDRAFT_264891	yes	1	IPR001139
XP_002295216.1	THAPSDRAFT_25825	no	0	none
XP_002295217.1	THAPSDRAFT_38776	yes	1	IPR001680
XP_002295218.1	THAPSDRAFT_30747	yes	1	IPR000374
XP_002295219.1	THAPSDRAFT_12011	yes	1	IPR002848
XP_002295220.1	THAPSDRAFT_12012	no	0	none
XP_002295221.1	THAPSDRAFT_270121	yes	1	IPR001251
XP_002295222.1	THAPSDRAFT_25833	no	0	none
XP_002295223.1	THAPSDRAFT_12022	no	0	none
XP_002295224.1	THAPSDRAFT_12024	no	0	none
XP_002295225.1	THAPSDRAFT_12025	no	0	none
XP_002295226.1	THAPSDRAFT_25839	no	0	none
XP_002295227.1	THAPSDRAFT_25840	no	0	none
XP_002295228.1	THAPSDRAFT_264901	yes	1	IPR002937
XP_002295229.1	THAPSDRAFT_25842	yes	1	IPR002557
XP_002295230.1	THAPSDRAFT_12040	no	0	none
XP_002295231.1	THAPSDRAFT_43120	yes	1	IPR006662
XP_002295232.1	THAPSDRAFT_25846	yes	1	IPR006662
XP_002295233.1	THAPSDRAFT_25847	no	0	none
XP_002295234.1	THAPSDRAFT_12047	no	0	none
XP_002295235.1	THAPSDRAFT_12049	no	0	none
XP_002295236.1	THAPSDRAFT_12050	yes	1	IPR004776
XP_002295237.1	THAPSDRAFT_12053	no	0	none
XP_002295238.1	THAPSDRAFT_12055	no	0	none
XP_002295239.1	THAPSDRAFT_13485	yes	1	IPR006043
XP_002295240.1	THAPSDRAFT_25853	no	0	none
XP_002295241.1	THAPSDRAFT_38770	yes	1	IPR003959
XP_002295242.1	THAPSDRAFT_12063	no	0	none
XP_002295243.1	THAPSDRAFT_12066	yes	1	IPR000232
XP_002295244.1	THAPSDRAFT_25857	no	0	none
XP_002295245.1	THAPSDRAFT_43128	no	0	none
XP_002295246.1	THAPSDRAFT_12070	yes	1	IPR001564
XP_002295247.1	THAPSDRAFT_264915	no	0	none
XP_002295248.1	THAPSDRAFT_12074	no	0	none
XP_002295249.1	THAPSDRAFT_12076	no	0	none
XP_002295250.1	THAPSDRAFT_25861	yes	1	IPR001440
XP_002295251.1	THAPSDRAFT_12079	no	0	none
XP_002295252.1	THAPSDRAFT_25864	yes	1	IPR001611
XP_002295253.1	THAPSDRAFT_12084	no	0	none
XP_002295254.1	THAPSDRAFT_25866	yes	1	IPR001680
XP_002295255.1	THAPSDRAFT_12089	no	0	none
XP_002295256.1	THAPSDRAFT_12091	no	0	none
XP_002295257.1	THAPSDRAFT_12094	no	0	none
XP_002295258.1	THAPSDRAFT_264921	yes	1	IPR001344
XP_002295259.1	THAPSDRAFT_25869	no	0	none
XP_002295260.1	THAPSDRAFT_12103	no	0	none
XP_002295261.1	THAPSDRAFT_25870	no	0	none
XP_002295262.1	THAPSDRAFT_25872	no	0	none
XP_002295263.1	THAPSDRAFT_12114	no	0	none
XP_002295264.1	THAPSDRAFT_38807	yes	1	IPR000887
XP_002295265.1	THAPSDRAFT_25881	no	0	none
XP_002295266.1	THAPSDRAFT_12124	no	0	none
XP_002295267.1	THAPSDRAFT_264928	no	0	none
XP_002295268.1	THAPSDRAFT_12130	no	0	none
XP_002295269.1	THAPSDRAFT_12131	no	0	none
XP_002295270.1	THAPSDRAFT_12132	no	0	none
XP_002295271.1	THAPSDRAFT_12133	yes	1	IPR006970
XP_002295272.1	THAPSDRAFT_12135	no	0	none
XP_002295273.1	THAPSDRAFT_12137	no	0	none
XP_002295274.1	THAPSDRAFT_270138	yes	1	IPR008146
XP_002295275.1	THAPSDRAFT_25886	no	0	none
XP_002295276.1	THAPSDRAFT_20330	yes	1	IPR004217
XP_002295277.1	THAPSDRAFT_270139	yes	1	IPR002422
XP_002295278.1	THAPSDRAFT_38890	yes	1	IPR001993
XP_002295279.1	THAPSDRAFT_264937	yes	1	IPR001810
XP_002295280.1	THAPSDRAFT_25891	yes	1	IPR002921
XP_002295281.1	THAPSDRAFT_12147	no	0	none
XP_002295282.1	THAPSDRAFT_12152	yes	1	IPR000794
XP_002295283.1	THAPSDRAFT_12153	yes	1	IPR001202
XP_002295284.1	THAPSDRAFT_866	yes	1	IPR001907
XP_002295285.1	THAPSDRAFT_16184	yes	1	IPR001993
XP_002295286.1	THAPSDRAFT_12160	no	0	none
XP_002295287.1	THAPSDRAFT_12162	no	0	none
XP_002295288.1	THAPSDRAFT_12168	no	0	none
XP_002295289.1	THAPSDRAFT_270145	yes	1	IPR003953
XP_002295290.1	THAPSDRAFT_12171	no	0	none
XP_002295291.1	THAPSDRAFT_264946	yes	1	IPR003891
XP_002295292.1	THAPSDRAFT_270148	yes	2	IPR001023,IPR001440
XP_002295293.1	THAPSDRAFT_25904	no	0	none
XP_002295294.1	THAPSDRAFT_25906	no	0	none
XP_002295295.1	THAPSDRAFT_12183	no	0	none
XP_002295296.1	THAPSDRAFT_12186	no	0	none
XP_002295297.1	THAPSDRAFT_12189	no	0	none
XP_002295298.1	THAPSDRAFT_12191	no	0	none
XP_002295299.1	THAPSDRAFT_25911	no	0	none
XP_002295300.1	THAPSDRAFT_12196	no	0	none
XP_002295301.1	THAPSDRAFT_12197	yes	1	IPR006970
XP_002295302.1	THAPSDRAFT_25913	no	0	none
XP_002295303.1	THAPSDRAFT_43160	yes	1	IPR002305
XP_002295304.1	THAPSDRAFT_12207	no	0	none
XP_002295305.1	THAPSDRAFT_25917	no	0	none
XP_002295306.1	THAPSDRAFT_12125	no	0	none
XP_002295307.1	THAPSDRAFT_12126	no	0	none
XP_002295308.1	THAPSDRAFT_12127	no	0	none
XP_002295309.1	THAPSDRAFT_12128	no	0	none
XP_002295310.1	THAPSDRAFT_25882	no	0	none
XP_002295311.1	THAPSDRAFT_270137	yes	1	IPR002048
XP_002295312.1	THAPSDRAFT_38925	yes	1	IPR000289
XP_002295313.1	THAPSDRAFT_38886	yes	1	IPR004217
XP_002295314.1	THAPSDRAFT_12140	yes	1	IPR000048
XP_002295315.1	THAPSDRAFT_12141	no	0	none
XP_002295316.1	THAPSDRAFT_25890	no	0	none
XP_002295317.1	THAPSDRAFT_12149	no	0	none
XP_002295318.1	THAPSDRAFT_38924	yes	1	IPR002547
XP_002295319.1	THAPSDRAFT_38909	yes	1	IPR000924
XP_002295320.1	THAPSDRAFT_270141	no	0	none
XP_002295321.1	THAPSDRAFT_25892	yes	1	IPR001433
XP_002295322.1	THAPSDRAFT_43150	no	0	none
XP_002295323.1	THAPSDRAFT_25895	no	0	none
XP_002295324.1	THAPSDRAFT_25897	yes	1	IPR008454
XP_002295325.1	THAPSDRAFT_12161	no	0	none
XP_002295326.1	THAPSDRAFT_12163	yes	2	IPR006652,IPR011498
XP_002295327.1	THAPSDRAFT_12164	yes	1	IPR001202
XP_002295328.1	THAPSDRAFT_25898	no	0	none
XP_002295329.1	THAPSDRAFT_12166	no	0	none
XP_002295330.1	THAPSDRAFT_25899	no	0	none
XP_002295331.1	THAPSDRAFT_25901	yes	1	IPR000683
XP_002295332.1	THAPSDRAFT_12172	yes	1	IPR002781
XP_002295333.1	THAPSDRAFT_25905	no	0	none
XP_002295334.1	THAPSDRAFT_38907	no	0	none
XP_002295335.1	THAPSDRAFT_12179	no	0	none
XP_002295336.1	THAPSDRAFT_12180	no	0	none
XP_002295337.1	THAPSDRAFT_25908	no	0	none
XP_002295338.1	THAPSDRAFT_12182	no	0	none
XP_002295339.1	THAPSDRAFT_25909	no	0	none
XP_002295340.1	THAPSDRAFT_12185	no	0	none
XP_002295341.1	THAPSDRAFT_12187	no	0	none
XP_002295342.1	THAPSDRAFT_12188	yes	1	IPR006970
XP_002295343.1	THAPSDRAFT_25910	no	0	none
XP_002295344.1	THAPSDRAFT_12192	yes	1	IPR006970
XP_002295345.1	THAPSDRAFT_12193	no	0	none
XP_002295346.1	THAPSDRAFT_25912	yes	1	IPR006970
XP_002295347.1	THAPSDRAFT_17860	no	0	none
XP_002295348.1	THAPSDRAFT_25915	no	0	none
XP_002295349.1	THAPSDRAFT_25916	no	0	none
XP_002295350.1	THAPSDRAFT_12205	no	0	none
XP_002295351.1	THAPSDRAFT_12206	no	0	none
XP_002295352.1	THAPSDRAFT_12209	no	0	none
XP_002295353.1	THAPSDRAFT_264954	no	0	none
XP_002295354.1	THAPS_38187	yes	1	IPR001309
XP_002295355.1	THAPS_25315	no	0	none
XP_002295356.1	THAPS_264481	yes	1	IPR007577
XP_002295357.1	THAPS_269927	no	0	none
XP_002295358.1	THAPS_10766	yes	1	IPR000232
XP_002295359.1	THAPS_25319	no	0	none
XP_002295360.1	THAPS_38189	no	0	none
XP_002295361.1	THAPS_10772	no	0	none
XP_002295362.1	THAPS_25321	no	0	none
XP_002295363.1	THAPS_10778	no	0	none
XP_002295364.1	THAPS_25323	yes	1	IPR002110
XP_002295365.1	THAPS_38180	no	0	none
XP_002295366.1	THAPS_25325	no	0	none
XP_002295367.1	THAPS_10786	no	0	none
XP_002295368.1	THAPS_10788	no	0	none
XP_002295369.1	THAPS_38132	yes	1	IPR002610
XP_002295370.1	THAPS_10791	yes	1	IPR000408
XP_002295371.1	THAPS_799	yes	2	IPR001140,IPR003439
XP_002295372.1	THAPS_10802	no	0	none
XP_002295373.1	THAPS_10803	no	0	none
XP_002295374.1	THAPS_10805	no	0	none
XP_002295375.1	THAPS_10810	no	0	none
XP_002295376.1	THAPS_10812	no	0	none
XP_002295377.1	THAPS_38110	yes	1	IPR005123
XP_002295378.1	THAPS_10816	no	0	none
XP_002295379.1	THAPS_10817	no	0	none
XP_002295380.1	THAPS_10818	yes	1	IPR002547
XP_002295381.1	THAPS_25335	no	0	none
XP_002295382.1	THAPS_264494	no	0	none
XP_002295383.1	THAPS_25337	yes	1	IPR000408
XP_002295384.1	THAPS_25338	no	0	none
XP_002295385.1	THAPS_264495	no	0	none
XP_002295386.1	THAPS_264496	yes	1	IPR001395
XP_002295387.1	THAPS_25340	yes	1	IPR000073
XP_002295388.1	THAPS_10831	no	0	none
XP_002295389.1	THAPS_10832	no	0	none
XP_002295390.1	THAPS_10833	no	0	none
XP_002295391.1	THAPS_10835	yes	1	IPR001440
XP_002295392.1	THAPS_25342	no	0	none
XP_002295393.1	THAPS_269937	yes	1	IPR001930
XP_002295394.1	THAPS_38054	no	0	none
XP_002295395.1	THAPS_802	yes	1	IPR005484
XP_002295396.1	THAPS_10848	no	0	none
XP_002295397.1	THAPS_25347	no	0	none
XP_002295398.1	THAPS_803	yes	1	IPR001388
XP_002295399.1	THAPS_38207	yes	1	IPR001901
XP_002295400.1	THAPS_25349	no	0	none
XP_002295401.1	THAPS_25350	no	0	none
XP_002295402.1	THAPS_25351	no	0	none
XP_002295403.1	THAPS_16503	yes	1	IPR003959
XP_002295404.1	THAPS_25353	no	0	none
XP_002295405.1	THAPS_10867	no	0	none
XP_002295406.1	THAPS_10871	no	0	none
XP_002295407.1	THAPS_25357	no	0	none
XP_002295408.1	THAPS_25359	no	0	none
XP_002295409.1	THAPS_25360	yes	1	IPR003034
XP_002295410.1	THAPS_10878	yes	1	IPR000237
XP_002295411.1	THAPS_10881	no	0	none
XP_002295412.1	THAPS_10885	no	0	none
XP_002295413.1	THAPS_15539	yes	1	IPR002308
XP_002295414.1	THAPS_10889	no	0	none
XP_002295415.1	THAPS_10892	no	0	none
XP_002295416.1	THAPS_10894	no	0	none
XP_002295417.1	THAPS_10895	no	0	none
XP_002295418.1	THAPS_25365	no	0	none
XP_002295419.1	THAPS_10898	no	0	none
XP_002295420.1	THAPS_38071	no	0	none
XP_002295421.1	THAPS_10904	no	0	none
XP_002295422.1	THAPS_10905	no	0	none
XP_002295423.1	THAPS_15961	yes	1	IPR002698
XP_002295424.1	THAPS_12594	yes	1	IPR001002
XP_002295425.1	THAPS_25372	no	0	none
XP_002295426.1	THAPS_25373	no	0	none
XP_002295427.1	THAPS_25374	no	0	none
XP_002295428.1	THAPS_10916	no	0	none
XP_002295429.1	THAPS_10919	no	0	none
XP_002295430.1	THAPS_25377	yes	1	IPR005821
XP_002295431.1	THAPS_269948	no	0	none
XP_002295432.1	THAPS_264523	no	0	none
XP_002295433.1	THAPS_10925	no	0	none
XP_002295434.1	THAPS_10928	no	0	none
XP_002295435.1	THAPS_10929	no	0	none
XP_002295436.1	THAPS_25382	no	0	none
XP_002295437.1	THAPS_26041	yes	1	IPR001002
XP_002295438.1	THAPS_269952	yes	1	IPR004316
XP_002295439.1	THAPS_10936	no	0	none
XP_002295440.1	THAPS_10938	no	0	none
XP_002295441.1	THAPS_38066	yes	1	IPR002086
XP_002295442.1	THAPS_10940	no	0	none
XP_002295443.1	THAPS_38111	yes	1	IPR001993
XP_002295444.1	THAPS_269953	yes	1	IPR002142
XP_002295445.1	THAPS_10947	no	0	none
XP_002295446.1	THAPS_25386	no	0	none
XP_002295447.1	THAPS_10951	no	0	none
XP_002295448.1	THAPS_25388	no	0	none
XP_002295449.1	THAPS_10961	no	0	none
XP_002295450.1	THAPS_264533	no	0	none
XP_002295451.1	THAPS_10965	no	0	none
XP_002295452.1	THAPS_264534	yes	1	IPR002422
XP_002295453.1	THAPS_25395	yes	1	IPR005135
XP_002295454.1	THAPS_25396	no	0	none
XP_002295455.1	THAPS_10972	no	0	none
XP_002295456.1	THAPS_10975	no	0	none
XP_002295457.1	THAPS_30400	yes	1	IPR005226
XP_002295458.1	THAPS_38095	yes	1	IPR003439
XP_002295459.1	THAPS_10978	no	0	none
XP_002295460.1	THAPS_38136	yes	1	IPR000504
XP_002295461.1	THAPS_264537	yes	1	IPR002422
XP_002295462.1	THAPS_10986	no	0	none
XP_002295463.1	THAPS_17271	yes	1	IPR002877
XP_002295464.1	THAPS_10992	no	0	none
XP_002295465.1	THAPS_264541	no	0	none
XP_002295466.1	THAPS_38073	yes	1	IPR002164
XP_002295467.1	THAPS_10996	no	0	none
XP_002295468.1	THAPS_269961	yes	1	IPR004038
XP_002295469.1	THAPS_25414	no	0	none
XP_002295470.1	THAPS_264546	yes	1	IPR005114
XP_002295471.1	THAPS_14417	yes	1	IPR004839
XP_002295472.1	THAPS_11011	yes	1	IPR001525
XP_002295473.1	THAPS_264548	yes	3	IPR000640,IPR000795,IPR004161
XP_002295474.1	THAPS_25419	no	0	none
XP_002295475.1	THAPS_269966	yes	1	IPR002300
XP_002295476.1	THAPS_25423	no	0	none
XP_002295477.1	THAPS_11018	no	0	none
XP_002295478.1	THAPS_11019	yes	1	IPR006209
XP_002295479.1	THAPS_42804	yes	1	IPR001254
XP_002295480.1	THAPS_269968	no	0	none
XP_002295481.1	THAPS_11024	no	0	none
XP_002295482.1	THAPS_11025	no	0	none
XP_002295483.1	THAPS_11026	no	0	none
XP_002295484.1	THAPS_11029	yes	1	IPR003409
XP_002295485.1	THAPS_25430	no	0	none
XP_002295486.1	THAPS_11037	yes	1	IPR000719
XP_002295487.1	THAPS_11039	yes	3	IPR001660,IPR006571,IPR011510
XP_002295488.1	THAPS_11041	no	0	none
XP_002295489.1	THAPS_25436	no	0	none
XP_002295490.1	THAPS_11045	yes	1	IPR000719
XP_002295491.1	THAPS_25437	yes	1	IPR000146
XP_002295492.1	THAPS_25438	yes	1	IPR001138
XP_002295493.1	THAPS_25440	no	0	none
XP_002295494.1	THAPS_11052	no	0	none
XP_002295495.1	THAPS_25442	no	0	none
XP_002295496.1	THAPS_11054	no	0	none
XP_002295497.1	THAPS_11055	no	0	none
XP_002295498.1	THAPS_25443	no	0	none
XP_002295499.1	THAPS_11057	no	0	none
XP_002295500.1	THAPS_264479	no	0	none
XP_002295501.1	THAPS_25314	no	0	none
XP_002295502.1	THAPS_10761	yes	1	IPR000232
XP_002295503.1	THAPS_10762	no	0	none
XP_002295504.1	THAPS_38046	yes	2	IPR001140,IPR003439
XP_002295505.1	THAPS_10767	no	0	none
XP_002295506.1	THAPS_10768	no	0	none
XP_002295507.1	THAPS_25318	no	0	none
XP_002295508.1	THAPS_25320	no	0	none
XP_002295509.1	THAPS_10774	no	0	none
XP_002295510.1	THAPS_797	yes	1	IPR002130
XP_002295511.1	THAPS_10777	no	0	none
XP_002295512.1	THAPS_25322	no	0	none
XP_002295513.1	THAPS_10781	yes	1	IPR006970
XP_002295514.1	THAPS_25324	yes	1	IPR006970
XP_002295515.1	THAPS_264486	no	0	none
XP_002295516.1	THAPS_10787	yes	1	IPR005123
XP_002295517.1	THAPS_38121	yes	1	IPR003959
XP_002295518.1	THAPS_42719	yes	1	IPR001518
XP_002295519.1	THAPS_38171	yes	1	IPR005122
XP_002295520.1	THAPS_10795	no	0	none
XP_002295521.1	THAPS_10796	no	0	none
XP_002295522.1	THAPS_38129	yes	1	IPR000717
XP_002295523.1	THAPS_25330	no	0	none
XP_002295524.1	THAPS_25331	no	0	none
XP_002295525.1	THAPS_10800	no	0	none
XP_002295526.1	THAPS_10801	no	0	none
XP_002295527.1	THAPS_25332	no	0	none
XP_002295528.1	THAPS_10806	no	0	none
XP_002295529.1	THAPS_10807	no	0	none
XP_002295530.1	THAPS_264492	yes	1	IPR000668
XP_002295531.1	THAPS_10809	no	0	none
XP_002295532.1	THAPS_10811	yes	1	IPR005135
XP_002295533.1	THAPS_10814	no	0	none
XP_002295534.1	THAPS_10815	yes	1	IPR005151
XP_002295535.1	THAPS_10819	no	0	none
XP_002295536.1	THAPS_10823	no	0	none
XP_002295537.1	THAPS_10824	no	0	none
XP_002295538.1	THAPS_269935	yes	1	IPR001692
XP_002295539.1	THAPS_10828	no	0	none
XP_002295540.1	THAPS_10830	yes	1	IPR001440
XP_002295541.1	THAPS_264498	yes	1	IPR001763
XP_002295542.1	THAPS_10836	no	0	none
XP_002295543.1	THAPS_10837	no	0	none
XP_002295544.1	THAPS_38190	yes	1	IPR003807
XP_002295545.1	THAPS_10842	no	0	none
XP_002295546.1	THAPS_38194	yes	1	IPR008334
XP_002295547.1	THAPS_38149	no	0	none
XP_002295548.1	THAPS_10847	yes	1	IPR001440
XP_002295549.1	THAPS_25346	no	0	none
XP_002295550.1	THAPS_10850	no	0	none
XP_002295551.1	THAPS_10853	no	0	none
XP_002295552.1	THAPS_42740	yes	1	IPR002125
XP_002295553.1	THAPS_10856	no	0	none
XP_002295554.1	THAPS_10858	no	0	none
XP_002295555.1	THAPS_10860	no	0	none
XP_002295556.1	THAPS_38191	yes	1	IPR002423
XP_002295557.1	THAPS_269942	yes	1	IPR001085
XP_002295558.1	THAPS_25355	yes	1	IPR002208
XP_002295559.1	THAPS_38153	yes	1	IPR010796
XP_002295560.1	THAPS_25356	no	0	none
XP_002295561.1	THAPS_10869	yes	1	IPR001163
XP_002295562.1	THAPS_20268	no	0	none
XP_002295563.1	THAPS_25358	yes	1	IPR001553
XP_002295564.1	THAPS_10876	yes	1	IPR001357
XP_002295565.1	THAPS_38025	yes	1	IPR000181
XP_002295566.1	THAPS_10879	no	0	none
XP_002295567.1	THAPS_25361	no	0	none
XP_002295568.1	THAPS_10882	no	0	none
XP_002295569.1	THAPS_16737	yes	1	IPR001993
XP_002295570.1	THAPS_30380	yes	1	IPR000652
XP_002295571.1	THAPS_10886	no	0	none
XP_002295572.1	THAPS_25363	no	0	none
XP_002295573.1	THAPS_38157	no	0	none
XP_002295574.1	THAPS_25364	yes	3	IPR000210,IPR006652,IPR011498
XP_002295575.1	THAPS_10893	no	0	none
XP_002295576.1	THAPS_38030	yes	1	IPR007138
XP_002295577.1	THAPS_10899	no	0	none
XP_002295578.1	THAPS_30385	yes	1	IPR001344
XP_002295579.1	THAPS_25367	yes	1	IPR001623
XP_002295580.1	THAPS_10903	no	0	none
XP_002295581.1	THAPS_10906	no	0	none
XP_002295582.1	THAPS_10907	yes	1	IPR002048
XP_002295583.1	THAPS_25369	no	0	none
XP_002295584.1	THAPS_38060	yes	1	IPR011084
XP_002295585.1	THAPS_25375	no	0	none
XP_002295586.1	THAPS_10917	no	0	none
XP_002295587.1	THAPS_10918	no	0	none
XP_002295588.1	THAPS_38164	no	0	none
XP_002295589.1	THAPS_25378	no	0	none
XP_002295590.1	THAPS_25380	no	0	none
XP_002295591.1	THAPS_10927	no	0	none
XP_002295592.1	THAPS_25381	yes	1	IPR001849
XP_002295593.1	THAPS_10934	yes	1	IPR001339
XP_002295594.1	THAPS_10935	yes	1	IPR005821
XP_002295595.1	THAPS_10937	no	0	none
XP_002295596.1	THAPS_10942	yes	1	IPR009664
XP_002295597.1	THAPS_10943	yes	1	IPR003821
XP_002295598.1	THAPS_10945	no	0	none
XP_002295599.1	THAPS_10946	no	0	none
XP_002295600.1	THAPS_10948	no	0	none
XP_002295601.1	THAPS_25387	no	0	none
XP_002295602.1	THAPS_10952	no	0	none
XP_002295603.1	THAPS_10953	no	0	none
XP_002295604.1	THAPS_10955	no	0	none
XP_002295605.1	THAPS_25389	no	0	none
XP_002295606.1	THAPS_38186	no	0	none
XP_002295607.1	THAPS_25391	no	0	none
XP_002295608.1	THAPS_25392	yes	2	IPR000001,IPR001343
XP_002295609.1	THAPS_264532	yes	2	IPR001387,IPR003712
XP_002295610.1	THAPS_10963	no	0	none
XP_002295611.1	THAPS_10964	no	0	none
XP_002295612.1	THAPS_25393	no	0	none
XP_002295613.1	THAPS_10969	no	0	none
XP_002295614.1	THAPS_25397	yes	1	IPR000683
XP_002295615.1	THAPS_25398	no	0	none
XP_002295616.1	THAPS_25399	no	0	none
XP_002295617.1	THAPS_10976	yes	1	IPR006145
XP_002295618.1	THAPS_10979	yes	1	IPR004971
XP_002295619.1	THAPS_25402	yes	1	IPR001344
XP_002295620.1	THAPS_10983	no	0	none
XP_002295621.1	THAPS_10984	no	0	none
XP_002295622.1	THAPS_10985	yes	2	IPR000449,IPR000608
XP_002295623.1	THAPS_38193	yes	1	IPR003448
XP_002295624.1	THAPS_10989	no	0	none
XP_002295625.1	THAPS_38051	yes	2	IPR001345,IPR003094
XP_002295626.1	THAPS_10991	no	0	none
XP_002295627.1	THAPS_25407	no	0	none
XP_002295628.1	THAPS_10997	no	0	none
XP_002295629.1	THAPS_25408	no	0	none
XP_002295630.1	THAPS_25409	no	0	none
XP_002295631.1	THAPS_25412	yes	1	IPR000415
XP_002295632.1	THAPS_16746	yes	1	IPR001993
XP_002295633.1	THAPS_11004	no	0	none
XP_002295634.1	THAPS_11005	no	0	none
XP_002295635.1	THAPS_25415	no	0	none
XP_002295636.1	THAPS_25417	yes	1	IPR007087
XP_002295637.1	THAPS_25420	no	0	none
XP_002295638.1	THAPS_25422	yes	1	IPR002557
XP_002295639.1	THAPS_19895	yes	1	IPR000210
XP_002295640.1	THAPS_38047	yes	1	IPR000408
XP_002295641.1	THAPS_25426	no	0	none
XP_002295642.1	THAPS_25428	yes	1	IPR003409
XP_002295643.1	THAPS_11028	yes	2	IPR004367,IPR006671
XP_002295644.1	THAPS_25429	no	0	none
XP_002295645.1	THAPS_38039	yes	1	IPR001005
XP_002295646.1	THAPS_38143	yes	1	IPR001680
XP_002295647.1	THAPS_11034	yes	1	IPR000795
XP_002295648.1	THAPS_25432	no	0	none
XP_002295649.1	THAPS_25433	yes	1	IPR001344
XP_002295650.1	THAPS_11038	no	0	none
XP_002295651.1	THAPS_25434	no	0	none
XP_002295652.1	THAPS_38123	yes	1	IPR005377
XP_002295653.1	THAPS_25435	no	0	none
XP_002295654.1	THAPS_11048	no	0	none
XP_002295655.1	THAPS_25439	yes	1	IPR006970
XP_002295656.1	THAPS_25441	no	0	none
XP_002295657.1	THAPS_6620	no	0	none
XP_002295658.1	THAPS_23332	no	0	none
XP_002295659.1	THAPS_6625	no	0	none
XP_002295660.1	THAPS_6627	no	0	none
XP_002295661.1	THAPS_6628	no	0	none
XP_002295662.1	THAPS_6629	no	0	none
XP_002295663.1	THAPS_6630	no	0	none
XP_002295664.1	THAPS_263048	no	0	none
XP_002295665.1	THAPS_6633	yes	1	IPR004942
XP_002295666.1	THAPS_23334	yes	1	IPR006970
XP_002295667.1	THAPS_6636	yes	2	IPR001223,IPR002557
XP_002295668.1	THAPS_6638	yes	1	IPR002110
XP_002295669.1	THAPS_6639	no	0	none
XP_002295670.1	THAPS_263051	yes	3	IPR005834,IPR006121,IPR008250
XP_002295671.1	THAPS_15007	yes	1	IPR001313
XP_002295672.1	THAPS_23335	yes	1	IPR001841
XP_002295673.1	THAPS_23336	yes	1	IPR007718
XP_002295674.1	THAPS_13175	yes	1	IPR003439
XP_002295675.1	THAPS_6652	no	0	none
XP_002295676.1	THAPS_23338	no	0	none
XP_002295677.1	THAPS_6655	no	0	none
XP_002295678.1	THAPS_6656	no	0	none
XP_002295679.1	THAPS_6657	no	0	none
XP_002295680.1	THAPS_6659	no	0	none
XP_002295681.1	THAPS_263057	no	0	none
XP_002295682.1	THAPS_23339	no	0	none
XP_002295683.1	THAPS_6663	no	0	none
XP_002295684.1	THAPS_6667	no	0	none
XP_002295685.1	THAPS_23341	no	0	none
XP_002295686.1	THAPS_35501	yes	2	IPR000330,IPR001650
XP_002295687.1	THAPS_6672	no	0	none
XP_002295688.1	THAPS_23343	no	0	none
XP_002295689.1	THAPS_23344	no	0	none
XP_002295690.1	THAPS_23345	no	0	none
XP_002295691.1	THAPS_263062	yes	1	IPR001189
XP_002295692.1	THAPS_6678	yes	1	IPR002035
XP_002295693.1	THAPS_23346	no	0	none
XP_002295694.1	THAPS_35373	yes	1	IPR004147
XP_002295695.1	THAPS_6683	yes	1	IPR000910
XP_002295696.1	THAPS_14242	yes	1	IPR000719
XP_002295697.1	THAPS_269199	yes	1	IPR001753
XP_002295698.1	THAPS_6693	no	0	none
XP_002295699.1	THAPS_19298	yes	1	IPR001469
XP_002295700.1	THAPS_6699	no	0	none
XP_002295701.1	THAPS_263072	yes	1	IPR002646
XP_002295702.1	THAPS_23356	no	0	none
XP_002295703.1	THAPS_6703	yes	1	IPR000644
XP_002295704.1	THAPS_6708	no	0	none
XP_002295705.1	THAPS_263074	yes	1	IPR001388
XP_002295706.1	THAPS_6711	no	0	none
XP_002295707.1	THAPS_35408	no	0	none
XP_002295708.1	THAPS_6714	no	0	none
XP_002295709.1	THAPS_6718	no	0	none
XP_002295710.1	THAPS_6722	no	0	none
XP_002295711.1	THAPS_6723	no	0	none
XP_002295712.1	THAPS_6726	no	0	none
XP_002295713.1	THAPS_6729	no	0	none
XP_002295714.1	THAPS_6731	no	0	none
XP_002295715.1	THAPS_28865	yes	1	IPR004147
XP_002295716.1	THAPS_6735	no	0	none
XP_002295717.1	THAPS_6736	no	0	none
XP_002295718.1	THAPS_23368	no	0	none
XP_002295719.1	THAPS_23370	yes	1	IPR000719
XP_002295720.1	THAPS_6745	no	0	none
XP_002295721.1	THAPS_23374	no	0	none
XP_002295722.1	THAPS_263081	yes	1	IPR001611
XP_002295723.1	THAPS_23376	no	0	none
XP_002295724.1	THAPS_35330	yes	1	IPR007125
XP_002295725.1	THAPS_6757	no	0	none
XP_002295726.1	THAPS_6760	no	0	none
XP_002295727.1	THAPS_13378	yes	1	IPR007197
XP_002295728.1	THAPS_269213	no	0	none
XP_002295729.1	THAPS_23381	yes	1	IPR001440
XP_002295730.1	THAPS_263089	no	0	none
XP_002295731.1	THAPS_6764	no	0	none
XP_002295732.1	THAPS_6765	yes	1	IPR000232
XP_002295733.1	THAPS_35690	yes	1	IPR002500
XP_002295734.1	THAPS_6771	yes	1	IPR000910
XP_002295735.1	THAPS_35643	yes	1	IPR000719
XP_002295736.1	THAPS_6774	no	0	none
XP_002295737.1	THAPS_35682	yes	1	IPR004127
XP_002295738.1	THAPS_6779	no	0	none
XP_002295739.1	THAPS_6781	yes	1	IPR007482
XP_002295740.1	THAPS_23387	yes	2	IPR001202,IPR001623
XP_002295741.1	THAPS_23388	yes	1	IPR008568
XP_002295742.1	THAPS_35523	yes	1	IPR000918
XP_002295743.1	THAPS_23393	no	0	none
XP_002295744.1	THAPS_6793	no	0	none
XP_002295745.1	THAPS_263105	yes	1	IPR000873
XP_002295746.1	THAPS_6796	yes	2	IPR001841,IPR003137
XP_002295747.1	THAPS_6797	yes	1	IPR001214
XP_002295748.1	THAPS_23396	no	0	none
XP_002295749.1	THAPS_35624	yes	1	IPR004360
XP_002295750.1	THAPS_6803	yes	1	IPR000056
XP_002295751.1	THAPS_263108	no	0	none
XP_002295752.1	THAPS_35711	yes	1	IPR000757
XP_002295753.1	THAPS_6807	no	0	none
XP_002295754.1	THAPS_23399	yes	1	IPR002048
XP_002295755.1	THAPS_41291	yes	1	IPR002048
XP_002295756.1	THAPS_23402	yes	1	IPR009582
XP_002295757.1	THAPS_23403	yes	1	IPR002110
XP_002295758.1	THAPS_6817	no	0	none
XP_002295759.1	THAPS_6819	yes	1	IPR003817
XP_002295760.1	THAPS_23405	no	0	none
XP_002295761.1	THAPS_6825	no	0	none
XP_002295762.1	THAPS_573	yes	1	IPR002379
XP_002295763.1	THAPS_23407	no	0	none
XP_002295764.1	THAPS_23409	no	0	none
XP_002295765.1	THAPS_6832	no	0	none
XP_002295766.1	THAPS_23411	no	0	none
XP_002295767.1	THAPS_263116	yes	1	IPR004039
XP_002295768.1	THAPS_263118	yes	1	IPR003439
XP_002295769.1	THAPS_270312	no	0	none
XP_002295770.1	THAPS_6842	yes	1	IPR009262
XP_002295771.1	THAPS_6843	no	0	none
XP_002295772.1	THAPS_263122	yes	1	IPR004147
XP_002295773.1	THAPS_263123	yes	1	IPR000342
XP_002295774.1	THAPS_23415	yes	1	IPR002885
XP_002295775.1	THAPS_263124	yes	1	IPR000504
XP_002295776.1	THAPS_23416	no	0	none
XP_002295777.1	THAPS_23417	yes	1	IPR004937
XP_002295778.1	THAPS_6856	yes	1	IPR000232
XP_002295779.1	THAPS_23420	no	0	none
XP_002295780.1	THAPS_23421	no	0	none
XP_002295781.1	THAPS_263127	yes	1	IPR000719
XP_002295782.1	THAPS_23427	no	0	none
XP_002295783.1	THAPS_23428	no	0	none
XP_002295784.1	THAPS_23432	no	0	none
XP_002295785.1	THAPS_6874	no	0	none
XP_002295786.1	THAPS_6876	no	0	none
XP_002295787.1	THAPS_23434	no	0	none
XP_002295788.1	THAPS_6879	no	0	none
XP_002295789.1	THAPS_35231	yes	1	IPR002048
XP_002295790.1	THAPS_6883	yes	2	IPR001394,IPR002173
XP_002295791.1	THAPS_6885	yes	1	IPR000719
XP_002295792.1	THAPS_269233	yes	1	IPR000232
XP_002295793.1	THAPS_263138	no	0	none
XP_002295794.1	THAPS_23437	yes	1	IPR002645
XP_002295795.1	THAPS_6897	yes	1	IPR000620
XP_002295796.1	THAPS_6898	no	0	none
XP_002295797.1	THAPS_35420	yes	1	IPR002086
XP_002295798.1	THAPS_6905	no	0	none
XP_002295799.1	THAPS_35297	no	0	none
XP_002295800.1	THAPS_35310	yes	1	IPR001752
XP_002295801.1	THAPS_6911	yes	1	IPR000571
XP_002295802.1	THAPS_263147	yes	1	IPR004143
XP_002295803.1	THAPS_6914	no	0	none
XP_002295804.1	THAPS_28920	yes	1	IPR000719
XP_002295805.1	THAPS_23449	no	0	none
XP_002295806.1	THAPS_6924	no	0	none
XP_002295807.1	THAPS_6925	no	0	none
XP_002295808.1	THAPS_13647	yes	2	IPR000398,IPR001796
XP_002295809.1	THAPS_269240	yes	1	IPR001023
XP_002295810.1	THAPS_6931	yes	1	IPR007248
XP_002295811.1	THAPS_6932	no	0	none
XP_002295812.1	THAPS_6934	no	0	none
XP_002295813.1	THAPS_35611	yes	1	IPR007125
XP_002295814.1	THAPS_35229	yes	1	IPR007125
XP_002295815.1	THAPS_6942	yes	1	IPR002791
XP_002295816.1	THAPS_6944	yes	1	IPR001611
XP_002295817.1	THAPS_35404	yes	1	IPR007125
XP_002295818.1	THAPS_6948	yes	1	IPR007125
XP_002295819.1	THAPS_6949	yes	2	IPR001478,IPR005151
XP_002295820.1	THAPS_23457	yes	1	IPR001623
XP_002295821.1	THAPS_6952	no	0	none
XP_002295822.1	THAPS_263178	yes	1	IPR002198
XP_002295823.1	THAPS_6957	no	0	none
XP_002295824.1	THAPS_41333	yes	1	IPR001680
XP_002295825.1	THAPS_6961	yes	1	IPR004274
XP_002295826.1	THAPS_6963	no	0	none
XP_002295827.1	THAPS_23461	no	0	none
XP_002295828.1	THAPS_15424	yes	1	IPR001737
XP_002295829.1	THAPS_263181	yes	1	IPR001476
XP_002295830.1	THAPS_23467	no	0	none
XP_002295831.1	THAPS_6974	yes	1	IPR000727
XP_002295832.1	THAPS_35637	yes	1	IPR002073
XP_002295833.1	THAPS_263184	yes	1	IPR000726
XP_002295834.1	THAPS_6980	no	0	none
XP_002295835.1	THAPS_35410	yes	1	IPR002931
XP_002295836.1	THAPS_6983	no	0	none
XP_002295837.1	THAPS_35723	yes	1	IPR000330
XP_002295838.1	THAPS_35248	yes	1	IPR001650
XP_002295839.1	THAPS_23472	no	0	none
XP_002295840.1	THAPS_35402	yes	1	IPR004839
XP_002295841.1	THAPS_6988	yes	2	IPR004364,IPR004365
XP_002295842.1	THAPS_23473	no	0	none
XP_002295843.1	THAPS_6991	no	0	none
XP_002295844.1	THAPS_6996	yes	1	IPR002529
XP_002295845.1	THAPS_19743	yes	1	IPR001163
XP_002295846.1	THAPS_35721	yes	1	IPR005123
XP_002295847.1	THAPS_263191	yes	1	IPR000904
XP_002295848.1	THAPS_15593	yes	2	IPR001650,IPR011545
XP_002295849.1	THAPS_7003	no	0	none
XP_002295850.1	THAPS_23481	yes	1	IPR000863
XP_002295851.1	THAPS_19431	yes	1	IPR003416
XP_002295852.1	THAPS_23483	yes	1	IPR000210
XP_002295853.1	THAPS_7012	no	0	none
XP_002295854.1	THAPS_595	yes	1	IPR001253
XP_002295855.1	THAPS_19826	yes	1	IPR001163
XP_002295856.1	THAPS_23486	no	0	none
XP_002295857.1	THAPS_7021	no	0	none
XP_002295858.1	THAPS_7025	yes	1	IPR001005
XP_002295859.1	THAPS_7027	no	0	none
XP_002295860.1	THAPS_7029	no	0	none
XP_002295861.1	THAPS_7031	no	0	none
XP_002295862.1	THAPS_7035	no	0	none
XP_002295863.1	THAPS_7036	yes	1	IPR001680
XP_002295864.1	THAPS_7037	yes	1	IPR001395
XP_002295865.1	THAPS_263200	yes	2	IPR001296,IPR009695
XP_002295866.1	THAPS_7043	no	0	none
XP_002295867.1	THAPS_263205	yes	1	IPR001107
XP_002295868.1	THAPS_23496	yes	1	IPR002016
XP_002295869.1	THAPS_23497	no	0	none
XP_002295870.1	THAPS_269254	yes	1	IPR003316
XP_002295871.1	THAPS_23500	yes	2	IPR005101,IPR006050
XP_002295872.1	THAPS_7054	no	0	none
XP_002295873.1	THAPS_269258	no	0	none
XP_002295874.1	THAPS_7060	no	0	none
XP_002295875.1	THAPS_7061	no	0	none
XP_002295876.1	THAPS_23507	no	0	none
XP_002295877.1	THAPS_263213	yes	1	IPR001283
XP_002295878.1	THAPS_23511	no	0	none
XP_002295879.1	THAPS_16607	no	0	none
XP_002295880.1	THAPS_263215	yes	1	IPR001283
XP_002295881.1	THAPS_7079	yes	1	IPR002110
XP_002295882.1	THAPS_35360	yes	2	IPR007134,IPR007135
XP_002295883.1	THAPS_269261	yes	1	IPR001440
XP_002295884.1	THAPS_23516	no	0	none
XP_002295885.1	THAPS_7089	no	0	none
XP_002295886.1	THAPS_7090	no	0	none
XP_002295887.1	THAPS_7092	no	0	none
XP_002295888.1	THAPS_7094	no	0	none
XP_002295889.1	THAPS_269263	yes	1	IPR004273
XP_002295890.1	THAPS_269264	yes	1	IPR002557
XP_002295891.1	THAPS_23522	no	0	none
XP_002295892.1	THAPS_7103	yes	1	IPR007583
XP_002295893.1	THAPS_41372	yes	1	IPR002048
XP_002295894.1	THAPS_23527	no	0	none
XP_002295895.1	THAPS_7110	no	0	none
XP_002295896.1	THAPS_7112	no	0	none
XP_002295897.1	THAPS_263228	no	0	none
XP_002295898.1	THAPS_23534	no	0	none
XP_002295899.1	THAPS_7120	yes	1	IPR006034
XP_002295900.1	THAPS_28984	yes	1	IPR000804
XP_002295901.1	THAPS_23537	no	0	none
XP_002295902.1	THAPS_23540	yes	1	IPR001173
XP_002295903.1	THAPS_35518	yes	1	IPR000577
XP_002295904.1	THAPS_269274	no	0	none
XP_002295905.1	THAPS_7134	yes	1	IPR004776
XP_002295906.1	THAPS_7135	no	0	none
XP_002295907.1	THAPS_23543	no	0	none
XP_002295908.1	THAPS_35726	yes	4	IPR001650,IPR004179,IPR006935,IPR011545
XP_002295909.1	THAPS_7141	yes	2	IPR000591,IPR001680
XP_002295910.1	THAPS_7143	no	0	none
XP_002295911.1	THAPS_7145	no	0	none
XP_002295912.1	THAPS_263240	yes	2	IPR000330,IPR001650
XP_002295913.1	THAPS_23546	no	0	none
XP_002295914.1	THAPS_23548	no	0	none
XP_002295915.1	THAPS_7155	no	0	none
XP_002295916.1	THAPS_23552	no	0	none
XP_002295917.1	THAPS_7160	no	0	none
XP_002295918.1	THAPS_35642	no	0	none
XP_002295919.1	THAPS_23557	no	0	none
XP_002295920.1	THAPS_41392	yes	1	IPR004693
XP_002295921.1	THAPS_23560	yes	1	IPR000953
XP_002295922.1	THAPS_23561	no	0	none
XP_002295923.1	THAPS_23562	yes	1	IPR002110
XP_002295924.1	THAPS_35693	yes	1	IPR003000
XP_002295925.1	THAPS_263246	yes	3	IPR000008,IPR000909,IPR001711
XP_002295926.1	THAPS_35740	yes	1	IPR002198
XP_002295927.1	THAPS_23565	yes	1	IPR001478
XP_002295928.1	THAPS_7180	no	0	none
XP_002295929.1	THAPS_7182	yes	1	IPR003409
XP_002295930.1	THAPS_23568	no	0	none
XP_002295931.1	THAPS_28998	yes	1	IPR001395
XP_002295932.1	THAPS_7188	yes	1	IPR000719
XP_002295933.1	THAPS_7191	yes	1	IPR001395
XP_002295934.1	THAPS_7193	no	0	none
XP_002295935.1	THAPS_23573	no	0	none
XP_002295936.1	THAPS_269281	no	0	none
XP_002295937.1	THAPS_263251	yes	1	IPR004331
XP_002295938.1	THAPS_35350	no	0	none
XP_002295939.1	THAPS_23577	yes	1	IPR000086
XP_002295940.1	THAPS_7202	no	0	none
XP_002295941.1	THAPS_41403	yes	2	IPR001140,IPR003439
XP_002295942.1	THAPS_7208	yes	1	IPR001806
XP_002295943.1	THAPS_35639	yes	1	IPR000073
XP_002295944.1	THAPS_19094	no	0	none
XP_002295945.1	THAPS_35356	yes	1	IPR002110
XP_002295946.1	THAPS_29013	yes	2	IPR007010,IPR007012
XP_002295947.1	THAPS_23586	no	0	none
XP_002295948.1	THAPS_7220	yes	1	IPR001876
XP_002295949.1	THAPS_263266	yes	1	IPR005493
XP_002295950.1	THAPS_263268	yes	1	IPR001577
XP_002295951.1	THAPS_23592	no	0	none
XP_002295952.1	THAPS_7227	no	0	none
XP_002295953.1	THAPS_23593	no	0	none
XP_002295954.1	THAPS_7229	yes	1	IPR000652
XP_002295955.1	THAPS_7230	yes	1	IPR005511
XP_002295956.1	THAPS_23596	yes	1	IPR001440
XP_002295957.1	THAPS_7233	no	0	none
XP_002295958.1	THAPS_23597	no	0	none
XP_002295959.1	THAPS_7237	no	0	none
XP_002295960.1	THAPS_7239	no	0	none
XP_002295961.1	THAPS_23599	yes	1	IPR000511
XP_002295962.1	THAPS_23601	no	0	none
XP_002295963.1	THAPS_23602	no	0	none
XP_002295964.1	THAPS_23603	no	0	none
XP_002295965.1	THAPS_7250	no	0	none
XP_002295966.1	THAPS_23605	no	0	none
XP_002295967.1	THAPS_14719	yes	1	IPR004147
XP_002295968.1	THAPS_17262	yes	1	IPR003265
XP_002295969.1	THAPS_7261	no	0	none
XP_002295970.1	THAPS_18954	yes	1	IPR000836
XP_002295971.1	THAPS_23614	no	0	none
XP_002295972.1	THAPS_7268	yes	3	IPR004014,IPR005834,IPR008250
XP_002295973.1	THAPS_7270	no	0	none
XP_002295974.1	THAPS_23616	yes	2	IPR003137,IPR007369
XP_002295975.1	THAPS_23618	yes	1	IPR001841
XP_002295976.1	THAPS_35342	no	0	none
XP_002295977.1	THAPS_18538	no	0	none
XP_002295978.1	THAPS_35748	no	0	none
XP_002295979.1	THAPS_35239	yes	1	IPR004871
XP_002295980.1	THAPS_23620	no	0	none
XP_002295981.1	THAPS_35532	yes	1	IPR001509
XP_002295982.1	THAPS_7282	yes	1	IPR002048
XP_002295983.1	THAPS_23621	no	0	none
XP_002295984.1	THAPS_23622	yes	1	IPR000620
XP_002295985.1	THAPS_23623	no	0	none
XP_002295986.1	THAPS_23624	no	0	none
XP_002295987.1	THAPS_7292	no	0	none
XP_002295988.1	THAPS_15605	yes	1	IPR000595
XP_002295989.1	THAPS_16501	yes	1	IPR000719
XP_002295990.1	THAPS_35340	no	0	none
XP_002295991.1	THAPS_7300	no	0	none
XP_002295992.1	THAPS_7301	no	0	none
XP_002295993.1	THAPS_7304	no	0	none
XP_002295994.1	THAPS_269307	no	0	none
XP_002295995.1	THAPS_263301	yes	2	IPR001199,IPR004835
XP_002295996.1	THAPS_7310	no	0	none
XP_002295997.1	THAPS_7313	yes	1	IPR001163
XP_002295998.1	THAPS_263310	yes	1	IPR000602
XP_002295999.1	THAPS_29057	yes	2	IPR005834,IPR008250
XP_002296000.1	THAPS_263313	yes	1	IPR001577
XP_002296001.1	THAPS_13982	yes	2	IPR001650,IPR011545
XP_002296002.1	THAPS_269314	yes	1	IPR006887
XP_002296003.1	THAPS_23641	no	0	none
XP_002296004.1	THAPS_41463	yes	1	IPR001563
XP_002296005.1	THAPS_7329	no	0	none
XP_002296006.1	THAPS_7332	no	0	none
XP_002296007.1	THAPS_7338	no	0	none
XP_002296008.1	THAPS_23330	no	0	none
XP_002296009.1	THAPS_23331	no	0	none
XP_002296010.1	THAPS_269194	yes	1	IPR000232
XP_002296011.1	THAPS_6626	no	0	none
XP_002296012.1	THAPS_35314	yes	1	IPR000889
XP_002296013.1	THAPS_6635	no	0	none
XP_002296014.1	THAPS_6637	yes	1	IPR004942
XP_002296015.1	THAPS_6640	no	0	none
XP_002296016.1	THAPS_35713	yes	1	IPR007248
XP_002296017.1	THAPS_6642	no	0	none
XP_002296018.1	THAPS_263053	yes	1	IPR001251
XP_002296019.1	THAPS_17039	no	0	none
XP_002296020.1	THAPS_6645	no	0	none
XP_002296021.1	THAPS_6648	no	0	none
XP_002296022.1	THAPS_6651	no	0	none
XP_002296023.1	THAPS_23337	no	0	none
XP_002296024.1	THAPS_6658	yes	1	IPR010699
XP_002296025.1	THAPS_6661	no	0	none
XP_002296026.1	THAPS_6664	no	0	none
XP_002296027.1	THAPS_6665	no	0	none
XP_002296028.1	THAPS_23340	no	0	none
XP_002296029.1	THAPS_6668	no	0	none
XP_002296030.1	THAPS_6670	yes	1	IPR001478
XP_002296031.1	THAPS_6673	no	0	none
XP_002296032.1	THAPS_263061	yes	1	IPR001189
XP_002296033.1	THAPS_6680	no	0	none
XP_002296034.1	THAPS_6681	no	0	none
XP_002296035.1	THAPS_6684	yes	1	IPR001254
XP_002296036.1	THAPS_6686	no	0	none
XP_002296037.1	THAPS_23347	no	0	none
XP_002296038.1	THAPS_263067	yes	1	IPR000719
XP_002296039.1	THAPS_23350	no	0	none
XP_002296040.1	THAPS_6692	no	0	none
XP_002296041.1	THAPS_41256	yes	3	IPR000194,IPR000793,IPR004100
XP_002296042.1	THAPS_23354	no	0	none
XP_002296043.1	THAPS_6698	no	0	none
XP_002296044.1	THAPS_6701	no	0	none
XP_002296045.1	THAPS_6704	no	0	none
XP_002296046.1	THAPS_6705	no	0	none
XP_002296047.1	THAPS_6706	no	0	none
XP_002296048.1	THAPS_35668	yes	1	IPR002198
XP_002296049.1	THAPS_6710	no	0	none
XP_002296050.1	THAPS_23357	yes	1	IPR005834
XP_002296051.1	THAPS_6715	no	0	none
XP_002296052.1	THAPS_6716	yes	1	IPR000462
XP_002296053.1	THAPS_23359	no	0	none
XP_002296054.1	THAPS_35409	yes	1	IPR002016
XP_002296055.1	THAPS_6720	no	0	none
XP_002296056.1	THAPS_6721	no	0	none
XP_002296057.1	THAPS_16082	yes	1	IPR005178
XP_002296058.1	THAPS_23361	yes	1	IPR001623
XP_002296059.1	THAPS_6727	yes	1	IPR009360
XP_002296060.1	THAPS_23362	yes	3	IPR002058,IPR002934,IPR003131
XP_002296061.1	THAPS_23363	no	0	none
XP_002296062.1	THAPS_23364	no	0	none
XP_002296063.1	THAPS_6734	no	0	none
XP_002296064.1	THAPS_35266	yes	3	IPR000375,IPR001401,IPR003130
XP_002296065.1	THAPS_23366	no	0	none
XP_002296066.1	THAPS_35230	no	0	none
XP_002296067.1	THAPS_23369	no	0	none
XP_002296068.1	THAPS_6743	no	0	none
XP_002296069.1	THAPS_23371	yes	1	IPR001365
XP_002296070.1	THAPS_269210	yes	2	IPR002942,IPR006145
XP_002296071.1	THAPS_35259	no	0	none
XP_002296072.1	THAPS_6750	no	0	none
XP_002296073.1	THAPS_6752	no	0	none
XP_002296074.1	THAPS_35245	yes	1	IPR007125
XP_002296075.1	THAPS_23377	yes	1	IPR002035
XP_002296076.1	THAPS_23378	no	0	none
XP_002296077.1	THAPS_23379	yes	1	IPR001810
XP_002296078.1	THAPS_6759	no	0	none
XP_002296079.1	THAPS_263092	yes	1	IPR000209
XP_002296080.1	THAPS_6768	no	0	none
XP_002296081.1	THAPS_263096	yes	1	IPR000726
XP_002296082.1	THAPS_263097	yes	2	IPR001223,IPR002557
XP_002296083.1	THAPS_6770	yes	5	IPR000022,IPR000089,IPR005479,IPR005481,IPR005482
XP_002296084.1	THAPS_6773	no	0	none
XP_002296085.1	THAPS_23385	no	0	none
XP_002296086.1	THAPS_18303	yes	1	IPR001806
XP_002296087.1	THAPS_23386	yes	1	IPR009604
XP_002296088.1	THAPS_6780	no	0	none
XP_002296089.1	THAPS_19479	no	0	none
XP_002296090.1	THAPS_6784	no	0	none
XP_002296091.1	THAPS_6787	no	0	none
XP_002296092.1	THAPS_23390	yes	1	IPR004367
XP_002296093.1	THAPS_6789	no	0	none
XP_002296094.1	THAPS_23391	yes	2	IPR001199,IPR005804
XP_002296095.1	THAPS_23394	yes	1	IPR005320
XP_002296096.1	THAPS_6798	yes	1	IPR000304
XP_002296097.1	THAPS_6800	no	0	none
XP_002296098.1	THAPS_6802	no	0	none
XP_002296099.1	THAPS_6805	no	0	none
XP_002296100.1	THAPS_6808	no	0	none
XP_002296101.1	THAPS_6809	no	0	none
XP_002296102.1	THAPS_6810	no	0	none
XP_002296103.1	THAPS_263111	yes	2	IPR005844,IPR005845
XP_002296104.1	THAPS_6816	no	0	none
XP_002296105.1	THAPS_6818	no	0	none
XP_002296106.1	THAPS_6820	yes	1	IPR001296
XP_002296107.1	THAPS_23404	yes	1	IPR002921
XP_002296108.1	THAPS_6823	no	0	none
XP_002296109.1	THAPS_41300	yes	1	IPR000322
XP_002296110.1	THAPS_6826	yes	1	IPR001849
XP_002296111.1	THAPS_23408	no	0	none
XP_002296112.1	THAPS_263115	no	0	none
XP_002296113.1	THAPS_23410	yes	2	IPR000253,IPR001680
XP_002296114.1	THAPS_6835	yes	1	IPR009292
XP_002296115.1	THAPS_6837	no	0	none
XP_002296116.1	THAPS_6838	no	0	none
XP_002296117.1	THAPS_35561	yes	1	IPR006035
XP_002296118.1	THAPS_263121	no	0	none
XP_002296119.1	THAPS_23414	no	0	none
XP_002296120.1	THAPS_6848	yes	1	IPR000863
XP_002296121.1	THAPS_6850	no	0	none
XP_002296122.1	THAPS_23418	no	0	none
XP_002296123.1	THAPS_23419	no	0	none
XP_002296124.1	THAPS_6857	no	0	none
XP_002296125.1	THAPS_263128	no	0	none
XP_002296126.1	THAPS_17439	no	0	none
XP_002296127.1	THAPS_41306	yes	3	IPR000642,IPR003959,IPR011546
XP_002296128.1	THAPS_258111	no	0	none
XP_002296129.1	THAPS_263132	no	0	none
XP_002296130.1	THAPS_269231	yes	1	IPR005828
XP_002296131.1	THAPS_23431	no	0	none
XP_002296132.1	THAPS_6873	yes	1	IPR009906
XP_002296133.1	THAPS_6875	no	0	none
XP_002296134.1	THAPS_23433	no	0	none
XP_002296135.1	THAPS_6880	no	0	none
XP_002296136.1	THAPS_263135	no	0	none
XP_002296137.1	THAPS_269232	yes	2	IPR002048,IPR004837
XP_002296138.1	THAPS_16743	yes	1	IPR001915
XP_002296139.1	THAPS_6886	yes	1	IPR001440
XP_002296140.1	THAPS_6889	no	0	none
XP_002296141.1	THAPS_269235	yes	1	IPR000597
XP_002296142.1	THAPS_6893	yes	3	IPR001440,IPR001478,IPR002110
XP_002296143.1	THAPS_6894	yes	2	IPR003829,IPR008778
XP_002296144.1	THAPS_6895	no	0	none
XP_002296145.1	THAPS_6896	no	0	none
XP_002296146.1	THAPS_41314	yes	1	IPR000049
XP_002296147.1	THAPS_263142	yes	1	IPR002877
XP_002296148.1	THAPS_35541	yes	1	IPR001441
XP_002296149.1	THAPS_35499	yes	3	IPR003395,IPR003405,IPR010935
XP_002296150.1	THAPS_23441	yes	1	IPR002641
XP_002296151.1	THAPS_23442	no	0	none
XP_002296152.1	THAPS_35510	yes	1	IPR001214
XP_002296153.1	THAPS_35387	yes	1	IPR000719
XP_002296154.1	THAPS_23444	no	0	none
XP_002296155.1	THAPS_41319	yes	1	IPR000039
XP_002296156.1	THAPS_23446	no	0	none
XP_002296157.1	THAPS_269238	yes	1	IPR000232
XP_002296158.1	THAPS_23450	no	0	none
XP_002296159.1	THAPS_6922	no	0	none
XP_002296160.1	THAPS_23452	no	0	none
XP_002296161.1	THAPS_263154	no	0	none
XP_002296162.1	THAPS_6930	no	0	none
XP_002296163.1	THAPS_17443	yes	1	IPR000760
XP_002296164.1	THAPS_6935	yes	1	IPR000232
XP_002296165.1	THAPS_41328	yes	1	IPR001611
XP_002296166.1	THAPS_35407	yes	1	IPR007125
XP_002296167.1	THAPS_586	yes	1	IPR007125
XP_002296168.1	THAPS_35401	yes	1	IPR003495
XP_002296169.1	THAPS_35684	yes	2	IPR004006,IPR004007
XP_002296170.1	THAPS_35279	yes	1	IPR007125
XP_002296171.1	THAPS_6947	yes	1	IPR007125
XP_002296172.1	THAPS_6950	yes	2	IPR001478,IPR005151
XP_002296173.1	THAPS_6953	yes	1	IPR006700
XP_002296174.1	THAPS_35323	yes	1	IPR000504
XP_002296175.1	THAPS_6956	yes	1	IPR004181
XP_002296176.1	THAPS_6958	yes	1	IPR000232
XP_002296177.1	THAPS_6960	no	0	none
XP_002296178.1	THAPS_6962	no	0	none
XP_002296179.1	THAPS_6964	no	0	none
XP_002296180.1	THAPS_23462	no	0	none
XP_002296181.1	THAPS_23464	yes	1	IPR007261
XP_002296182.1	THAPS_6971	no	0	none
XP_002296183.1	THAPS_23466	no	0	none
XP_002296184.1	THAPS_263182	yes	1	IPR010765
XP_002296185.1	THAPS_23469	yes	2	IPR000637,IPR004343
XP_002296186.1	THAPS_6979	yes	1	IPR002818
XP_002296187.1	THAPS_6982	yes	1	IPR003347
XP_002296188.1	THAPS_23471	no	0	none
XP_002296189.1	THAPS_23474	no	0	none
XP_002296190.1	THAPS_35527	yes	2	IPR000991,IPR004468
XP_002296191.1	THAPS_23478	yes	1	IPR001623
XP_002296192.1	THAPS_6997	no	0	none
XP_002296193.1	THAPS_15292	yes	1	IPR004567
XP_002296194.1	THAPS_7004	no	0	none
XP_002296195.1	THAPS_7006	no	0	none
XP_002296196.1	THAPS_263193	yes	1	IPR001296
XP_002296197.1	THAPS_23484	no	0	none
XP_002296198.1	THAPS_269248	yes	1	IPR004839
XP_002296199.1	THAPS_35423	yes	1	IPR002048
XP_002296200.1	THAPS_7016	no	0	none
XP_002296201.1	THAPS_7017	no	0	none
XP_002296202.1	THAPS_7019	yes	1	IPR003690
XP_002296203.1	THAPS_17910	yes	1	IPR000608
XP_002296204.1	THAPS_7022	yes	1	IPR001202
XP_002296205.1	THAPS_7023	no	0	none
XP_002296206.1	THAPS_7024	yes	1	IPR001736
XP_002296207.1	THAPS_263198	yes	1	IPR002779
XP_002296208.1	THAPS_14106	yes	1	IPR007300
XP_002296209.1	THAPS_35224	yes	1	IPR001395
XP_002296210.1	THAPS_7032	no	0	none
XP_002296211.1	THAPS_23490	yes	1	IPR004166
XP_002296212.1	THAPS_35519	no	0	none
XP_002296213.1	THAPS_23491	yes	4	IPR001841,IPR005135,IPR006652,IPR011498
XP_002296214.1	THAPS_23492	no	0	none
XP_002296215.1	THAPS_23494	no	0	none
XP_002296216.1	THAPS_263203	yes	1	IPR000120
XP_002296217.1	THAPS_7044	no	0	none
XP_002296218.1	THAPS_596	yes	1	IPR002553
XP_002296219.1	THAPS_7048	no	0	none
XP_002296220.1	THAPS_269255	yes	2	IPR003010,IPR003694
XP_002296221.1	THAPS_35424	no	0	none
XP_002296222.1	THAPS_269257	yes	1	IPR000209
XP_002296223.1	THAPS_7056	yes	1	IPR004843
XP_002296224.1	THAPS_23503	yes	1	IPR002110
XP_002296225.1	THAPS_7059	no	0	none
XP_002296226.1	THAPS_23504	no	0	none
XP_002296227.1	THAPS_23505	no	0	none
XP_002296228.1	THAPS_270304	no	0	none
XP_002296229.1	THAPS_7066	no	0	none
XP_002296230.1	THAPS_263212	yes	1	IPR001283
XP_002296231.1	THAPS_7070	no	0	none
XP_002296232.1	THAPS_23509	no	0	none
XP_002296233.1	THAPS_23510	no	0	none
XP_002296234.1	THAPS_7076	yes	1	IPR005320
XP_002296235.1	THAPS_23513	no	0	none
XP_002296236.1	THAPS_23514	no	0	none
XP_002296237.1	THAPS_7081	no	0	none
XP_002296238.1	THAPS_7084	no	0	none
XP_002296239.1	THAPS_7085	no	0	none
XP_002296240.1	THAPS_7087	no	0	none
XP_002296241.1	THAPS_23517	yes	1	IPR000917
XP_002296242.1	THAPS_7091	no	0	none
XP_002296243.1	THAPS_7093	yes	1	IPR002921
XP_002296244.1	THAPS_263219	yes	1	IPR008509
XP_002296245.1	THAPS_23519	yes	1	IPR003822
XP_002296246.1	THAPS_23521	no	0	none
XP_002296247.1	THAPS_7100	no	0	none
XP_002296248.1	THAPS_7102	no	0	none
XP_002296249.1	THAPS_35464	yes	2	IPR000445,IPR003265
XP_002296250.1	THAPS_23524	yes	1	IPR001849
XP_002296251.1	THAPS_23526	no	0	none
XP_002296252.1	THAPS_23528	yes	1	IPR001806
XP_002296253.1	THAPS_35745	yes	1	IPR001096
XP_002296254.1	THAPS_35544	yes	1	IPR001005
XP_002296255.1	THAPS_35318	no	0	none
XP_002296256.1	THAPS_23533	yes	1	IPR001810
XP_002296257.1	THAPS_7119	yes	1	IPR001461
XP_002296258.1	THAPS_7121	no	0	none
XP_002296259.1	THAPS_7122	no	0	none
XP_002296260.1	THAPS_7123	yes	1	IPR006055
XP_002296261.1	THAPS_269273	no	0	none
XP_002296262.1	THAPS_23539	no	0	none
XP_002296263.1	THAPS_35281	no	0	none
XP_002296264.1	THAPS_7136	yes	1	IPR004360
XP_002296265.1	THAPS_7138	yes	1	IPR000909
XP_002296266.1	THAPS_7140	yes	1	IPR009311
XP_002296267.1	THAPS_23544	no	0	none
XP_002296268.1	THAPS_35381	yes	1	IPR001611
XP_002296269.1	THAPS_7146	no	0	none
XP_002296270.1	THAPS_23545	yes	2	IPR001440,IPR001623
XP_002296271.1	THAPS_17707	no	0	none
XP_002296272.1	THAPS_7151	no	0	none
XP_002296273.1	THAPS_7153	no	0	none
XP_002296274.1	THAPS_23549	yes	1	IPR003416
XP_002296275.1	THAPS_23550	no	0	none
XP_002296276.1	THAPS_16405	yes	1	IPR003000
XP_002296277.1	THAPS_269276	yes	1	IPR004088
XP_002296278.1	THAPS_23554	no	0	none
XP_002296279.1	THAPS_23556	no	0	none
XP_002296280.1	THAPS_7166	yes	1	IPR001345
XP_002296281.1	THAPS_18771	yes	1	IPR003409
XP_002296282.1	THAPS_7172	no	0	none
XP_002296283.1	THAPS_7174	no	0	none
XP_002296284.1	THAPS_20452	yes	1	IPR001383
XP_002296285.1	THAPS_23566	no	0	none
XP_002296286.1	THAPS_19632	no	0	none
XP_002296287.1	THAPS_7186	no	0	none
XP_002296288.1	THAPS_35584	no	0	none
XP_002296289.1	THAPS_23571	no	0	none
XP_002296290.1	THAPS_7192	no	0	none
XP_002296291.1	THAPS_23572	no	0	none
XP_002296292.1	THAPS_29000	yes	1	IPR000403
XP_002296293.1	THAPS_23576	yes	1	IPR005114
XP_002296294.1	THAPS_7199	no	0	none
XP_002296295.1	THAPS_7200	no	0	none
XP_002296296.1	THAPS_29007	yes	1	IPR001147
XP_002296297.1	THAPS_7206	no	0	none
XP_002296298.1	THAPS_7207	yes	1	IPR000007
XP_002296299.1	THAPS_29008	yes	4	IPR001048,IPR001342,IPR002912,IPR005106
XP_002296300.1	THAPS_23582	no	0	none
XP_002296301.1	THAPS_7213	no	0	none
XP_002296302.1	THAPS_23584	no	0	none
XP_002296303.1	THAPS_7216	no	0	none
XP_002296304.1	THAPS_7217	no	0	none
XP_002296305.1	THAPS_23587	no	0	none
XP_002296306.1	THAPS_29018	yes	1	IPR007064
XP_002296307.1	THAPS_41419	yes	2	IPR001912,IPR002942
XP_002296308.1	THAPS_7231	no	0	none
XP_002296309.1	THAPS_7236	no	0	none
XP_002296310.1	THAPS_23598	no	0	none
XP_002296311.1	THAPS_41425	yes	1	IPR001236
XP_002296312.1	THAPS_35685	yes	1	IPR005307
XP_002296313.1	THAPS_7244	no	0	none
XP_002296314.1	THAPS_7245	yes	1	IPR001478
XP_002296315.1	THAPS_7247	no	0	none
XP_002296316.1	THAPS_7249	yes	1	IPR006689
XP_002296317.1	THAPS_7251	no	0	none
XP_002296318.1	THAPS_7253	no	0	none
XP_002296319.1	THAPS_23606	no	0	none
XP_002296320.1	THAPS_7256	no	0	none
XP_002296321.1	THAPS_23607	no	0	none
XP_002296322.1	THAPS_263277	yes	1	IPR008915
XP_002296323.1	THAPS_269297	yes	1	IPR000719
XP_002296324.1	THAPS_41433	yes	2	IPR001327,IPR004099
XP_002296325.1	THAPS_7265	no	0	none
XP_002296326.1	THAPS_35390	yes	1	IPR002198
XP_002296327.1	THAPS_23615	no	0	none
XP_002296328.1	THAPS_7271	no	0	none
XP_002296329.1	THAPS_35531	yes	1	IPR001214
XP_002296330.1	THAPS_263284	yes	1	IPR001965
XP_002296331.1	THAPS_263287	yes	1	IPR007136
XP_002296332.1	THAPS_7280	no	0	none
XP_002296333.1	THAPS_16675	yes	1	IPR001130
XP_002296334.1	THAPS_35372	yes	1	IPR006818
XP_002296335.1	THAPS_35328	yes	1	IPR001977
XP_002296336.1	THAPS_7290	no	0	none
XP_002296337.1	THAPS_270352	no	0	none
XP_002296338.1	THAPS_7293	no	0	none
XP_002296339.1	THAPS_23626	yes	1	IPR005834
XP_002296340.1	THAPS_35459	yes	1	IPR002198
XP_002296341.1	THAPS_35710	yes	3	IPR006090,IPR006091,IPR006092
XP_002296342.1	THAPS_7299	no	0	none
XP_002296343.1	THAPS_263297	yes	1	IPR001223
XP_002296344.1	THAPS_23630	yes	1	IPR008883
XP_002296345.1	THAPS_263298	yes	2	IPR001199,IPR004835
XP_002296346.1	THAPS_263299	no	0	none
XP_002296347.1	THAPS_7307	no	0	none
XP_002296348.1	THAPS_29049	yes	3	IPR000795,IPR004161,IPR006847
XP_002296349.1	THAPS_7311	yes	1	IPR001163
XP_002296350.1	THAPS_29053	yes	1	IPR004907
XP_002296351.1	THAPS_18148	yes	1	IPR001806
XP_002296352.1	THAPS_35274	yes	1	IPR000504
XP_002296353.1	THAPS_263315	no	0	none
XP_002296354.1	THAPS_7320	no	0	none
XP_002296355.1	THAPS_7322	yes	2	IPR000795,IPR004161
XP_002296356.1	THAPS_263321	yes	1	IPR010765
XP_002296357.1	THAPS_7325	no	0	none
XP_002296358.1	THAPS_23642	no	0	none
XP_002296359.1	THAPS_7330	no	0	none
XP_002296360.1	THAPS_269316	yes	1	IPR006090
XP_002296361.1	THAPS_7333	no	0	none
XP_002296362.1	THAPS_7334	no	0	none
XP_002296363.1	THAPS_7335	no	0	none
XP_002296364.1	THAPS_7336	no	0	none
XP_002296365.1	THAPS_7337	no	0	none
XP_002296366.1	THAPS_23645	yes	3	IPR001452,IPR002048,IPR011511
XP_002296367.1	THAPSDRAFT_8615	no	0	none
XP_002296368.1	THAPSDRAFT_8617	no	0	none
XP_002296369.1	THAPSDRAFT_36648	yes	1	IPR002048
XP_002296370.1	THAPSDRAFT_24273	no	0	none
XP_002296371.1	THAPSDRAFT_24275	yes	1	IPR007274
XP_002296372.1	THAPSDRAFT_19553	yes	1	IPR001683
XP_002296373.1	THAPSDRAFT_18071	yes	1	IPR003653
XP_002296374.1	THAPSDRAFT_8636	no	0	none
XP_002296375.1	THAPSDRAFT_24283	no	0	none
XP_002296376.1	THAPSDRAFT_24285	no	0	none
XP_002296377.1	THAPSDRAFT_13023	yes	1	IPR000994
XP_002296378.1	THAPSDRAFT_36563	yes	2	IPR000048,IPR001609
XP_002296379.1	THAPSDRAFT_24288	no	0	none
XP_002296380.1	THAPSDRAFT_41953	yes	1	IPR001233
XP_002296381.1	THAPSDRAFT_24292	yes	1	IPR000571
XP_002296382.1	THAPSDRAFT_36631	yes	1	IPR002618
XP_002296383.1	THAPSDRAFT_8655	no	0	none
XP_002296384.1	THAPSDRAFT_8657	yes	1	IPR005123
XP_002296385.1	THAPSDRAFT_20186	yes	1	IPR001623
XP_002296386.1	THAPSDRAFT_24295	yes	1	IPR002015
XP_002296387.1	THAPSDRAFT_269556	yes	2	IPR001650,IPR011545
XP_002296388.1	THAPSDRAFT_8669	no	0	none
XP_002296389.1	THAPSDRAFT_8670	no	0	none
XP_002296390.1	THAPSDRAFT_8672	no	0	none
XP_002296391.1	THAPSDRAFT_8675	no	0	none
XP_002296392.1	THAPSDRAFT_8676	no	0	none
XP_002296393.1	THAPSDRAFT_8679	no	0	none
XP_002296394.1	THAPSDRAFT_24304	no	0	none
XP_002296395.1	THAPSDRAFT_36634	no	0	none
XP_002296396.1	THAPSDRAFT_36599	yes	1	IPR001433
XP_002296397.1	THAPSDRAFT_8686	no	0	none
XP_002296398.1	THAPSDRAFT_269559	no	0	none
XP_002296399.1	THAPSDRAFT_8689	no	0	none
XP_002296400.1	THAPSDRAFT_8692	no	0	none
XP_002296401.1	THAPSDRAFT_36609	yes	1	IPR001878
XP_002296402.1	THAPSDRAFT_24311	no	0	none
XP_002296403.1	THAPSDRAFT_24312	no	0	none
XP_002296404.1	THAPSDRAFT_24313	no	0	none
XP_002296405.1	THAPSDRAFT_8701	no	0	none
XP_002296406.1	THAPSDRAFT_8703	yes	2	IPR000683,IPR004104
XP_002296407.1	THAPSDRAFT_8706	no	0	none
XP_002296408.1	THAPSDRAFT_24314	no	0	none
XP_002296409.1	THAPSDRAFT_8711	no	0	none
XP_002296410.1	THAPSDRAFT_8713	no	0	none
XP_002296411.1	THAPSDRAFT_8715	no	0	none
XP_002296412.1	THAPSDRAFT_8718	no	0	none
XP_002296413.1	THAPSDRAFT_270331	no	0	none
XP_002296414.1	THAPSDRAFT_8721	no	0	none
XP_002296415.1	THAPSDRAFT_24322	no	0	none
XP_002296416.1	THAPSDRAFT_8726	yes	1	IPR005522
XP_002296417.1	THAPSDRAFT_8727	yes	1	IPR006671
XP_002296418.1	THAPSDRAFT_36568	yes	1	IPR001727
XP_002296419.1	THAPSDRAFT_8732	no	0	none
XP_002296420.1	THAPSDRAFT_24327	no	0	none
XP_002296421.1	THAPSDRAFT_36709	no	0	none
XP_002296422.1	THAPSDRAFT_263784	yes	1	IPR001567
XP_002296423.1	THAPSDRAFT_8740	no	0	none
XP_002296424.1	THAPSDRAFT_263787	yes	1	IPR000834
XP_002296425.1	THAPSDRAFT_24331	yes	5	IPR000197,IPR000433,IPR001487,IPR009255,IPR010303
XP_002296426.1	THAPSDRAFT_17484	yes	1	IPR000086
XP_002296427.1	THAPSDRAFT_24333	no	0	none
XP_002296428.1	THAPSDRAFT_8749	no	0	none
XP_002296429.1	THAPSDRAFT_24335	no	0	none
XP_002296430.1	THAPSDRAFT_19345	yes	1	IPR001650
XP_002296431.1	THAPSDRAFT_24338	yes	1	IPR007263
XP_002296432.1	THAPSDRAFT_15336	yes	1	IPR001269
XP_002296433.1	THAPSDRAFT_17687	yes	1	IPR003959
XP_002296434.1	THAPSDRAFT_8762	yes	2	IPR000330,IPR001650
XP_002296435.1	THAPSDRAFT_36664	no	0	none
XP_002296436.1	THAPSDRAFT_24346	no	0	none
XP_002296437.1	THAPSDRAFT_8768	yes	1	IPR000504
XP_002296438.1	THAPSDRAFT_8773	yes	1	IPR002110
XP_002296439.1	THAPSDRAFT_8775	no	0	none
XP_002296440.1	THAPSDRAFT_8778	yes	2	IPR005475,IPR005476
XP_002296441.1	THAPSDRAFT_263798	yes	2	IPR003034,IPR005635
XP_002296442.1	THAPSDRAFT_8782	no	0	none
XP_002296443.1	THAPSDRAFT_263800	yes	1	IPR003689
XP_002296444.1	THAPSDRAFT_263801	yes	1	IPR006145
XP_002296445.1	THAPSDRAFT_8787	no	0	none
XP_002296446.1	THAPSDRAFT_8789	no	0	none
XP_002296447.1	THAPSDRAFT_36735	no	0	none
XP_002296448.1	THAPSDRAFT_8793	yes	1	IPR005583
XP_002296449.1	THAPSDRAFT_24357	yes	1	IPR003690
XP_002296450.1	THAPSDRAFT_8797	no	0	none
XP_002296451.1	THAPSDRAFT_8798	yes	1	IPR001054
XP_002296452.1	THAPSDRAFT_24359	no	0	none
XP_002296453.1	THAPSDRAFT_24362	no	0	none
XP_002296454.1	THAPSDRAFT_8808	no	0	none
XP_002296455.1	THAPSDRAFT_8810	no	0	none
XP_002296456.1	THAPSDRAFT_8812	no	0	none
XP_002296457.1	THAPSDRAFT_24364	yes	1	IPR004147
XP_002296458.1	THAPSDRAFT_269572	yes	1	IPR007346
XP_002296459.1	THAPSDRAFT_24366	no	0	none
XP_002296460.1	THAPSDRAFT_8819	yes	1	IPR002048
XP_002296461.1	THAPSDRAFT_8820	yes	2	IPR001054,IPR003018
XP_002296462.1	THAPSDRAFT_269573	yes	1	IPR000668
XP_002296463.1	THAPSDRAFT_8824	no	0	none
XP_002296464.1	THAPSDRAFT_8825	yes	1	IPR001611
XP_002296465.1	THAPSDRAFT_8827	no	0	none
XP_002296466.1	THAPSDRAFT_8831	no	0	none
XP_002296467.1	THAPSDRAFT_269575	no	0	none
XP_002296468.1	THAPSDRAFT_24372	no	0	none
XP_002296469.1	THAPSDRAFT_8836	no	0	none
XP_002296470.1	THAPSDRAFT_8838	no	0	none
XP_002296471.1	THAPSDRAFT_263816	yes	2	IPR000330,IPR001650
XP_002296472.1	THAPSDRAFT_263817	yes	1	IPR001487
XP_002296473.1	THAPSDRAFT_36686	yes	1	IPR006603
XP_002296474.1	THAPSDRAFT_8844	no	0	none
XP_002296475.1	THAPSDRAFT_24376	yes	2	IPR000008,IPR003325
XP_002296476.1	THAPSDRAFT_8849	no	0	none
XP_002296477.1	THAPSDRAFT_36738	yes	1	IPR000537
XP_002296478.1	THAPSDRAFT_263820	yes	1	IPR001298
XP_002296479.1	THAPSDRAFT_24379	no	0	none
XP_002296480.1	THAPSDRAFT_24381	no	0	none
XP_002296481.1	THAPSDRAFT_24382	no	0	none
XP_002296482.1	THAPSDRAFT_8858	no	0	none
XP_002296483.1	THAPSDRAFT_8860	no	0	none
XP_002296484.1	THAPSDRAFT_24385	no	0	none
XP_002296485.1	THAPSDRAFT_687	yes	1	IPR001327
XP_002296486.1	THAPSDRAFT_8866	yes	1	IPR001841
XP_002296487.1	THAPSDRAFT_8868	yes	1	IPR000408
XP_002296488.1	THAPSDRAFT_24387	no	0	none
XP_002296489.1	THAPSDRAFT_36716	yes	2	IPR001327,IPR004099
XP_002296490.1	THAPSDRAFT_263826	no	0	none
XP_002296491.1	THAPSDRAFT_8874	no	0	none
XP_002296492.1	THAPSDRAFT_24389	yes	1	IPR004088
XP_002296493.1	THAPSDRAFT_8877	no	0	none
XP_002296494.1	THAPSDRAFT_8879	yes	1	IPR000719
XP_002296495.1	THAPSDRAFT_8880	no	0	none
XP_002296496.1	THAPSDRAFT_270309	yes	1	IPR001585
XP_002296497.1	THAPSDRAFT_36702	yes	2	IPR001150,IPR004184
XP_002296498.1	THAPSDRAFT_263834	yes	1	IPR007197
XP_002296499.1	THAPSDRAFT_269586	no	0	none
XP_002296500.1	THAPSDRAFT_36629	yes	1	IPR004839
XP_002296501.1	THAPSDRAFT_263836	yes	1	IPR000101
XP_002296502.1	THAPSDRAFT_36597	yes	1	IPR002917
XP_002296503.1	THAPSDRAFT_36650	yes	1	IPR001611
XP_002296504.1	THAPSDRAFT_8616	no	0	none
XP_002296505.1	THAPSDRAFT_24274	no	0	none
XP_002296506.1	THAPSDRAFT_269547	yes	2	IPR001440,IPR001623
XP_002296507.1	THAPSDRAFT_36649	yes	1	IPR002634
XP_002296508.1	THAPSDRAFT_36605	yes	1	IPR003808
XP_002296509.1	THAPSDRAFT_24281	no	0	none
XP_002296510.1	THAPSDRAFT_24282	no	0	none
XP_002296511.1	THAPSDRAFT_24284	no	0	none
XP_002296512.1	THAPSDRAFT_8643	no	0	none
XP_002296513.1	THAPSDRAFT_41952	yes	2	IPR000795,IPR004161
XP_002296514.1	THAPSDRAFT_263755	yes	1	IPR000719
XP_002296515.1	THAPSDRAFT_8649	no	0	none
XP_002296516.1	THAPSDRAFT_36614	yes	1	IPR001653
XP_002296517.1	THAPSDRAFT_24293	no	0	none
XP_002296518.1	THAPSDRAFT_8654	yes	1	IPR000232
XP_002296519.1	THAPSDRAFT_36576	yes	3	IPR000640,IPR000795,IPR004161
XP_002296520.1	THAPSDRAFT_24294	no	0	none
XP_002296521.1	THAPSDRAFT_8667	no	0	none
XP_002296522.1	THAPSDRAFT_24300	no	0	none
XP_002296523.1	THAPSDRAFT_36673	yes	1	IPR001327
XP_002296524.1	THAPSDRAFT_8673	no	0	none
XP_002296525.1	THAPSDRAFT_269557	no	0	none
XP_002296526.1	THAPSDRAFT_36656	no	0	none
XP_002296527.1	THAPSDRAFT_24303	yes	1	IPR006968
XP_002296528.1	THAPSDRAFT_8680	yes	1	IPR006145
XP_002296529.1	THAPSDRAFT_263766	yes	1	IPR002657
XP_002296530.1	THAPSDRAFT_24305	yes	1	IPR003613
XP_002296531.1	THAPSDRAFT_24307	no	0	none
XP_002296532.1	THAPSDRAFT_24309	no	0	none
XP_002296533.1	THAPSDRAFT_263770	no	0	none
XP_002296534.1	THAPSDRAFT_8691	no	0	none
XP_002296535.1	THAPSDRAFT_8693	no	0	none
XP_002296536.1	THAPSDRAFT_8698	no	0	none
XP_002296537.1	THAPSDRAFT_8700	no	0	none
XP_002296538.1	THAPSDRAFT_36582	yes	1	IPR001373
XP_002296539.1	THAPSDRAFT_8704	no	0	none
XP_002296540.1	THAPSDRAFT_8705	no	0	none
XP_002296541.1	THAPSDRAFT_8707	no	0	none
XP_002296542.1	THAPSDRAFT_36572	yes	1	IPR000683
XP_002296543.1	THAPSDRAFT_24315	no	0	none
XP_002296544.1	THAPSDRAFT_263776	yes	1	IPR000760
XP_002296545.1	THAPSDRAFT_24318	yes	1	IPR001353
XP_002296546.1	THAPSDRAFT_24319	no	0	none
XP_002296547.1	THAPSDRAFT_24320	no	0	none
XP_002296548.1	THAPSDRAFT_8719	yes	1	IPR004147
XP_002296549.1	THAPSDRAFT_41979	yes	2	IPR001327,IPR004099
XP_002296550.1	THAPSDRAFT_17600	yes	1	IPR001623
XP_002296551.1	THAPSDRAFT_24323	yes	1	IPR001247
XP_002296552.1	THAPSDRAFT_263781	yes	2	IPR002645,IPR011547
XP_002296553.1	THAPSDRAFT_8728	no	0	none
XP_002296554.1	THAPSDRAFT_24325	yes	3	IPR003367,IPR006970,IPR008454
XP_002296555.1	THAPSDRAFT_263782	no	0	none
XP_002296556.1	THAPSDRAFT_8733	no	0	none
XP_002296557.1	THAPSDRAFT_8734	no	0	none
XP_002296558.1	THAPSDRAFT_8737	yes	1	IPR001179
XP_002296559.1	THAPSDRAFT_24328	yes	2	IPR002110,IPR005821
XP_002296560.1	THAPSDRAFT_263785	yes	4	IPR000197,IPR000433,IPR001965,IPR009255
XP_002296561.1	THAPSDRAFT_19899	yes	1	IPR001487
XP_002296562.1	THAPSDRAFT_263786	yes	1	IPR000197
XP_002296563.1	THAPSDRAFT_8742	no	0	none
XP_002296564.1	THAPSDRAFT_263788	no	0	none
XP_002296565.1	THAPSDRAFT_24332	no	0	none
XP_002296566.1	THAPSDRAFT_8748	no	0	none
XP_002296567.1	THAPSDRAFT_8750	no	0	none
XP_002296568.1	THAPSDRAFT_24334	yes	1	IPR004342
XP_002296569.1	THAPSDRAFT_681	no	0	none
XP_002296570.1	THAPSDRAFT_270206	no	0	none
XP_002296571.1	THAPSDRAFT_24339	no	0	none
XP_002296572.1	THAPSDRAFT_24340	no	0	none
XP_002296573.1	THAPSDRAFT_24341	yes	1	IPR001623
XP_002296574.1	THAPSDRAFT_19701	yes	1	IPR001179
XP_002296575.1	THAPSDRAFT_24343	no	0	none
XP_002296576.1	THAPSDRAFT_263793	no	0	none
XP_002296577.1	THAPSDRAFT_24345	yes	2	IPR001841,IPR007397
XP_002296578.1	THAPSDRAFT_8769	no	0	none
XP_002296579.1	THAPSDRAFT_36742	yes	1	IPR002155
XP_002296580.1	THAPSDRAFT_24347	no	0	none
XP_002296581.1	THAPSDRAFT_24348	no	0	none
XP_002296582.1	THAPSDRAFT_8776	no	0	none
XP_002296583.1	THAPSDRAFT_8777	yes	1	IPR004331
XP_002296584.1	THAPSDRAFT_8779	yes	1	IPR001806
XP_002296585.1	THAPSDRAFT_8781	no	0	none
XP_002296586.1	THAPSDRAFT_263799	yes	2	IPR002840,IPR007506
XP_002296587.1	THAPSDRAFT_8784	no	0	none
XP_002296588.1	THAPSDRAFT_24350	yes	1	IPR001678
XP_002296589.1	THAPSDRAFT_24352	no	0	none
XP_002296590.1	THAPSDRAFT_24353	no	0	none
XP_002296591.1	THAPSDRAFT_24355	yes	1	IPR005135
XP_002296592.1	THAPSDRAFT_36592	yes	1	IPR000910
XP_002296593.1	THAPSDRAFT_8795	no	0	none
XP_002296594.1	THAPSDRAFT_8799	no	0	none
XP_002296595.1	THAPSDRAFT_24358	no	0	none
XP_002296596.1	THAPSDRAFT_19360	yes	1	IPR001650
XP_002296597.1	THAPSDRAFT_36640	yes	1	IPR000330
XP_002296598.1	THAPSDRAFT_24361	no	0	none
XP_002296599.1	THAPSDRAFT_24363	no	0	none
XP_002296600.1	THAPSDRAFT_8806	no	0	none
XP_002296601.1	THAPSDRAFT_8807	no	0	none
XP_002296602.1	THAPSDRAFT_8809	no	0	none
XP_002296603.1	THAPSDRAFT_8811	yes	1	IPR004294
XP_002296604.1	THAPSDRAFT_8813	yes	1	IPR002110
XP_002296605.1	THAPSDRAFT_24367	no	0	none
XP_002296606.1	THAPSDRAFT_8821	yes	2	IPR001054,IPR003018
XP_002296607.1	THAPSDRAFT_270302	yes	1	IPR001672
XP_002296608.1	THAPSDRAFT_24369	yes	2	IPR000504,IPR000571
XP_002296609.1	THAPSDRAFT_8828	yes	1	IPR001680
XP_002296610.1	THAPSDRAFT_8829	no	0	none
XP_002296611.1	THAPSDRAFT_8830	yes	1	IPR003959
XP_002296612.1	THAPSDRAFT_269576	yes	1	IPR000182
XP_002296613.1	THAPSDRAFT_8835	no	0	none
XP_002296614.1	THAPSDRAFT_24373	no	0	none
XP_002296615.1	THAPSDRAFT_8841	yes	2	IPR003582,IPR005123
XP_002296616.1	THAPSDRAFT_263819	yes	1	IPR005581
XP_002296617.1	THAPSDRAFT_8845	no	0	none
XP_002296618.1	THAPSDRAFT_24375	yes	2	IPR003582,IPR005123
XP_002296619.1	THAPSDRAFT_24377	yes	2	IPR003582,IPR005123
XP_002296620.1	THAPSDRAFT_42000	yes	1	IPR002305
XP_002296621.1	THAPSDRAFT_8853	no	0	none
XP_002296622.1	THAPSDRAFT_8855	no	0	none
XP_002296623.1	THAPSDRAFT_24383	no	0	none
XP_002296624.1	THAPSDRAFT_24384	no	0	none
XP_002296625.1	THAPSDRAFT_8861	no	0	none
XP_002296626.1	THAPSDRAFT_8862	no	0	none
XP_002296627.1	THAPSDRAFT_36684	yes	1	IPR000897
XP_002296628.1	THAPSDRAFT_36679	no	0	none
XP_002296629.1	THAPSDRAFT_24386	no	0	none
XP_002296630.1	THAPSDRAFT_8872	no	0	none
XP_002296631.1	THAPSDRAFT_263827	no	0	none
XP_002296632.1	THAPSDRAFT_24390	no	0	none
XP_002296633.1	THAPSDRAFT_263830	yes	1	IPR007197
XP_002296634.1	THAPSDRAFT_36689	yes	2	IPR001150,IPR004184
XP_002296635.1	THAPSDRAFT_8885	no	0	none
XP_002296636.1	THAPSDRAFT_24395	no	0	none
XP_002296637.1	THAPSDRAFT_24396	no	0	none
XP_002296638.1	THAPSDRAFT_263838	yes	1	IPR001878
XP_002296639.1	THAPSDRAFT_8895	no	0	none
XP_002296640.1	THAPSDRAFT_8896	no	0	none
XP_002296641.1	THAPSDRAFT_8898	no	0	none
XP_002296642.1	THAPSDRAFT_24399	yes	2	IPR001327,IPR004099
XP_002296643.1	THAPSDRAFT_8901	no	0	none
XP_002296644.1	THAPSDRAFT_8903	no	0	none
XP_002296645.1	THAPSDRAFT_263845	yes	1	IPR000504
XP_002296646.1	THAPSDRAFT_8907	no	0	none
XP_002296647.1	THAPSDRAFT_24401	no	0	none
XP_002296648.1	THAPSDRAFT_269590	yes	1	IPR007828
XP_002296649.1	THAPSDRAFT_8912	no	0	none
XP_002296650.1	THAPSDRAFT_24403	no	0	none
XP_002296651.1	THAPSDRAFT_263848	yes	2	IPR000644,IPR001807
XP_002296652.1	THAPSDRAFT_8918	no	0	none
XP_002296653.1	THAPSDRAFT_8919	no	0	none
XP_002296654.1	THAPSDRAFT_8892	no	0	none
XP_002296655.1	THAPSDRAFT_263840	no	0	none
XP_002296656.1	THAPSDRAFT_8894	no	0	none
XP_002296657.1	THAPSDRAFT_8897	no	0	none
XP_002296658.1	THAPSDRAFT_8900	no	0	none
XP_002296659.1	THAPSDRAFT_263844	yes	3	IPR000572,IPR001199,IPR005066
XP_002296660.1	THAPSDRAFT_8904	no	0	none
XP_002296661.1	THAPSDRAFT_8905	no	0	none
XP_002296662.1	THAPSDRAFT_8909	no	0	none
XP_002296663.1	THAPSDRAFT_36753	yes	1	IPR001752
XP_002296664.1	THAPSDRAFT_24404	no	0	none
XP_002296665.1	THAPSDRAFT_8915	no	0	none
XP_002296666.1	THAPSDRAFT_8917	no	0	none
XP_002296667.1	THAPSDRAFT_263849	no	0	none
XP_002296668.1	THAPSDRAFT_37803	no	0	none
XP_002296669.1	THAPSDRAFT_25092	no	0	none
XP_002296670.1	THAPSDRAFT_10325	no	0	none
XP_002296671.1	THAPSDRAFT_25093	no	0	none
XP_002296672.1	THAPSDRAFT_25096	yes	1	IPR001841
XP_002296673.1	THAPSDRAFT_10336	no	0	none
XP_002296674.1	THAPSDRAFT_10337	no	0	none
XP_002296675.1	THAPSDRAFT_10340	no	0	none
XP_002296676.1	THAPSDRAFT_25102	no	0	none
XP_002296677.1	THAPSDRAFT_10343	no	0	none
XP_002296678.1	THAPSDRAFT_10348	no	0	none
XP_002296679.1	THAPSDRAFT_10349	yes	1	IPR002853
XP_002296680.1	THAPSDRAFT_25107	yes	1	IPR003613
XP_002296681.1	THAPSDRAFT_10352	no	0	none
XP_002296682.1	THAPSDRAFT_10355	no	0	none
XP_002296683.1	THAPSDRAFT_10358	no	0	none
XP_002296684.1	THAPSDRAFT_25111	yes	1	IPR005114
XP_002296685.1	THAPSDRAFT_10360	yes	1	IPR004827
XP_002296686.1	THAPSDRAFT_25112	yes	1	IPR000232
XP_002296687.1	THAPSDRAFT_10363	no	0	none
XP_002296688.1	THAPSDRAFT_264357	yes	2	IPR005834,IPR008250
XP_002296689.1	THAPSDRAFT_25116	yes	1	IPR001576
XP_002296690.1	THAPSDRAFT_30193	yes	4	IPR002019,IPR002026,IPR005848,IPR006680
XP_002296691.1	THAPSDRAFT_25120	no	0	none
XP_002296692.1	THAPSDRAFT_25121	no	0	none
XP_002296693.1	THAPSDRAFT_10374	no	0	none
XP_002296694.1	THAPSDRAFT_25123	no	0	none
XP_002296695.1	THAPSDRAFT_25124	no	0	none
XP_002296696.1	THAPSDRAFT_10378	no	0	none
XP_002296697.1	THAPSDRAFT_10379	no	0	none
XP_002296698.1	THAPSDRAFT_25125	no	0	none
XP_002296699.1	THAPSDRAFT_42577	yes	1	IPR001576
XP_002296700.1	THAPSDRAFT_10385	no	0	none
XP_002296701.1	THAPSDRAFT_264364	no	0	none
XP_002296702.1	THAPSDRAFT_25128	no	0	none
XP_002296703.1	THAPSDRAFT_264365	yes	2	IPR002314,IPR004154
XP_002296704.1	THAPSDRAFT_10391	no	0	none
XP_002296705.1	THAPSDRAFT_264366	yes	1	IPR005114
XP_002296706.1	THAPSDRAFT_10398	no	0	none
XP_002296707.1	THAPSDRAFT_10400	no	0	none
XP_002296708.1	THAPSDRAFT_10402	yes	1	IPR011545
XP_002296709.1	THAPSDRAFT_10404	yes	1	IPR006685
XP_002296710.1	THAPSDRAFT_269868	yes	1	IPR000683
XP_002296711.1	THAPSDRAFT_10409	no	0	none
XP_002296712.1	THAPSDRAFT_25136	yes	1	IPR005178
XP_002296713.1	THAPSDRAFT_25137	no	0	none
XP_002296714.1	THAPSDRAFT_10414	no	0	none
XP_002296715.1	THAPSDRAFT_10417	no	0	none
XP_002296716.1	THAPSDRAFT_37793	yes	1	IPR008509
XP_002296717.1	THAPSDRAFT_25139	no	0	none
XP_002296718.1	THAPSDRAFT_10422	no	0	none
XP_002296719.1	THAPSDRAFT_10424	no	0	none
XP_002296720.1	THAPSDRAFT_25141	yes	1	IPR001478
XP_002296721.1	THAPSDRAFT_25142	yes	1	IPR007526
XP_002296722.1	THAPSDRAFT_25144	no	0	none
XP_002296723.1	THAPSDRAFT_37791	yes	1	IPR007822
XP_002296724.1	THAPSDRAFT_10434	yes	1	IPR001611
XP_002296725.1	THAPSDRAFT_269871	yes	2	IPR006085,IPR006086
XP_002296726.1	THAPSDRAFT_10437	no	0	none
XP_002296727.1	THAPSDRAFT_37786	yes	1	IPR011545
XP_002296728.1	THAPSDRAFT_10441	yes	1	IPR000727
XP_002296729.1	THAPSDRAFT_10442	no	0	none
XP_002296730.1	THAPSDRAFT_264377	yes	1	IPR001353
XP_002296731.1	THAPSDRAFT_25150	no	0	none
XP_002296732.1	THAPSDRAFT_269874	yes	1	IPR000719
XP_002296733.1	THAPSDRAFT_10447	no	0	none
XP_002296734.1	THAPSDRAFT_269876	no	0	none
XP_002296735.1	THAPSDRAFT_10450	no	0	none
XP_002296736.1	THAPSDRAFT_10453	no	0	none
XP_002296737.1	THAPSDRAFT_264387	no	0	none
XP_002296738.1	THAPSDRAFT_10457	yes	1	IPR004166
XP_002296739.1	THAPSDRAFT_10460	no	0	none
XP_002296740.1	THAPSDRAFT_25158	no	0	none
XP_002296741.1	THAPSDRAFT_25160	yes	1	IPR001202
XP_002296742.1	THAPSDRAFT_25161	no	0	none
XP_002296743.1	THAPSDRAFT_10468	no	0	none
XP_002296744.1	THAPSDRAFT_10470	yes	1	IPR001345
XP_002296745.1	THAPSDRAFT_10472	no	0	none
XP_002296746.1	THAPSDRAFT_25164	no	0	none
XP_002296747.1	THAPSDRAFT_10475	no	0	none
XP_002296748.1	THAPSDRAFT_37819	yes	1	IPR008570
XP_002296749.1	THAPSDRAFT_25167	no	0	none
XP_002296750.1	THAPSDRAFT_10479	no	0	none
XP_002296751.1	THAPSDRAFT_25168	no	0	none
XP_002296752.1	THAPSDRAFT_10320	no	0	none
XP_002296753.1	THAPSDRAFT_10321	no	0	none
XP_002296754.1	THAPSDRAFT_10322	no	0	none
XP_002296755.1	THAPSDRAFT_25091	no	0	none
XP_002296756.1	THAPSDRAFT_25094	yes	1	IPR006145
XP_002296757.1	THAPSDRAFT_37810	yes	1	IPR008144
XP_002296758.1	THAPSDRAFT_25095	no	0	none
XP_002296759.1	THAPSDRAFT_10331	yes	2	IPR001343,IPR006970
XP_002296760.1	THAPSDRAFT_25097	yes	1	IPR004097
XP_002296761.1	THAPSDRAFT_25098	no	0	none
XP_002296762.1	THAPSDRAFT_25100	no	0	none
XP_002296763.1	THAPSDRAFT_25101	yes	1	IPR005821
XP_002296764.1	THAPSDRAFT_10339	yes	1	IPR002893
XP_002296765.1	THAPSDRAFT_25104	no	0	none
XP_002296766.1	THAPSDRAFT_10345	no	0	none
XP_002296767.1	THAPSDRAFT_10346	no	0	none
XP_002296768.1	THAPSDRAFT_30178	yes	1	IPR004443
XP_002296769.1	THAPSDRAFT_25106	no	0	none
XP_002296770.1	THAPSDRAFT_10353	no	0	none
XP_002296771.1	THAPSDRAFT_25108	no	0	none
XP_002296772.1	THAPSDRAFT_17036	yes	1	IPR000719
XP_002296773.1	THAPSDRAFT_25110	yes	1	IPR002110
XP_002296774.1	THAPSDRAFT_37809	yes	1	IPR001210
XP_002296775.1	THAPSDRAFT_25115	yes	1	IPR001179
XP_002296776.1	THAPSDRAFT_10366	no	0	none
XP_002296777.1	THAPSDRAFT_269863	yes	2	IPR000718,IPR008753
XP_002296778.1	THAPSDRAFT_19649	yes	1	IPR003409
XP_002296779.1	THAPSDRAFT_10371	no	0	none
XP_002296780.1	THAPSDRAFT_25122	yes	1	IPR001841
XP_002296781.1	THAPSDRAFT_10381	no	0	none
XP_002296782.1	THAPSDRAFT_264361	yes	1	IPR001930
XP_002296783.1	THAPSDRAFT_264362	yes	1	IPR001611
XP_002296784.1	THAPSDRAFT_10383	no	0	none
XP_002296785.1	THAPSDRAFT_25127	no	0	none
XP_002296786.1	THAPSDRAFT_25129	yes	1	IPR002885
XP_002296787.1	THAPSDRAFT_25130	yes	3	IPR002912,IPR006139,IPR006140
XP_002296788.1	THAPSDRAFT_269866	yes	2	IPR004045,IPR004046
XP_002296789.1	THAPSDRAFT_10395	no	0	none
XP_002296790.1	THAPSDRAFT_10396	no	0	none
XP_002296791.1	THAPSDRAFT_10397	yes	1	IPR002048
XP_002296792.1	THAPSDRAFT_25132	yes	1	IPR000577
XP_002296793.1	THAPSDRAFT_780	yes	1	IPR004379
XP_002296794.1	THAPSDRAFT_10403	yes	1	IPR006685
XP_002296795.1	THAPSDRAFT_10405	no	0	none
XP_002296796.1	THAPSDRAFT_25133	no	0	none
XP_002296797.1	THAPSDRAFT_10407	no	0	none
XP_002296798.1	THAPSDRAFT_25135	yes	3	IPR001194,IPR005112,IPR005113
XP_002296799.1	THAPSDRAFT_264371	no	0	none
XP_002296800.1	THAPSDRAFT_25138	no	0	none
XP_002296801.1	THAPSDRAFT_10416	no	0	none
XP_002296802.1	THAPSDRAFT_10419	no	0	none
XP_002296803.1	THAPSDRAFT_10421	no	0	none
XP_002296804.1	THAPSDRAFT_25140	yes	4	IPR000637,IPR001965,IPR002857,IPR004022
XP_002296805.1	THAPSDRAFT_10425	no	0	none
XP_002296806.1	THAPSDRAFT_10428	no	0	none
XP_002296807.1	THAPSDRAFT_25143	yes	1	IPR009858
XP_002296808.1	THAPSDRAFT_37813	yes	1	IPR000583
XP_002296809.1	THAPSDRAFT_10433	no	0	none
XP_002296810.1	THAPSDRAFT_25147	no	0	none
XP_002296811.1	THAPSDRAFT_37795	yes	1	IPR005339
XP_002296812.1	THAPSDRAFT_37758	yes	1	IPR001611
XP_002296813.1	THAPSDRAFT_10440	no	0	none
XP_002296814.1	THAPSDRAFT_10446	no	0	none
XP_002296815.1	THAPSDRAFT_25153	yes	1	IPR001680
XP_002296816.1	THAPSDRAFT_264384	no	0	none
XP_002296817.1	THAPSDRAFT_10452	no	0	none
XP_002296818.1	THAPSDRAFT_264386	no	0	none
XP_002296819.1	THAPSDRAFT_42594	yes	1	IPR001790
XP_002296820.1	THAPSDRAFT_10458	no	0	none
XP_002296821.1	THAPSDRAFT_25156	no	0	none
XP_002296822.1	THAPSDRAFT_25157	no	0	none
XP_002296823.1	THAPSDRAFT_25159	no	0	none
XP_002296824.1	THAPSDRAFT_10465	no	0	none
XP_002296825.1	THAPSDRAFT_25162	no	0	none
XP_002296826.1	THAPSDRAFT_25163	no	0	none
XP_002296827.1	THAPSDRAFT_10471	no	0	none
XP_002296828.1	THAPSDRAFT_10474	no	0	none
XP_002296829.1	THAPSDRAFT_42599	yes	2	IPR001650,IPR011545
XP_002296830.1	THAPSDRAFT_25166	no	0	none
XP_002296831.1	THAPSDRAFT_37790	yes	1	IPR000297
XP_002296832.1	THAPSDRAFT_10482	yes	1	IPR001478
XP_002296833.1	THAPSDRAFT_25170	no	0	none
XP_002296834.1	THAPSDRAFT_10485	no	0	none
XP_002296835.1	THAPSDRAFT_25172	no	0	none
XP_002296836.1	THAPSDRAFT_25173	no	0	none
XP_002296837.1	THAPSDRAFT_37834	yes	1	IPR002379
XP_002296838.1	THAPSDRAFT_264391	yes	1	IPR004843
XP_002296839.1	THAPSDRAFT_270249	no	0	none
XP_002296840.1	THAPSDRAFT_25179	yes	2	IPR000571,IPR001841
XP_002296841.1	THAPSDRAFT_10497	yes	1	IPR007577
XP_002296842.1	THAPSDRAFT_10499	no	0	none
XP_002296843.1	THAPSDRAFT_264396	yes	1	IPR005172
XP_002296844.1	THAPSDRAFT_25181	no	0	none
XP_002296845.1	THAPSDRAFT_10506	no	0	none
XP_002296846.1	THAPSDRAFT_25183	no	0	none
XP_002296847.1	THAPSDRAFT_37838	yes	1	IPR001333
XP_002296848.1	THAPSDRAFT_25188	no	0	none
XP_002296849.1	THAPSDRAFT_10517	no	0	none
XP_002296850.1	THAPSDRAFT_10518	no	0	none
XP_002296851.1	THAPSDRAFT_10523	no	0	none
XP_002296852.1	THAPSDRAFT_10525	no	0	none
XP_002296853.1	THAPSDRAFT_10527	no	0	none
XP_002296854.1	THAPSDRAFT_10529	no	0	none
XP_002296855.1	THAPSDRAFT_25194	no	0	none
XP_002296856.1	THAPSDRAFT_10533	no	0	none
XP_002296857.1	THAPSDRAFT_10535	no	0	none
XP_002296858.1	THAPSDRAFT_10536	no	0	none
XP_002296859.1	THAPSDRAFT_10537	yes	1	IPR011545
XP_002296860.1	THAPSDRAFT_25171	no	0	none
XP_002296861.1	THAPSDRAFT_10487	no	0	none
XP_002296862.1	THAPSDRAFT_10488	no	0	none
XP_002296863.1	THAPSDRAFT_10490	no	0	none
XP_002296864.1	THAPSDRAFT_10493	yes	1	IPR000206
XP_002296865.1	THAPSDRAFT_37830	no	0	none
XP_002296866.1	THAPSDRAFT_10498	yes	1	IPR007577
XP_002296867.1	THAPSDRAFT_10501	yes	1	IPR005804
XP_002296868.1	THAPSDRAFT_264395	yes	1	IPR000403
XP_002296869.1	THAPSDRAFT_25182	no	0	none
XP_002296870.1	THAPSDRAFT_10509	no	0	none
XP_002296871.1	THAPSDRAFT_10510	no	0	none
XP_002296872.1	THAPSDRAFT_25187	yes	2	IPR000403,IPR003152
XP_002296873.1	THAPSDRAFT_10515	no	0	none
XP_002296874.1	THAPSDRAFT_25189	no	0	none
XP_002296875.1	THAPSDRAFT_10519	no	0	none
XP_002296876.1	THAPSDRAFT_25190	no	0	none
XP_002296877.1	THAPSDRAFT_10521	no	0	none
XP_002296878.1	THAPSDRAFT_37824	yes	1	IPR000668
XP_002296879.1	THAPSDRAFT_10524	no	0	none
XP_002296880.1	THAPSDRAFT_10526	yes	1	IPR002495
XP_002296881.1	THAPSDRAFT_42612	yes	1	IPR001852
XP_002296882.1	THAPSDRAFT_25193	no	0	none
XP_002296883.1	THAPSDRAFT_10532	no	0	none
XP_002296884.1	THAPSDRAFT_14378	yes	2	IPR000719,IPR002048
XP_002296885.1	THAPSDRAFT_25444	yes	1	IPR005599
XP_002296886.1	THAPSDRAFT_11059	no	0	none
XP_002296887.1	THAPSDRAFT_11061	no	0	none
XP_002296888.1	THAPSDRAFT_25446	yes	1	IPR001932
XP_002296889.1	THAPSDRAFT_11063	no	0	none
XP_002296890.1	THAPSDRAFT_25450	no	0	none
XP_002296891.1	THAPSDRAFT_11068	yes	1	IPR001353
XP_002296892.1	THAPSDRAFT_25451	yes	1	IPR002182
XP_002296893.1	THAPSDRAFT_11072	yes	1	IPR003409
XP_002296894.1	THAPSDRAFT_25453	no	0	none
XP_002296895.1	THAPSDRAFT_11074	no	0	none
XP_002296896.1	THAPSDRAFT_38240	yes	1	IPR005114
XP_002296897.1	THAPSDRAFT_11075	yes	6	IPR000089,IPR000891,IPR003379,IPR005479,IPR005481,IPR005482
XP_002296898.1	THAPSDRAFT_11077	no	0	none
XP_002296899.1	THAPSDRAFT_11079	no	0	none
XP_002296900.1	THAPSDRAFT_38216	yes	1	IPR004147
XP_002296901.1	THAPSDRAFT_11085	no	0	none
XP_002296902.1	THAPSDRAFT_11088	no	0	none
XP_002296903.1	THAPSDRAFT_11089	no	0	none
XP_002296904.1	THAPSDRAFT_25456	no	0	none
XP_002296905.1	THAPSDRAFT_11091	yes	1	IPR000719
XP_002296906.1	THAPSDRAFT_25457	no	0	none
XP_002296907.1	THAPSDRAFT_269975	no	0	none
XP_002296908.1	THAPSDRAFT_38225	yes	1	IPR000555
XP_002296909.1	THAPSDRAFT_11098	yes	1	IPR006970
XP_002296910.1	THAPSDRAFT_11100	no	0	none
XP_002296911.1	THAPSDRAFT_11102	no	0	none
XP_002296912.1	THAPSDRAFT_11106	yes	1	IPR001214
XP_002296913.1	THAPSDRAFT_11109	yes	1	IPR002048
XP_002296914.1	THAPSDRAFT_11112	no	0	none
XP_002296915.1	THAPSDRAFT_11115	no	0	none
XP_002296916.1	THAPSDRAFT_11117	yes	1	IPR002048
XP_002296917.1	THAPSDRAFT_25462	no	0	none
XP_002296918.1	THAPSDRAFT_25464	no	0	none
XP_002296919.1	THAPSDRAFT_25466	yes	1	IPR001478
XP_002296920.1	THAPSDRAFT_264583	yes	1	IPR001697
XP_002296921.1	THAPSDRAFT_25468	no	0	none
XP_002296922.1	THAPSDRAFT_11130	no	0	none
XP_002296923.1	THAPSDRAFT_11133	no	0	none
XP_002296924.1	THAPSDRAFT_38294	yes	1	IPR001926
XP_002296925.1	THAPSDRAFT_11135	no	0	none
XP_002296926.1	THAPSDRAFT_264587	no	0	none
XP_002296927.1	THAPSDRAFT_11138	yes	1	IPR006671
XP_002296928.1	THAPSDRAFT_38248	yes	2	IPR002318,IPR003156
XP_002296929.1	THAPSDRAFT_11142	no	0	none
XP_002296930.1	THAPSDRAFT_11144	no	0	none
XP_002296931.1	THAPSDRAFT_11145	no	0	none
XP_002296932.1	THAPSDRAFT_11146	no	0	none
XP_002296933.1	THAPSDRAFT_11147	yes	1	IPR001345
XP_002296934.1	THAPSDRAFT_11148	yes	1	IPR000232
XP_002296935.1	THAPSDRAFT_25472	no	0	none
XP_002296936.1	THAPSDRAFT_11150	yes	1	IPR006671
XP_002296937.1	THAPSDRAFT_30454	yes	1	IPR007109
XP_002296938.1	THAPSDRAFT_264590	no	0	none
XP_002296939.1	THAPSDRAFT_11156	no	0	none
XP_002296940.1	THAPSDRAFT_25476	yes	1	IPR003323
XP_002296941.1	THAPSDRAFT_25477	no	0	none
XP_002296942.1	THAPSDRAFT_11165	no	0	none
XP_002296943.1	THAPSDRAFT_11166	no	0	none
XP_002296944.1	THAPSDRAFT_11168	no	0	none
XP_002296945.1	THAPSDRAFT_11169	no	0	none
XP_002296946.1	THAPSDRAFT_11172	no	0	none
XP_002296947.1	THAPSDRAFT_11174	no	0	none
XP_002296948.1	THAPSDRAFT_11175	no	0	none
XP_002296949.1	THAPSDRAFT_11176	yes	1	IPR004843
XP_002296950.1	THAPSDRAFT_38266	yes	1	IPR001672
XP_002296951.1	THAPSDRAFT_11183	no	0	none
XP_002296952.1	THAPSDRAFT_11185	no	0	none
XP_002296953.1	THAPSDRAFT_11186	no	0	none
XP_002296954.1	THAPSDRAFT_11187	no	0	none
XP_002296955.1	THAPSDRAFT_11189	yes	1	IPR006204
XP_002296956.1	THAPSDRAFT_11191	no	0	none
XP_002296957.1	THAPSDRAFT_11193	yes	1	IPR003738
XP_002296958.1	THAPSDRAFT_11196	no	0	none
XP_002296959.1	THAPSDRAFT_11199	yes	1	IPR005135
XP_002296960.1	THAPSDRAFT_11205	no	0	none
XP_002296961.1	THAPSDRAFT_25487	yes	1	IPR001247
XP_002296962.1	THAPSDRAFT_11213	yes	1	IPR008775
XP_002296963.1	THAPSDRAFT_17695	yes	1	IPR002198
XP_002296964.1	THAPSDRAFT_42828	yes	1	IPR001330
XP_002296965.1	THAPSDRAFT_11219	no	0	none
XP_002296966.1	THAPSDRAFT_11221	yes	1	IPR003959
XP_002296967.1	THAPSDRAFT_25491	no	0	none
XP_002296968.1	THAPSDRAFT_11225	yes	1	IPR001345
XP_002296969.1	THAPSDRAFT_11227	no	0	none
XP_002296970.1	THAPSDRAFT_11228	yes	1	IPR001048
XP_002296971.1	THAPSDRAFT_11231	no	0	none
XP_002296972.1	THAPSDRAFT_11232	no	0	none
XP_002296973.1	THAPSDRAFT_25493	no	0	none
XP_002296974.1	THAPSDRAFT_264601	yes	1	IPR001223
XP_002296975.1	THAPSDRAFT_264602	yes	1	IPR001223
XP_002296976.1	THAPSDRAFT_11239	no	0	none
XP_002296977.1	THAPSDRAFT_11243	no	0	none
XP_002296978.1	THAPSDRAFT_11247	no	0	none
XP_002296979.1	THAPSDRAFT_264607	yes	1	IPR001330
XP_002296980.1	THAPSDRAFT_25499	yes	1	IPR001993
XP_002296981.1	THAPSDRAFT_11252	no	0	none
XP_002296982.1	THAPSDRAFT_11254	no	0	none
XP_002296983.1	THAPSDRAFT_11255	no	0	none
XP_002296984.1	THAPSDRAFT_38258	yes	2	IPR001140,IPR003439
XP_002296985.1	THAPSDRAFT_25447	no	0	none
XP_002296986.1	THAPSDRAFT_25448	yes	1	IPR001813
XP_002296987.1	THAPSDRAFT_25449	no	0	none
XP_002296988.1	THAPSDRAFT_11069	no	0	none
XP_002296989.1	THAPSDRAFT_25452	no	0	none
XP_002296990.1	THAPSDRAFT_11076	yes	6	IPR000089,IPR000891,IPR003379,IPR005479,IPR005481,IPR005482
XP_002296991.1	THAPSDRAFT_11078	yes	1	IPR009349
XP_002296992.1	THAPSDRAFT_16842	yes	1	IPR001451
XP_002296993.1	THAPSDRAFT_11081	no	0	none
XP_002296994.1	THAPSDRAFT_264570	yes	1	IPR005135
XP_002296995.1	THAPSDRAFT_11084	no	0	none
XP_002296996.1	THAPSDRAFT_11086	no	0	none
XP_002296997.1	THAPSDRAFT_11087	no	0	none
XP_002296998.1	THAPSDRAFT_16378	yes	1	IPR001173
XP_002296999.1	THAPSDRAFT_38285	yes	1	IPR002569
XP_002297000.1	THAPSDRAFT_11093	no	0	none
XP_002297001.1	THAPSDRAFT_264573	yes	1	IPR001841
XP_002297002.1	THAPSDRAFT_11097	no	0	none
XP_002297003.1	THAPSDRAFT_15822	yes	1	IPR001680
XP_002297004.1	THAPSDRAFT_11101	no	0	none
XP_002297005.1	THAPSDRAFT_11103	yes	1	IPR000727
XP_002297006.1	THAPSDRAFT_11104	no	0	none
XP_002297007.1	THAPSDRAFT_264575	no	0	none
XP_002297008.1	THAPSDRAFT_38221	no	0	none
XP_002297009.1	THAPSDRAFT_814	no	0	none
XP_002297010.1	THAPSDRAFT_264576	yes	1	IPR000726
XP_002297011.1	THAPSDRAFT_264577	yes	1	IPR000726
XP_002297012.1	THAPSDRAFT_11111	no	0	none
XP_002297013.1	THAPSDRAFT_42821	yes	3	IPR002792,IPR005839,IPR007197
XP_002297014.1	THAPSDRAFT_11114	no	0	none
XP_002297015.1	THAPSDRAFT_38231	yes	1	IPR005806
XP_002297016.1	THAPSDRAFT_11118	yes	1	IPR002048
XP_002297017.1	THAPSDRAFT_269976	yes	1	IPR005340
XP_002297018.1	THAPSDRAFT_25463	no	0	none
XP_002297019.1	THAPSDRAFT_25465	no	0	none
XP_002297020.1	THAPSDRAFT_25467	no	0	none
XP_002297021.1	THAPSDRAFT_264582	yes	1	IPR000726
XP_002297022.1	THAPSDRAFT_11127	no	0	none
XP_002297023.1	THAPSDRAFT_11129	no	0	none
XP_002297024.1	THAPSDRAFT_14971	yes	1	IPR000242
XP_002297025.1	THAPSDRAFT_14555	yes	1	IPR003495
XP_002297026.1	THAPSDRAFT_11139	no	0	none
XP_002297027.1	THAPSDRAFT_25470	no	0	none
XP_002297028.1	THAPSDRAFT_25473	yes	1	IPR001537
XP_002297029.1	THAPSDRAFT_11154	no	0	none
XP_002297030.1	THAPSDRAFT_11155	yes	1	IPR000232
XP_002297031.1	THAPSDRAFT_38289	yes	1	IPR003148
XP_002297032.1	THAPSDRAFT_25475	no	0	none
XP_002297033.1	THAPSDRAFT_25478	no	0	none
XP_002297034.1	THAPSDRAFT_11162	no	0	none
XP_002297035.1	THAPSDRAFT_11163	yes	1	IPR001623
XP_002297036.1	THAPSDRAFT_11164	yes	1	IPR001623
XP_002297037.1	THAPSDRAFT_11167	no	0	none
XP_002297038.1	THAPSDRAFT_38261	yes	1	IPR009346
XP_002297039.1	THAPSDRAFT_11171	no	0	none
XP_002297040.1	THAPSDRAFT_11173	no	0	none
XP_002297041.1	THAPSDRAFT_11177	no	0	none
XP_002297042.1	THAPSDRAFT_11178	no	0	none
XP_002297043.1	THAPSDRAFT_11179	yes	1	IPR002616
XP_002297044.1	THAPSDRAFT_11180	yes	1	IPR000719
XP_002297045.1	THAPSDRAFT_11182	yes	2	IPR006108,IPR006176
XP_002297046.1	THAPSDRAFT_11184	no	0	none
XP_002297047.1	THAPSDRAFT_38230	yes	2	IPR000048,IPR001609
XP_002297048.1	THAPSDRAFT_30457	no	0	none
XP_002297049.1	THAPSDRAFT_25480	yes	1	IPR001005
XP_002297050.1	THAPSDRAFT_11194	no	0	none
XP_002297051.1	THAPSDRAFT_11195	no	0	none
XP_002297052.1	THAPSDRAFT_12758	yes	1	IPR001611
XP_002297053.1	THAPSDRAFT_25483	no	0	none
XP_002297054.1	THAPSDRAFT_25484	no	0	none
XP_002297055.1	THAPSDRAFT_264596	no	0	none
XP_002297056.1	THAPSDRAFT_25485	yes	1	IPR001440
XP_002297057.1	THAPSDRAFT_25486	no	0	none
XP_002297058.1	THAPSDRAFT_11208	yes	1	IPR004843
XP_002297059.1	THAPSDRAFT_11209	no	0	none
XP_002297060.1	THAPSDRAFT_25488	no	0	none
XP_002297061.1	THAPSDRAFT_11211	no	0	none
XP_002297062.1	THAPSDRAFT_11212	yes	1	IPR005804
XP_002297063.1	THAPSDRAFT_11214	no	0	none
XP_002297064.1	THAPSDRAFT_11217	yes	1	IPR000683
XP_002297065.1	THAPSDRAFT_11218	no	0	none
XP_002297066.1	THAPSDRAFT_11220	no	0	none
XP_002297067.1	THAPSDRAFT_25490	yes	1	IPR008278
XP_002297068.1	THAPSDRAFT_11224	yes	1	IPR001810
XP_002297069.1	THAPSDRAFT_38270	no	0	none
XP_002297070.1	THAPSDRAFT_11226	no	0	none
XP_002297071.1	THAPSDRAFT_11229	yes	1	IPR004254
XP_002297072.1	THAPSDRAFT_25492	no	0	none
XP_002297073.1	THAPSDRAFT_11234	no	0	none
XP_002297074.1	THAPSDRAFT_11235	no	0	none
XP_002297075.1	THAPSDRAFT_264603	no	0	none
XP_002297076.1	THAPSDRAFT_25494	no	0	none
XP_002297077.1	THAPSDRAFT_25495	yes	1	IPR002086
XP_002297078.1	THAPSDRAFT_11242	no	0	none
XP_002297079.1	THAPSDRAFT_11244	no	0	none
XP_002297080.1	THAPSDRAFT_25496	no	0	none
XP_002297081.1	THAPSDRAFT_38272	no	0	none
XP_002297082.1	THAPSDRAFT_269985	no	0	none
XP_002297083.1	THAPSDRAFT_25498	no	0	none
XP_002297084.1	THAPSDRAFT_264608	yes	1	IPR001254
XP_002297085.1	THAPSDRAFT_11253	no	0	none
XP_002297086.1	THAPSDRAFT_11256	no	0	none
XP_002297087.1	THAPSDRAFT_821	yes	2	IPR003959,IPR007330
XP_002297088.1	THAPSDRAFT_25500	no	0	none
XP_002297089.1	THAPSDRAFT_264610	yes	1	IPR000994
XP_002297090.1	THAPSDRAFT_16193	yes	1	IPR002142
XP_002297091.1	THAPSDRAFT_38317	yes	1	IPR008011
XP_002297092.1	THAPSDRAFT_38322	yes	1	IPR006689
XP_002297093.1	THAPSDRAFT_14708	yes	1	IPR007197
XP_002297094.1	THAPSDRAFT_11273	no	0	none
XP_002297095.1	THAPSDRAFT_25506	no	0	none
XP_002297096.1	THAPSDRAFT_38335	yes	1	IPR001353
XP_002297097.1	THAPSDRAFT_11278	no	0	none
XP_002297098.1	THAPSDRAFT_264621	no	0	none
XP_002297099.1	THAPSDRAFT_25510	no	0	none
XP_002297100.1	THAPSDRAFT_11286	yes	1	IPR001623
XP_002297101.1	THAPSDRAFT_25512	no	0	none
XP_002297102.1	THAPSDRAFT_16695	yes	1	IPR005061
XP_002297103.1	THAPSDRAFT_30478	yes	2	IPR000991,IPR006062
XP_002297104.1	THAPSDRAFT_25517	no	0	none
XP_002297105.1	THAPSDRAFT_11300	no	0	none
XP_002297106.1	THAPSDRAFT_11302	yes	1	IPR000408
XP_002297107.1	THAPSDRAFT_11305	no	0	none
XP_002297108.1	THAPSDRAFT_11307	yes	2	IPR002921,IPR003439
XP_002297109.1	THAPSDRAFT_25523	no	0	none
XP_002297110.1	THAPSDRAFT_11312	no	0	none
XP_002297111.1	THAPSDRAFT_264633	yes	1	IPR000215
XP_002297112.1	THAPSDRAFT_11314	no	0	none
XP_002297113.1	THAPSDRAFT_11261	yes	2	IPR001194,IPR001680
XP_002297114.1	THAPSDRAFT_269988	yes	1	IPR004506
XP_002297115.1	THAPSDRAFT_38312	yes	1	IPR001327
XP_002297116.1	THAPSDRAFT_11265	no	0	none
XP_002297117.1	THAPSDRAFT_11266	no	0	none
XP_002297118.1	THAPSDRAFT_11267	yes	1	IPR006671
XP_002297119.1	THAPSDRAFT_11268	no	0	none
XP_002297120.1	THAPSDRAFT_25505	no	0	none
XP_002297121.1	THAPSDRAFT_11271	no	0	none
XP_002297122.1	THAPSDRAFT_11272	yes	1	IPR001344
XP_002297123.1	THAPSDRAFT_11275	no	0	none
XP_002297124.1	THAPSDRAFT_25507	no	0	none
XP_002297125.1	THAPSDRAFT_25508	no	0	none
XP_002297126.1	THAPSDRAFT_25509	no	0	none
XP_002297127.1	THAPSDRAFT_11282	no	0	none
XP_002297128.1	THAPSDRAFT_11283	no	0	none
XP_002297129.1	THAPSDRAFT_25511	no	0	none
XP_002297130.1	THAPSDRAFT_11287	yes	1	IPR000719
XP_002297131.1	THAPSDRAFT_25513	yes	1	IPR005647
XP_002297132.1	THAPSDRAFT_264623	yes	1	IPR003959
XP_002297133.1	THAPSDRAFT_25516	no	0	none
XP_002297134.1	THAPSDRAFT_11294	no	0	none
XP_002297135.1	THAPSDRAFT_11295	yes	1	IPR001138
XP_002297136.1	THAPSDRAFT_11296	yes	1	IPR001138
XP_002297137.1	THAPSDRAFT_38331	yes	1	IPR006977
XP_002297138.1	THAPSDRAFT_11299	no	0	none
XP_002297139.1	THAPSDRAFT_25518	no	0	none
XP_002297140.1	THAPSDRAFT_14899	yes	2	IPR001254,IPR001478
XP_002297141.1	THAPSDRAFT_264628	no	0	none
XP_002297142.1	THAPSDRAFT_11306	no	0	none
XP_002297143.1	THAPSDRAFT_264631	yes	1	IPR006671
XP_002297144.1	THAPSDRAFT_25522	no	0	none
XP_002297145.1	THAPSDRAFT_11315	no	0	none
XP_002297146.1	THAPSDRAFT_25525	no	0	none
XP_002297147.1	THAPSDRAFT_11320	yes	1	IPR002480
XP_002297148.1	THAPSDRAFT_25527	no	0	none
XP_002297149.1	THAPSDRAFT_25528	no	0	none
XP_002297150.1	THAPSDRAFT_15285	yes	1	IPR000719
XP_002297151.1	THAPSDRAFT_11327	no	0	none
XP_002297152.1	THAPSDRAFT_14374	no	0	none
XP_002297153.1	THAPSDRAFT_269997	no	0	none
XP_002297154.1	THAPSDRAFT_11330	no	0	none
XP_002297155.1	THAPSDRAFT_11332	yes	1	IPR001753
XP_002297156.1	THAPSDRAFT_15093	yes	1	IPR001563
XP_002297157.1	THAPSDRAFT_38360	yes	1	IPR000668
XP_002297158.1	THAPSDRAFT_11337	no	0	none
XP_002297159.1	THAPSDRAFT_270000	yes	1	IPR008532
XP_002297160.1	THAPSDRAFT_25535	no	0	none
XP_002297161.1	THAPSDRAFT_11342	yes	1	IPR007811
XP_002297162.1	THAPSDRAFT_38370	yes	1	IPR000182
XP_002297163.1	THAPSDRAFT_11346	no	0	none
XP_002297164.1	THAPSDRAFT_25539	no	0	none
XP_002297165.1	THAPSDRAFT_25543	no	0	none
XP_002297166.1	THAPSDRAFT_11354	yes	1	IPR001841
XP_002297167.1	THAPSDRAFT_264647	no	0	none
XP_002297168.1	THAPSDRAFT_25548	no	0	none
XP_002297169.1	THAPSDRAFT_11367	no	0	none
XP_002297170.1	THAPSDRAFT_270004	no	0	none
XP_002297171.1	THAPSDRAFT_25551	no	0	none
XP_002297172.1	THAPSDRAFT_11371	no	0	none
XP_002297173.1	THAPSDRAFT_11372	no	0	none
XP_002297174.1	THAPSDRAFT_38363	yes	2	IPR000048,IPR001609
XP_002297175.1	THAPSDRAFT_11375	yes	1	IPR002916
XP_002297176.1	THAPSDRAFT_11377	no	0	none
XP_002297177.1	THAPSDRAFT_264653	no	0	none
XP_002297178.1	THAPSDRAFT_11383	no	0	none
XP_002297179.1	THAPSDRAFT_25558	yes	1	IPR001005
XP_002297180.1	THAPSDRAFT_11387	yes	1	IPR001251
XP_002297181.1	THAPSDRAFT_25560	yes	1	IPR006145
XP_002297182.1	THAPSDRAFT_11390	no	0	none
XP_002297183.1	THAPSDRAFT_264655	no	0	none
XP_002297184.1	THAPSDRAFT_264656	yes	1	IPR001254
XP_002297185.1	THAPSDRAFT_38361	yes	1	IPR000910
XP_002297186.1	THAPSDRAFT_42867	yes	1	IPR002326
XP_002297187.1	THAPSDRAFT_11399	no	0	none
XP_002297188.1	THAPSDRAFT_25565	no	0	none
XP_002297189.1	THAPSDRAFT_11401	no	0	none
XP_002297190.1	THAPSDRAFT_11403	no	0	none
XP_002297191.1	THAPSDRAFT_11404	no	0	none
XP_002297192.1	THAPSDRAFT_11316	no	0	none
XP_002297193.1	THAPSDRAFT_11317	no	0	none
XP_002297194.1	THAPSDRAFT_11319	no	0	none
XP_002297195.1	THAPSDRAFT_25526	no	0	none
XP_002297196.1	THAPSDRAFT_38351	yes	1	IPR000917
XP_002297197.1	THAPSDRAFT_11325	yes	1	IPR002422
XP_002297198.1	THAPSDRAFT_11331	yes	1	IPR002912
XP_002297199.1	THAPSDRAFT_25531	yes	1	IPR001611
XP_002297200.1	THAPSDRAFT_38359	yes	2	IPR006096,IPR006097
XP_002297201.1	THAPSDRAFT_11338	no	0	none
XP_002297202.1	THAPSDRAFT_11341	yes	1	IPR004839
XP_002297203.1	THAPSDRAFT_11343	no	0	none
XP_002297204.1	THAPSDRAFT_25537	yes	1	IPR008630
XP_002297205.1	THAPSDRAFT_11347	no	0	none
XP_002297206.1	THAPSDRAFT_264646	yes	2	IPR001701,IPR004197
XP_002297207.1	THAPSDRAFT_25540	no	0	none
XP_002297208.1	THAPSDRAFT_25541	no	0	none
XP_002297209.1	THAPSDRAFT_11352	no	0	none
XP_002297210.1	THAPSDRAFT_25544	yes	1	IPR005834
XP_002297211.1	THAPSDRAFT_11357	no	0	none
XP_002297212.1	THAPSDRAFT_11360	yes	1	IPR006970
XP_002297213.1	THAPSDRAFT_25547	no	0	none
XP_002297214.1	THAPSDRAFT_11364	no	0	none
XP_002297215.1	THAPSDRAFT_11366	no	0	none
XP_002297216.1	THAPSDRAFT_264651	no	0	none
XP_002297217.1	THAPSDRAFT_25550	no	0	none
XP_002297218.1	THAPSDRAFT_11373	no	0	none
XP_002297219.1	THAPSDRAFT_25552	no	0	none
XP_002297220.1	THAPSDRAFT_25553	yes	1	IPR002048
XP_002297221.1	THAPSDRAFT_25555	no	0	none
XP_002297222.1	THAPSDRAFT_25556	no	0	none
XP_002297223.1	THAPSDRAFT_25557	yes	1	IPR007577
XP_002297224.1	THAPSDRAFT_11386	no	0	none
XP_002297225.1	THAPSDRAFT_270005	yes	1	IPR001611
XP_002297226.1	THAPSDRAFT_11391	no	0	none
XP_002297227.1	THAPSDRAFT_11392	no	0	none
XP_002297228.1	THAPSDRAFT_11394	no	0	none
XP_002297229.1	THAPSDRAFT_11397	no	0	none
XP_002297230.1	THAPSDRAFT_270007	yes	1	IPR001309
XP_002297231.1	THAPSDRAFT_bd1112	no	0	none
XP_002297232.1	THAPSDRAFT_bd616	no	0	none
XP_002297233.1	THAPSDRAFT_bd623	no	0	none
XP_002297234.1	THAPSDRAFT_bd208	no	0	none
XP_002297235.1	THAPSDRAFT_bd524	no	0	none
XP_002297236.1	THAPSDRAFT_bd381	no	0	none
XP_002297237.1	THAPSDRAFT_bd621	no	0	none
XP_002297238.1	THAPSDRAFT_bd622	no	0	none
XP_002297239.1	THAPSDRAFT_bd624	yes	1	IPR008630
XP_002297240.1	THAPSDRAFT_bd1749	no	0	none
XP_002297241.1	THAPSDRAFT_bd633	no	0	none
XP_002297242.1	THAPSDRAFT_bd1747	no	0	none
XP_002297243.1	THAPSDRAFT_bd1748	no	0	none
XP_002297244.1	THAPSDRAFT_bd634	no	0	none
XP_002297245.1	THAPSDRAFT_bd636	yes	1	IPR007741
XP_002297246.1	THAPSDRAFT_bd96	yes	1	IPR007783
XP_002297247.1	THAPSDRAFT_bd635	yes	1	IPR001478
XP_002297248.1	THAPSDRAFT_bd387	no	0	none
XP_002297249.1	THAPSDRAFT_bd1120	yes	1	IPR007741
XP_002297250.1	THAPSDRAFT_bd1753	no	0	none
XP_002297251.1	THAPSDRAFT_bd643	no	0	none
XP_002297252.1	THAPSDRAFT_bd1125	yes	1	IPR001163
XP_002297253.1	THAPSDRAFT_bd1754	yes	1	IPR001878
XP_002297254.1	THAPSDRAFT_bd1755	no	0	none
XP_002297255.1	THAPSDRAFT_bd1124	yes	1	IPR001163
XP_002297256.1	THAPSDRAFT_bd648	no	0	none
XP_002297257.1	THAPSDRAFT_bd1756	no	0	none
XP_002297258.1	THAPSDRAFT_bd651	yes	1	IPR000910
XP_002297259.1	THAPSDRAFT_bd1758	no	0	none
XP_002297260.1	THAPSDRAFT_bd1760	yes	1	IPR006090
XP_002297261.1	THAPSDRAFT_bd1762	no	0	none
XP_002297262.1	THAPSDRAFT_bd1763	no	0	none
XP_002297263.1	THAPSDRAFT_bd393	yes	1	IPR007271
XP_002297264.1	THAPSDRAFT_bd298	yes	1	IPR007138
XP_002297265.1	THAPSDRAFT_bd1771	no	0	none
XP_002297266.1	THAPSDRAFT_bd686	yes	1	IPR005599
XP_002297267.1	THAPSDRAFT_bd687	no	0	none
XP_002297268.1	THAPSDRAFT_bd690	no	0	none
XP_002297269.1	THAPSDRAFT_bd176	no	0	none
XP_002297270.1	THAPSDRAFT_bd692	no	0	none
XP_002297271.1	THAPSDRAFT_bd693	no	0	none
XP_002297272.1	THAPSDRAFT_bd694	no	0	none
XP_002297273.1	THAPSDRAFT_bd1150	yes	1	IPR000257
XP_002297274.1	THAPSDRAFT_bd650	no	0	none
XP_002297275.1	THAPSDRAFT_bd1757	no	0	none
XP_002297276.1	THAPSDRAFT_bd654	yes	1	IPR001619
XP_002297277.1	THAPSDRAFT_bd655	no	0	none
XP_002297278.1	THAPSDRAFT_bd392	yes	3	IPR001650,IPR007502,IPR011545
XP_002297279.1	THAPSDRAFT_bd661	no	0	none
XP_002297280.1	THAPSDRAFT_bd663	no	0	none
XP_002297281.1	THAPSDRAFT_bd529	yes	2	IPR000330,IPR001650
XP_002297282.1	THAPSDRAFT_bd668	no	0	none
XP_002297283.1	THAPSDRAFT_bd1765	no	0	none
XP_002297284.1	THAPSDRAFT_bd1766	no	0	none
XP_002297285.1	THAPSDRAFT_bd672	no	0	none
XP_002297286.1	THAPSDRAFT_bd396	no	0	none
XP_002297287.1	THAPSDRAFT_bd1487	yes	1	IPR000304
XP_002297288.1	THAPSDRAFT_bd1770	yes	1	IPR002557
XP_002297289.1	THAPSDRAFT_bd682	no	0	none
XP_002297290.1	THAPSDRAFT_bd683	yes	1	IPR000834
XP_002297291.1	THAPSDRAFT_bd1772	yes	1	IPR005735
XP_002297292.1	THAPSDRAFT_bd1133	yes	2	IPR001140,IPR003439
XP_002297293.1	THAPSDRAFT_bd1777	no	0	none
XP_002297294.1	THAPSDRAFT_bd1645	no	0	none
XP_002297295.1	THAPSDRAFT_bd1983	no	0	none
XP_002297296.1	THAPSDRAFT_bd705	yes	1	IPR004331
XP_002297297.1	THAPSDRAFT_bd706	no	0	none
XP_002297298.1	THAPSDRAFT_bd1787	no	0	none
XP_002297299.1	THAPSDRAFT_bd1788	yes	2	IPR002625,IPR002885
XP_002297300.1	THAPSDRAFT_bd1790	no	0	none
XP_002297301.1	THAPSDRAFT_bd696	no	0	none
XP_002297302.1	THAPSDRAFT_bd1778	yes	1	IPR007138
XP_002297303.1	THAPSDRAFT_bd1154	no	0	none
XP_002297304.1	THAPSDRAFT_bd1786	no	0	none
XP_002297305.1	THAPSDRAFT_bd1155	yes	1	IPR004308
XP_002297306.1	THAPSDRAFT_bd1792	no	0	none
XP_002297307.1	THAPSDRAFT_bd409	yes	1	IPR005024
XP_002297308.1	THAPSDRAFT_bd718	yes	1	IPR007494
XP_002297309.1	THAPSDRAFT_bd719	no	0	none
XP_002297310.1	THAPSDRAFT_bd721	yes	1	IPR001680
XP_002297311.1	THAPSDRAFT_bd218	yes	1	IPR001344
XP_002297312.1	THAPSDRAFT_bd727	no	0	none
XP_002297313.1	THAPSDRAFT_bd1798	yes	1	IPR004088
XP_002297314.1	THAPSDRAFT_bd729	no	0	none
XP_002297315.1	THAPSDRAFT_bd730	no	0	none
XP_002297316.1	THAPSDRAFT_bd1799	yes	1	IPR006970
XP_002297317.1	THAPSDRAFT_bd1793	no	0	none
XP_002297318.1	THAPSDRAFT_bd716	yes	2	IPR000683,IPR004104
XP_002297319.1	THAPSDRAFT_bd1161	no	0	none
XP_002297320.1	THAPSDRAFT_bd410	yes	1	IPR002711
XP_002297321.1	THAPSDRAFT_bd722	no	0	none
XP_002297322.1	THAPSDRAFT_bd1160	yes	1	IPR001344
XP_002297323.1	THAPSDRAFT_bd731	yes	1	IPR006970
XP_002297324.1	THAPSDRAFT_bd736	no	0	none
XP_002297325.1	THAPSDRAFT_bd740	no	0	none
XP_002297326.1	THAPSDRAFT_bd733	yes	1	IPR001878
XP_002297327.1	THAPSDRAFT_bd415	yes	1	IPR001273
XP_002297328.1	THAPSDRAFT_bd735	no	0	none
XP_002297329.1	THAPSDRAFT_bd737	no	0	none
XP_002297330.1	THAPSDRAFT_bd738	no	0	none
XP_002297331.1	THAPSDRAFT_bd1803	no	0	none
XP_002297332.1	THAPSDRAFT_bd1652	yes	1	IPR003439
XP_002297333.1	THAPSDRAFT_bd1807	yes	1	IPR007023
XP_002297334.1	THAPSDRAFT_bd1808	no	0	none
XP_002297335.1	THAPSDRAFT_bd1801	no	0	none
XP_002297336.1	THAPSDRAFT_bd1802	no	0	none
XP_002297337.1	THAPSDRAFT_bd196	yes	1	IPR005024
XP_002297338.1	THAPSDRAFT_bd1806	yes	1	IPR000653
XP_002297339.1	THAPSDRAFT_bd539	no	0	none
XP_002297340.1	THAPSDRAFT_bd1173	yes	1	IPR000719
XP_002297341.1	THAPSDRAFT_bd753	no	0	none
XP_002297342.1	THAPSDRAFT_bd1809	no	0	none
XP_002297343.1	THAPSDRAFT_bd756	no	0	none
XP_002297344.1	THAPSDRAFT_bd1810	yes	1	IPR006094
XP_002297345.1	THAPSDRAFT_bd758	yes	1	IPR003367
XP_002297346.1	THAPSDRAFT_bd759	no	0	none
XP_002297347.1	THAPSDRAFT_bd760	no	0	none
XP_002297348.1	THAPSDRAFT_bd755	yes	1	IPR000182
XP_002297349.1	THAPSDRAFT_bd1811	yes	1	IPR002885
XP_002297350.1	THAPSDRAFT_bd764	no	0	none
XP_002297351.1	THAPSDRAFT_bd765	no	0	none
XP_002297352.1	THAPSDRAFT_bd771	no	0	none
XP_002297353.1	THAPSDRAFT_bd1515	yes	1	IPR000362
XP_002297354.1	THAPSDRAFT_bd1821	no	0	none
XP_002297355.1	THAPSDRAFT_bd1822	no	0	none
XP_002297356.1	THAPSDRAFT_bd780	no	0	none
XP_002297357.1	THAPSDRAFT_bd296	yes	1	IPR002048
XP_002297358.1	THAPSDRAFT_bd1828	no	0	none
XP_002297359.1	THAPSDRAFT_bd1709	no	0	none
XP_002297360.1	THAPSDRAFT_bd789	no	0	none
XP_002297361.1	THAPSDRAFT_bd790	yes	1	IPR003439
XP_002297362.1	THAPSDRAFT_bd1193	yes	1	IPR001394
XP_002297363.1	THAPSDRAFT_bd794	no	0	none
XP_002297364.1	THAPSDRAFT_bd1192	yes	1	IPR005067
XP_002297365.1	THAPSDRAFT_bd1658	yes	1	IPR004843
XP_002297366.1	THAPSDRAFT_bd1835	no	0	none
XP_002297367.1	THAPSDRAFT_bd799	no	0	none
XP_002297368.1	THAPSDRAFT_bd1659	no	0	none
XP_002297369.1	THAPSDRAFT_bd804	no	0	none
XP_002297370.1	THAPSDRAFT_bd1837	no	0	none
XP_002297371.1	THAPSDRAFT_bd1813	no	0	none
XP_002297372.1	THAPSDRAFT_bd767	no	0	none
XP_002297373.1	THAPSDRAFT_bd1815	no	0	none
XP_002297374.1	THAPSDRAFT_bd1816	no	0	none
XP_002297375.1	THAPSDRAFT_bd1820	yes	1	IPR000782
XP_002297376.1	THAPSDRAFT_bd1823	yes	1	IPR001283
XP_002297377.1	THAPSDRAFT_bd779	yes	1	IPR001283
XP_002297378.1	THAPSDRAFT_bd783	yes	1	IPR005806
XP_002297379.1	THAPSDRAFT_bd787	no	0	none
XP_002297380.1	THAPSDRAFT_bd793	no	0	none
XP_002297381.1	THAPSDRAFT_bd1182	yes	1	IPR001395
XP_002297382.1	THAPSDRAFT_bd803	yes	1	IPR000182
XP_002297383.1	THAPSDRAFT_bd168	yes	1	IPR003140
XP_002297384.1	THAPSDRAFT_bd807	no	0	none
XP_002297385.1	THAPSDRAFT_bd808	yes	1	IPR005114
XP_002297386.1	THAPSDRAFT_bd810	no	0	none
XP_002297387.1	THAPSDRAFT_bd812	no	0	none
XP_002297388.1	THAPSDRAFT_bd813	no	0	none
XP_002297389.1	THAPSDRAFT_bd815	no	0	none
XP_002297390.1	THAPSDRAFT_bd811	no	0	none
XP_002297391.1	THAPSDRAFT_bd816	no	0	none
XP_002297392.1	THAPSDRAFT_bd1840	no	0	none
XP_002297393.1	THAPSDRAFT_bd821	no	0	none
XP_002297394.1	THAPSDRAFT_bd818	no	0	none
XP_002297395.1	THAPSDRAFT_bd1839	no	0	none
XP_002297396.1	THAPSDRAFT_bd822	no	0	none
XP_002297397.1	THAPSDRAFT_bd824	no	0	none
XP_002297398.1	THAPSDRAFT_bd825	no	0	none
XP_002297399.1	THAPSDRAFT_bd1841	no	0	none
XP_002297400.1	THAPSDRAFT_bd828	no	0	none
XP_002297401.1	THAPSDRAFT_bd827	no	0	none
XP_002297402.1	THAPSDRAFT_bd1842	no	0	none
XP_002297403.1	THAPSDRAFT_bd1844	no	0	none
XP_002297404.1	THAPSDRAFT_bd835	yes	1	IPR002657
XP_002297405.1	THAPSDRAFT_bd837	no	0	none
XP_002297406.1	THAPSDRAFT_bd1662	yes	1	IPR004837
XP_002297407.1	THAPSDRAFT_bd841	no	0	none
XP_002297408.1	THAPSDRAFT_bd843	no	0	none
XP_002297409.1	THAPSDRAFT_bd439	yes	2	IPR006133,IPR006134
XP_002297410.1	THAPSDRAFT_bd258	yes	1	IPR000119
XP_002297411.1	THAPSDRAFT_bd848	no	0	none
XP_002297412.1	THAPSDRAFT_bd850	no	0	none
XP_002297413.1	THAPSDRAFT_bd853	no	0	none
XP_002297414.1	THAPSDRAFT_bd1851	no	0	none
XP_002297415.1	THAPSDRAFT_bd856	no	0	none
XP_002297416.1	THAPSDRAFT_bd833	no	0	none
XP_002297417.1	THAPSDRAFT_bd1845	no	0	none
XP_002297418.1	THAPSDRAFT_bd836	no	0	none
XP_002297419.1	THAPSDRAFT_bd838	no	0	none
XP_002297420.1	THAPSDRAFT_bd842	no	0	none
XP_002297421.1	THAPSDRAFT_bd846	no	0	none
XP_002297422.1	THAPSDRAFT_bd1849	no	0	none
XP_002297423.1	THAPSDRAFT_bd851	no	0	none
XP_002297424.1	THAPSDRAFT_bd1850	no	0	none
XP_002297425.1	THAPSDRAFT_bd1852	no	0	none
XP_002297426.1	THAPSDRAFT_bd857	no	0	none
XP_002297427.1	THAPSDRAFT_bd858	no	0	none
XP_002297428.1	THAPSDRAFT_bd1527	yes	1	IPR005804
XP_002297429.1	THAPSDRAFT_bd1855	no	0	none
XP_002297430.1	THAPSDRAFT_bd861	no	0	none
XP_002297431.1	THAPSDRAFT_bd74	yes	1	IPR000905
XP_002297432.1	THAPSDRAFT_bd863	no	0	none
XP_002297433.1	THAPSDRAFT_bd211	no	0	none
XP_002297434.1	THAPSDRAFT_bd870	yes	1	IPR001611
XP_002297435.1	THAPSDRAFT_bd1221	yes	2	IPR001650,IPR011545
XP_002297436.1	THAPSDRAFT_bd875	yes	1	IPR006575
XP_002297437.1	THAPSDRAFT_bd446	yes	3	IPR001650,IPR007502,IPR011545
XP_002297438.1	THAPSDRAFT_bd877	no	0	none
XP_002297439.1	THAPSDRAFT_bd885	no	0	none
XP_002297440.1	THAPSDRAFT_bd888	no	0	none
XP_002297441.1	THAPSDRAFT_bd1863	no	0	none
XP_002297442.1	THAPSDRAFT_bd890	no	0	none
XP_002297443.1	THAPSDRAFT_bd1214	yes	1	IPR001752
XP_002297444.1	THAPSDRAFT_bd1216	yes	2	IPR001199,IPR005804
XP_002297445.1	THAPSDRAFT_bd1857	yes	1	IPR001623
XP_002297446.1	THAPSDRAFT_bd874	no	0	none
XP_002297447.1	THAPSDRAFT_bd153	no	0	none
XP_002297448.1	THAPSDRAFT_bd878	yes	1	IPR004839
XP_002297449.1	THAPSDRAFT_bd879	no	0	none
XP_002297450.1	THAPSDRAFT_bd1861	yes	3	IPR000795,IPR004160,IPR004161
XP_002297451.1	THAPSDRAFT_bd884	no	0	none
XP_002297452.1	THAPSDRAFT_bd886	yes	1	IPR006970
XP_002297453.1	THAPSDRAFT_bd887	no	0	none
XP_002297454.1	THAPSDRAFT_bd894	yes	1	IPR000834
XP_002297455.1	THAPSDRAFT_bd895	no	0	none
XP_002297456.1	THAPSDRAFT_bd1866	yes	1	IPR006970
XP_002297457.1	THAPSDRAFT_bd897	no	0	none
XP_002297458.1	THAPSDRAFT_bd898	no	0	none
XP_002297459.1	THAPSDRAFT_bd899	no	0	none
XP_002297460.1	THAPSDRAFT_bd1667	yes	1	IPR007151
XP_002297461.1	THAPSDRAFT_bd1870	no	0	none
XP_002297462.1	THAPSDRAFT_bd453	yes	1	IPR001993
XP_002297463.1	THAPSDRAFT_bd1869	no	0	none
XP_002297464.1	THAPSDRAFT_bd1871	no	0	none
XP_002297465.1	THAPSDRAFT_bd908	yes	1	IPR005123
XP_002297466.1	THAPSDRAFT_bd909	yes	1	IPR002557
XP_002297467.1	THAPSDRAFT_bd911	yes	1	IPR001223
XP_002297468.1	THAPSDRAFT_bd1876	no	0	none
XP_002297469.1	THAPSDRAFT_bd1877	no	0	none
XP_002297470.1	THAPSDRAFT_bd1880	yes	1	IPR003610
XP_002297471.1	THAPSDRAFT_bd922	no	0	none
XP_002297472.1	THAPSDRAFT_bd1884	no	0	none
XP_002297473.1	THAPSDRAFT_bd930	yes	1	IPR005114
XP_002297474.1	THAPSDRAFT_bd933	no	0	none
XP_002297475.1	THAPSDRAFT_bd935	no	0	none
XP_002297476.1	THAPSDRAFT_bd937	no	0	none
XP_002297477.1	THAPSDRAFT_bd938	yes	1	IPR000914
XP_002297478.1	THAPSDRAFT_bd1885	no	0	none
XP_002297479.1	THAPSDRAFT_bd943	no	0	none
XP_002297480.1	THAPSDRAFT_bd1888	no	0	none
XP_002297481.1	THAPSDRAFT_bd945	no	0	none
XP_002297482.1	THAPSDRAFT_bd906	no	0	none
XP_002297483.1	THAPSDRAFT_bd1875	no	0	none
XP_002297484.1	THAPSDRAFT_bd1878	yes	1	IPR001440
XP_002297485.1	THAPSDRAFT_bd1879	yes	1	IPR006970
XP_002297486.1	THAPSDRAFT_bd917	no	0	none
XP_002297487.1	THAPSDRAFT_bd137	yes	1	IPR001752
XP_002297488.1	THAPSDRAFT_bd923	no	0	none
XP_002297489.1	THAPSDRAFT_bd1542	yes	2	IPR001494,IPR005043
XP_002297490.1	THAPSDRAFT_bd1882	no	0	none
XP_002297491.1	THAPSDRAFT_bd1883	no	0	none
XP_002297492.1	THAPSDRAFT_bd1237	yes	1	IPR003439
XP_002297493.1	THAPSDRAFT_bd934	no	0	none
XP_002297494.1	THAPSDRAFT_bd460	no	0	none
XP_002297495.1	THAPSDRAFT_bd1670	no	0	none
XP_002297496.1	THAPSDRAFT_bd942	no	0	none
XP_002297497.1	THAPSDRAFT_bd1891	no	0	none
XP_002297498.1	THAPSDRAFT_bd463	yes	1	IPR002422
XP_002297499.1	THAPSDRAFT_bd1890	no	0	none
XP_002297500.1	THAPSDRAFT_bd1893	yes	1	IPR000772
XP_002297501.1	THAPSDRAFT_bd950	no	0	none
XP_002297502.1	THAPSDRAFT_bd951	no	0	none
XP_002297503.1	THAPSDRAFT_bd953	no	0	none
XP_002297504.1	THAPSDRAFT_bd954	no	0	none
XP_002297505.1	THAPSDRAFT_bd955	no	0	none
XP_002297506.1	THAPSDRAFT_bd1304	yes	1	IPR003359
XP_002297507.1	THAPSDRAFT_bd1387	yes	2	IPR006216,IPR006217
XP_002297508.1	THAPSDRAFT_bd974	yes	1	IPR008470
XP_002297509.1	THAPSDRAFT_bd1720	yes	3	IPR000642,IPR003959,IPR011546
XP_002297510.1	THAPSDRAFT_bd977	yes	1	IPR001209
XP_002297511.1	THAPSDRAFT_bd980	yes	1	IPR000523
XP_002297512.1	THAPSDRAFT_bd989	yes	1	IPR002583
XP_002297513.1	THAPSDRAFT_bd1267	yes	5	IPR007120,IPR007641,IPR007642,IPR007644,IPR007645
XP_002297514.1	THAPSDRAFT_bd997	yes	3	IPR000722,IPR007066,IPR007080
XP_002297515.1	THAPSDRAFT_bd2050	yes	2	IPR007081,IPR007083
XP_002297516.1	THAPSDRAFT_bd1676	yes	1	IPR001865
XP_002297517.1	THAPSDRAFT_bd1327	yes	2	IPR007693,IPR007694
XP_002297518.1	THAPSDRAFT_bd2088	yes	1	IPR000685
XP_002297519.1	THAPSDRAFT_bd1037	yes	1	IPR010004
XP_002297520.1	THAPSDRAFT_bd1039	yes	1	IPR003088
XP_002297521.1	THAPSDRAFT_bd1396	yes	1	IPR001857
XP_002297522.1	THAPSDRAFT_bd1258	yes	1	IPR001041
XP_002297523.1	THAPSDRAFT_bd1350	yes	1	IPR003666
XP_002297524.1	THAPSDRAFT_bd1403	no	0	none
XP_002297525.1	THAPSDRAFT_bd1380	yes	1	IPR003866
XP_002297526.1	THAPSDRAFT_bd1306	yes	1	IPR003959
XP_002297527.1	THAPSDRAFT_bd1342	yes	1	IPR003757
XP_002297528.1	THAPSDRAFT_bd93	no	0	none
XP_002297529.1	THAPSDRAFT_bd466	yes	1	IPR005798
XP_002297530.1	THAPSDRAFT_bd467	yes	1	IPR005797
XP_002297531.1	THAPSDRAFT_bd1339	yes	1	IPR003685
XP_002297532.1	THAPSDRAFT_bd2028	no	0	none
XP_002297533.1	THAPSDRAFT_bd1426	yes	1	IPR002644
XP_002297534.1	THAPSDRAFT_bd1545	yes	1	IPR000932
XP_002297535.1	THAPSDRAFT_bd573	yes	1	IPR002325
XP_002297536.1	THAPSDRAFT_bd1563	yes	3	IPR000194,IPR000793,IPR004100
XP_002297537.1	THAPSDRAFT_bd1435	yes	1	IPR001440
XP_002297538.1	THAPSDRAFT_bd1251	yes	1	IPR001648
XP_002297539.1	THAPSDRAFT_bd1243	yes	1	IPR001705
XP_002297540.1	THAPSDRAFT_bd1911	yes	1	IPR002143
XP_002297541.1	THAPSDRAFT_bd2063	no	0	none
XP_002297542.1	THAPSDRAFT_bd1013	yes	1	IPR000866
XP_002297543.1	THAPSDRAFT_bd308	yes	1	IPR003375
XP_002297544.1	THAPSDRAFT_bd1313	yes	1	IPR001056
XP_002297545.1	THAPSDRAFT_bd2073	yes	1	IPR000932
XP_002297546.1	THAPSDRAFT_bd1287	yes	3	IPR000194,IPR000793,IPR004100
XP_002297547.1	THAPSDRAFT_bd1023	yes	1	IPR000711
XP_002297548.1	THAPSDRAFT_bd1318	yes	1	IPR002146
XP_002297549.1	THAPSDRAFT_bd598	yes	1	IPR002146
XP_002297550.1	THAPSDRAFT_bd1290	yes	1	IPR002379
XP_002297551.1	THAPSDRAFT_bd1378	yes	1	IPR000568
XP_002297552.1	THAPSDRAFT_bd1319	yes	1	IPR003439
XP_002297553.1	THAPSDRAFT_bd1360	yes	1	IPR000825
XP_002297554.1	THAPSDRAFT_bd1611	yes	1	IPR001280
XP_002297555.1	THAPSDRAFT_bd1736	yes	1	IPR000484
XP_002297556.1	THAPSDRAFT_bd1439	yes	1	IPR009666
XP_002297557.1	THAPSDRAFT_bd1447	yes	1	IPR000529
XP_002297558.1	THAPSDRAFT_bd1620	yes	1	IPR008867
XP_002297559.1	THAPSDRAFT_bd1048	yes	1	IPR001450
XP_002297560.1	THAPSDRAFT_bd1441	yes	1	IPR002541
XP_002297561.1	THAPSDRAFT_bd1934	no	0	none
XP_002297562.1	THAPSDRAFT_bd1056	no	0	none
XP_002297563.1	THAPSDRAFT_bd1935	no	0	none
XP_002297564.1	THAPSDRAFT_bd1058	no	0	none
XP_002297565.1	THAPSDRAFT_bd1689	no	0	none
XP_002297566.1	THAPSDRAFT_bd1938	yes	1	IPR001611
XP_002297567.1	THAPSDRAFT_bd1449	yes	4	IPR002912,IPR004095,IPR006674,IPR007685
XP_002297568.1	THAPSDRAFT_bd1939	no	0	none
XP_002297569.1	THAPSDRAFT_bd1062	yes	1	IPR002317
XP_002297570.1	THAPSDRAFT_bd1940	yes	1	IPR006970
XP_002297571.1	THAPSDRAFT_bd1941	yes	1	IPR006970
XP_002297572.1	THAPSDRAFT_bd1944	yes	1	IPR005199
XP_002297573.1	THAPSDRAFT_bd1946	no	0	none
XP_002297574.1	THAPSDRAFT_bd1071	no	0	none
XP_002297575.1	THAPSDRAFT_bd174	yes	1	IPR003397
XP_002297576.1	THAPSDRAFT_bd1948	no	0	none
XP_002297577.1	THAPSDRAFT_bd1075	no	0	none
XP_002297578.1	THAPSDRAFT_bd2107	yes	1	IPR004130
XP_002297579.1	THAPSDRAFT_bd1945	yes	1	IPR002885
XP_002297580.1	THAPSDRAFT_bd1069	yes	1	IPR002885
XP_002297581.1	THAPSDRAFT_bd1455	yes	2	IPR000642,IPR003959
XP_002297582.1	THAPSDRAFT_bd1078	no	0	none
XP_002297583.1	THAPSDRAFT_bd1080	no	0	none
XP_002297584.1	THAPSDRAFT_bd1950	no	0	none
XP_002297585.1	THAPSDRAFT_bd1692	yes	1	IPR007705
XP_002297586.1	THAPSDRAFT_bd1954	no	0	none
XP_002297587.1	THAPSDRAFT_bd1092	no	0	none
XP_002297588.1	THAPSDRAFT_bd1094	yes	1	IPR003104
XP_002297589.1	THAPSDRAFT_bd1095	no	0	none
XP_002297590.1	THAPSDRAFT_bd1077	no	0	none
XP_002297591.1	THAPSDRAFT_bd1079	no	0	none
XP_002297592.1	THAPSDRAFT_bd1081	no	0	none
XP_002297593.1	THAPSDRAFT_bd1949	no	0	none
XP_002297594.1	THAPSDRAFT_bd1465	yes	1	IPR000719
XP_002297595.1	THAPSDRAFT_bd1464	yes	1	IPR000595
XP_002297596.1	THAPSDRAFT_bd1091	no	0	none
XP_002297597.1	THAPSDRAFT_bd190	yes	1	IPR001650
XP_002297598.1	THAPSDRAFT_bd1097	no	0	none
XP_002297599.1	THAPSDRAFT_bd1098	no	0	none
XP_002297600.1	THAPSDRAFT_bd518	no	0	none
XP_002297601.1	THAPSDRAFT_bd1100	no	0	none
XP_002297602.1	THAPSDRAFT_bd1961	no	0	none
XP_002297603.1	THAPSDRAFT_bd521	no	0	none
XP_002297604.1	THAPSDRAFT_bd1472	no	0	none
XP_002297605.1	THAPSDRAFT_bd1959	no	0	none
XP_002297606.1	THAPSDRAFT_bd1109	no	0	none
XP_002297607.1	THAPSDRAFT_bd1474	yes	1	IPR002937
