Supplemental Data. Flowers et al. (2015). Plant Cell Plant Cell 10.1105/tpc.15.00492
ID	n	Annotation_Type	Median_ratio	IQR	Mean_ratio	Standard_error
ko00523	1	KEGG_pathway	0	0	0	NA
ko04670	1	KEGG_pathway	0	0	0	NA
ko04711	1	KEGG_pathway	0	0	0	NA
ko04744	1	KEGG_pathway	0	0	0	NA
ko05410	1	KEGG_pathway	0	0	0	NA
ko05412	1	KEGG_pathway	0	0	0	NA
ko04390	8	KEGG_pathway	0	0	0.00112729526172897	0.00112729526172897
ko04391	6	KEGG_pathway	0	0	0.00150306034897196	0.00150306034897196
ko00440	2	KEGG_pathway	0.00308174833948432	0.00308174833948432	0.00308174833948432	0.00308174833948432
ko04940	1	KEGG_pathway	0.00499032185086555	0	0.00499032185086555	NA
ko04015	4	KEGG_pathway	0.00724221062433985	0.01617683297832	0.00893462235398012	0.00534028686912009
ko04350	7	KEGG_pathway	0	0.0178692447079602	0.009416312830176	0.00475954713658159
ko04360	5	KEGG_pathway	0.0137339730209164	0.0144844212486797	0.00989449248736738	0.00424647488861841
ko04662	5	KEGG_pathway	0.0137339730209164	0.0144844212486797	0.00989449248736738	0.00424647488861841
ko04917	3	KEGG_pathway	0.0144844212486797	0.0106270340836204	0.0119128298053068	0.00626880279181895
ko05133	3	KEGG_pathway	0.0144844212486797	0.0106270340836204	0.0119128298053068	0.00626880279181895
ko04380	4	KEGG_pathway	0.014109197134798	0.00587635321263268	0.0123681156092092	0.00445603292005272
ko04650	4	KEGG_pathway	0.014109197134798	0.00587635321263268	0.0123681156092092	0.00445603292005272
ko04623	12	KEGG_pathway	0	0.012831139408526	0.0137965043049107	0.00692229115953596
ko05164	15	KEGG_pathway	0.00421493503091797	0.0181703286420192	0.0144560944683966	0.00629074515840249
ko05221	3	KEGG_pathway	0.0144844212486797	0.005193558560631	0.0155351468206331	0.00304417852593937
ko04721	20	KEGG_pathway	0.00308415390846987	0.0228647605783127	0.0169144980430196	0.00535799106767573
ko04966	11	KEGG_pathway	0	0.0252717587449015	0.0172190268968458	0.00818695108674728
ko04013	2	KEGG_pathway	0.0178692447079602	0.00338482345928055	0.0178692447079602	0.00338482345928055
ko04320	2	KEGG_pathway	0.0178692447079602	0.00338482345928055	0.0178692447079602	0.00338482345928055
ko04620	2	KEGG_pathway	0.0178692447079602	0.00338482345928055	0.0178692447079602	0.00338482345928055
ko04668	2	KEGG_pathway	0.0178692447079602	0.00338482345928055	0.0178692447079602	0.00338482345928055
ko05140	2	KEGG_pathway	0.0178692447079602	0.00338482345928055	0.0178692447079602	0.00338482345928055
ko05219	2	KEGG_pathway	0.0178692447079602	0.00338482345928055	0.0178692447079602	0.00338482345928055
ko05110	21	KEGG_pathway	0	0.030085755078079	0.0182898750346875	0.00536809902771846
ko05120	13	KEGG_pathway	0	0.030085755078079	0.0185418520805065	0.00752392306665674
ko05323	13	KEGG_pathway	0	0.030085755078079	0.0185418520805065	0.00752392306665674
ko04130	13	KEGG_pathway	0	0.0117488475324079	0.0188467581649148	0.0110674548195401
ko04962	8	KEGG_pathway	0.0194578997894608	0.0151307097203474	0.0207683529087502	0.00598845963057033
ko05160	9	KEGG_pathway	0.00901836209383177	0.0144844212486797	0.0220682637560593	0.0149069347775671
ko04915	12	KEGG_pathway	0.0197994290853497	0.0132391736518584	0.0223900729434004	0.00617696613084387
ko04062	6	KEGG_pathway	0.0222632188322755	0.00801509193949278	0.0232872453167974	0.00754888265442928
ko03020	20	KEGG_pathway	0.00662787471879149	0.0370944604518679	0.0233628119478113	0.00775485400204844
ko05142	7	KEGG_pathway	0.00901836209383177	0.0141293478881557	0.0236501110057022	0.0152156015422995
ko01051	1	KEGG_pathway	0.0246523006501776	0	0.0246523006501776	NA
ko04340	7	KEGG_pathway	0.0232723694973102	0.0347359365236984	0.0248977891239687	0.00922832945909841
ko05130	9	KEGG_pathway	0	0.0233322957640353	0.0257479245515394	0.0132303555205573
ko05414	4	KEGG_pathway	0.0238854064443119	0.0149730978195626	0.025996245621216	0.0115419186317282
ko00471	1	KEGG_pathway	0.0266659551981191	0	0.0266659551981191	NA
ko04961	9	KEGG_pathway	0.0232723694973102	0.0395960827386425	0.0277547398655849	0.00797310684552017
ko05216	3	KEGG_pathway	0.0212540681672408	0.0170343707444986	0.0280972173845325	0.0104129935668315
ko04370	5	KEGG_pathway	0.0144844212486797	0.0075200951463244	0.0287792959069797	0.0167702288713269
ko05217	2	KEGG_pathway	0.0295294007213799	0.0295294007213799	0.0295294007213799	0.0295294007213799
ko04710	3	KEGG_pathway	0	0.0447236927979583	0.0298157951986389	0.0298157951986389
ko04630	1	KEGG_pathway	0.0301757003953115	0	0.0301757003953115	NA
ko04660	6	KEGG_pathway	0.014109197134798	0.0161281631823714	0.031477698159075	0.0218599283252944
ko04520	7	KEGG_pathway	0.0212540681672408	0.0301905698204327	0.0325454279118592	0.0111600060284264
ko03050	35	KEGG_pathway	0.0159060984277255	0.0431131983278372	0.0326941640232767	0.00804222257723449
ko04916	9	KEGG_pathway	0.0232723694973102	0.0156912791466318	0.0330679188543788	0.0130931020034762
ko04964	3	KEGG_pathway	0.0266659551981191	0.0268649365934324	0.0337821757192207	0.0159133619331665
ko04930	6	KEGG_pathway	0.0126756861473292	0.0168449186761058	0.0346248345882702	0.0255301120792171
ko04913	3	KEGG_pathway	0.0244984433913136	0.0164709000494651	0.034661660828288	0.0107820652001813
ko05146	3	KEGG_pathway	0.0244984433913136	0.0164709000494651	0.034661660828288	0.0107820652001813
ko04012	5	KEGG_pathway	0.0144844212486797	0.010387117121262	0.0348635075710425	0.0234655955788693
ko05169	60	KEGG_pathway	0.0205270599987784	0.0530581471795901	0.0355663708278293	0.00613828809742801
ko04910	17	KEGG_pathway	0.0212540681672408	0.0381841444707293	0.0356447897974058	0.0116023053973058
ko05020	7	KEGG_pathway	0.0232723694973102	0.0224870617858167	0.0358201817388209	0.0129240873935395
ko04621	5	KEGG_pathway	0.0183447900034587	0.0067696469185611	0.0359531514183116	0.0227277417511237
ko05322	99	KEGG_pathway	0	0.00864629712377745	0.0361448867142858	0.0124535468951489
ko05145	13	KEGG_pathway	0.0212540681672408	0.0174459989345574	0.0369341198629454	0.0117293132402869
ko00190	58	KEGG_pathway	0.0234441035237463	0.0514878114754377	0.0369513422640826	0.00592741740270284
ko05416	3	KEGG_pathway	0	0.055733051093698	0.0371553673957987	0.0371553673957987
ko04740	7	KEGG_pathway	0.0244984433913136	0.0309700731596317	0.0372422037283586	0.0167219712243055
ko04912	7	KEGG_pathway	0.0232723694973102	0.0224870617858167	0.0382050813277282	0.0162248529176467
ko04750	6	KEGG_pathway	0.0238854064443119	0.0424671456706811	0.0386161799796962	0.0197188010599571
ko04261	17	KEGG_pathway	0.0144844212486797	0.051359970412237	0.039405409343741	0.016590332417628
ko05220	5	KEGG_pathway	0.0212540681672408	0.0464795837629408	0.039563096775877	0.0184062316662394
ko04932	28	KEGG_pathway	0.0277166844114394	0.0484423848384547	0.0399992034295914	0.0092788052862368
ko05202	33	KEGG_pathway	0	0.0367098249488208	0.0400586759815026	0.0152168088504825
ko05016	65	KEGG_pathway	0.0264304446357688	0.0507025213339091	0.0403911366030401	0.00772937016275911
ko05131	8	KEGG_pathway	0.0214146681830626	0.0650652837247563	0.0414911916756271	0.013936393878199
ko04260	7	KEGG_pathway	0.0264304446357688	0.0312937079011084	0.0418175630012472	0.0185673391063213
ko00232	2	KEGG_pathway	0.0420468419153502	0.0293878930847466	0.0420468419153502	0.0293878930847466
ko04728	14	KEGG_pathway	0.00376000651971017	0.0241919249178128	0.0422375647820337	0.0249708580648328
ko00290	11	KEGG_pathway	0.0376105977964316	0.0338701258651048	0.0425146323004228	0.0138104478512231
ko00710	31	KEGG_pathway	0.0257872709114545	0.0569544599961815	0.04375358986741	0.01207743834751
ko04976	8	KEGG_pathway	0.0320128194752055	0.0340200079226684	0.0438339370952395	0.00993830322732592
ko00680	27	KEGG_pathway	0.0372136734889525	0.0347286960844093	0.0439787177474633	0.00694854260568897
ko05034	110	KEGG_pathway	0	0.0387854666748856	0.0444299240302109	0.0120809586432518
ko03040	91	KEGG_pathway	0.0321803291880651	0.057726767238613	0.0444795708094047	0.00513972755487475
ko00253	3	KEGG_pathway	0.050906059092189	0.0328647184692579	0.0447181558484986	0.0192250472906097
ko01230	106	KEGG_pathway	0.0355839057159084	0.0392096920891262	0.0449612220465018	0.00508213643785758
ko05100	7	KEGG_pathway	0.0215752681988845	0.0657595593264254	0.045094487579882	0.0155356893036104
ko04151	20	KEGG_pathway	0.00826918756662606	0.0252460696049241	0.0451893269654128	0.0232588342761066
ko04977	2	KEGG_pathway	0.045968750839388	0.0314148720177214	0.045968750839388	0.0314148720177214
ko01040	13	KEGG_pathway	0.0442854967957808	0.0322183789797273	0.0461663279542939	0.00720781211745063
ko04145	30	KEGG_pathway	0.00308415390846987	0.0514878114754377	0.046300629169971	0.0156369531250719
ko00906	10	KEGG_pathway	0.0490613898289158	0.0380709900748778	0.0472498515612101	0.0097784409703546
ko03070	8	KEGG_pathway	0.0403965213990701	0.0353491741938436	0.0478962388262433	0.0161764396914074
ko05168	19	KEGG_pathway	0.0420595459618007	0.0591844234636331	0.0482267719878186	0.0138970323079865
ko04540	15	KEGG_pathway	0.0212540681672408	0.0426062579082868	0.0486691862955653	0.0198733169337144
ko04066	18	KEGG_pathway	0.0309130992206093	0.0778631062804597	0.0496188746180021	0.0119194474937828
ko00909	2	KEGG_pathway	0.0496513080708374	0.0347453840173475	0.0496513080708374	0.0347453840173475
ko04919	18	KEGG_pathway	0.0273370718933125	0.051623599586154	0.0501845939330421	0.0119754149395588
ko00020	28	KEGG_pathway	0.0327976963120136	0.0415963535948044	0.0506798764457935	0.0127316608181084
ko05152	18	KEGG_pathway	0.0178692447079602	0.0514878114754377	0.0511359252392866	0.0229157666819084
ko04727	6	KEGG_pathway	0.0238854064443119	0.026510808904157	0.051224141940331	0.0237756142941401
ko00660	5	KEGG_pathway	0.0229484599817065	0.0325951233764702	0.0513966619677104	0.0298488206916238
ko05203	83	KEGG_pathway	0	0.0626937152909521	0.0516752423932021	0.0140119221297198
ko00630	22	KEGG_pathway	0.0313951376210939	0.0664001172255766	0.0519775528786282	0.011954493470526
ko04014	7	KEGG_pathway	0.0232723694973102	0.0224870617858167	0.0520081790232072	0.0294210138152687
ko00250	25	KEGG_pathway	0.0342885736310927	0.0225020183432169	0.0520461765533902	0.0121364635131637
ko04971	7	KEGG_pathway	0.0562141695962403	0.0431004122554311	0.0522383881825233	0.0158113193620163
ko01200	101	KEGG_pathway	0.0351454818208513	0.0467153441012336	0.0522629699158311	0.00627340213476603
ko04310	17	KEGG_pathway	0.0244984433913136	0.0775921983887414	0.0542570783841886	0.0154005111654882
ko05134	13	KEGG_pathway	0.0123813074149642	0.0360415941101276	0.0544181246002631	0.0312363131408681
ko03013	67	KEGG_pathway	0.0394483499753728	0.0727252550861524	0.0545322492705559	0.00717951676647785
ko01210	30	KEGG_pathway	0.035695232032911	0.0309719562553755	0.0547555452430643	0.0129399677299189
ko00195	25	KEGG_pathway	0	0.0283412621376766	0.0551845837691649	0.0204309244085217
ko00010	37	KEGG_pathway	0.0351454818208513	0.0597413242996383	0.055382744538264	0.00953221107296291
ko00120	2	KEGG_pathway	0.056147982291441	0.056147982291441	0.056147982291441	0.056147982291441
ko00920	13	KEGG_pathway	0.0403572458775716	0.0694463194775453	0.0563015354614021	0.0132962141558132
ko00364	1	KEGG_pathway	0.0563150015862956	0	0.0563150015862956	NA
ko00623	1	KEGG_pathway	0.0563150015862956	0	0.0563150015862956	NA
ko05012	42	KEGG_pathway	0.036936300528766	0.0549065359243117	0.0564513232319057	0.0115545284420419
ko04722	8	KEGG_pathway	0.0178692447079602	0.130632504674388	0.0570943536500468	0.0246449248007561
ko04918	10	KEGG_pathway	0.0526573247762792	0.0617986721713317	0.0578593087452548	0.0116488145377568
ko00281	1	KEGG_pathway	0.0581278451809067	0	0.0581278451809067	NA
ko04664	3	KEGG_pathway	0.0212540681672408	0.0624546526344666	0.0583774053111778	0.0405552719804249
ko04720	12	KEGG_pathway	0.0222632188322755	0.0263848379298564	0.0587144053500418	0.0320549131028323
ko03010	85	KEGG_pathway	0	0.0498326998508012	0.0591517906301907	0.0130624306319241
ko04112	8	KEGG_pathway	0.0524213917445856	0.0644600389056717	0.0594909577904829	0.0241361961014546
ko00240	67	KEGG_pathway	0.0472678191376341	0.0773571402341535	0.0596067476594439	0.00702678862672148
ko00791	1	KEGG_pathway	0.0600766920349325	0	0.0600766920349325	NA
ko00030	22	KEGG_pathway	0.0522959561491303	0.0649610850136399	0.0611688861314885	0.0153505054663929
ko05010	46	KEGG_pathway	0.0353824788748008	0.0573763232850112	0.0613385407479042	0.0133118141346179
ko04960	5	KEGG_pathway	0.0642052225732039	0.0485123466590413	0.0618207706666039	0.0223302145974433
ko04514	2	KEGG_pathway	0.0620341342218576	0.019173183823224	0.0620341342218576	0.0191731838232239
ko00061	13	KEGG_pathway	0.0400313071019701	0.0432094683215515	0.0626040431484523	0.019437702637817
ko00260	33	KEGG_pathway	0.0376578624600968	0.0352216208247739	0.0628597351254632	0.0138305804660831
ko03015	40	KEGG_pathway	0.0389468057760387	0.0862641966822899	0.0628888558190856	0.0110259587422295
ko05211	6	KEGG_pathway	0.0178692447079602	0.0243241870261239	0.0635172930673085	0.0505667518582865
ko04725	9	KEGG_pathway	0.0336663020252456	0.104439727896003	0.0636744234565491	0.017835762342091
ko04612	8	KEGG_pathway	0.0153630487092114	0.0384495141026787	0.0643451884929337	0.0410775464392264
ko03060	28	KEGG_pathway	0.0387709700907058	0.0570486184187502	0.064648123549866	0.0184856227340973
ko00480	27	KEGG_pathway	0.0599553089062544	0.0494021457330234	0.0649502216755304	0.00827014765498115
ko00100	12	KEGG_pathway	0.0576124823979771	0.0621284974858044	0.065047131142593	0.0126479751973181
ko03018	44	KEGG_pathway	0.0489841839875183	0.0773488689878665	0.0653438783110293	0.00973221081563286
ko03008	53	KEGG_pathway	0.0565207596436227	0.0887904245502937	0.0655871129063605	0.00802830324641265
ko00051	19	KEGG_pathway	0.0655096956729804	0.0892889199710283	0.065842388094365	0.0137324203418299
ko00592	10	KEGG_pathway	0.0585243056894419	0.0485306151506486	0.0660011976677275	0.0120310322019062
ko01120	148	KEGG_pathway	0.0446053887882524	0.0720396728993089	0.0662753541458851	0.00599696026847556
ko03022	24	KEGG_pathway	0.0563603230501465	0.0730994921326498	0.0664554859496147	0.0101465956335021
ko04152	24	KEGG_pathway	0.0426451539728947	0.0725672471067082	0.0676160558099475	0.0181417563324755
ko05205	13	KEGG_pathway	0.0244984433913136	0.113227676144633	0.0677374973464145	0.0228769884285066
ko00625	5	KEGG_pathway	0.0514017460379987	0.0209015119587985	0.0680824864050574	0.0208439197896539
ko04745	4	KEGG_pathway	0.0638560486966565	0.131973235269847	0.0681171865731905	0.0394810743633474
ko01212	31	KEGG_pathway	0.0580675071215968	0.0574554290168281	0.068303666539088	0.0104976579373784
ko04626	17	KEGG_pathway	0.0478907976274222	0.078131224017541	0.0683338487188313	0.0182390899218233
ko00720	17	KEGG_pathway	0.0469110525646006	0.0510010179566203	0.0684494957073309	0.0188509217739095
ko00970	41	KEGG_pathway	0.0424055337606064	0.0250545816181509	0.0684876606936109	0.0132856804495348
ko00254	1	KEGG_pathway	0.0691846445049975	0	0.0691846445049975	NA
ko04144	29	KEGG_pathway	0.036750172908131	0.0748726821045438	0.069482950767304	0.0162850062811433
ko04730	9	KEGG_pathway	0.0212540681672408	0.126523467023015	0.0695614235498462	0.0313179579471666
ko04064	5	KEGG_pathway	0.0613850260738929	0.0671284483385707	0.0703634114799522	0.0334553755579946
ko01110	303	KEGG_pathway	0.0472988129140126	0.0746605908430653	0.0704707360130297	0.0045217794162755
ko04914	22	KEGG_pathway	0.0391830736109168	0.0781118982994388	0.0709066995634299	0.0162858375580479
ko00983	14	KEGG_pathway	0.0595780330271745	0.0896535954059648	0.0715881655840748	0.0174381065421269
ko00400	20	KEGG_pathway	0.0460262484398981	0.0542467423416267	0.0716224189600324	0.0198090293664013
ko04921	23	KEGG_pathway	0.0418313349425919	0.117044122252946	0.0717570608469555	0.0161981494517163
ko00196	16	KEGG_pathway	0	0.0903120870096807	0.0725991774238438	0.0346920150891696
ko04723	8	KEGG_pathway	0.040356306493777	0.0979192848000787	0.0726161106951358	0.023223705266157
ko04114	34	KEGG_pathway	0.033857401523402	0.113701098060156	0.0726184927968168	0.0150264848082621
ko00740	5	KEGG_pathway	0.0598536215694403	0.0582956529990729	0.0726213433694814	0.0219616411484981
ko02010	12	KEGG_pathway	0.052913634144814	0.0791759927271795	0.0727260601476218	0.0151111839216018
ko00062	4	KEGG_pathway	0.0709906740193415	0.0220187685922212	0.0730572791972156	0.00716292782951156
ko05210	7	KEGG_pathway	0.0212540681672408	0.128032968898545	0.0733811135002203	0.0346197602270281
ko00270	32	KEGG_pathway	0.0404328151161929	0.0854422074518479	0.073850815323229	0.0169485880935554
ko00626	3	KEGG_pathway	0.0446081837141819	0.058909408058433	0.0745003301047693	0.0371504763077236
ko01220	3	KEGG_pathway	0.0446081837141819	0.058909408058433	0.0745003301047693	0.0371504763077236
ko04622	4	KEGG_pathway	0.0137197518248423	0.0785629667384299	0.0749524793231271	0.0659469839747276
ko05215	9	KEGG_pathway	0.0183447900034587	0.0193087493493327	0.0751948769074923	0.0480364491971743
ko00361	2	KEGG_pathway	0.0769525680041082	0.0206375664178125	0.0769525680041082	0.0206375664178126
ko03320	15	KEGG_pathway	0.0580675071215968	0.0811440144244221	0.0773100400115955	0.0206306953330564
ko00300	9	KEGG_pathway	0.0426072779588879	0.079160620101221	0.0774011103178165	0.0365563485396685
ko00561	19	KEGG_pathway	0.0514017460379987	0.0488961681537531	0.0776250992830106	0.0197778051278037
ko00520	32	KEGG_pathway	0.0492687024145654	0.137977497537266	0.0780763282736493	0.01545121547797
ko00670	13	KEGG_pathway	0.0466836371425317	0.0567039911582568	0.0784738668296037	0.0210224833420615
ko04010	18	KEGG_pathway	0.0238854064443119	0.087846484587388	0.0788058989403319	0.0220632474752558
ko00410	12	KEGG_pathway	0.058883593531898	0.0604369193690251	0.0789634681797038	0.0251088388104764
ko00071	16	KEGG_pathway	0.0585243056894419	0.0656463929231109	0.0791738361431844	0.0137885226946639
ko04330	8	KEGG_pathway	0.0769756845072712	0.0618369622864761	0.0796431027624494	0.0187790157759362
ko00053	14	KEGG_pathway	0.072964356841837	0.0869867569748693	0.0803260740206237	0.0164932483346619
ko04726	6	KEGG_pathway	0.0238854064443119	0.0265265945452505	0.0804689873063046	0.0528592011379696
ko00640	16	KEGG_pathway	0.061047351677073	0.0613419893129579	0.0810372352076333	0.0200803349909296
ko05032	7	KEGG_pathway	0.0562141695962403	0.0769066583962657	0.0810451351615032	0.0310478250619846
ko00330	34	KEGG_pathway	0.0503510003333835	0.0524117349572502	0.0815734182378264	0.0165078702600725
ko00040	12	KEGG_pathway	0.0745544988276571	0.0863910017228064	0.0820428079770104	0.0197653871927702
ko04068	12	KEGG_pathway	0.0257254080420051	0.0682854730625736	0.0825114514065671	0.0367659994445753
ko04022	20	KEGG_pathway	0.0577825964927204	0.114858454495055	0.0833569752653797	0.0198705515579327
ko00620	41	KEGG_pathway	0.055433433311405	0.0758622454954021	0.0837697215334818	0.0129512480109475
ko00960	7	KEGG_pathway	0.0440355502563464	0.0274574428205939	0.0842789985574604	0.0453756393982813
ko04150	11	KEGG_pathway	0.0372220739179742	0.0941248716620459	0.084302343542448	0.0391151875155981
ko00230	108	KEGG_pathway	0.0585321706748001	0.111987640252046	0.0844738479016496	0.00827054521422325
ko04141	67	KEGG_pathway	0.0495259736739018	0.113780075691903	0.0847097407122103	0.0110855368818088
ko00860	32	KEGG_pathway	0.0500714481146912	0.088959686167025	0.0848489303718045	0.0142510085193501
ko04024	19	KEGG_pathway	0.051359970412237	0.0708341129667129	0.08500583313357	0.0249076502642446
ko01100	692	KEGG_pathway	0.054100154427532	0.0980900251058389	0.0859857884915275	0.00359354146766758
ko05166	39	KEGG_pathway	0.0591376304178194	0.11278782477661	0.086176185463226	0.015318954626317
ko00750	6	KEGG_pathway	0.0323154631673383	0.160249290590638	0.0862890261687336	0.0419112258055549
ko04210	9	KEGG_pathway	0.0244984433913136	0.0513403389087105	0.0872021666297898	0.0450603436324309
ko05200	23	KEGG_pathway	0.0212540681672408	0.0870384816002194	0.0873334397442883	0.0279591541675701
ko04742	4	KEGG_pathway	0.040356306493777	0.08025001298658	0.0882775563284285	0.0541552464242613
ko04611	15	KEGG_pathway	0.0289983462203332	0.131555852485329	0.0884555093023959	0.0253443236269866
ko04666	8	KEGG_pathway	0.0614033842491004	0.0745148349852888	0.0896420483074315	0.0381519034497054
ko03030	33	KEGG_pathway	0.0611881341382068	0.129173886766885	0.0896837651595669	0.014080704378699
ko04724	10	KEGG_pathway	0.0238854064443119	0.122707701960849	0.0908652292907721	0.0398815080987903
ko00500	29	KEGG_pathway	0.0514370913617854	0.0994919399559357	0.0909836108198567	0.0195319603082076
ko04110	47	KEGG_pathway	0.0609640050116205	0.117988212450142	0.0913200413032199	0.014055824811934
ko00980	9	KEGG_pathway	0.101783295170627	0.0882533516151461	0.0924733412977228	0.0201716764355976
ko00450	16	KEGG_pathway	0.0582042448084905	0.0723637286232669	0.0925528816924904	0.023230848894456
ko05132	9	KEGG_pathway	0.0215752681988845	0.0862827401621853	0.0931462127733944	0.0423138716757138
ko04142	26	KEGG_pathway	0.0513408417695949	0.084286739913687	0.0932132908734713	0.0242507074276215
ko00340	13	KEGG_pathway	0.0478506631770023	0.0528242367617588	0.093386236183382	0.0370348288487657
ko04970	15	KEGG_pathway	0.0562141695962403	0.127000126093668	0.0935433373707928	0.0232791853672718
ko04113	41	KEGG_pathway	0.0494870017773186	0.128735362548465	0.0946636433504062	0.0149135215667697
ko04530	12	KEGG_pathway	0.0726043199960615	0.121442530934326	0.0950793408481571	0.0358983413832833
ko00521	5	KEGG_pathway	0.0631637373953208	0.113927572852738	0.0956015339262947	0.0381600485072424
ko04978	3	KEGG_pathway	0.0897023858108692	0.0344576662128401	0.0956760544609857	0.0201171096225041
ko04911	6	KEGG_pathway	0.0602096960847221	0.0794080037457404	0.0957992304680305	0.0397705481990505
ko04111	43	KEGG_pathway	0.0725490674446589	0.133291862935306	0.0958417482652653	0.0145773776547326
ko05223	4	KEGG_pathway	0.0803238973424269	0.137093279471025	0.0958926950037991	0.0472203558163682
ko04920	7	KEGG_pathway	0.072868227326124	0.0987904318048135	0.0974999719002279	0.0391533129851054
ko00351	1	KEGG_pathway	0.0975901344219207	0	0.0975901344219207	NA
ko04510	8	KEGG_pathway	0.0178692447079602	0.145861233391755	0.0978287755921078	0.0545127142778619
ko04020	21	KEGG_pathway	0.0574265440055072	0.101431720509341	0.0979082618601752	0.0229618468741805
ko05031	10	KEGG_pathway	0.0238854064443119	0.106404122188816	0.0981749126326313	0.0467566629141996
ko00564	22	KEGG_pathway	0.0625195989496346	0.107858375044856	0.0988133394061703	0.0227190224888124
ko00565	5	KEGG_pathway	0.115273626006355	0.0967434358602039	0.0991136108781138	0.0399939112276612
ko04120	50	KEGG_pathway	0.05561778595691	0.0985889862151641	0.099118860588121	0.0222129482111437
ko00363	2	KEGG_pathway	0.0992465066384967	0.0337368109655163	0.0992465066384967	0.0337368109655163
ko05161	11	KEGG_pathway	0.0301757003953115	0.0527737007578415	0.0997482927259438	0.0493863208284354
ko04270	13	KEGG_pathway	0.0562141695962403	0.163470491048079	0.100932701044528	0.027969818634879
ko02020	7	KEGG_pathway	0.113373392963237	0.103444726569903	0.101857242155045	0.027443870599423
ko05214	6	KEGG_pathway	0.0178692447079602	0.0893262714901409	0.10275862877406	0.0705467003746678
ko00513	15	KEGG_pathway	0.0800719361987333	0.108071219954503	0.105712779639798	0.0334446106896572
ko04712	8	KEGG_pathway	0.0888453059016625	0.0301626535167802	0.105796349793746	0.0262355851432818
ko00760	12	KEGG_pathway	0.0759851177651435	0.0811602632382971	0.10582204178948	0.0306035195495242
ko04973	3	KEGG_pathway	0.0928578697862141	0.0484691722472591	0.106068886475713	0.0287527325067383
ko00900	21	KEGG_pathway	0.0725207363122775	0.175394632893754	0.106177316496674	0.0238918515634706
ko04810	13	KEGG_pathway	0.0860565955900698	0.0995294122383942	0.107900284566439	0.0325708107770643
ko00600	9	KEGG_pathway	0.0944240170980615	0.048560029488838	0.108152184842868	0.018115578707831
ko04075	6	KEGG_pathway	0.115398100135391	0.121385234806772	0.10816123650498	0.0330765599623587
ko00910	14	KEGG_pathway	0.0938942812970577	0.1217970132576	0.108221695602132	0.0222791383943466
ko04974	3	KEGG_pathway	0.124704090006651	0.0359869999717436	0.108362845032182	0.0223259294875785
ko00514	1	KEGG_pathway	0.109631486731175	0	0.109631486731175	NA
ko05212	4	KEGG_pathway	0.0178692447079602	0.107202514225589	0.111059901390648	0.0992461120053078
ko04713	16	KEGG_pathway	0.0499653456057463	0.16896479720687	0.111899010295604	0.0300203805057886
ko04146	38	KEGG_pathway	0.0765242935105315	0.101647354500228	0.112254932599893	0.0162404622921932
ko05204	15	KEGG_pathway	0.114803514638421	0.0513605693788605	0.112395730786315	0.0161382205100105
ko00401	4	KEGG_pathway	0.0460262484398981	0.0894923849420154	0.112908988035294	0.0805025366234311
ko00650	10	KEGG_pathway	0.0931730240105273	0.0927167445864219	0.113511680169611	0.0285516703444892
ko04140	9	KEGG_pathway	0.119691574251885	0.131542603568448	0.114319429435734	0.0284124053783923
ko00052	15	KEGG_pathway	0.077758163580168	0.117750926893478	0.115687371087048	0.0273562271226426
ko04975	6	KEGG_pathway	0.0855181386242742	0.0857544692780403	0.116618406690196	0.0402933133184577
ko00510	22	KEGG_pathway	0.105143375340814	0.135289731869689	0.116803622570481	0.0234216411181697
ko00430	5	KEGG_pathway	0.104928726533337	0.010815647215618	0.116822063762529	0.014402685226739
ko00280	20	KEGG_pathway	0.0973516287421718	0.107192832061821	0.118295301339517	0.0207687678682191
ko00360	11	KEGG_pathway	0.0726074883893923	0.118165193207876	0.119216421241078	0.0379745635415712
ko00591	10	KEGG_pathway	0.1156950955547	0.0619676902755269	0.121401821979535	0.0200445819978338
ko03420	38	KEGG_pathway	0.0751040895057559	0.140131361077213	0.122605286113922	0.0307006489138873
ko00310	8	KEGG_pathway	0.11979844227994	0.115307680861548	0.123988590678469	0.0334593923329018
ko05162	10	KEGG_pathway	0.0198009692721635	0.0527059812812895	0.1271360673196	0.0994237159497622
ko00830	13	KEGG_pathway	0.118290389875574	0.0589232153959088	0.127641631267847	0.0187798074129775
ko00460	8	KEGG_pathway	0.0883608061327938	0.163794637461951	0.129097436354985	0.0407442566349225
ko00532	2	KEGG_pathway	0.129454353156195	0.00722625392210002	0.129454353156195	0.00722625392209999
ko00982	11	KEGG_pathway	0.114803514638421	0.0957296482207917	0.129915566399485	0.0308676254423023
ko00130	15	KEGG_pathway	0.0844150118578491	0.0832936932105785	0.130166843579589	0.0327095461831295
ko00350	21	KEGG_pathway	0.0953769931975072	0.10432026110215	0.130501759224769	0.0267008925359659
ko04972	3	KEGG_pathway	0.0642052225732039	0.113766554972282	0.131486091114081	0.0737967151120167
ko00945	1	KEGG_pathway	0.132983317604013	0	0.132983317604013	NA
ko00770	17	KEGG_pathway	0.0881980837521593	0.171036349288803	0.133033754014474	0.030709232915516
ko00562	19	KEGG_pathway	0.0967861640931796	0.144099736549279	0.13328457890214	0.027827435397768
ko05014	8	KEGG_pathway	0.0395792772099548	0.244951332704318	0.13500313242798	0.0628714222854194
ko05213	6	KEGG_pathway	0.0803238973424269	0.166861387623964	0.135825472669976	0.0692849884614857
ko00590	7	KEGG_pathway	0.136015395287924	0.0899077838122656	0.136148297454748	0.0336335809207369
ko00073	1	KEGG_pathway	0.136940035198983	0	0.136940035198983	NA
ko00730	8	KEGG_pathway	0.0823055928337577	0.166528258558468	0.137038202624844	0.0517479024811759
ko00362	5	KEGG_pathway	0.0907885771505331	0.107481444157167	0.137754046247279	0.0423557881158047
ko04614	3	KEGG_pathway	0.141838887602766	0.0650684257724715	0.138324536822494	0.0376083458315781
ko00140	9	KEGG_pathway	0.118290389875574	0.041403600942458	0.138896787219039	0.0169779712389784
ko00903	4	KEGG_pathway	0.111885947377273	0.0890053938196705	0.139003185187196	0.0501267776852107
ko03440	21	KEGG_pathway	0.0840262289046317	0.168771405176546	0.142890261711328	0.0261566577343494
ko00780	9	KEGG_pathway	0.108265374550608	0.229065402789944	0.144231384116765	0.0415666096665101
ko00950	7	KEGG_pathway	0.0726074883893923	0.187204316389815	0.145459155931968	0.0534491474547985
ko03450	6	KEGG_pathway	0.0646939384588903	0.174386624425416	0.149909051992187	0.0698255348099154
ko04122	10	KEGG_pathway	0.14597153055584	0.160604983859689	0.154066487705933	0.0446282109159025
ko04070	18	KEGG_pathway	0.103359987937818	0.181646691650172	0.154729683556553	0.0318117604003416
ko05143	2	KEGG_pathway	0.156880914434897	0.043566782544343	0.156880914434897	0.043566782544343
ko05218	3	KEGG_pathway	0.0212540681672408	0.213874906770234	0.159324241401689	0.141468495077784
ko00624	5	KEGG_pathway	0.113724347710619	0.0353931831820923	0.160865851888203	0.0681075829702505
ko00524	1	KEGG_pathway	0.161143567067722	0	0.161143567067722	NA
ko04080	3	KEGG_pathway	0.0591376304178194	0.179575362608972	0.162147382726742	0.115766384958679
ko05206	12	KEGG_pathway	0.129188625121679	0.206529412224035	0.162154302642145	0.0477328430272352
ko00380	9	KEGG_pathway	0.186366426176944	0.206520778402483	0.166769145614474	0.0442943462450047
ko00072	4	KEGG_pathway	0.146913746089111	0.124146326825124	0.167488102328383	0.0566952760986278
ko05030	5	KEGG_pathway	0.0562141695962403	0.318592008545729	0.168060611182417	0.0822857779729158
ko04512	3	KEGG_pathway	0.165263754014181	0.124505281721101	0.170751822957896	0.071935513603039
ko00627	4	KEGG_pathway	0.169617416899757	0.102463779645043	0.177715627726572	0.0418390160278701
ko03430	23	KEGG_pathway	0.0875992722759088	0.155371976015705	0.178448687230489	0.0497058218161341
ko00790	11	KEGG_pathway	0.147422539543183	0.123062983106177	0.184343639570694	0.0445954786644295
ko00642	2	KEGG_pathway	0.185813838553387	0.095025261402854	0.185813838553387	0.095025261402854
ko04011	1	KEGG_pathway	0.195848260034112	0	0.195848260034112	NA
ko00531	5	KEGG_pathway	0.0967934359286078	0.242169870486745	0.196733817744472	0.0809118405239842
ko05340	3	KEGG_pathway	0.223276709528923	0.0694825935917255	0.196745822833235	0.0422522061509907
ko00785	4	KEGG_pathway	0.159964571483375	0.195169921322177	0.19903222698751	0.0854395195798418
ko00603	4	KEGG_pathway	0.21038435392282	0.0662096276885783	0.203010420726541	0.0483520806623464
ko00550	1	KEGG_pathway	0.207695480002326	0	0.207695480002326	NA
ko00908	1	KEGG_pathway	0.211366887133907	0	0.211366887133907	NA
ko05222	5	KEGG_pathway	0.208438564081663	0.412112980404722	0.212557155855107	0.0956431229906184
ko00643	1	KEGG_pathway	0.224470642426676	0	0.224470642426676	NA
ko03460	23	KEGG_pathway	0.258080726111795	0.206743311350508	0.230134833171631	0.0279245660808595
ko00511	5	KEGG_pathway	0.223797055076767	0.143799136124506	0.236752138722106	0.0355225044304731
ko03410	23	KEGG_pathway	0.228656736250409	0.250342538768131	0.245434947332457	0.0356886124993051
ko04115	11	KEGG_pathway	0.172510420298367	0.308869475965075	0.247662654963601	0.0903265554455066
ko00563	9	KEGG_pathway	0.236421867399969	0.140442258537105	0.265276219015394	0.0293665833500357
ko04640	1	KEGG_pathway	0.298001139150855	0	0.298001139150855	NA
ko05144	1	KEGG_pathway	0.298001139150855	0	0.298001139150855	NA
ko00940	1	KEGG_pathway	0.309336128073092	0	0.309336128073092	NA
ko00604	1	KEGG_pathway	0.313514811480357	0	0.313514811480357	NA
ko00311	1	KEGG_pathway	0.319402182913474	0	0.319402182913474	NA
ko00472	1	KEGG_pathway	0.319402182913474	0	0.319402182913474	NA
ko05033	1	KEGG_pathway	0.393227621490176	0	0.393227621490176	NA
PF00037	2	PFAM	0	0	0	0
PF00101	2	PFAM	0	0	0	0
PF00121	1	PFAM	0	0	0	NA
PF00132	1	PFAM	0	0	0	NA
PF00163	2	PFAM	0	0	0	0
PF00203	1	PFAM	0	0	0	NA
PF00213	2	PFAM	0	0	0	0
PF00244	2	PFAM	0	0	0	0
PF00281	1	PFAM	0	0	0	NA
PF00290	1	PFAM	0	0	0	NA
PF00342	1	PFAM	0	0	0	NA
PF00373	1	PFAM	0	0	0	NA
PF00410	1	PFAM	0	0	0	NA
PF00428	2	PFAM	0	0	0	0
PF00430	1	PFAM	0	0	0	NA
PF00433	1	PFAM	0	0	0	NA
PF00438	1	PFAM	0	0	0	NA
PF00466	3	PFAM	0	0	0	0
PF00584	1	PFAM	0	0	0	NA
PF00635	1	PFAM	0	0	0	NA
PF00670	1	PFAM	0	0	0	NA
PF00673	1	PFAM	0	0	0	NA
PF00705	1	PFAM	0	0	0	NA
PF00764	1	PFAM	0	0	0	NA
PF00784	1	PFAM	0	0	0	NA
PF00796	1	PFAM	0	0	0	NA
PF00828	2	PFAM	0	0	0	0
PF00900	1	PFAM	0	0	0	NA
PF00920	1	PFAM	0	0	0	NA
PF00935	1	PFAM	0	0	0	NA
PF01015	1	PFAM	0	0	0	NA
PF01020	1	PFAM	0	0	0	NA
PF01058	1	PFAM	0	0	0	NA
PF01090	1	PFAM	0	0	0	NA
PF01111	1	PFAM	0	0	0	NA
PF01125	1	PFAM	0	0	0	NA
PF01158	1	PFAM	0	0	0	NA
PF01191	1	PFAM	0	0	0	NA
PF01194	1	PFAM	0	0	0	NA
PF01197	1	PFAM	0	0	0	NA
PF01199	1	PFAM	0	0	0	NA
PF01200	1	PFAM	0	0	0	NA
PF01201	2	PFAM	0	0	0	0
PF01221	3	PFAM	0	0	0	0
PF01241	2	PFAM	0	0	0	0
PF01247	1	PFAM	0	0	0	NA
PF01249	1	PFAM	0	0	0	NA
PF01269	1	PFAM	0	0	0	NA
PF01283	1	PFAM	0	0	0	NA
PF01381	1	PFAM	0	0	0	NA
PF01466	1	PFAM	0	0	0	NA
PF01512	1	PFAM	0	0	0	NA
PF01592	1	PFAM	0	0	0	NA
PF01603	1	PFAM	0	0	0	NA
PF01627	1	PFAM	0	0	0	NA
PF01632	1	PFAM	0	0	0	NA
PF01652	1	PFAM	0	0	0	NA
PF01658	1	PFAM	0	0	0	NA
PF01716	1	PFAM	0	0	0	NA
PF01749	1	PFAM	0	0	0	NA
PF01775	1	PFAM	0	0	0	NA
PF01777	1	PFAM	0	0	0	NA
PF01779	1	PFAM	0	0	0	NA
PF01780	1	PFAM	0	0	0	NA
PF01813	1	PFAM	0	0	0	NA
PF01907	1	PFAM	0	0	0	NA
PF01912	1	PFAM	0	0	0	NA
PF01929	1	PFAM	0	0	0	NA
PF01984	1	PFAM	0	0	0	NA
PF01990	1	PFAM	0	0	0	NA
PF01992	1	PFAM	0	0	0	NA
PF02036	1	PFAM	0	0	0	NA
PF02150	1	PFAM	0	0	0	NA
PF02268	1	PFAM	0	0	0	NA
PF02290	1	PFAM	0	0	0	NA
PF02427	1	PFAM	0	0	0	NA
PF02531	1	PFAM	0	0	0	NA
PF02605	1	PFAM	0	0	0	NA
PF02670	1	PFAM	0	0	0	NA
PF02683	1	PFAM	0	0	0	NA
PF02747	1	PFAM	0	0	0	NA
PF02751	1	PFAM	0	0	0	NA
PF02772	1	PFAM	0	0	0	NA
PF02773	1	PFAM	0	0	0	NA
PF02792	1	PFAM	0	0	0	NA
PF02824	3	PFAM	0	0	0	0
PF02941	1	PFAM	0	0	0	NA
PF02966	1	PFAM	0	0	0	NA
PF03040	1	PFAM	0	0	0	NA
PF03179	1	PFAM	0	0	0	NA
PF03214	1	PFAM	0	0	0	NA
PF03259	1	PFAM	0	0	0	NA
PF03297	1	PFAM	0	0	0	NA
PF03501	1	PFAM	0	0	0	NA
PF03587	1	PFAM	0	0	0	NA
PF03604	1	PFAM	0	0	0	NA
PF03637	1	PFAM	0	0	0	NA
PF03660	1	PFAM	0	0	0	NA
PF03669	1	PFAM	0	0	0	NA
PF03703	1	PFAM	0	0	0	NA
PF03742	1	PFAM	0	0	0	NA
PF03871	1	PFAM	0	0	0	NA
PF03911	1	PFAM	0	0	0	NA
PF03912	1	PFAM	0	0	0	NA
PF03931	2	PFAM	0	0	0	0
PF04061	1	PFAM	0	0	0	NA
PF04110	1	PFAM	0	0	0	NA
PF04133	1	PFAM	0	0	0	NA
PF04135	1	PFAM	0	0	0	NA
PF04212	1	PFAM	0	0	0	NA
PF04419	2	PFAM	0	0	0	0
PF04627	1	PFAM	0	0	0	NA
PF04689	1	PFAM	0	0	0	NA
PF04733	1	PFAM	0	0	0	NA
PF04739	1	PFAM	0	0	0	NA
PF04758	1	PFAM	0	0	0	NA
PF04774	1	PFAM	0	0	0	NA
PF05078	1	PFAM	0	0	0	NA
PF05158	1	PFAM	0	0	0	NA
PF05172	1	PFAM	0	0	0	NA
PF05216	1	PFAM	0	0	0	NA
PF05221	1	PFAM	0	0	0	NA
PF05365	1	PFAM	0	0	0	NA
PF05479	1	PFAM	0	0	0	NA
PF05486	1	PFAM	0	0	0	NA
PF05493	1	PFAM	0	0	0	NA
PF05669	1	PFAM	0	0	0	NA
PF05676	1	PFAM	0	0	0	NA
PF05753	1	PFAM	0	0	0	NA
PF05799	1	PFAM	0	0	0	NA
PF05907	1	PFAM	0	0	0	NA
PF06244	1	PFAM	0	0	0	NA
PF06391	1	PFAM	0	0	0	NA
PF06417	1	PFAM	0	0	0	NA
PF06624	1	PFAM	0	0	0	NA
PF06705	1	PFAM	0	0	0	NA
PF07052	1	PFAM	0	0	0	NA
PF07189	1	PFAM	0	0	0	NA
PF07541	1	PFAM	0	0	0	NA
PF07994	1	PFAM	0	0	0	NA
PF08041	1	PFAM	0	0	0	NA
PF08069	1	PFAM	0	0	0	NA
PF08071	1	PFAM	0	0	0	NA
PF08079	1	PFAM	0	0	0	NA
PF08122	1	PFAM	0	0	0	NA
PF08292	1	PFAM	0	0	0	NA
PF08436	1	PFAM	0	0	0	NA
PF08523	1	PFAM	0	0	0	NA
PF08642	1	PFAM	0	0	0	NA
PF08694	1	PFAM	0	0	0	NA
PF08802	1	PFAM	0	0	0	NA
PF08910	1	PFAM	0	0	0	NA
PF09072	1	PFAM	0	0	0	NA
PF09110	1	PFAM	0	0	0	NA
PF09111	1	PFAM	0	0	0	NA
PF09173	1	PFAM	0	0	0	NA
PF09379	1	PFAM	0	0	0	NA
PF09420	1	PFAM	0	0	0	NA
PF09446	1	PFAM	0	0	0	NA
PF09598	1	PFAM	0	0	0	NA
PF09822	1	PFAM	0	0	0	NA
PF10163	1	PFAM	0	0	0	NA
PF10247	1	PFAM	0	0	0	NA
PF10531	1	PFAM	0	0	0	NA
PF10559	1	PFAM	0	0	0	NA
PF10589	1	PFAM	0	0	0	NA
PF10890	1	PFAM	0	0	0	NA
PF11591	1	PFAM	0	0	0	NA
PF11708	1	PFAM	0	0	0	NA
PF11899	1	PFAM	0	0	0	NA
PF12317	1	PFAM	0	0	0	NA
PF08767	1	PFAM	0.0017514316440163	0	0.0017514316440163	NA
PF02359	1	PFAM	0.00181566556853275	0	0.00181566556853275	NA
PF02933	1	PFAM	0.00181566556853275	0	0.00181566556853275	NA
PF06209	1	PFAM	0.0028398494906079	0	0.0028398494906079	NA
PF06068	2	PFAM	0.00311570776474428	0.00311570776474429	0.00311570776474428	0.00311570776474428
PF04990	1	PFAM	0.00329208653116707	0	0.00329208653116707	NA
PF04992	1	PFAM	0.00329208653116707	0	0.00329208653116707	NA
PF05001	1	PFAM	0.00329208653116707	0	0.00329208653116707	NA
PF01873	2	PFAM	0.00333269835024176	0.00333269835024176	0.00333269835024176	0.00333269835024175
PF04051	3	PFAM	0	0.00534247946383805	0.00356165297589203	0.00356165297589203
PF00478	1	PFAM	0.00403366184283816	0	0.00403366184283816	NA
PF04939	1	PFAM	0.00460779554324172	0	0.00460779554324172	NA
PF05191	2	PFAM	0.0047818815877475	0.0047818815877475	0.0047818815877475	0.0047818815877475
PF12165	2	PFAM	0.00485443977030406	0.00485443977030406	0.00485443977030406	0.00485443977030406
PF02978	2	PFAM	0.00553455674696915	0.00553455674696915	0.00553455674696915	0.00553455674696915
PF08082	1	PFAM	0.0055908463030816	0	0.0055908463030816	NA
PF08083	1	PFAM	0.0055908463030816	0	0.0055908463030816	NA
PF08084	1	PFAM	0.0055908463030816	0	0.0055908463030816	NA
PF10596	1	PFAM	0.0055908463030816	0	0.0055908463030816	NA
PF10597	1	PFAM	0.0055908463030816	0	0.0055908463030816	NA
PF10598	1	PFAM	0.0055908463030816	0	0.0055908463030816	NA
PF12134	1	PFAM	0.0055908463030816	0	0.0055908463030816	NA
PF03645	4	PFAM	0	0.0056770749525426	0.0056770749525426	0.0056770749525426
PF06799	1	PFAM	0.00567999306824602	0	0.00567999306824602	NA
PF04099	2	PFAM	0.0056808093763327	0.0056808093763327	0.0056808093763327	0.0056808093763327
PF01680	1	PFAM	0.00586458312773644	0	0.00586458312773644	NA
PF00330	2	PFAM	0.00587548028062281	0.000828798358646069	0.00587548028062281	0.00082879835864607
PF00298	3	PFAM	0	0.0089804176190094	0.0059869450793396	0.0059869450793396
PF03946	3	PFAM	0	0.0089804176190094	0.0059869450793396	0.0059869450793396
PF09174	1	PFAM	0.00599093967791412	0	0.00599093967791412	NA
PF08068	1	PFAM	0.00607205508150306	0	0.00607205508150306	NA
PF00800	1	PFAM	0.00610671026973247	0	0.00610671026973247	NA
PF01380	1	PFAM	0.00614403433899875	0	0.00614403433899875	NA
PF00988	1	PFAM	0.00615224465412603	0	0.00615224465412603	NA
PF06814	1	PFAM	0.00621649233904304	0	0.00621649233904304	NA
PF06777	1	PFAM	0.00639019496933268	0	0.00639019496933268	NA
PF10584	6	PFAM	0.005588209305749	0.0124942317092442	0.00652792382773712	0.00296218983068882
PF04889	1	PFAM	0.00686816969626429	0	0.00686816969626429	NA
PF03953	6	PFAM	0	0.0139027546285388	0.00694633863046095	0.00443327547053845
PF10313	1	PFAM	0.00699909084059058	0	0.00699909084059058	NA
PF00205	2	PFAM	0.0072258599003596	0.0072258599003596	0.0072258599003596	0.0072258599003596
PF10275	3	PFAM	0	0.0113534931168822	0.00756899541125477	0.00756899541125477
PF09066	2	PFAM	0.00786842112866565	0.00180368194088138	0.00786842112866565	0.00180368194088138
PF10255	1	PFAM	0.00791710291501691	0	0.00791710291501691	NA
PF07946	1	PFAM	0.00796037394036389	0	0.00796037394036389	NA
PF02020	3	PFAM	0.00666539670048351	0.0086215789820184	0.00796951822150677	0.00502019833105487
PF02222	1	PFAM	0.00797681000693101	0	0.00797681000693101	NA
PF06747	2	PFAM	0.00833610712338645	0.00833610712338645	0.00833610712338645	0.00833610712338645
PF01564	2	PFAM	0.00844480829276481	0.00139633992214899	0.00844480829276481	0.00139633992214899
PF02671	1	PFAM	0.00846318306540979	0	0.00846318306540979	NA
PF08295	1	PFAM	0.00846318306540979	0	0.00846318306540979	NA
PF02542	1	PFAM	0.00848692032253771	0	0.00848692032253771	NA
PF04158	1	PFAM	0.00861553015315203	0	0.00861553015315203	NA
PF07289	1	PFAM	0.00865037020003298	0	0.00865037020003298	NA
PF05091	1	PFAM	0.00890904529447898	0	0.00890904529447898	NA
PF09748	1	PFAM	0.00938832426053211	0	0.00938832426053211	NA
PF05804	1	PFAM	0.00947018858148959	0	0.00947018858148959	NA
PF00475	1	PFAM	0.00951189780571626	0	0.00951189780571626	NA
PF00343	2	PFAM	0.00961385873785769	0.000628988392242206	0.00961385873785769	0.000628988392242205
PF01459	3	PFAM	0	0.014611499155435	0.00974099943695667	0.00974099943695667
PF01849	2	PFAM	0.00977021918223655	0.00977021918223655	0.00977021918223655	0.00977021918223655
PF08752	1	PFAM	0.00986379934905151	0	0.00986379934905151	NA
PF08385	5	PFAM	0.0100160507257685	0.00745119726960859	0.0104010452303952	0.00277103393461695
PF10234	1	PFAM	0.0104989872062138	0	0.0104989872062138	NA
PF10260	1	PFAM	0.0105386411422789	0	0.0105386411422789	NA
PF00333	2	PFAM	0.0108379942856038	0.0108379942856038	0.0108379942856038	0.0108379942856038
PF03332	1	PFAM	0.0108414237356652	0	0.0108414237356652	NA
PF08771	1	PFAM	0.0108669510459788	0	0.0108669510459788	NA
PF11865	1	PFAM	0.0108669510459788	0	0.0108669510459788	NA
PF04178	3	PFAM	0	0.0166188951515309	0.011079263434354	0.011079263434354
PF09268	1	PFAM	0.0111064385952666	0	0.0111064385952666	NA
PF07047	1	PFAM	0.0111749911596769	0	0.0111749911596769	NA
PF03997	1	PFAM	0.0113148797394655	0	0.0113148797394655	NA
PF02881	3	PFAM	0.0110691134939383	0.0114727518469847	0.0113382057293026	0.00662516271286577
PF01922	1	PFAM	0.011501736262115	0	0.011501736262115	NA
PF04129	1	PFAM	0.0117890699062335	0	0.0117890699062335	NA
PF01139	1	PFAM	0.0121910725325393	0	0.0121910725325393	NA
PF02953	3	PFAM	0	0.0182926829268292	0.0121951219512195	0.0121951219512195
PF09542	1	PFAM	0.0123364852752543	0	0.0123364852752543	NA
PF00056	5	PFAM	0.010475349386339	0.0101031444601881	0.0125531276751252	0.00427322203999167
PF02866	5	PFAM	0.010475349386339	0.0101031444601881	0.0125531276751252	0.00427322203999167
PF12619	1	PFAM	0.0126012523050189	0	0.0126012523050189	NA
PF01014	1	PFAM	0.0126589488306036	0	0.0126589488306036	NA
PF00306	4	PFAM	0.00590097112245703	0.0102029582830857	0.0127524388025902	0.00892813751607239
PF02874	4	PFAM	0.00590097112245703	0.0102029582830857	0.0127524388025902	0.00892813751607239
PF02167	1	PFAM	0.012771168145217	0	0.012771168145217	NA
PF00928	4	PFAM	0.0052610546439885	0.0181475503724051	0.0128864957284166	0.00970148572165914
PF06419	1	PFAM	0.0128938852095753	0	0.0128938852095753	NA
PF03439	1	PFAM	0.0130008484685762	0	0.0130008484685762	NA
PF11942	1	PFAM	0.0130008484685762	0	0.0130008484685762	NA
PF07542	1	PFAM	0.0131496981045037	0	0.0131496981045037	NA
PF04839	1	PFAM	0.0136650660356046	0	0.0136650660356046	NA
PF10557	3	PFAM	0.0163965809931526	0.0125255564801512	0.013815897984485	0.00734584936615857
PF02012	1	PFAM	0.0138436787434143	0	0.0138436787434143	NA
PF02990	5	PFAM	0.0157646687349429	0.0038196160802752	0.0138523951097401	0.00400142811996524
PF01761	1	PFAM	0.0139158408962905	0	0.0139158408962905	NA
PF01078	3	PFAM	0.00806537253516648	0.017128811700222	0.0141076653118702	0.0103405055769567
PF06071	3	PFAM	0.0108260605971358	0.00729986120700196	0.0141721927862156	0.00453451298787382
PF01817	1	PFAM	0.0143958939536416	0	0.0143958939536416	NA
PF03643	1	PFAM	0.0144273481203806	0	0.0144273481203806	NA
PF01105	3	PFAM	0.0127515246880765	0.0153041783314302	0.0144532937836457	0.00887674655004476
PF09440	1	PFAM	0.0144637957771681	0	0.0144637957771681	NA
PF01964	1	PFAM	0.0144764587334972	0	0.0144764587334972	NA
PF12430	1	PFAM	0.0145680549461555	0	0.0145680549461555	NA
PF12537	1	PFAM	0.0145680549461555	0	0.0145680549461555	NA
PF00417	1	PFAM	0.0145692701362421	0	0.0145692701362421	NA
PF02270	1	PFAM	0.014826443397872	0	0.014826443397872	NA
PF10300	1	PFAM	0.0148846083137857	0	0.0148846083137857	NA
PF09793	1	PFAM	0.0149057035472359	0	0.0149057035472359	NA
PF03030	1	PFAM	0.0149846515429954	0	0.0149846515429954	NA
PF06480	1	PFAM	0.0152763243978438	0	0.0152763243978438	NA
PF00732	1	PFAM	0.0154626601152573	0	0.0154626601152573	NA
PF05199	1	PFAM	0.0154626601152573	0	0.0154626601152573	NA
PF02736	1	PFAM	0.0155585131524734	0	0.0155585131524734	NA
PF03531	1	PFAM	0.015672170730429	0	0.015672170730429	NA
PF03483	1	PFAM	0.0157012644709789	0	0.0157012644709789	NA
PF03484	1	PFAM	0.0157012644709789	0	0.0157012644709789	NA
PF04551	1	PFAM	0.0158189966183967	0	0.0158189966183967	NA
PF05187	1	PFAM	0.0158679049341911	0	0.0158679049341911	NA
PF04760	1	PFAM	0.0159144506825748	0	0.0159144506825748	NA
PF11539	1	PFAM	0.0160600818035906	0	0.0160600818035906	NA
PF02615	1	PFAM	0.0160935788532828	0	0.0160935788532828	NA
PF01853	2	PFAM	0.0161142997136463	0.00250504316237005	0.0161142997136463	0.00250504316237005
PF08920	1	PFAM	0.016215946111888	0	0.016215946111888	NA
PF00958	1	PFAM	0.0162222550593809	0	0.0162222550593809	NA
PF12589	1	PFAM	0.0163159002910835	0	0.0163159002910835	NA
PF09785	1	PFAM	0.0165077219127508	0	0.0165077219127508	NA
PF03194	1	PFAM	0.0165420772746705	0	0.0165420772746705	NA
PF01214	1	PFAM	0.0166951655796593	0	0.0166951655796593	NA
PF08321	1	PFAM	0.016735338246471	0	0.016735338246471	NA
PF00310	4	PFAM	0.0128095145926239	0.0102906542419798	0.016809083280747	0.00646701633816088
PF09340	2	PFAM	0.016845143825305	0.016845143825305	0.016845143825305	0.016845143825305
PF01192	1	PFAM	0.0168980431954188	0	0.0168980431954188	NA
PF09138	1	PFAM	0.0169919414496244	0	0.0169919414496244	NA
PF06883	1	PFAM	0.0170271466348324	0	0.0170271466348324	NA
PF04981	1	PFAM	0.0171436025120075	0	0.0171436025120075	NA
PF02271	1	PFAM	0.0172644515623263	0	0.0172644515623263	NA
PF00467	5	PFAM	0	0	0.0173294063546845	0.0173294063546845
PF00490	1	PFAM	0.0176311078942441	0	0.0176311078942441	NA
PF05890	1	PFAM	0.0176624466076827	0	0.0176624466076827	NA
PF00448	4	PFAM	0.0170073085939539	0.0181952202576983	0.0177915819046519	0.00797448772941181
PF04801	1	PFAM	0.0178536524574897	0	0.0178536524574897	NA
PF06941	1	PFAM	0.0179510723362783	0	0.0179510723362783	NA
PF00183	3	PFAM	0.0183447900034587	0.0179621016842211	0.0180896644573003	0.0103712087642911
PF01875	1	PFAM	0.0181849387341923	0	0.0181849387341923	NA
PF00227	16	PFAM	0.00953143026229187	0.0263503139808032	0.0181955236881586	0.00655419155962169
PF07109	1	PFAM	0.018204405455687	0	0.018204405455687	NA
PF00485	4	PFAM	0.00256943088964474	0.0208929095264611	0.0183234786368163	0.0166546280874536
PF02269	1	PFAM	0.0184094267683555	0	0.0184094267683555	NA
PF02109	1	PFAM	0.0186312352886055	0	0.0186312352886055	NA
PF07970	3	PFAM	0.0241715447422149	0.00829072764176177	0.0186962153092565	0.00551424183756444
PF08161	1	PFAM	0.018743438712394	0	0.018743438712394	NA
PF04054	1	PFAM	0.0187523422518696	0	0.0187523422518696	NA
PF02347	1	PFAM	0.0196087943285687	0	0.0196087943285687	NA
PF05051	1	PFAM	0.0196527653481296	0	0.0196527653481296	NA
PF00238	2	PFAM	0.0198299389128983	0.0198299389128983	0.0198299389128983	0.0198299389128983
PF08560	1	PFAM	0.0198697379977217	0	0.0198697379977217	NA
PF00113	1	PFAM	0.0199639526814174	0	0.0199639526814174	NA
PF03952	1	PFAM	0.0199639526814174	0	0.0199639526814174	NA
PF01174	1	PFAM	0.0200283324723537	0	0.0200283324723537	NA
PF02779	6	PFAM	0.0199155774088524	0.0174341490079914	0.0200553156470332	0.00541840757033681
PF04628	2	PFAM	0.0200869209434858	0.0200869209434858	0.0200869209434858	0.0200869209434858
PF10273	1	PFAM	0.020234913584549	0	0.020234913584549	NA
PF11016	1	PFAM	0.0202555840764727	0	0.0202555840764727	NA
PF03223	1	PFAM	0.0204577624117239	0	0.0204577624117239	NA
PF12353	1	PFAM	0.0205315022376263	0	0.0205315022376263	NA
PF06487	1	PFAM	0.0205397670990039	0	0.0205397670990039	NA
PF00953	1	PFAM	0.0205608554085322	0	0.0205608554085322	NA
PF07082	2	PFAM	0.0206976171775726	0.0137043726903148	0.0206976171775726	0.0137043726903148
PF09495	1	PFAM	0.0207662294489205	0	0.0207662294489205	NA
PF03719	3	PFAM	0.0216759885712077	0.020331529854495	0.0207796827600659	0.0117469659814004
PF02685	1	PFAM	0.0208206136796794	0	0.0208206136796794	NA
PF10243	1	PFAM	0.0208691216326671	0	0.0208691216326671	NA
PF09180	2	PFAM	0.0210059532710446	0.00237655792015505	0.0210059532710446	0.00237655792015505
PF02780	5	PFAM	0.0246523006501776	0.0200877165164384	0.0210306079429344	0.00652778050364429
PF00677	1	PFAM	0.0211131235354718	0	0.0211131235354718	NA
PF03226	2	PFAM	0.0211247747629271	0.0211247747629271	0.0211247747629271	0.0211247747629271
PF02991	1	PFAM	0.0212751156886987	0	0.0212751156886987	NA
PF03463	2	PFAM	0.0214489786251958	0.0092198023448536	0.0214489786251958	0.0092198023448536
PF03464	2	PFAM	0.0214489786251958	0.0092198023448536	0.0214489786251958	0.0092198023448536
PF03465	2	PFAM	0.0214489786251958	0.0092198023448536	0.0214489786251958	0.0092198023448536
PF08855	1	PFAM	0.0214814184098586	0	0.0214814184098586	NA
PF01474	1	PFAM	0.021484905577488	0	0.021484905577488	NA
PF01184	5	PFAM	0.0149564495581046	0.0455940275935371	0.0215259591787304	0.0104931844450917
PF05856	1	PFAM	0.0215752681988845	0	0.0215752681988845	NA
PF09384	1	PFAM	0.0215779647652174	0	0.0215779647652174	NA
PF02516	2	PFAM	0.0217651628000705	0.0165969837436636	0.0217651628000705	0.0165969837436636
PF08699	2	PFAM	0.0221499493441272	0.00632502747465105	0.0221499493441272	0.00632502747465105
PF06418	1	PFAM	0.0223839032436595	0	0.0223839032436595	NA
PF07718	1	PFAM	0.0224763627847407	0	0.0224763627847407	NA
PF11833	2	PFAM	0.0225978978259507	0.0157491836032202	0.0225978978259507	0.0157491836032202
PF11069	1	PFAM	0.022684873121739	0	0.022684873121739	NA
PF00301	2	PFAM	0.0227065185858559	0.00190265355662315	0.0227065185858559	0.00190265355662315
PF10602	2	PFAM	0.0227775963003381	0.00687149787261255	0.0227775963003381	0.00687149787261255
PF01594	1	PFAM	0.0228398057286113	0	0.0228398057286113	NA
PF03079	1	PFAM	0.0229239963530342	0	0.0229239963530342	NA
PF03900	1	PFAM	0.0229931906596342	0	0.0229931906596342	NA
PF05160	2	PFAM	0.0230431141787455	0.0230431141787455	0.0230431141787455	0.0230431141787455
PF01493	2	PFAM	0.0231552769533347	0.0123179926454069	0.0231552769533347	0.0123179926454069
PF01645	2	PFAM	0.0231552769533347	0.0123179926454069	0.0231552769533347	0.0123179926454069
PF04898	2	PFAM	0.0231552769533347	0.0123179926454069	0.0231552769533347	0.0123179926454069
PF08149	1	PFAM	0.0232169910836937	0	0.0232169910836937	NA
PF06424	1	PFAM	0.0232327663836928	0	0.0232327663836928	NA
PF11930	3	PFAM	0.0203268810719863	0.0104280944199168	0.0232538852912851	0.00619598441211577
PF03271	1	PFAM	0.0232589002589201	0	0.0232589002589201	NA
PF03764	4	PFAM	0.0233648334645074	0.0280951193408225	0.0232838329539014	0.0087024037473014
PF01602	7	PFAM	0.0224763627847407	0.0226863456005349	0.023384017049243	0.00618521730289648
PF00810	3	PFAM	0	0.0350915424559418	0.0233943616372945	0.0233943616372945
PF01851	2	PFAM	0.0234564991897796	0.00206908713632391	0.0234564991897796	0.0020690871363239
PF01656	1	PFAM	0.0234607117183156	0	0.0234607117183156	NA
PF00235	1	PFAM	0.0236100533130236	0	0.0236100533130236	NA
PF04719	1	PFAM	0.023751010839008	0	0.023751010839008	NA
PF03878	1	PFAM	0.0239380508694594	0	0.0239380508694594	NA
PF05127	1	PFAM	0.0241391696630909	0	0.0241391696630909	NA
PF08351	1	PFAM	0.0241391696630909	0	0.0241391696630909	NA
PF01028	1	PFAM	0.0243721476366496	0	0.0243721476366496	NA
PF02919	1	PFAM	0.0243721476366496	0	0.0243721476366496	NA
PF02910	2	PFAM	0.0243866206712642	0.0173821783805122	0.0243866206712642	0.0173821783805122
PF06485	1	PFAM	0.0244759132810261	0	0.0244759132810261	NA
PF00316	3	PFAM	0.034008103556938	0.0198580404792068	0.0245747281717839	0.0123973545570784
PF00742	2	PFAM	0.0246116949806907	0.0199201982398221	0.0246116949806907	0.0199201982398221
PF03447	2	PFAM	0.0246116949806907	0.0199201982398221	0.0246116949806907	0.0199201982398221
PF01196	1	PFAM	0.0246264891161825	0	0.0246264891161825	NA
PF02569	1	PFAM	0.024634619995187	0	0.024634619995187	NA
PF00456	1	PFAM	0.0246523006501776	0	0.0246523006501776	NA
PF11717	3	PFAM	0.0186193428760163	0.0142970176051903	0.0248106303963164	0.00881577645043985
PF05241	1	PFAM	0.0248344532711526	0	0.0248344532711526	NA
PF08154	2	PFAM	0.0248940568907247	0.0248940568907248	0.0248940568907247	0.0248940568907247
PF02219	1	PFAM	0.0249171256478219	0	0.0249171256478219	NA
PF03657	1	PFAM	0.024924865770199	0	0.024924865770199	NA
PF03650	2	PFAM	0.0249431361073623	0.0249431361073624	0.0249431361073623	0.0249431361073623
PF09418	1	PFAM	0.02499211630193	0	0.02499211630193	NA
PF11960	2	PFAM	0.0251075699424856	0.00165515533507415	0.0251075699424856	0.00165515533507415
PF01053	3	PFAM	0.0189182018669148	0.0122074027507657	0.0251733883583372	0.00771073278945774
PF05811	1	PFAM	0.0252100788552808	0	0.0252100788552808	NA
PF08555	1	PFAM	0.0254237288135593	0	0.0254237288135593	NA
PF01956	2	PFAM	0.0255805125012699	0.02558051250127	0.0255805125012699	0.0255805125012699
PF01193	4	PFAM	0.023266509157279	0.0252170314062343	0.0257053803402225	0.0119666135863506
PF00626	3	PFAM	0.034058687880298	0.0216793573853863	0.0258058008836902	0.0131792405506714
PF05739	9	PFAM	0.0107571049486817	0.0247432620805088	0.0258127053411343	0.0156213463894713
PF08553	1	PFAM	0.02581524727205	0	0.02581524727205	NA
PF04430	1	PFAM	0.0258861546332697	0	0.0258861546332697	NA
PF02943	1	PFAM	0.0259834403420054	0	0.0259834403420054	NA
PF12230	1	PFAM	0.026030668303697	0	0.026030668303697	NA
PF00006	5	PFAM	0.00616830781693974	0.0335741785374723	0.0263074187508695	0.0152172423619325
PF00984	3	PFAM	0	0.0394611928290839	0.0263074618860559	0.0263074618860559
PF03720	3	PFAM	0	0.0394611928290839	0.0263074618860559	0.0263074618860559
PF03721	3	PFAM	0	0.0394611928290839	0.0263074618860559	0.0263074618860559
PF00180	4	PFAM	0.019519802753025	0.0150729702392129	0.0263098681752135	0.00911394561191205
PF00510	1	PFAM	0.0264304446357688	0	0.0264304446357688	NA
PF02815	1	PFAM	0.026587182148864	0	0.026587182148864	NA
PF07779	1	PFAM	0.0265952561086596	0	0.0265952561086596	NA
PF00623	3	PFAM	0.00996366290641591	0.0317311257590533	0.0266700291622856	0.0201344757985178
PF04983	3	PFAM	0.00996366290641591	0.0317311257590533	0.0266700291622856	0.0201344757985178
PF04997	3	PFAM	0.00996366290641591	0.0317311257590533	0.0266700291622856	0.0201344757985178
PF04998	3	PFAM	0.00996366290641591	0.0317311257590533	0.0266700291622856	0.0201344757985178
PF05000	3	PFAM	0.00996366290641591	0.0317311257590533	0.0266700291622856	0.0201344757985178
PF01253	3	PFAM	0	0.0402711730382918	0.0268474486921945	0.0268474486921945
PF00745	1	PFAM	0.0268563414837164	0	0.0268563414837164	NA
PF05201	1	PFAM	0.0268563414837164	0	0.0268563414837164	NA
PF00694	2	PFAM	0.0268755609082291	0.0201712822689603	0.0268755609082291	0.0201712822689603
PF08318	1	PFAM	0.026882436196011	0	0.026882436196011	NA
PF00549	3	PFAM	0.0123454450687176	0.0232913644083572	0.0269036518920668	0.0152909962116757
PF03801	1	PFAM	0.0271185875908631	0	0.0271185875908631	NA
PF10392	1	PFAM	0.0272841122606534	0	0.0272841122606534	NA
PF00285	3	PFAM	0.0356945418330753	0.0124022656686812	0.0274272849870688	0.0082679470554451
PF11264	1	PFAM	0.0275116665292893	0	0.0275116665292893	NA
PF01228	1	PFAM	0.0275347188423037	0	0.0275347188423037	NA
PF02901	1	PFAM	0.0275347188423037	0	0.0275347188423037	NA
PF06838	2	PFAM	0.0275797749420321	0.0275797749420321	0.0275797749420321	0.027579774942032
PF11816	1	PFAM	0.027603560969731	0	0.027603560969731	NA
PF04278	1	PFAM	0.0276304769628596	0	0.0276304769628596	NA
PF11718	1	PFAM	0.0276768635205086	0	0.0276768635205086	NA
PF04144	1	PFAM	0.0276850372387702	0	0.0276850372387702	NA
PF11931	1	PFAM	0.0277420114517001	0	0.0277420114517001	NA
PF12108	1	PFAM	0.0277420114517001	0	0.0277420114517001	NA
PF00567	1	PFAM	0.0279489442571872	0	0.0279489442571872	NA
PF11831	1	PFAM	0.0280260451782391	0	0.0280260451782391	NA
PF04722	1	PFAM	0.0281150985260566	0	0.0281150985260566	NA
PF02436	1	PFAM	0.0282093918411676	0	0.0282093918411676	NA
PF02403	2	PFAM	0.0283341142062059	0.0224996465516027	0.0283341142062059	0.0224996465516027
PF00116	1	PFAM	0.0284178129365563	0	0.0284178129365563	NA
PF01331	1	PFAM	0.0284338842801351	0	0.0284338842801351	NA
PF03919	1	PFAM	0.0284338842801351	0	0.0284338842801351	NA
PF11815	1	PFAM	0.0285062325148221	0	0.0285062325148221	NA
PF03147	1	PFAM	0.0285086625673571	0	0.0285086625673571	NA
PF04005	1	PFAM	0.0286615870014503	0	0.0286615870014503	NA
PF08644	1	PFAM	0.0286651045473286	0	0.0286651045473286	NA
PF02149	1	PFAM	0.0287807636672137	0	0.0287807636672137	NA
PF09398	1	PFAM	0.0288957266371391	0	0.0288957266371391	NA
PF00591	1	PFAM	0.0289278350908391	0	0.0289278350908391	NA
PF02885	1	PFAM	0.0289278350908391	0	0.0289278350908391	NA
PF09336	3	PFAM	0.00740709299694096	0.039719844867051	0.0289489275770143	0.0253357721681488
PF03367	1	PFAM	0.0289499555469763	0	0.0289499555469763	NA
PF02970	1	PFAM	0.0289934089670933	0	0.0289934089670933	NA
PF10417	3	PFAM	0	0.043596747743879	0.0290644984959194	0.0290644984959194
PF00152	5	PFAM	0.0253335916375275	0.0262149086549065	0.0290695174275819	0.00947442908551931
PF02840	1	PFAM	0.0290791497287071	0	0.0290791497287071	NA
PF00464	3	PFAM	0.0261251871265684	0.0103689421323678	0.0290955654548554	0.00616799052918263
PF01398	10	PFAM	0.0248274778216145	0.0393169345386945	0.0291370118297474	0.008927970282928
PF11705	1	PFAM	0.0291398491826006	0	0.0291398491826006	NA
PF08623	1	PFAM	0.0291446780843995	0	0.0291446780843995	NA
PF09773	1	PFAM	0.0293020764176575	0	0.0293020764176575	NA
PF05351	1	PFAM	0.0293123687514882	0	0.0293123687514882	NA
PF06968	2	PFAM	0.0294793781636429	0.000353070781282497	0.0294793781636429	0.000353070781282499
PF01208	3	PFAM	0.0232208222769181	0.032668285295692	0.0295191309561007	0.0191221371131683
PF04815	3	PFAM	0.034058687880298	0.0273412998044355	0.0295804291630563	0.0159435229884525
PF08033	3	PFAM	0.034058687880298	0.0273412998044355	0.0295804291630563	0.0159435229884525
PF08442	2	PFAM	0.0296282488166591	0.0172828037479415	0.0296282488166591	0.0172828037479415
PF05179	1	PFAM	0.0296787125209053	0	0.0296787125209053	NA
PF01264	1	PFAM	0.0297047958773394	0	0.0297047958773394	NA
PF00317	1	PFAM	0.0297519419782142	0	0.0297519419782142	NA
PF02867	1	PFAM	0.0297519419782142	0	0.0297519419782142	NA
PF03477	1	PFAM	0.0297519419782142	0	0.0297519419782142	NA
PF03770	1	PFAM	0.0298685456400688	0	0.0298685456400688	NA
PF02774	2	PFAM	0.0299093817430489	0.000104201023374998	0.0299093817430489	0.000104201023375
PF01127	1	PFAM	0.0299181625258444	0	0.0299181625258444	NA
PF04511	2	PFAM	0.0300712403016469	0.00506543803465655	0.0300712403016469	0.00506543803465655
PF02597	1	PFAM	0.0301296290320311	0	0.0301296290320311	NA
PF08214	1	PFAM	0.0301757003953115	0	0.0301757003953115	NA
PF02575	1	PFAM	0.0303639671913672	0	0.0303639671913672	NA
PF09430	1	PFAM	0.0303729334087719	0	0.0303729334087719	NA
PF00658	1	PFAM	0.0303831274559969	0	0.0303831274559969	NA
PF10458	1	PFAM	0.030469386618141	0	0.030469386618141	NA
PF08059	1	PFAM	0.0306477533926279	0	0.0306477533926279	NA
PF01172	1	PFAM	0.0306588919244027	0	0.0306588919244027	NA
PF09377	1	PFAM	0.0306588919244027	0	0.0306588919244027	NA
PF00579	4	PFAM	0.026571563457166	0.0176192400995888	0.0306896584177361	0.00750833073207251
PF04557	1	PFAM	0.0307035987730994	0	0.0307035987730994	NA
PF04558	1	PFAM	0.0307035987730994	0	0.0307035987730994	NA
PF10474	1	PFAM	0.0307800301829812	0	0.0307800301829812	NA
PF00494	3	PFAM	0.0149059240534899	0.038807424256817	0.0308402575223746	0.0237798473135819
PF00137	4	PFAM	0.0220017152422197	0.052956283709095	0.0309545684668753	0.0193088276072105
PF09297	1	PFAM	0.0310640021441657	0	0.0310640021441657	NA
PF01798	3	PFAM	0.0366235602052559	0.0118327944715142	0.031101530991262	0.00736850572787656
PF08060	3	PFAM	0.0366235602052559	0.0118327944715142	0.031101530991262	0.00736850572787656
PF01754	1	PFAM	0.0311694885815467	0	0.0311694885815467	NA
PF03619	2	PFAM	0.0312311595511151	0.0152675340774073	0.0312311595511151	0.0152675340774072
PF02091	1	PFAM	0.0313383780409521	0	0.0313383780409521	NA
PF02092	1	PFAM	0.0313383780409521	0	0.0313383780409521	NA
PF03028	16	PFAM	0.019158563539858	0.026153663516995	0.0314968991230674	0.00717622248618211
PF00253	1	PFAM	0.0314989839447004	0	0.0314989839447004	NA
PF06858	1	PFAM	0.0315483560416428	0	0.0315483560416428	NA
PF08155	1	PFAM	0.0315483560416428	0	0.0315483560416428	NA
PF00231	2	PFAM	0.0315850084317103	0.0315850084317103	0.0315850084317103	0.0315850084317103
PF02401	1	PFAM	0.0318236212754205	0	0.0318236212754205	NA
PF02915	2	PFAM	0.0319345029738599	0.00809963993089685	0.0319345029738599	0.00809963993089685
PF02787	1	PFAM	0.0319726410450099	0	0.0319726410450099	NA
PF09282	1	PFAM	0.0324480181936322	0	0.0324480181936322	NA
PF01938	1	PFAM	0.0326093904099192	0	0.0326093904099192	NA
PF06098	1	PFAM	0.032762659533564	0	0.032762659533564	NA
PF01709	1	PFAM	0.0328115468915638	0	0.0328115468915638	NA
PF00218	2	PFAM	0.032829021591677	0.016369844421394	0.032829021591677	0.0163698444213939
PF03311	1	PFAM	0.0328677298593928	0	0.0328677298593928	NA
PF00977	2	PFAM	0.0328748223725817	0.027544755384339	0.0328748223725817	0.027544755384339
PF00344	3	PFAM	0.0390583161969895	0.0297849677639612	0.0328760839083039	0.0174719709034561
PF08323	8	PFAM	0.0281880462896376	0.0171916232344629	0.0330554264977203	0.00980430508292776
PF05834	2	PFAM	0.0332771178166484	0.006525060739567	0.0332771178166484	0.006525060739567
PF10105	1	PFAM	0.0333595800795792	0	0.0333595800795792	NA
PF01215	1	PFAM	0.0333698349604956	0	0.0333698349604956	NA
PF03985	1	PFAM	0.0334505218182527	0	0.0334505218182527	NA
PF08784	1	PFAM	0.0335431570630409	0	0.0335431570630409	NA
PF08367	1	PFAM	0.0335657779838539	0	0.0335657779838539	NA
PF01187	1	PFAM	0.0336051345915338	0	0.0336051345915338	NA
PF01293	1	PFAM	0.0339448945781199	0	0.0339448945781199	NA
PF08498	1	PFAM	0.0340268609889063	0	0.0340268609889063	NA
PF06703	1	PFAM	0.034038127165524	0	0.034038127165524	NA
PF10502	2	PFAM	0.0340697313948196	0.0147112333372061	0.0340697313948196	0.014711233337206
PF06957	1	PFAM	0.0340768962722313	0	0.0340768962722313	NA
PF08389	3	PFAM	0.0375218974074023	0.0307518643359247	0.0341761631224281	0.0178332331482951
PF05185	2	PFAM	0.0342279387874237	0.0113093990521088	0.0342279387874237	0.0113093990521087
PF03357	7	PFAM	0.00671765415300516	0.0320866666651365	0.0342941305049659	0.0218250292195392
PF02861	4	PFAM	0.0362870139229274	0.0123690655523474	0.0344386772135131	0.00479691156714379
PF08152	1	PFAM	0.0345871919152829	0	0.0345871919152829	NA
PF06415	1	PFAM	0.0347081806066385	0	0.0347081806066385	NA
PF07780	1	PFAM	0.0348159957835033	0	0.0348159957835033	NA
PF11861	1	PFAM	0.0348159957835033	0	0.0348159957835033	NA
PF00215	1	PFAM	0.0348235987930299	0	0.0348235987930299	NA
PF03343	1	PFAM	0.0348655918300503	0	0.0348655918300503	NA
PF06565	2	PFAM	0.0349053304328266	0.0264970049649886	0.0349053304328266	0.0264970049649886
PF03256	1	PFAM	0.034907174218636	0	0.034907174218636	NA
PF04725	1	PFAM	0.035174342345655	0	0.035174342345655	NA
PF07524	1	PFAM	0.0352365063801223	0	0.0352365063801223	NA
PF10406	1	PFAM	0.0352365063801223	0	0.0352365063801223	NA
PF06246	1	PFAM	0.0352719764463437	0	0.0352719764463437	NA
PF09756	1	PFAM	0.0353974750952052	0	0.0353974750952052	NA
PF03378	1	PFAM	0.0356328498674661	0	0.0356328498674661	NA
PF08506	1	PFAM	0.0356328498674661	0	0.0356328498674661	NA
PF01756	4	PFAM	0.040471688483774	0.0179588982771618	0.0357589816973915	0.0117746533136628
PF06925	1	PFAM	0.0358331319857093	0	0.0358331319857093	NA
PF02080	4	PFAM	0.0371089237556971	0.016692818274561	0.0359957546050265	0.00971848240321455
PF12265	2	PFAM	0.0360350584574732	0.0225860185251194	0.0360350584574732	0.0225860185251195
PF01000	2	PFAM	0.0360625375535883	0.0202259654927435	0.0360625375535883	0.0202259654927435
PF02136	3	PFAM	0	0.0541394790948545	0.0360929860632363	0.0360929860632363
PF10447	1	PFAM	0.036231797505173	0	0.036231797505173	NA
PF04921	1	PFAM	0.0362776308066953	0	0.0362776308066953	NA
PF01257	1	PFAM	0.0363792664530204	0	0.0363792664530204	NA
PF03248	1	PFAM	0.0363831499006731	0	0.0363831499006731	NA
PF04053	3	PFAM	0.0340768962722313	0.0243755903646925	0.0364369732708699	0.014122639958673
PF03781	1	PFAM	0.0366632560641339	0	0.0366632560641339	NA
PF09366	2	PFAM	0.03686934889133	0.000390460107087445	0.03686934889133	0.000390460107087452
PF04427	5	PFAM	0.0263843164379076	0.0266420151881754	0.0369839558917073	0.0143286446549771
PF04086	1	PFAM	0.0371517104306998	0	0.0371517104306998	NA
PF02514	2	PFAM	0.0372508544809301	0.0300635926904837	0.0372508544809301	0.0300635926904836
PF11965	2	PFAM	0.0372508544809301	0.0300635926904837	0.0372508544809301	0.0300635926904836
PF02391	1	PFAM	0.0373564518285715	0	0.0373564518285715	NA
PF03345	1	PFAM	0.0373679033518043	0	0.0373679033518043	NA
PF03776	1	PFAM	0.0375464131358216	0	0.0375464131358216	NA
PF05916	4	PFAM	0.0396488368508359	0.0161860140190281	0.0375621970451219	0.00585741223597039
PF01409	2	PFAM	0.0375997939927444	0.00909113142538725	0.0375997939927444	0.00909113142538725
PF00709	1	PFAM	0.0377360951513959	0	0.0377360951513959	NA
PF03029	3	PFAM	0.0192378213144021	0.0340829262922532	0.0379817462875931	0.0217956181161384
PF00854	1	PFAM	0.0381256039399054	0	0.0381256039399054	NA
PF08393	16	PFAM	0.0234794274270089	0.0355037926127733	0.0381689886640188	0.00907089831183407
PF01092	1	PFAM	0.0381841444707293	0	0.0381841444707293	NA
PF00384	1	PFAM	0.0382331634388008	0	0.0382331634388008	NA
PF09326	1	PFAM	0.0382331634388008	0	0.0382331634388008	NA
PF10588	1	PFAM	0.0382331634388008	0	0.0382331634388008	NA
PF05726	1	PFAM	0.0383476930833429	0	0.0383476930833429	NA
PF03690	1	PFAM	0.0383823356720756	0	0.0383823356720756	NA
PF08156	2	PFAM	0.0383984355305176	0.00177487532526165	0.0383984355305176	0.00177487532526165
PF06991	1	PFAM	0.0384335693449382	0	0.0384335693449382	NA
PF00348	4	PFAM	0.035761411505132	0.0742285498587877	0.0384671383536557	0.0223186218860465
PF04004	1	PFAM	0.0386038102339003	0	0.0386038102339003	NA
PF03665	1	PFAM	0.0386279921659806	0	0.0386279921659806	NA
PF09763	1	PFAM	0.0388073606608511	0	0.0388073606608511	NA
PF06658	1	PFAM	0.0389252962379937	0	0.0389252962379937	NA
PF03810	10	PFAM	0.0381849620837831	0.0133415211125357	0.0389748627837117	0.00734326440810447
PF05762	1	PFAM	0.0390041853844912	0	0.0390041853844912	NA
PF00311	1	PFAM	0.0390295844816834	0	0.0390295844816834	NA
PF01237	4	PFAM	0.0402621875153132	0.0552514866551653	0.0390522381606759	0.018355681361529
PF01336	6	PFAM	0.0390718978618303	0.0303824996959688	0.0391660539079494	0.0114488612967804
PF07975	1	PFAM	0.0391765418209904	0	0.0391765418209904	NA
PF04097	1	PFAM	0.0392414514199394	0	0.0392414514199394	NA
PF05839	1	PFAM	0.0392592122788102	0	0.0392592122788102	NA
PF01450	1	PFAM	0.0392852512525097	0	0.0392852512525097	NA
PF07991	1	PFAM	0.0392852512525097	0	0.0392852512525097	NA
PF08545	1	PFAM	0.0393247532151216	0	0.0393247532151216	NA
PF06437	1	PFAM	0.0393351701529328	0	0.0393351701529328	NA
PF02655	1	PFAM	0.0394908627790034	0	0.0394908627790034	NA
PF02142	2	PFAM	0.0395445496796826	0.00757190863467265	0.0395445496796826	0.00757190863467265
PF00888	4	PFAM	0.0207238469767275	0.0357018166758226	0.039572841188824	0.0262754804844115
PF00416	3	PFAM	0.0498326998508012	0.0345632813272264	0.0396530875017513	0.0205940023371506
PF00731	2	PFAM	0.0396769608790779	0.0317001508721469	0.0396769608790779	0.0317001508721469
PF02806	4	PFAM	0.0400636424414205	0.0433867372386831	0.0396934505490085	0.0130032458976934
PF03656	1	PFAM	0.0398327260658538	0	0.0398327260658538	NA
PF02883	2	PFAM	0.0398335727702891	0.0108689485636201	0.0398335727702891	0.0108689485636201
PF04172	1	PFAM	0.0398769955855286	0	0.0398769955855286	NA
PF04900	2	PFAM	0.0399065571957689	0.0399065571957689	0.0399065571957689	0.0399065571957689
PF01869	1	PFAM	0.0399234318568447	0	0.0399234318568447	NA
PF00071	16	PFAM	0.0247430463724969	0.0396937495602164	0.0400372481132495	0.0145079651362979
PF08231	1	PFAM	0.0400608840698283	0	0.0400608840698283	NA
PF02096	3	PFAM	0.0384836239844222	0.008630472706666	0.0400804241851855	0.00504636460901558
PF02724	1	PFAM	0.0401655876194761	0	0.0401655876194761	NA
PF00684	2	PFAM	0.0402557667494709	0.0221816164863962	0.0402557667494709	0.0221816164863962
PF03807	2	PFAM	0.0402936783279662	0.0314667378407881	0.0402936783279662	0.0314667378407881
PF01667	1	PFAM	0.040353256382354	0	0.040353256382354	NA
PF08542	3	PFAM	0.03080597799364	0.0155237859941293	0.0403716168301774	0.0101589700323545
PF04095	1	PFAM	0.0404902145291935	0	0.0404902145291935	NA
PF01778	1	PFAM	0.0405866617470713	0	0.0405866617470713	NA
PF05291	1	PFAM	0.0405913658442705	0	0.0405913658442705	NA
PF00185	2	PFAM	0.0406319175675603	0.00866833706120814	0.0406319175675603	0.00866833706120815
PF02729	2	PFAM	0.0406319175675603	0.00866833706120814	0.0406319175675603	0.00866833706120815
PF02353	2	PFAM	0.0408319844271397	4.41616939435008e-05	0.0408319844271397	4.41616939435008e-05
PF08477	2	PFAM	0.0409624209273733	0.0312490713808715	0.0409624209273733	0.0312490713808715
PF00208	2	PFAM	0.0410319510155132	0.014365995817394	0.0410319510155132	0.014365995817394
PF02812	2	PFAM	0.0410319510155132	0.014365995817394	0.0410319510155132	0.014365995817394
PF08718	2	PFAM	0.0411404285766437	0.0258994802587724	0.0411404285766437	0.0258994802587724
PF01217	8	PFAM	0.0169709715369517	0.0508320679836661	0.0412110936998267	0.0216001791055544
PF00125	99	PFAM	0	0.00942008176907605	0.0412901546619738	0.0134622289517592
PF00542	2	PFAM	0.0413124742814606	0.0413124742814606	0.0413124742814606	0.0413124742814606
PF06046	1	PFAM	0.0413371236955418	0	0.0413371236955418	NA
PF06426	2	PFAM	0.0414208636963059	0.00106361781873435	0.0414208636963059	0.00106361781873435
PF04056	2	PFAM	0.04149995095889	0.00232340913789959	0.04149995095889	0.0023234091378996
PF09320	1	PFAM	0.0415511068207072	0	0.0415511068207072	NA
PF03291	1	PFAM	0.041586029079393	0	0.041586029079393	NA
PF00224	6	PFAM	0.0416212620684561	0.0494850372831203	0.0416292540350132	0.0169550728291106
PF02887	6	PFAM	0.0416212620684561	0.0494850372831203	0.0416292540350132	0.0169550728291106
PF00241	1	PFAM	0.0416533287106029	0	0.0416533287106029	NA
PF00389	6	PFAM	0.0374357679745247	0.0276127839527421	0.0417850074552352	0.0103705887679848
PF04818	1	PFAM	0.0419540246386454	0	0.0419540246386454	NA
PF04494	1	PFAM	0.0420595459618007	0	0.0420595459618007	NA
PF05712	1	PFAM	0.0422032917616568	0	0.0422032917616568	NA
PF08512	2	PFAM	0.0423987523148145	0.0137336477674858	0.0423987523148145	0.0137336477674858
PF00804	4	PFAM	0.0123716310402544	0.0548470840845551	0.0424754530443007	0.0347210037768745
PF12220	1	PFAM	0.0425729418502765	0	0.0425729418502765	NA
PF05173	1	PFAM	0.0426072779588879	0	0.0426072779588879	NA
PF00750	1	PFAM	0.0427561468046424	0	0.0427561468046424	NA
PF03485	1	PFAM	0.0427561468046424	0	0.0427561468046424	NA
PF05746	1	PFAM	0.0427561468046424	0	0.0427561468046424	NA
PF02254	2	PFAM	0.0428111698187981	0.0207144575632845	0.0428111698187981	0.0207144575632845
PF08561	1	PFAM	0.0428570140643335	0	0.0428570140643335	NA
PF08447	1	PFAM	0.0428575419596148	0	0.0428575419596148	NA
PF00587	8	PFAM	0.0326554382900976	0.0290819270830889	0.0428816567772652	0.0179134753921724
PF00230	3	PFAM	0.042303378318775	0.0164077833332881	0.0428989886159545	0.00947771803814446
PF00830	2	PFAM	0.0431560423210317	0.0131715354610163	0.0431560423210317	0.0131715354610163
PF00574	8	PFAM	0.0432923927308925	0.0582203880601099	0.0432107571036728	0.0140802085269232
PF03114	1	PFAM	0.0432650189569401	0	0.0432650189569401	NA
PF08606	1	PFAM	0.0432777121567273	0	0.0432777121567273	NA
PF11789	1	PFAM	0.0432777121567273	0	0.0432777121567273	NA
PF09685	2	PFAM	0.0434022243578917	0.0434022243578917	0.0434022243578917	0.0434022243578917
PF03435	3	PFAM	0.0274484136553102	0.0307246978457089	0.043406770520296	0.0194508690729814
PF01975	2	PFAM	0.0435271799801485	0.0435271799801485	0.0435271799801485	0.0435271799801485
PF00091	10	PFAM	0.0208390158913829	0.0566636199398966	0.0435766318162959	0.0216150893496289
PF05620	1	PFAM	0.0435942824344613	0	0.0435942824344613	NA
PF00576	1	PFAM	0.043612023141065	0	0.043612023141065	NA
PF09349	1	PFAM	0.043612023141065	0	0.043612023141065	NA
PF08701	1	PFAM	0.0436260010510275	0	0.0436260010510275	NA
PF04959	1	PFAM	0.0436317790378448	0	0.0436317790378448	NA
PF12066	1	PFAM	0.0436317790378448	0	0.0436317790378448	NA
PF04667	2	PFAM	0.0436354392294811	0.0436354392294811	0.0436354392294811	0.0436354392294811
PF09732	1	PFAM	0.0436999313769638	0	0.0436999313769638	NA
PF10312	1	PFAM	0.0436999313769638	0	0.0436999313769638	NA
PF01365	1	PFAM	0.0437165216152523	0	0.0437165216152523	NA
PF08454	1	PFAM	0.0437165216152523	0	0.0437165216152523	NA
PF08709	1	PFAM	0.0437165216152523	0	0.0437165216152523	NA
PF00805	4	PFAM	0.0282646732762053	0.0719818756550772	0.0437172023788719	0.0282179322132384
PF00166	4	PFAM	0.0333920472895321	0.0523599913282434	0.0438259030651626	0.0239609648938987
PF03517	1	PFAM	0.0439067455425852	0	0.0439067455425852	NA
PF03935	1	PFAM	0.0440251637070178	0	0.0440251637070178	NA
PF01067	1	PFAM	0.044043001668064	0	0.044043001668064	NA
PF01399	14	PFAM	0.0364705805463049	0.0338974455440208	0.0440889978918952	0.0113701399142602
PF09325	2	PFAM	0.044194633500941	0.00670636232432326	0.044194633500941	0.00670636232432325
PF00174	2	PFAM	0.0442034863189594	0.000662338445497054	0.0442034863189594	0.000662338445497047
PF03404	2	PFAM	0.0442034863189594	0.000662338445497054	0.0442034863189594	0.000662338445497047
PF00815	1	PFAM	0.0442073808162428	0	0.0442073808162428	NA
PF00346	1	PFAM	0.0442155755248135	0	0.0442155755248135	NA
PF00923	3	PFAM	0.0482132621186158	0.00881075417558155	0.0443021826259191	0.00544982557033318
PF02361	1	PFAM	0.0444684008836545	0	0.0444684008836545	NA
PF04137	1	PFAM	0.0444906474070393	0	0.0444906474070393	NA
PF00177	2	PFAM	0.0445137481365522	0.0445137481365523	0.0445137481365522	0.0445137481365522
PF01262	1	PFAM	0.0446231976803127	0	0.0446231976803127	NA
PF02233	1	PFAM	0.0446231976803127	0	0.0446231976803127	NA
PF05222	1	PFAM	0.0446231976803127	0	0.0446231976803127	NA
PF01968	1	PFAM	0.0448134599826478	0	0.0448134599826478	NA
PF02538	1	PFAM	0.0448134599826478	0	0.0448134599826478	NA
PF05378	1	PFAM	0.0448134599826478	0	0.0448134599826478	NA
PF00762	1	PFAM	0.0449510621623356	0	0.0449510621623356	NA
PF03986	1	PFAM	0.0450289087807739	0	0.0450289087807739	NA
PF03987	1	PFAM	0.0450289087807739	0	0.0450289087807739	NA
PF10381	1	PFAM	0.0450289087807739	0	0.0450289087807739	NA
PF08172	2	PFAM	0.0452403482831926	0.00749375456234144	0.0452403482831926	0.00749375456234145
PF00352	1	PFAM	0.0453166822453286	0	0.0453166822453286	NA
PF05706	1	PFAM	0.0453637325715345	0	0.0453637325715345	NA
PF01246	2	PFAM	0.0454138134745277	0.0454138134745277	0.0454138134745277	0.0454138134745277
PF04756	2	PFAM	0.0454349917554997	0.0184918255106717	0.0454349917554997	0.0184918255106717
PF08264	7	PFAM	0.0495548757728722	0.0206842976452719	0.0454582118813953	0.0050963812691257
PF05285	1	PFAM	0.045463475171556	0	0.045463475171556	NA
PF08158	1	PFAM	0.045463475171556	0	0.045463475171556	NA
PF06454	1	PFAM	0.0457567188248012	0	0.0457567188248012	NA
PF01920	4	PFAM	0.030632489864862	0.0298319171638476	0.0457952752718064	0.0189759686604304
PF00329	1	PFAM	0.045809046659715	0	0.045809046659715	NA
PF05047	2	PFAM	0.0459331020719874	0.0115474107754062	0.0459331020719874	0.0115474107754062
PF04153	2	PFAM	0.0459392652265421	0.0171260530510042	0.0459392652265421	0.0171260530510042
PF07244	1	PFAM	0.0462214384012025	0	0.0462214384012025	NA
PF08479	1	PFAM	0.0462214384012025	0	0.0462214384012025	NA
PF09334	3	PFAM	0.0412050653814935	0.0161339133392538	0.0466264266391406	0.00970131482588811
PF02637	1	PFAM	0.04666136365204	0	0.04666136365204	NA
PF02934	1	PFAM	0.04666136365204	0	0.04666136365204	NA
PF02310	1	PFAM	0.0466836371425317	0	0.0466836371425317	NA
PF02965	1	PFAM	0.0466836371425317	0	0.0466836371425317	NA
PF04100	1	PFAM	0.0467028405590185	0	0.0467028405590185	NA
PF11916	1	PFAM	0.0469870913488593	0	0.0469870913488593	NA
PF05198	1	PFAM	0.0469937932359922	0	0.0469937932359922	NA
PF01808	1	PFAM	0.0471164583143552	0	0.0471164583143552	NA
PF12327	2	PFAM	0.0471697339458702	0.0189877719880527	0.0471697339458702	0.0189877719880527
PF01946	1	PFAM	0.0472235281524901	0	0.0472235281524901	NA
PF04104	1	PFAM	0.0472678191376341	0	0.0472678191376341	NA
PF00044	3	PFAM	0.0686770781148545	0.0371475674842829	0.0476574043611401	0.0238838284447434
PF02800	3	PFAM	0.0686770781148545	0.0371475674842829	0.0476574043611401	0.0238838284447434
PF07884	1	PFAM	0.0476669252776553	0	0.0476669252776553	NA
PF04893	2	PFAM	0.0476930290360506	0.0141467665155373	0.0476930290360506	0.0141467665155373
PF06552	1	PFAM	0.0477401032908608	0	0.0477401032908608	NA
PF01502	1	PFAM	0.0478506631770023	0	0.0478506631770023	NA
PF01503	1	PFAM	0.0478506631770023	0	0.0478506631770023	NA
PF03177	1	PFAM	0.0478848586858235	0	0.0478848586858235	NA
PF08801	1	PFAM	0.0478848586858235	0	0.0478848586858235	NA
PF06026	2	PFAM	0.0479671880739145	0.0100417589861476	0.0479671880739145	0.0100417589861475
PF01106	3	PFAM	0.0625909778034802	0.0301054128328509	0.0479740531127828	0.0188553860333197
PF03602	1	PFAM	0.0481975964521764	0	0.0481975964521764	NA
PF00463	3	PFAM	0.0388210231978874	0.0529007000645475	0.0482074744423275	0.0309007182631861
PF00682	3	PFAM	0.0581278451809067	0.015193515181262	0.0483112197419219	0.0100518241266653
PF04068	2	PFAM	0.0485053687335456	0.0485053687335456	0.0485053687335456	0.0485053687335456
PF09755	1	PFAM	0.0485531627376769	0	0.0485531627376769	NA
PF00334	4	PFAM	0.0241454573185763	0.0449828654324246	0.0485888312637534	0.0330669032269432
PF01363	1	PFAM	0.0487430386482293	0	0.0487430386482293	NA
PF09229	3	PFAM	0.0510649879720803	0.0325057668874779	0.048808847176824	0.018801086044952
PF08209	1	PFAM	0.0488470873786408	0	0.0488470873786408	NA
PF03153	1	PFAM	0.0489117068050355	0	0.0489117068050355	NA
PF09801	2	PFAM	0.0489738527394134	0.0087464450045678	0.0489738527394134	0.0087464450045678
PF00575	8	PFAM	0.045794647740917	0.0580429150523829	0.0490081133776699	0.0163331166546323
PF00158	1	PFAM	0.0492214364408629	0	0.0492214364408629	NA
PF00119	1	PFAM	0.0494121484732812	0	0.0494121484732812	NA
PF07818	1	PFAM	0.0495010754467178	0	0.0495010754467178	NA
PF12400	1	PFAM	0.0495842679521898	0	0.0495842679521898	NA
PF00483	7	PFAM	0.0345216357344795	0.0492571199997982	0.0498348671467341	0.0224057723652571
PF01916	2	PFAM	0.0498543197283704	0.0142183190812781	0.0498543197283704	0.0142183190812782
PF04791	2	PFAM	0.0499010508683993	0.0274825719887101	0.0499010508683993	0.02748257198871
PF01134	1	PFAM	0.0499232755988492	0	0.0499232755988492	NA
PF04107	1	PFAM	0.0499378660887291	0	0.0499378660887291	NA
PF03178	3	PFAM	0.043536563164295	0.0516095134083007	0.0499547545404619	0.0299690771721308
PF01136	1	PFAM	0.0499666761337792	0	0.0499666761337792	NA
PF12392	1	PFAM	0.0499666761337792	0	0.0499666761337792	NA
PF10178	1	PFAM	0.0500691977682009	0	0.0500691977682009	NA
PF08216	1	PFAM	0.0500807839235105	0	0.0500807839235105	NA
PF06803	1	PFAM	0.0503919815265609	0	0.0503919815265609	NA
PF04819	2	PFAM	0.0504202134486689	0.0269756117296246	0.0504202134486689	0.0269756117296246
PF01268	1	PFAM	0.050425700555168	0	0.050425700555168	NA
PF01096	3	PFAM	0	0.075778646377261	0.0505190975848407	0.0505190975848407
PF11715	1	PFAM	0.050638374690351	0	0.050638374690351	NA
PF04136	1	PFAM	0.0506570311893089	0	0.0506570311893089	NA
PF02678	2	PFAM	0.0506914016114556	0.0123437085281128	0.0506914016114556	0.0123437085281128
PF00162	2	PFAM	0.0507544488823875	0.0507544488823875	0.0507544488823875	0.0507544488823875
PF00717	3	PFAM	0.0193584980576136	0.059106716496732	0.0507868400213712	0.0375695330641209
PF03998	1	PFAM	0.0508386259801462	0	0.0508386259801462	NA
PF03106	1	PFAM	0.0508857386372137	0	0.0508857386372137	NA
PF03896	1	PFAM	0.0508957076474214	0	0.0508957076474214	NA
PF03255	1	PFAM	0.050906059092189	0	0.050906059092189	NA
PF05026	1	PFAM	0.0509134463941043	0	0.0509134463941043	NA
PF01274	1	PFAM	0.0509441382323229	0	0.0509441382323229	NA
PF08662	2	PFAM	0.0509570237539994	0.0439968134234945	0.0509570237539994	0.0439968134234945
PF08327	1	PFAM	0.0510649879720803	0	0.0510649879720803	NA
PF08449	7	PFAM	0.0439205655044446	0.0339285861515198	0.051100004449261	0.0146692114244435
PF01747	2	PFAM	0.0512677833535962	0.0219078134399209	0.0512677833535962	0.0219078134399209
PF00289	6	PFAM	0.0460246665399712	0.0377574522453531	0.0513762371679318	0.0147934372172842
PF02786	6	PFAM	0.0460246665399712	0.0377574522453531	0.0513762371679318	0.0147934372172842
PF04037	1	PFAM	0.0514383507152432	0	0.0514383507152432	NA
PF09416	1	PFAM	0.0514766710646309	0	0.0514766710646309	NA
PF03224	1	PFAM	0.0516347811812805	0	0.0516347811812805	NA
PF11698	1	PFAM	0.0516347811812805	0	0.0516347811812805	NA
PF04729	1	PFAM	0.0516379301961993	0	0.0516379301961993	NA
PF01496	3	PFAM	0.0510469023579093	0.0219420687835249	0.051700850027039	0.0126724782917734
PF01259	1	PFAM	0.0518860734586848	0	0.0518860734586848	NA
PF07304	1	PFAM	0.051968848206426	0	0.051968848206426	NA
PF03735	1	PFAM	0.0519796259708284	0	0.0519796259708284	NA
PF00562	3	PFAM	0.0170271466348324	0.0580820809845424	0.0520474394099025	0.0378300753855697
PF04560	3	PFAM	0.0170271466348324	0.0580820809845424	0.0520474394099025	0.0378300753855697
PF04561	3	PFAM	0.0170271466348324	0.0580820809845424	0.0520474394099025	0.0378300753855697
PF04563	3	PFAM	0.0170271466348324	0.0580820809845424	0.0520474394099025	0.0378300753855697
PF04565	3	PFAM	0.0170271466348324	0.0580820809845424	0.0520474394099025	0.0378300753855697
PF00956	4	PFAM	0.0519588849056508	0.0317706187981908	0.0522631184255579	0.0215131443996835
PF05891	1	PFAM	0.052272874321869	0	0.052272874321869	NA
PF03208	2	PFAM	0.0523726963454309	0.0159623351906486	0.0523726963454309	0.0159623351906486
PF00504	36	PFAM	0.00535600295447975	0.0744490165060109	0.0523913942515129	0.0162805223163894
PF04115	1	PFAM	0.0524292179916712	0	0.0524292179916712	NA
PF05817	1	PFAM	0.0524845352598636	0	0.0524845352598636	NA
PF02184	1	PFAM	0.0525677653270833	0	0.0525677653270833	NA
PF02127	1	PFAM	0.05264197992353	0	0.05264197992353	NA
PF10520	1	PFAM	0.0527149739596153	0	0.0527149739596153	NA
PF05631	2	PFAM	0.0527325087640742	0.0051949469098173	0.0527325087640742	0.0051949469098173
PF01515	2	PFAM	0.0527976981747417	0.023836930986431	0.0527976981747417	0.0238369309864309
PF07085	2	PFAM	0.0527976981747417	0.023836930986431	0.0527976981747417	0.0238369309864309
PF05711	1	PFAM	0.0528863229242049	0	0.0528863229242049	NA
PF05915	2	PFAM	0.0530262580566496	0.0123605980699713	0.0530262580566496	0.0123605980699712
PF05362	1	PFAM	0.0531540513143618	0	0.0531540513143618	NA
PF10262	3	PFAM	0.0249352584768772	0.0447942805163603	0.0531766423436128	0.0294658524906918
PF01212	1	PFAM	0.0532186635273509	0	0.0532186635273509	NA
PF01423	16	PFAM	0	0.0532296689769834	0.0533249153967542	0.0263023705152612
PF03199	1	PFAM	0.0533295840528814	0	0.0533295840528814	NA
PF03917	1	PFAM	0.0533295840528814	0	0.0533295840528814	NA
PF02197	2	PFAM	0.0534166396758609	0.011704996736193	0.0534166396758609	0.011704996736193
PF00831	1	PFAM	0.053448275862069	0	0.053448275862069	NA
PF06827	1	PFAM	0.053563244185508	0	0.053563244185508	NA
PF04121	1	PFAM	0.0537169694656593	0	0.0537169694656593	NA
PF09996	1	PFAM	0.0537659500158766	0	0.0537659500158766	NA
PF01488	2	PFAM	0.0538241609119129	0.0269678194281965	0.0538241609119129	0.0269678194281965
PF09412	1	PFAM	0.0538819471818916	0	0.0538819471818916	NA
PF07019	2	PFAM	0.0539655672669895	0.0539655672669895	0.0539655672669895	0.0539655672669895
PF03876	3	PFAM	0	0.0814026538886055	0.054268435925737	0.054268435925737
PF08221	2	PFAM	0.0544803162844862	0.0087860648511696	0.0544803162844862	0.0087860648511696
PF05207	1	PFAM	0.0547169811320755	0	0.0547169811320755	NA
PF10568	1	PFAM	0.0547686862232536	0	0.0547686862232536	NA
PF04057	2	PFAM	0.0547830341329938	0.0266561367512801	0.0547830341329938	0.0266561367512801
PF08646	2	PFAM	0.0547830341329938	0.0266561367512801	0.0547830341329938	0.0266561367512801
PF00676	5	PFAM	0.0316504980459072	0.0904304694913639	0.0548285752415732	0.0235735906420013
PF03130	1	PFAM	0.0550820507592931	0	0.0550820507592931	NA
PF00585	1	PFAM	0.0551652512836031	0	0.0551652512836031	NA
PF02938	1	PFAM	0.0552099024011453	0	0.0552099024011453	NA
PF02785	5	PFAM	0.0600766920349325	0.0409752526638299	0.0552569563925162	0.0174836696520641
PF02230	1	PFAM	0.0553583588734306	0	0.0553583588734306	NA
PF08513	2	PFAM	0.055381754439704	0.055381754439704	0.055381754439704	0.055381754439704
PF05021	1	PFAM	0.0553858338155287	0	0.0553858338155287	NA
PF00291	9	PFAM	0.0268752972533351	0.0277010058524556	0.0554058742768809	0.0287793837515839
PF03951	3	PFAM	0	0.083220661693406	0.0554804411289373	0.0554804411289373
PF01103	3	PFAM	0.0462214384012025	0.0477358616488769	0.0555276773179529	0.0279503550928096
PF02731	1	PFAM	0.0559524165446714	0	0.0559524165446714	NA
PF05328	1	PFAM	0.0562344268742325	0	0.0562344268742325	NA
PF01676	2	PFAM	0.056496597945792	0.0217884173391534	0.056496597945792	0.0217884173391534
PF01218	2	PFAM	0.0565454515141297	0.0137271746994168	0.0565454515141297	0.0137271746994169
PF09127	1	PFAM	0.0566187817733391	0	0.0566187817733391	NA
PF11998	3	PFAM	0.0630873718972334	0.00966019371095395	0.0567430267936584	0.00641631718428614
PF02212	4	PFAM	0.0321649101090054	0.0592931947714912	0.0568185253670162	0.0365293560715675
PF04000	1	PFAM	0.0568412772121369	0	0.0568412772121369	NA
PF09368	1	PFAM	0.0568412772121369	0	0.0568412772121369	NA
PF01960	1	PFAM	0.0568499058063909	0	0.0568499058063909	NA
PF02686	1	PFAM	0.0569215822035886	0	0.0569215822035886	NA
PF00995	4	PFAM	0.0428707864081622	0.0401750836151958	0.0569652487652422	0.0218406075273871
PF01411	2	PFAM	0.0571496933466789	0.0068827330267325	0.0571496933466789	0.0068827330267325
PF02272	2	PFAM	0.0571496933466789	0.0068827330267325	0.0571496933466789	0.0068827330267325
PF01582	3	PFAM	0.0541791428025867	0.0133495649925369	0.0572868319804758	0.00786244627983221
PF00387	1	PFAM	0.0574265440055072	0	0.0574265440055072	NA
PF00388	1	PFAM	0.0574265440055072	0	0.0574265440055072	NA
PF02629	1	PFAM	0.0574741197120986	0	0.0574741197120986	NA
PF08597	1	PFAM	0.0575281428431262	0	0.0575281428431262	NA
PF04910	1	PFAM	0.0575391897309236	0	0.0575391897309236	NA
PF03144	19	PFAM	0.0364984178404634	0.0386216436675128	0.0575543993465022	0.0182334867703288
PF00763	3	PFAM	0.0574315468912071	0.0163520908222458	0.0575738897393258	0.00944115230209009
PF02882	3	PFAM	0.0574315468912071	0.0163520908222458	0.0575738897393258	0.00944115230209009
PF01521	2	PFAM	0.0575988410935535	0.0575988410935535	0.0575988410935535	0.0575988410935535
PF03081	1	PFAM	0.0578880817502359	0	0.0578880817502359	NA
PF08490	1	PFAM	0.0579471668080363	0	0.0579471668080363	NA
PF03540	1	PFAM	0.058023348679328	0	0.058023348679328	NA
PF09743	1	PFAM	0.0580690337180816	0	0.0580690337180816	NA
PF06962	1	PFAM	0.0581345848585208	0	0.0581345848585208	NA
PF05681	1	PFAM	0.0584601248863153	0	0.0584601248863153	NA
PF05683	1	PFAM	0.0584601248863153	0	0.0584601248863153	NA
PF00268	2	PFAM	0.0585819572693235	0.0585819572693235	0.0585819572693235	0.0585819572693235
PF08502	1	PFAM	0.0585964222036915	0	0.0585964222036915	NA
PF02453	2	PFAM	0.0588183781353079	0.00169518036500525	0.0588183781353079	0.00169518036500525
PF01008	4	PFAM	0.0415110704782551	0.0534008507644239	0.058939583368932	0.033021467365097
PF08492	1	PFAM	0.0593300705111665	0	0.0593300705111665	NA
PF00275	1	PFAM	0.0593920618995728	0	0.0593920618995728	NA
PF01641	4	PFAM	0.0524050393089341	0.0676183728181085	0.0594295713061335	0.0241413613993163
PF07200	1	PFAM	0.0595079342139809	0	0.0595079342139809	NA
PF00698	2	PFAM	0.0595658058196481	0.0508112905764909	0.0595658058196481	0.0508112905764909
PF00262	2	PFAM	0.059605923553033	0.052126129913424	0.059605923553033	0.052126129913424
PF10408	2	PFAM	0.0596883600762487	0.0101623864023468	0.0596883600762487	0.0101623864023468
PF00459	6	PFAM	0.0617977311978738	0.0169098018187801	0.0597636270394125	0.00995204934271229
PF00557	9	PFAM	0.0593379924205144	0.0586005174606076	0.0597649593652559	0.0137011850272653
PF02405	1	PFAM	0.0598013013167122	0	0.0598013013167122	NA
PF02416	2	PFAM	0.0598298459904567	0.0129445843840648	0.0598298459904567	0.0129445843840648
PF04142	1	PFAM	0.0599445371481233	0	0.0599445371481233	NA
PF00479	1	PFAM	0.0599553089062544	0	0.0599553089062544	NA
PF02626	1	PFAM	0.0600766920349325	0	0.0600766920349325	NA
PF02682	1	PFAM	0.0600766920349325	0	0.0600766920349325	NA
PF03152	2	PFAM	0.060151999575718	0.060151999575718	0.060151999575718	0.060151999575718
PF02770	7	PFAM	0.0580675071215968	0.0335658305575959	0.0601818832040171	0.0153653512341114
PF04059	1	PFAM	0.0603869485781589	0	0.0603869485781589	NA
PF04810	4	PFAM	0.0443706437445845	0.0537384058717222	0.0604557939475847	0.0328692274509054
PF04811	4	PFAM	0.0443706437445845	0.0537384058717222	0.0604557939475847	0.0328692274509054
PF02922	7	PFAM	0.0609842392758388	0.0416893472494442	0.060623116476965	0.0157206079247008
PF00118	15	PFAM	0.0071762813865429	0.068685595001241	0.0607761417781696	0.0285382498136028
PF07721	2	PFAM	0.060778262946392	0.060778262946392	0.060778262946392	0.060778262946392
PF02089	1	PFAM	0.0609817670545981	0	0.0609817670545981	NA
PF00637	2	PFAM	0.0610306868080953	0.0499242482128287	0.0610306868080953	0.0499242482128287
PF10009	1	PFAM	0.0612391205444437	0	0.0612391205444437	NA
PF05255	2	PFAM	0.0613536466852932	0.00853016127018465	0.0613536466852932	0.00853016127018465
PF04845	1	PFAM	0.0613659154086373	0	0.0613659154086373	NA
PF07767	1	PFAM	0.0616887169813489	0	0.0616887169813489	NA
PF00596	1	PFAM	0.0616938641546305	0	0.0616938641546305	NA
PF03824	1	PFAM	0.0616976774872001	0	0.0616976774872001	NA
PF03600	5	PFAM	0.0403959072856099	0.0245853311879551	0.0617254851923384	0.0268083639230112
PF05653	4	PFAM	0.0613162498686289	0.0433593925531854	0.0619525017485812	0.0137586444465151
PF04227	1	PFAM	0.0619702221438749	0	0.0619702221438749	NA
PF11894	1	PFAM	0.0620878619288426	0	0.0620878619288426	NA
PF04030	2	PFAM	0.0621283773205455	0.00915855194961385	0.0621283773205455	0.00915855194961385
PF09324	1	PFAM	0.0622613917818337	0	0.0622613917818337	NA
PF03950	2	PFAM	0.0622695908536213	0.0315659920805219	0.0622695908536213	0.0315659920805219
PF00909	10	PFAM	0.0515072112793988	0.0477824588639227	0.0622933773424033	0.0129399236396941
PF01634	1	PFAM	0.0623361345674751	0	0.0623361345674751	NA
PF02719	1	PFAM	0.0623361345674751	0	0.0623361345674751	NA
PF08029	1	PFAM	0.0623361345674751	0	0.0623361345674751	NA
PF00453	1	PFAM	0.0623553211476215	0	0.0623553211476215	NA
PF02133	1	PFAM	0.0623688496143536	0	0.0623688496143536	NA
PF01643	1	PFAM	0.0626395083183213	0	0.0626395083183213	NA
PF04935	1	PFAM	0.0626790368999681	0	0.0626790368999681	NA
PF00543	1	PFAM	0.0626919332972879	0	0.0626919332972879	NA
PF09333	1	PFAM	0.0627956129348287	0	0.0627956129348287	NA
PF04658	1	PFAM	0.0629038788700635	0	0.0629038788700635	NA
PF03129	7	PFAM	0.0419283653889954	0.0729420201312066	0.0630428055593572	0.0251256637228865
PF04065	1	PFAM	0.0630653182775463	0	0.0630653182775463	NA
PF04152	1	PFAM	0.063145068790011	0	0.063145068790011	NA
PF05645	1	PFAM	0.0632663811356558	0	0.0632663811356558	NA
PF00276	1	PFAM	0.0633924825623485	0	0.0633924825623485	NA
PF03148	1	PFAM	0.0634131672887278	0	0.0634131672887278	NA
PF06212	1	PFAM	0.0634135406170997	0	0.0634135406170997	NA
PF03423	4	PFAM	0.0549388502877496	0.0473251579592076	0.0634403727239047	0.0194337019609281
PF08547	5	PFAM	0.0532061769624195	0.0370049139388886	0.0634946706130071	0.0218050546562653
PF06294	4	PFAM	0.0544010598270794	0.0319043864637014	0.0635028980705014	0.0261151113841528
PF02152	1	PFAM	0.0635067880185749	0	0.0635067880185749	NA
PF00565	2	PFAM	0.0635108951744934	0.0355619509173063	0.0635108951744934	0.0355619509173062
PF00338	3	PFAM	0.0199831008582599	0.085489855328046	0.063654270504784	0.0539718866872123
PF05743	1	PFAM	0.063691611898141	0	0.063691611898141	NA
PF09454	1	PFAM	0.063691611898141	0	0.063691611898141	NA
PF11265	1	PFAM	0.0637413779347737	0	0.0637413779347737	NA
PF02844	1	PFAM	0.0637976469518971	0	0.0637976469518971	NA
PF05694	2	PFAM	0.0639333662658926	0.0185678842359012	0.0639333662658926	0.0185678842359011
PF12046	1	PFAM	0.0639449256490261	0	0.0639449256490261	NA
PF03870	1	PFAM	0.0639544596085426	0	0.0639544596085426	NA
PF05832	1	PFAM	0.0639584805586583	0	0.0639584805586583	NA
PF00639	2	PFAM	0.0639914603318915	0.0432914662885665	0.0639914603318915	0.0432914662885666
PF02852	6	PFAM	0.0488992713853851	0.0107386995966084	0.0640168650114075	0.0173198475688631
PF12579	1	PFAM	0.0640304827278324	0	0.0640304827278324	NA
PF06741	1	PFAM	0.0641471764970988	0	0.0641471764970988	NA
PF00128	10	PFAM	0.0621595909532733	0.0669274235861358	0.0641627923596801	0.0133422061226296
PF00679	8	PFAM	0.0259039460280791	0.0783574107530599	0.0647592222102072	0.0292431411307629
PF05602	1	PFAM	0.0649233378236204	0	0.0649233378236204	NA
PF02875	1	PFAM	0.0649525426674766	0	0.0649525426674766	NA
PF00528	2	PFAM	0.0649527648937446	0.0587241632303294	0.0649527648937446	0.0587241632303294
PF08147	1	PFAM	0.0650691588043318	0	0.0650691588043318	NA
PF05761	2	PFAM	0.0650724005571414	0.00855748357166849	0.0650724005571414	0.0085574835716685
PF01223	1	PFAM	0.0650743119296269	0	0.0650743119296269	NA
PF02582	5	PFAM	0.0190150031406247	0.0971128314827965	0.0651079449205836	0.0372952627107759
PF08148	4	PFAM	0.0510746087525391	0.0174892433194804	0.0652115172794465	0.0161479380672562
PF01458	2	PFAM	0.0652345360961165	0.0487359729154385	0.0652345360961165	0.0487359729154385
PF02630	1	PFAM	0.065247670778035	0	0.065247670778035	NA
PF05131	1	PFAM	0.0653122864847975	0	0.0653122864847975	NA
PF02654	1	PFAM	0.0653845966217723	0	0.0653845966217723	NA
PF00199	1	PFAM	0.0654245813989932	0	0.0654245813989932	NA
PF06628	1	PFAM	0.0654245813989932	0	0.0654245813989932	NA
PF05673	1	PFAM	0.0654567305729724	0	0.0654567305729724	NA
PF02790	1	PFAM	0.0656046169587039	0	0.0656046169587039	NA
PF00018	1	PFAM	0.0656667548467804	0	0.0656667548467804	NA
PF05697	1	PFAM	0.0657320044059368	0	0.0657320044059368	NA
PF05698	1	PFAM	0.0657320044059368	0	0.0657320044059368	NA
PF01931	1	PFAM	0.0659305914504246	0	0.0659305914504246	NA
PF00398	2	PFAM	0.0660424837292935	0.0660424837292935	0.0660424837292935	0.0660424837292935
PF04367	1	PFAM	0.0660858844625492	0	0.0660858844625492	NA
PF06201	2	PFAM	0.0661010422600985	0.0661010422600985	0.0661010422600985	0.0661010422600985
PF11317	1	PFAM	0.0661037947558552	0	0.0661037947558552	NA
PF01039	3	PFAM	0.0691846445049975	0.06459129712277	0.0661224129168458	0.0373232215951703
PF03800	1	PFAM	0.0661849608178472	0	0.0661849608178472	NA
PF01649	1	PFAM	0.0662112355915614	0	0.0662112355915614	NA
PF03730	1	PFAM	0.0662428081277697	0	0.0662428081277697	NA
PF03731	1	PFAM	0.0662428081277697	0	0.0662428081277697	NA
PF01687	2	PFAM	0.0662563486610478	0.0263703093229073	0.0662563486610478	0.0263703093229073
PF08328	1	PFAM	0.066289479702203	0	0.066289479702203	NA
PF09751	1	PFAM	0.0663192584080135	0	0.0663192584080135	NA
PF00365	3	PFAM	0.0563786501796448	0.0624520497988684	0.0663847524692713	0.0364021523464075
PF04190	1	PFAM	0.0664558806424645	0	0.0664558806424645	NA
PF07942	1	PFAM	0.0666015892347985	0	0.0666015892347985	NA
PF05869	1	PFAM	0.0666154301902222	0	0.0666154301902222	NA
PF01071	2	PFAM	0.0667290495344459	0.00293140258254874	0.0667290495344459	0.00293140258254875
PF02843	2	PFAM	0.0667290495344459	0.00293140258254874	0.0667290495344459	0.00293140258254875
PF09239	1	PFAM	0.0667421696976147	0	0.0667421696976147	NA
PF08153	1	PFAM	0.0669266896983101	0	0.0669266896983101	NA
PF00625	4	PFAM	0.0525389756117609	0.0206605328092501	0.0669439683474895	0.0166966082471173
PF00493	8	PFAM	0.0281712571757813	0.0468678485238191	0.067203481331121	0.0321375047216837
PF09269	1	PFAM	0.0672655589448893	0	0.0672655589448893	NA
PF02446	2	PFAM	0.0673543432675976	0.0320673742499938	0.0673543432675976	0.0320673742499937
PF11460	1	PFAM	0.0673883449409607	0	0.0673883449409607	NA
PF01012	2	PFAM	0.0673921010717974	0.0221452160211016	0.0673921010717974	0.0221452160211017
PF10191	1	PFAM	0.0675443402156735	0	0.0675443402156735	NA
PF02622	3	PFAM	0.0327900195687825	0.0562185116311497	0.0677090537529584	0.036855688214478
PF01434	8	PFAM	0.0486795217773451	0.070897211538681	0.0678594641411723	0.0236898717547579
PF07919	1	PFAM	0.0678603172921919	0	0.0678603172921919	NA
PF11817	1	PFAM	0.0678603172921919	0	0.0678603172921919	NA
PF01250	2	PFAM	0.067864166514892	0.0265439343472629	0.067864166514892	0.0265439343472629
PF06644	1	PFAM	0.0678788582084895	0	0.0678788582084895	NA
PF00441	5	PFAM	0.0589811042572871	0.0310264267038559	0.0680659610921143	0.0209928679327022
PF01373	3	PFAM	0.0674712078556008	0.0527478045778801	0.0681488810082822	0.0304558440941561
PF01077	3	PFAM	0.0883645213444601	0.0386379819529516	0.0682499694891772	0.0244699819278694
PF03460	3	PFAM	0.0883645213444601	0.0386379819529516	0.0682499694891772	0.0244699819278694
PF04091	1	PFAM	0.0682839601474596	0	0.0682839601474596	NA
PF01113	2	PFAM	0.068304279167812	0.0256970012089241	0.068304279167812	0.0256970012089241
PF02201	2	PFAM	0.0684952694151038	0.0203523486444763	0.0684952694151038	0.0203523486444763
PF01479	8	PFAM	0.0481084920110987	0.0958697667828079	0.0685524749210462	0.0292951652203178
PF04081	1	PFAM	0.0687690081272379	0	0.0687690081272379	NA
PF03795	1	PFAM	0.0687771589894455	0	0.0687771589894455	NA
PF00792	1	PFAM	0.068791636110779	0	0.068791636110779	NA
PF07889	1	PFAM	0.0688158766842419	0	0.0688158766842419	NA
PF06825	1	PFAM	0.0688699542834544	0	0.0688699542834544	NA
PF01248	6	PFAM	0	0.0460595559615538	0.0688754293488698	0.0574745872955364
PF00274	4	PFAM	0.0426031280616892	0.0971631023241108	0.0689279220183871	0.0438742270686513
PF11262	1	PFAM	0.0689842983390889	0	0.0689842983390889	NA
PF11732	1	PFAM	0.0689842983390889	0	0.0689842983390889	NA
PF11267	2	PFAM	0.0690154416592901	0.0356639211458749	0.0690154416592901	0.0356639211458749
PF05419	1	PFAM	0.0691656847874705	0	0.0691656847874705	NA
PF08326	1	PFAM	0.0691846445049975	0	0.0691846445049975	NA
PF07807	1	PFAM	0.0691870351916243	0	0.0691870351916243	NA
PF07808	1	PFAM	0.0691870351916243	0	0.0691870351916243	NA
PF10188	1	PFAM	0.069232860649608	0	0.069232860649608	NA
PF08375	1	PFAM	0.0693624469922864	0	0.0693624469922864	NA
PF07817	1	PFAM	0.0693973680456619	0	0.0693973680456619	NA
PF04050	1	PFAM	0.0694306241828096	0	0.0694306241828096	NA
PF09786	1	PFAM	0.0694437035071703	0	0.0694437035071703	NA
PF03725	5	PFAM	0.0578826994161477	0.0449395518344895	0.0694467413357725	0.0171454606510962
PF00009	24	PFAM	0.0382453679187678	0.0752532089093302	0.0694474528681391	0.0176746234368836
PF04566	2	PFAM	0.0695575857974376	0.0580820809845424	0.0695575857974376	0.0580820809845424
PF04567	2	PFAM	0.0695575857974376	0.0580820809845424	0.0695575857974376	0.0580820809845424
PF02074	1	PFAM	0.0696417669283165	0	0.0696417669283165	NA
PF02114	1	PFAM	0.0697043462365176	0	0.0697043462365176	NA
PF00156	10	PFAM	0.0159060927114009	0.0722578937493527	0.0697107868920534	0.038729508336933
PF04078	2	PFAM	0.0698201821154435	0.0698201821154435	0.0698201821154435	0.0698201821154435
PF03635	1	PFAM	0.0700031934163284	0	0.0700031934163284	NA
PF10615	1	PFAM	0.0703996965445572	0	0.0703996965445572	NA
PF11923	1	PFAM	0.0704785573827872	0	0.0704785573827872	NA
PF03073	2	PFAM	0.0705649417947361	0.0114273113769167	0.0705649417947361	0.0114273113769167
PF01326	5	PFAM	0.0732615366135968	0.0111519924185079	0.0705978346027371	0.00352151759483214
PF05615	1	PFAM	0.0706478575131898	0	0.0706478575131898	NA
PF03126	1	PFAM	0.0706862373336542	0	0.0706862373336542	NA
PF08712	1	PFAM	0.070771003600285	0	0.070771003600285	NA
PF05096	1	PFAM	0.070844833240194	0	0.070844833240194	NA
PF01138	7	PFAM	0.060057723844205	0.0378743693038041	0.0708547595303334	0.0122707434303453
PF11527	3	PFAM	0.0594082613662631	0.0426067491374605	0.0708674442269694	0.0252574723328815
PF07741	1	PFAM	0.070979934624758	0	0.070979934624758	NA
PF00081	6	PFAM	0.0313426636992293	0.116024899207156	0.0711089387588745	0.0338325096021035
PF02777	6	PFAM	0.0313426636992293	0.116024899207156	0.0711089387588745	0.0338325096021035
PF00406	8	PFAM	0.0771426852119067	0.101841550752241	0.0711511975959534	0.0210885778667596
PF00393	1	PFAM	0.0711565417561891	0	0.0711565417561891	NA
PF06273	1	PFAM	0.071253298116327	0	0.071253298116327	NA
PF05764	1	PFAM	0.0713492283594639	0	0.0713492283594639	NA
PF08265	1	PFAM	0.0713492283594639	0	0.0713492283594639	NA
PF08615	1	PFAM	0.0713863595804687	0	0.0713863595804687	NA
PF01287	2	PFAM	0.071403571151782	0.071403571151782	0.071403571151782	0.071403571151782
PF03450	1	PFAM	0.0714347350000969	0	0.0714347350000969	NA
PF02701	1	PFAM	0.0714668411757391	0	0.0714668411757391	NA
PF08315	1	PFAM	0.0715030387188249	0	0.0715030387188249	NA
PF03143	5	PFAM	0.0161641306471642	0.110941938627863	0.0715720189952749	0.0373268271768631
PF08645	1	PFAM	0.0715908256198129	0	0.0715908256198129	NA
PF10149	1	PFAM	0.0717744460973347	0	0.0717744460973347	NA
PF01588	6	PFAM	0.0561490444240035	0.0561850646277055	0.0717867707452727	0.014759605093881
PF01883	2	PFAM	0.0718170081290814	0.0248491840560175	0.0718170081290814	0.0248491840560175
PF06972	1	PFAM	0.0719297814119323	0	0.0719297814119323	NA
PF01281	2	PFAM	0.071949967493918	0.059126656351279	0.071949967493918	0.059126656351279
PF03948	2	PFAM	0.071949967493918	0.059126656351279	0.071949967493918	0.059126656351279
PF00474	7	PFAM	0.0336663020252456	0.0529985066095873	0.0720627814038135	0.026891718834407
PF02540	1	PFAM	0.072210504606453	0	0.072210504606453	NA
PF08355	1	PFAM	0.0722114923082448	0	0.0722114923082448	NA
PF08356	1	PFAM	0.0722114923082448	0	0.0722114923082448	NA
PF10211	2	PFAM	0.0722170571518723	0.0266826174226124	0.0722170571518723	0.0266826174226124
PF04751	1	PFAM	0.0724183869963828	0	0.0724183869963828	NA
PF07821	3	PFAM	0.0953173445634557	0.0477644377547967	0.0724220360860154	0.0298584877756153
PF05019	1	PFAM	0.0724915923469226	0	0.0724915923469226	NA
PF02330	2	PFAM	0.0724932206232428	0.0301450530176991	0.0724932206232428	0.0301450530176991
PF08996	1	PFAM	0.0725187147122884	0	0.0725187147122884	NA
PF12254	1	PFAM	0.0725187147122884	0	0.0725187147122884	NA
PF04049	1	PFAM	0.0725490674446589	0	0.0725490674446589	NA
PF02298	1	PFAM	0.0725884073447131	0	0.0725884073447131	NA
PF03371	2	PFAM	0.072634704349536	0.00687348717880619	0.072634704349536	0.0068734871788062
PF02823	1	PFAM	0.0728337730103705	0	0.0728337730103705	NA
PF03124	1	PFAM	0.0729443208536682	0	0.0729443208536682	NA
PF00120	5	PFAM	0.0687318419665169	0.130238314175571	0.07308229590578	0.0336776549330995
PF00719	3	PFAM	0.0114897058822439	0.104063309567116	0.073205441672159	0.0675420768388848
PF12345	1	PFAM	0.0732947104561849	0	0.0732947104561849	NA
PF04515	4	PFAM	0.0613313295842718	0.035145886020572	0.0733307528213567	0.0179939663948126
PF10357	1	PFAM	0.0734541440919624	0	0.0734541440919624	NA
PF03420	1	PFAM	0.0735050883622683	0	0.0735050883622683	NA
PF03151	28	PFAM	0.0698573474417956	0.0856868474682476	0.0735088351775951	0.0104858326779036
PF02985	11	PFAM	0.0480878172289596	0.0223588219909763	0.0735855923796531	0.023874611932122
PF07516	2	PFAM	0.0736344931834336	0.0313250743697154	0.0736344931834336	0.0313250743697154
PF07973	5	PFAM	0.0502669603199464	0.022104060984416	0.073682182498202	0.0362362251233352
PF08536	1	PFAM	0.0737948451746049	0	0.0737948451746049	NA
PF04147	1	PFAM	0.0739243327442567	0	0.0739243327442567	NA
PF10507	1	PFAM	0.0739542133415251	0	0.0739542133415251	NA
PF03398	1	PFAM	0.0740171057000141	0	0.0740171057000141	NA
PF02151	2	PFAM	0.0741021616127212	0.0289417660347037	0.0741021616127212	0.0289417660347037
PF08569	1	PFAM	0.0742073891011374	0	0.0742073891011374	NA
PF04446	1	PFAM	0.0742106098879539	0	0.0742106098879539	NA
PF03066	2	PFAM	0.0742713590298349	0.0268188464491081	0.0742713590298349	0.0268188464491081
PF00586	3	PFAM	0.0474868726167793	0.0814903010300456	0.0743250003916127	0.0489247142345978
PF02769	3	PFAM	0.0474868726167793	0.0814903010300456	0.0743250003916127	0.0489247142345978
PF05186	4	PFAM	0.0674346609537222	0.0398299941319511	0.074389912509282	0.0161674952061173
PF05477	1	PFAM	0.0744406945659463	0	0.0744406945659463	NA
PF00391	2	PFAM	0.0745898401090195	0.00132830349542269	0.0745898401090195	0.0013283034954227
PF02896	2	PFAM	0.0745898401090195	0.00132830349542269	0.0745898401090195	0.0013283034954227
PF01842	12	PFAM	0.0684452889706167	0.119453807658896	0.0746065510941501	0.0201563636378283
PF00687	4	PFAM	0.00481825024250012	0.0795451324709074	0.0747268822284073	0.0715507758631595
PF11618	1	PFAM	0.0748461828517171	0	0.0748461828517171	NA
PF10431	8	PFAM	0.0637496594236092	0.0521076750391835	0.0750280305143269	0.014796777463915
PF10237	1	PFAM	0.0750833122408315	0	0.0750833122408315	NA
PF08145	1	PFAM	0.0751269468517552	0	0.0751269468517552	NA
PF01245	2	PFAM	0.075128993652683	0.075128993652683	0.075128993652683	0.075128993652683
PF02431	3	PFAM	0.0333211528480875	0.0697052939195294	0.0751827043794629	0.0453619522025103
PF07650	2	PFAM	0.075206786829489	0.075206786829489	0.075206786829489	0.075206786829489
PF04321	2	PFAM	0.07521726247623	0.07521726247623	0.07521726247623	0.07521726247623
PF03205	2	PFAM	0.0752706905824053	0.0413460930463078	0.0752706905824053	0.0413460930463077
PF06807	2	PFAM	0.0752706905824053	0.0413460930463078	0.0752706905824053	0.0413460930463077
PF12054	1	PFAM	0.0753949057277581	0	0.0753949057277581	NA
PF02545	2	PFAM	0.0754743117583312	0.0191724898892363	0.0754743117583312	0.0191724898892363
PF04683	2	PFAM	0.0755447286566366	0.0195567713791966	0.0755447286566366	0.0195567713791966
PF02301	3	PFAM	0.0763624554610679	0.0621157942232117	0.0755852298670595	0.035864675990443
PF07887	4	PFAM	0.0762981428456692	0.070546295802864	0.0756007416647072	0.0248597008604227
PF08005	1	PFAM	0.0758463967134379	0	0.0758463967134379	NA
PF12451	1	PFAM	0.0759296725105987	0	0.0759296725105987	NA
PF02581	2	PFAM	0.0760548897272895	0.0389326822550145	0.0760548897272895	0.0389326822550145
PF00133	6	PFAM	0.051516014659202	0.0168015461984567	0.0761086784028251	0.0324742192316519
PF00022	8	PFAM	0.0159116053688197	0.0180983435489916	0.0763102770332804	0.0615449860282011
PF02466	7	PFAM	0.0677820364580328	0.0968155309122453	0.0763161463070424	0.0328949098565688
PF00638	2	PFAM	0.0768720276817481	0.0333236405849739	0.0768720276817481	0.0333236405849739
PF01205	2	PFAM	0.0769486873516876	0.0208928413510829	0.0769486873516876	0.0208928413510829
PF06094	1	PFAM	0.0772954772137332	0	0.0772954772137332	NA
PF00036	25	PFAM	0.0430201241436319	0.0956310688726376	0.0773267595191592	0.0166554891834543
PF11371	2	PFAM	0.0773668081035346	0.0545358439200914	0.0773668081035346	0.0545358439200914
PF12037	1	PFAM	0.0774545619447139	0	0.0774545619447139	NA
PF00578	10	PFAM	0.0692284269141759	0.0958689190479614	0.0774730453758371	0.0229890991397222
PF08825	1	PFAM	0.0774920095862074	0	0.0774920095862074	NA
PF03451	3	PFAM	0.072565336544153	0.046359233498463	0.0776307574272377	0.0268850788673266
PF02417	1	PFAM	0.0776508728877355	0	0.0776508728877355	NA
PF03320	1	PFAM	0.0777028908910548	0	0.0777028908910548	NA
PF02065	1	PFAM	0.077758163580168	0	0.077758163580168	NA
PF00070	15	PFAM	0.0560019965744245	0.0594188087197298	0.0777875282862023	0.013937105220771
PF06309	1	PFAM	0.0779090977476558	0	0.0779090977476558	NA
PF00117	6	PFAM	0.0470328849072469	0.110724704194645	0.0780846995664369	0.0331512488873653
PF07172	1	PFAM	0.0780853671416744	0	0.0780853671416744	NA
PF11255	1	PFAM	0.0781575952985508	0	0.0781575952985508	NA
PF00572	3	PFAM	0.0435397877811849	0.095538405757233	0.0782055330985503	0.0578183142797044
PF10143	1	PFAM	0.0782850152849454	0	0.0782850152849454	NA
PF06108	1	PFAM	0.0784801267855146	0	0.0784801267855146	NA
PF01126	2	PFAM	0.0785304244615219	0.0710719123415741	0.0785304244615219	0.0710719123415741
PF09088	1	PFAM	0.0786322757547404	0	0.0786322757547404	NA
PF09090	1	PFAM	0.0786322757547404	0	0.0786322757547404	NA
PF02515	1	PFAM	0.0786355063264813	0	0.0786355063264813	NA
PF00171	10	PFAM	0.0588434578880077	0.0671041036066414	0.0789036110284675	0.0243323415345688
PF05132	1	PFAM	0.0789080896030668	0	0.0789080896030668	NA
PF04258	3	PFAM	0.0809261470316575	0.0519747036022283	0.0791115368359516	0.0300213225456022
PF05843	3	PFAM	0.0591879110085803	0.049389678103276	0.0792176175348721	0.0302226855236937
PF04124	1	PFAM	0.0793101591758211	0	0.0793101591758211	NA
PF00986	1	PFAM	0.0793725377025945	0	0.0793725377025945	NA
PF02445	1	PFAM	0.079759730923834	0	0.079759730923834	NA
PF08324	1	PFAM	0.0799480986029078	0	0.0799480986029078	NA
PF09070	1	PFAM	0.0799480986029078	0	0.0799480986029078	NA
PF04597	1	PFAM	0.0800719361987333	0	0.0800719361987333	NA
PF08234	1	PFAM	0.0800935764197137	0	0.0800935764197137	NA
PF09280	1	PFAM	0.0801250171923212	0	0.0801250171923212	NA
PF11947	1	PFAM	0.080134211287907	0	0.080134211287907	NA
PF02449	4	PFAM	0.0747652973948891	0.0468477168843307	0.0801598796126498	0.0169989201516833
PF07717	12	PFAM	0.0631255005274219	0.0820481608472608	0.0802044188494839	0.0184173941452946
PF01839	1	PFAM	0.0804724782451516	0	0.0804724782451516	NA
PF01487	1	PFAM	0.0807919803401094	0	0.0807919803401094	NA
PF08501	1	PFAM	0.0807919803401094	0	0.0807919803401094	NA
PF02259	3	PFAM	0.0596699606972117	0.0808217346261941	0.0810157773471858	0.0478674757510347
PF00204	2	PFAM	0.0810250908511325	0.001652553148538	0.0810250908511325	0.001652553148538
PF00282	3	PFAM	0.110512437477277	0.0570161930687273	0.0810738022615295	0.0360593085743232
PF05691	1	PFAM	0.0811358142620532	0	0.0811358142620532	NA
PF03069	1	PFAM	0.0812145741193533	0	0.0812145741193533	NA
PF05470	1	PFAM	0.0812872876302165	0	0.0812872876302165	NA
PF10672	2	PFAM	0.081439699139946	0.041725047762041	0.081439699139946	0.041725047762041
PF01991	1	PFAM	0.081650568200652	0	0.081650568200652	NA
PF01169	4	PFAM	0.0261943296266643	0.107983340196666	0.0817890105700019	0.0655005835811226
PF01987	3	PFAM	0.0618133243657678	0.0401915936438061	0.0819793116446752	0.0253006224022824
PF12352	4	PFAM	0.0522995633547522	0.116800969545489	0.0821246774893486	0.0515690334481082
PF01786	4	PFAM	0.0793666616324319	0.150678523565696	0.0822187133433699	0.0455540962500079
PF05347	5	PFAM	0.0747973126196159	0.0458429375698734	0.0823661478862474	0.015246190631265
PF06003	1	PFAM	0.0823893131187852	0	0.0823893131187852	NA
PF03694	1	PFAM	0.082520325203252	0	0.082520325203252	NA
PF00354	1	PFAM	0.0825734276679136	0	0.0825734276679136	NA
PF00447	2	PFAM	0.0826034606670001	0.00100171669883185	0.0826034606670001	0.00100171669883185
PF05018	3	PFAM	0.0889155204327136	0.0796372732705195	0.0827300223245842	0.0460825005980132
PF12569	1	PFAM	0.0827871890610256	0	0.0827871890610256	NA
PF02104	1	PFAM	0.082792829298258	0	0.082792829298258	NA
PF00648	6	PFAM	0.0574223152556016	0.0319077385133028	0.082843701430581	0.0306947461595511
PF00305	1	PFAM	0.0829175154779337	0	0.0829175154779337	NA
PF10469	1	PFAM	0.0831467859415547	0	0.0831467859415547	NA
PF04499	1	PFAM	0.0831871571376065	0	0.0831871571376065	NA
PF07575	1	PFAM	0.083268293139241	0	0.083268293139241	NA
PF07851	1	PFAM	0.0833012858101973	0	0.0833012858101973	NA
PF00916	4	PFAM	0.0918116777127699	0.037140886863376	0.0833383324106286	0.0190058962300226
PF01740	4	PFAM	0.0918116777127699	0.037140886863376	0.0833383324106286	0.0190058962300226
PF00462	10	PFAM	0.0800070738861272	0.104236610396688	0.0834694282187824	0.0207503845002226
PF09247	1	PFAM	0.0834989025230082	0	0.0834989025230082	NA
PF12157	1	PFAM	0.0834989025230082	0	0.0834989025230082	NA
PF00079	1	PFAM	0.0835877494176974	0	0.0835877494176974	NA
PF09358	1	PFAM	0.0836188568112939	0	0.0836188568112939	NA
PF00582	8	PFAM	0.0540290307107867	0.0717275775288743	0.0839282936792191	0.0288627327885429
PF08144	1	PFAM	0.0842299856915452	0	0.0842299856915452	NA
PF07106	1	PFAM	0.0842467940644667	0	0.0842467940644667	NA
PF00366	3	PFAM	0.0992241731318905	0.076816899069337	0.0842859904235215	0.0449748002018915
PF02728	2	PFAM	0.0843485061242148	0.0117410177348225	0.0843485061242148	0.0117410177348225
PF08491	1	PFAM	0.0843966920881849	0	0.0843966920881849	NA
PF03453	1	PFAM	0.08446290070017	0	0.08446290070017	NA
PF03454	1	PFAM	0.08446290070017	0	0.08446290070017	NA
PF05368	11	PFAM	0.0719735377210874	0.0631866496916616	0.0846906116708554	0.0185508596550782
PF09429	1	PFAM	0.0848752077783588	0	0.0848752077783588	NA
PF12341	1	PFAM	0.0849057886016762	0	0.0849057886016762	NA
PF06105	1	PFAM	0.0849352812142783	0	0.0849352812142783	NA
PF05071	2	PFAM	0.0850287513461515	0.0286863519714775	0.0850287513461515	0.0286863519714775
PF00487	10	PFAM	0.0454392829773458	0.0821931161284212	0.0850357504476019	0.025837860364071
PF02580	1	PFAM	0.0850770186591716	0	0.0850770186591716	NA
PF02482	1	PFAM	0.0850816121511181	0	0.0850816121511181	NA
PF09360	1	PFAM	0.0851112495785608	0	0.0851112495785608	NA
PF10225	1	PFAM	0.0851994430396087	0	0.0851994430396087	NA
PF00141	7	PFAM	0.0746417844135146	0.0882759851529317	0.0852151724515508	0.0222347245441644
PF10961	1	PFAM	0.0852201850159335	0	0.0852201850159335	NA
PF01480	2	PFAM	0.0852257178040552	0.0385998826623278	0.0852257178040552	0.0385998826623278
PF01209	3	PFAM	0.105572694859	0.0751456076088785	0.0852879700255857	0.0445550778590688
PF07766	2	PFAM	0.0853216206751089	0.0456329828488971	0.0853216206751089	0.0456329828488971
PF04387	2	PFAM	0.085355875424779	0.00391012627080216	0.085355875424779	0.00391012627080215
PF12542	1	PFAM	0.0853909635374497	0	0.0853909635374497	NA
PF01029	1	PFAM	0.0854732110513267	0	0.0854732110513267	NA
PF00264	1	PFAM	0.0854934316905591	0	0.0854934316905591	NA
PF00413	1	PFAM	0.0854934316905591	0	0.0854934316905591	NA
PF02153	1	PFAM	0.0856279213280309	0	0.0856279213280309	NA
PF01233	1	PFAM	0.0856328340196877	0	0.0856328340196877	NA
PF02799	1	PFAM	0.0856328340196877	0	0.0856328340196877	NA
PF01507	2	PFAM	0.0856573902463908	0.0565484304446512	0.0856573902463908	0.0565484304446513
PF01369	3	PFAM	0.0622613917818337	0.07226195075649	0.0857593917936972	0.0433432291157898
PF03741	1	PFAM	0.0857973630649446	0	0.0857973630649446	NA
PF08584	1	PFAM	0.0858442246470844	0	0.0858442246470844	NA
PF06472	3	PFAM	0.1147996836287	0.0441895132061432	0.0858868510620272	0.029323920796665
PF08969	1	PFAM	0.0859791206998104	0	0.0859791206998104	NA
PF01729	1	PFAM	0.0859918074248059	0	0.0859918074248059	NA
PF02749	1	PFAM	0.0859918074248059	0	0.0859918074248059	NA
PF00327	2	PFAM	0.086003142620494	0.086003142620494	0.086003142620494	0.086003142620494
PF04062	1	PFAM	0.0860565955900698	0	0.0860565955900698	NA
PF08370	6	PFAM	0.0796752924769746	0.0158454685986922	0.0861664093833773	0.00803351275865251
PF07728	19	PFAM	0.0384546723207133	0.0767801273262887	0.0862760902161821	0.0274073071596927
PF09799	2	PFAM	0.0863329849945438	0.0607100658398412	0.0863329849945438	0.0607100658398411
PF07722	1	PFAM	0.0863974138139234	0	0.0863974138139234	NA
PF01210	5	PFAM	0.057438741224485	0.0516580921540231	0.086597792932599	0.0342642415410082
PF07479	5	PFAM	0.057438741224485	0.0516580921540231	0.086597792932599	0.0342642415410082
PF01145	5	PFAM	0.0181405596563568	0.0885719329455404	0.086830762830632	0.0586156341076498
PF01118	3	PFAM	0.0300135827664239	0.0854504088044846	0.0868415872715803	0.0569322373144369
PF02781	2	PFAM	0.0869451061195387	0.0269897972132843	0.0869451061195387	0.0269897972132843
PF07529	2	PFAM	0.0870069993340658	0.0243904586376892	0.0870069993340658	0.0243904586376892
PF00839	4	PFAM	0.0696734803961019	0.0480665101636137	0.0870329690875121	0.0274525636527749
PF00690	14	PFAM	0.0630132008535586	0.0344276188994062	0.0870729993307366	0.0257638140003852
PF03715	1	PFAM	0.0871683775967786	0	0.0871683775967786	NA
PF02170	3	PFAM	0.0284749768187782	0.100728438495527	0.0871938991829281	0.0651463792916958
PF02171	3	PFAM	0.0284749768187782	0.100728438495527	0.0871938991829281	0.0651463792916958
PF09423	2	PFAM	0.0873710429856228	0.0133868673657321	0.0873710429856228	0.0133868673657322
PF07896	1	PFAM	0.0873968377656029	0	0.0873968377656029	NA
PF05193	8	PFAM	0.049513648630749	0.125690489380659	0.0874041613565819	0.0291244527044284
PF04366	5	PFAM	0.0795087958141617	0.0797809397682787	0.0874442997873706	0.021233563540443
PF10424	1	PFAM	0.0875992722759088	0	0.0875992722759088	NA
PF05529	1	PFAM	0.087822222064148	0	0.087822222064148	NA
PF00186	1	PFAM	0.0881064336247549	0	0.0881064336247549	NA
PF00303	1	PFAM	0.0881064336247549	0	0.0881064336247549	NA
PF07691	2	PFAM	0.0881364826142236	0.0090321008406995	0.0881364826142236	0.0090321008406995
PF07393	1	PFAM	0.0881471701502777	0	0.0881471701502777	NA
PF07798	1	PFAM	0.0881769033113107	0	0.0881769033113107	NA
PF00725	2	PFAM	0.0881915116293763	0.0093065296095998	0.0881915116293763	0.0093065296095998
PF02737	2	PFAM	0.0881915116293763	0.0093065296095998	0.0881915116293763	0.0093065296095998
PF03630	1	PFAM	0.0881980837521593	0	0.0881980837521593	NA
PF00179	25	PFAM	0.0326854775566527	0.13441416987353	0.0882364632049481	0.0233253222834421
PF01170	3	PFAM	0.100681442861782	0.055664447267962	0.0883109987089893	0.0327276723179368
PF03358	4	PFAM	0.0722783530598411	0.0663451421895681	0.0884294912675905	0.0353910208281073
PF07651	1	PFAM	0.0884841276704065	0	0.0884841276704065	NA
PF04101	3	PFAM	0.0358331319857093	0.0928445184278989	0.0885116850448545	0.0597254191178606
PF01294	1	PFAM	0.0886888140639833	0	0.0886888140639833	NA
PF00160	31	PFAM	0.0543942361378977	0.0908074744962494	0.0888534118219712	0.0158577222580717
PF02470	2	PFAM	0.0889821249423383	0.0785982866105097	0.0889821249423383	0.0785982866105097
PF01207	7	PFAM	0.0734447969538554	0.0575166730003147	0.08908822671369	0.0172387704987004
PF00696	8	PFAM	0.0749564098834909	0.117360892329078	0.0891007979229463	0.0254146993236273
PF00319	1	PFAM	0.0892351838866515	0	0.0892351838866515	NA
PF03105	5	PFAM	0.0747630867927497	0.104525952123439	0.0893086682834943	0.0392592617458299
PF00613	2	PFAM	0.0893627239466175	0.0205710878358385	0.0893627239466175	0.0205710878358385
PF10674	1	PFAM	0.0893721936321825	0	0.0893721936321825	NA
PF01062	11	PFAM	0.0702686163777256	0.0537386885088881	0.0894071690987301	0.0252354090773475
PF00861	2	PFAM	0.0894577118703375	0.0894577118703375	0.0894577118703375	0.0894577118703375
PF00852	1	PFAM	0.0894907128528952	0	0.0894907128528952	NA
PF00766	1	PFAM	0.089537317092899	0	0.089537317092899	NA
PF03647	3	PFAM	0.0213753253766138	0.123722239618772	0.0896066015380526	0.0791598022173054
PF03024	1	PFAM	0.0896366074902901	0	0.0896366074902901	NA
PF01988	2	PFAM	0.0897604162906592	0.0618638317791119	0.0897604162906592	0.0618638317791118
PF08217	1	PFAM	0.0899655176083815	0	0.0899655176083815	NA
PF07687	8	PFAM	0.0878703395425285	0.0821784199585333	0.0899835526977105	0.0215404244678471
PF02134	3	PFAM	0.0836188568112939	0.0156765893912798	0.0899853515887561	0.00959434984346475
PF10585	3	PFAM	0.0836188568112939	0.0156765893912798	0.0899853515887561	0.00959434984346475
PF09353	6	PFAM	0.0845682116246046	0.109576159568696	0.0903234826393303	0.0305445488773866
PF07539	1	PFAM	0.0905992088067728	0	0.0905992088067728	NA
PF00043	14	PFAM	0.0810424124654995	0.0872633057414235	0.0906325152432583	0.016410699041341
PF05063	4	PFAM	0.0927619546719314	0.0400825275850791	0.0907135983134965	0.0222034218805077
PF03992	5	PFAM	0.0729251037007161	0.0574684624299796	0.0907172575975768	0.0156998340273625
PF03981	1	PFAM	0.0908504742766818	0	0.0908504742766818	NA
PF00919	3	PFAM	0.0326093904099192	0.100826284490651	0.0909865175702072	0.0651200337218534
PF10075	3	PFAM	0.0509566288964914	0.0727337631987403	0.0909952348859936	0.0465206684755546
PF01551	1	PFAM	0.0910488488911812	0	0.0910488488911812	NA
PF08338	1	PFAM	0.0910491811068453	0	0.0910491811068453	NA
PF06732	1	PFAM	0.0911028861199238	0	0.0911028861199238	NA
PF01553	9	PFAM	0.04133551276739	0.100833915893756	0.0913127115927293	0.0329382684226646
PF01007	3	PFAM	0.0697664148262821	0.0352312521339394	0.0913312594567191	0.023021895519095
PF00255	4	PFAM	0.085554548085463	0.032837958650532	0.091395559901177	0.0123949304401519
PF00722	3	PFAM	0.0821925828229648	0.0240976246316979	0.091438660630617	0.0146607523568777
PF00701	1	PFAM	0.0914469212035874	0	0.0914469212035874	NA
PF05327	1	PFAM	0.0916214866769193	0	0.0916214866769193	NA
PF00890	4	PFAM	0.0288183519929837	0.0933414210016117	0.0918271475552906	0.0706659787924446
PF08652	1	PFAM	0.0919621102943869	0	0.0919621102943869	NA
PF08159	2	PFAM	0.0920920023305292	0.0327719192242588	0.0920920023305292	0.0327719192242588
PF05178	1	PFAM	0.0921160076517789	0	0.0921160076517789	NA
PF04408	12	PFAM	0.0803245128348002	0.109159851767897	0.0921792724337249	0.0194555533204719
PF07366	5	PFAM	0.0567375110751138	0.0301164299669589	0.0922595025078806	0.0340943913804115
PF09736	1	PFAM	0.0923047556613874	0	0.0923047556613874	NA
PF00189	2	PFAM	0.0924340777046625	0.0924340777046625	0.0924340777046625	0.0924340777046625
PF03331	1	PFAM	0.0926888208810696	0	0.0926888208810696	NA
PF02771	3	PFAM	0.0890939338254527	0.0365041537849536	0.0927457518795178	0.0211546297129851
PF01430	1	PFAM	0.0928068335852389	0	0.0928068335852389	NA
PF05008	1	PFAM	0.0928502791770966	0	0.0928502791770966	NA
PF10084	2	PFAM	0.0929771423341506	0.0295920014335274	0.0929771423341506	0.0295920014335274
PF05450	1	PFAM	0.0929873640029218	0	0.0929873640029218	NA
PF02129	3	PFAM	0.117779518952109	0.0462574480932254	0.0930783008524967	0.0294242764612312
PF08534	5	PFAM	0.0802282255696158	0.00640977563885911	0.0930796987283164	0.0370149098678635
PF08669	2	PFAM	0.0931128422643551	0.061710399797857	0.0931128422643551	0.061710399797857
PF06220	2	PFAM	0.0931616805487017	0.0372606518988354	0.0931616805487017	0.0372606518988354
PF01179	3	PFAM	0.0960895238590373	0.0191659454162258	0.0932121304900912	0.0111585991974425
PF02727	3	PFAM	0.0960895238590373	0.0191659454162258	0.0932121304900912	0.0111585991974425
PF01699	6	PFAM	0.0942677879184664	0.0631311547058961	0.0932769078478811	0.0243961722950512
PF07944	2	PFAM	0.0934163848767582	0.0232841501597658	0.0934163848767582	0.0232841501597658
PF12580	1	PFAM	0.0934386109149545	0	0.0934386109149545	NA
PF10013	2	PFAM	0.0935265070437467	0.00194780511056629	0.0935265070437467	0.0019478051105663
PF01546	10	PFAM	0.0878703395425285	0.085378997004531	0.093541781152156	0.0181335222555664
PF04780	1	PFAM	0.0936003647473093	0	0.0936003647473093	NA
PF02256	3	PFAM	0.0643455094976983	0.0531130014339681	0.0937322642878633	0.03400331816724
PF02906	3	PFAM	0.0643455094976983	0.0531130014339681	0.0937322642878633	0.03400331816724
PF00025	16	PFAM	0.00448291187394251	0.11852050086039	0.0937332186154842	0.0379845877253969
PF03881	1	PFAM	0.0937924239136937	0	0.0937924239136937	NA
PF02969	1	PFAM	0.0937977093031375	0	0.0937977093031375	NA
PF07571	1	PFAM	0.0937977093031375	0	0.0937977093031375	NA
PF00643	2	PFAM	0.0938795868300394	0.0517620874787796	0.0938795868300394	0.0517620874787796
PF09834	1	PFAM	0.0941885751445498	0	0.0941885751445498	NA
PF01370	22	PFAM	0.0700518990755285	0.117049712878798	0.0942867032724775	0.0188774258630946
PF12333	1	PFAM	0.0943210120322236	0	0.0943210120322236	NA
PF09424	1	PFAM	0.0943336489601647	0	0.0943336489601647	NA
PF04641	3	PFAM	0.0621851341674068	0.0578892579770599	0.0944505337947537	0.0371122540363193
PF02291	1	PFAM	0.0945232137892689	0	0.0945232137892689	NA
PF04096	1	PFAM	0.0945861910433538	0	0.0945861910433538	NA
PF12110	1	PFAM	0.0945861910433538	0	0.0945861910433538	NA
PF02826	8	PFAM	0.0515837790665386	0.054440135630355	0.0946086879161293	0.0422701758113313
PF03219	3	PFAM	0.0798728927871955	0.0703295732902885	0.0946160011383008	0.0412685041812897
PF00514	10	PFAM	0.0723076851556218	0.0862586380443877	0.0948247135853694	0.0344816202137544
PF06110	2	PFAM	0.0948703459293541	0.0231447777574229	0.0948703459293541	0.0231447777574229
PF05517	8	PFAM	0.0818421225001182	0.0784889796094553	0.0948914657467782	0.0321078714356379
PF04116	5	PFAM	0.0577166540958876	0.0722158587881938	0.0948972892652489	0.0369841537295815
PF01263	4	PFAM	0.097221797933853	0.0328648113148153	0.0950881735731273	0.0256089228334479
PF04359	3	PFAM	0.0489548436480712	0.0904245335109403	0.0952227167231275	0.0571026365994843
PF00795	5	PFAM	0.0969810145736804	0.034394615518657	0.0952426263715539	0.0124049056719534
PF00809	2	PFAM	0.0954623600315884	0.0487787228890567	0.0954623600315884	0.0487787228890566
PF00111	14	PFAM	0.070266920485811	0.107288451856485	0.0956710540272253	0.024443492775172
PF04678	1	PFAM	0.0958611479336235	0	0.0958611479336235	NA
PF03006	4	PFAM	0.0632190653205189	0.0608134120617991	0.0958631664266973	0.0473132973007018
PF08719	2	PFAM	0.095912614359018	0.0449844854885599	0.095912614359018	0.04498448548856
PF01712	1	PFAM	0.096012344259901	0	0.096012344259901	NA
PF04422	1	PFAM	0.0963607822350942	0	0.0963607822350942	NA
PF04432	1	PFAM	0.0963607822350942	0	0.0963607822350942	NA
PF00871	2	PFAM	0.0964776599217728	0.00657407875245414	0.0964776599217728	0.00657407875245415
PF00248	19	PFAM	0.0812984229943312	0.0537702443959635	0.0967041101112671	0.0116453824065356
PF01088	2	PFAM	0.0967445740663479	0.0615498423271381	0.0967445740663479	0.061549842327138
PF01814	3	PFAM	0.104707273349246	0.0215231774060319	0.0968830830904108	0.0130276709424767
PF07926	1	PFAM	0.0969323681135901	0	0.0969323681135901	NA
PF04034	1	PFAM	0.0970107374670911	0	0.0970107374670911	NA
PF01536	1	PFAM	0.0970797233540176	0	0.0970797233540176	NA
PF03109	18	PFAM	0.0725402526611056	0.0864889576751673	0.09712041716642	0.0191667497063098
PF03446	6	PFAM	0.097826877653493	0.103583620604931	0.0972207296873064	0.0271399596938425
PF01871	1	PFAM	0.0973361844115215	0	0.0973361844115215	NA
PF07837	1	PFAM	0.0973710470436362	0	0.0973710470436362	NA
PF01735	1	PFAM	0.0973956134330423	0	0.0973956134330423	NA
PF00265	1	PFAM	0.0976942016797689	0	0.0976942016797689	NA
PF00702	39	PFAM	0.0679553444926656	0.0616810570663989	0.0977392441751809	0.014834430919589
PF09186	1	PFAM	0.0978415287027705	0	0.0978415287027705	NA
PF00885	1	PFAM	0.0981816923372133	0	0.0981816923372133	NA
PF00102	3	PFAM	0.0894918667979891	0.013491091183167	0.098324485110293	0.00895397306601307
PF12014	1	PFAM	0.0983860308637131	0	0.0983860308637131	NA
PF04950	2	PFAM	0.0983884379456721	0.0338183195653718	0.0983884379456721	0.0338183195653718
PF08142	2	PFAM	0.0983884379456721	0.0338183195653718	0.0983884379456721	0.0338183195653718
PF01980	1	PFAM	0.0984517578122774	0	0.0984517578122774	NA
PF04715	2	PFAM	0.098506234715969	0.048916304827214	0.098506234715969	0.048916304827214
PF00046	1	PFAM	0.0985331811333369	0	0.0985331811333369	NA
PF00012	13	PFAM	0.088357186270554	0.100019559585787	0.0985703112502721	0.0330206608344546
PF12483	1	PFAM	0.0986566325210654	0	0.0986566325210654	NA
PF10607	3	PFAM	0.0860576929583448	0.105061011793891	0.0987265721820423	0.0609868608110102
PF12409	1	PFAM	0.0988048047686163	0	0.0988048047686163	NA
PF11995	1	PFAM	0.0989571166043177	0	0.0989571166043177	NA
PF10595	1	PFAM	0.0989850914388084	0	0.0989850914388084	NA
PF11891	4	PFAM	0.103205580798648	0.0269505119288492	0.0990006692672703	0.0129461869051299
PF00860	7	PFAM	0.0811189847665619	0.0505078065569428	0.0990349617405074	0.0240505279449822
PF02913	3	PFAM	0.0554762860046544	0.0967217930703423	0.0993393013177106	0.0599946618153292
PF06470	3	PFAM	0.101145526639158	0.0218223589666644	0.0994392272608611	0.0126279972553877
PF00654	6	PFAM	0.0705187818588696	0.0764843074812302	0.0995328644726927	0.0420426381105212
PF02798	12	PFAM	0.0837487236250228	0.0881584459468872	0.0995922647744661	0.0283367613636769
PF01979	6	PFAM	0.103844038641545	0.0544584743995709	0.09959326613139	0.0161811546992586
PF03850	1	PFAM	0.0997290506817939	0	0.0997290506817939	NA
PF02797	3	PFAM	0.0432288368384649	0.105107893902714	0.0997575494331571	0.0669434857955428
PF02872	3	PFAM	0.123628015216908	0.0415709812733533	0.0997589504868531	0.026804512507817
PF02791	2	PFAM	0.0998229940447044	0.00128981291136755	0.0998229940447044	0.00128981291136755
PF01501	2	PFAM	0.0998698419598811	0.0373395727513579	0.0998698419598811	0.0373395727513579
PF02544	4	PFAM	0.0805660370176417	0.0555893450019414	0.0999599947646032	0.0272788248965941
PF00122	25	PFAM	0.0679553444926656	0.0653708413401083	0.0999894955067298	0.0181804236681918
PF07162	4	PFAM	0.0933772788915067	0.0655554408416035	0.100159516402724	0.0300454180330317
PF04677	2	PFAM	0.100266032274466	0.0331265788255571	0.100266032274466	0.0331265788255571
PF01167	3	PFAM	0.0930562216378454	0.0560116082526161	0.100459663649766	0.0325494929518236
PF10604	3	PFAM	0.0685354872911719	0.0770091224677081	0.10048666483058	0.0472442703858099
PF09766	1	PFAM	0.100492838485098	0	0.100492838485098	NA
PF02005	2	PFAM	0.1006874983598	0.0482101450765372	0.1006874983598	0.0482101450765372
PF04379	3	PFAM	0.0611900310277418	0.0902804340808945	0.100911318527704	0.0557790052747619
PF04012	2	PFAM	0.100948781346963	0.0601172351135224	0.100948781346963	0.0601172351135224
PF01406	2	PFAM	0.10095868476011	0.0689144890102212	0.10095868476011	0.0689144890102212
PF00252	2	PFAM	0.101005090133219	0.101005090133219	0.101005090133219	0.101005090133219
PF03914	3	PFAM	0.0973895853393047	0.0519510907043785	0.101085764945389	0.0300508576313272
PF06093	1	PFAM	0.101448537183002	0	0.101448537183002	NA
PF01734	5	PFAM	0.111713112879277	0.0846089588833945	0.101722571179886	0.027045064797574
PF01124	1	PFAM	0.101783295170627	0	0.101783295170627	NA
PF00005	78	PFAM	0.077551569761393	0.113188476662753	0.101817671183942	0.0104724621183167
PF00155	18	PFAM	0.0824973072291229	0.0892929927051774	0.10182809293763	0.022044648216716
PF02958	1	PFAM	0.101851708794789	0	0.101851708794789	NA
PF01591	2	PFAM	0.102007492060713	0.00538728492951246	0.102007492060713	0.00538728492951245
PF00689	11	PFAM	0.0642052225732039	0.0485361009215814	0.102305745278037	0.0311072710287836
PF04712	2	PFAM	0.102323088079769	0.0467785073302504	0.102323088079769	0.0467785073302503
PF01027	3	PFAM	0.0274784271699508	0.139984731635114	0.102482630146726	0.0890972276768305
PF01702	2	PFAM	0.102545208014241	0.0348004541259465	0.102545208014241	0.0348004541259464
PF04193	4	PFAM	0.105091949200432	0.085002951842773	0.10272383756286	0.0303686246241972
PF00278	4	PFAM	0.0652188806948439	0.0751362277822938	0.102759509580024	0.0612559876886179
PF02784	4	PFAM	0.0652188806948439	0.0751362277822938	0.102759509580024	0.0612559876886179
PF02847	4	PFAM	0.103671031923797	0.0420298067264789	0.102783609957974	0.0263841871410105
PF00382	2	PFAM	0.102796712699929	0.031816778075171	0.102796712699929	0.031816778075171
PF03062	3	PFAM	0.0622628222379803	0.0815641362699176	0.102851485262411	0.0512779614780748
PF05981	1	PFAM	0.102990872328587	0	0.102990872328587	NA
PF03849	1	PFAM	0.102991966668337	0	0.102991966668337	NA
PF08583	3	PFAM	0.111429674326017	0.0341028261899876	0.1034772490331	0.0200867581188377
PF05195	3	PFAM	0.0888208944020392	0.0236382417091539	0.103542873945406	0.0155061168828829
PF10274	3	PFAM	0.0916294955306732	0.0832755284902583	0.103653659056423	0.0484535826907303
PF08613	1	PFAM	0.103695474462084	0	0.103695474462084	NA
PF00024	1	PFAM	0.103782201122702	0	0.103782201122702	NA
PF01965	5	PFAM	0.103923859197285	0.033688504743127	0.103800324782402	0.0144932109829783
PF04615	1	PFAM	0.103922928761401	0	0.103922928761401	NA
PF01256	2	PFAM	0.103971319038636	0.0801570805673107	0.103971319038636	0.0801570805673107
PF12047	2	PFAM	0.103985090512939	0.0647231749444013	0.103985090512939	0.0647231749444012
PF02195	2	PFAM	0.10399912197833	0.0672699507280345	0.10399912197833	0.0672699507280345
PF05879	1	PFAM	0.104007523567193	0	0.104007523567193	NA
PF01704	3	PFAM	0.122644721641735	0.0476770449553267	0.104066479495693	0.0290514711423247
PF07967	1	PFAM	0.104240223069337	0	0.104240223069337	NA
PF04003	3	PFAM	0.0619556648520441	0.0666852475671189	0.104261018529561	0.0439288419128891
PF03737	1	PFAM	0.104413371382423	0	0.104413371382423	NA
PF02367	2	PFAM	0.104488782014331	0.0676588473372771	0.104488782014331	0.0676588473372771
PF01728	7	PFAM	0.0451518854896902	0.122796213391007	0.104564955407571	0.0454436565336201
PF00397	18	PFAM	0.0735650745584559	0.0981238453533261	0.104637668586877	0.0247835659703074
PF10218	1	PFAM	0.104644938401706	0	0.104644938401706	NA
PF01981	2	PFAM	0.104757393517758	0.038437344677432	0.104757393517758	0.038437344677432
PF09419	1	PFAM	0.104885324267162	0	0.104885324267162	NA
PF07847	1	PFAM	0.104928726533337	0	0.104928726533337	NA
PF08625	1	PFAM	0.105485590129953	0	0.105485590129953	NA
PF01678	1	PFAM	0.105553629361114	0	0.105553629361114	NA
PF01042	4	PFAM	0.114024095770627	0.133964954969949	0.105754450103792	0.0463105628629917
PF07386	3	PFAM	0.126121055725104	0.0761520874408044	0.105787210398049	0.0451266343044045
PF00881	1	PFAM	0.105883427408193	0	0.105883427408193	NA
PF01596	2	PFAM	0.105960964691591	0.062050304160674	0.105960964691591	0.062050304160674
PF05664	1	PFAM	0.105966721151105	0	0.105966721151105	NA
PF06943	1	PFAM	0.106087134139364	0	0.106087134139364	NA
PF00834	3	PFAM	0.0949681081309908	0.111807120646574	0.106194116474713	0.0647954465344018
PF01583	1	PFAM	0.106381294777763	0	0.106381294777763	NA
PF06863	5	PFAM	0.101934737610188	0.0330228753838261	0.106581158160967	0.0172063630522674
PF08592	1	PFAM	0.106605769740604	0	0.106605769740604	NA
PF00957	10	PFAM	0.0224220011005095	0.109601629259345	0.106631575805978	0.0509071215983143
PF05050	2	PFAM	0.10689901455696	0.0734534854163835	0.10689901455696	0.0734534854163835
PF04177	1	PFAM	0.106946828659816	0	0.106946828659816	NA
PF01422	1	PFAM	0.107070676589791	0	0.107070676589791	NA
PF05542	1	PFAM	0.107071051480922	0	0.107071051480922	NA
PF10436	3	PFAM	0.0826832736270613	0.110129078599213	0.107205975390045	0.0647545008202233
PF03767	1	PFAM	0.107216434642707	0	0.107216434642707	NA
PF00941	2	PFAM	0.107338404779911	0.035903669779814	0.107338404779911	0.0359036697798141
PF01315	2	PFAM	0.107338404779911	0.035903669779814	0.107338404779911	0.0359036697798141
PF01799	2	PFAM	0.107338404779911	0.035903669779814	0.107338404779911	0.0359036697798141
PF02738	2	PFAM	0.107338404779911	0.035903669779814	0.107338404779911	0.0359036697798141
PF02880	3	PFAM	0.0631637373953208	0.0769534158846589	0.107408549177632	0.0496320821766068
PF00994	4	PFAM	0.109010561111167	0.0550209831875379	0.107408698330063	0.0179471709923237
PF00432	3	PFAM	0.109201195533142	0.0183800381272518	0.107680400596389	0.0106389287444581
PF06742	4	PFAM	0.114782605844299	0.0501411081867383	0.107742763298662	0.0221626413509504
PF12018	1	PFAM	0.107868412899542	0	0.107868412899542	NA
PF05997	1	PFAM	0.107980940586246	0	0.107980940586246	NA
PF10208	2	PFAM	0.108097723580732	0.0269952960722919	0.108097723580732	0.0269952960722919
PF07977	1	PFAM	0.108265374550608	0	0.108265374550608	NA
PF10250	4	PFAM	0.115650997910695	0.0440110223242297	0.108417237369145	0.0194692436934665
PF01251	1	PFAM	0.108512904176013	0	0.108512904176013	NA
PF01086	2	PFAM	0.108588974540509	0.0773884685979433	0.108588974540509	0.0773884685979433
PF01048	3	PFAM	0.0917051109383482	0.0541292249273835	0.108663563055698	0.0323813980288149
PF05648	2	PFAM	0.108698776417145	0.0234022416690714	0.108698776417145	0.0234022416690714
PF07992	23	PFAM	0.0696967499288928	0.100361324296948	0.10874376529272	0.0170539889706807
PF04840	1	PFAM	0.108759955619703	0	0.108759955619703	NA
PF04841	1	PFAM	0.108759955619703	0	0.108759955619703	NA
PF01625	5	PFAM	0.0787856954203261	0.101700897355401	0.108821265387478	0.0294429204231693
PF11940	2	PFAM	0.108861068226015	0.0122680744002862	0.108861068226015	0.0122680744002863
PF10419	1	PFAM	0.108881275127466	0	0.108881275127466	NA
PF05603	1	PFAM	0.108915862124594	0	0.108915862124594	NA
PF07534	4	PFAM	0.0988143282911046	0.0746799977362059	0.108962412399827	0.0364809692969918
PF00076	93	PFAM	0.0603869485781589	0.109454678740039	0.109045821591469	0.0123005328743262
PF00173	14	PFAM	0.091990680487525	0.0871387829805978	0.109063895211599	0.0251932776142973
PF06012	1	PFAM	0.109104405480292	0	0.109104405480292	NA
PF06025	1	PFAM	0.109104405480292	0	0.109104405480292	NA
PF01070	1	PFAM	0.109239449119542	0	0.109239449119542	NA
PF01549	11	PFAM	0.0595665980671284	0.0991899218960366	0.10927345737199	0.0240652023577839
PF03988	1	PFAM	0.109443973182247	0	0.109443973182247	NA
PF05064	1	PFAM	0.109904804765271	0	0.109904804765271	NA
PF05958	3	PFAM	0.113724347710619	0.0151841155680355	0.110070778647296	0.00895486442776233
PF03134	4	PFAM	0.0676680540733135	0.163971149437708	0.110087243021399	0.0710360662391843
PF00887	4	PFAM	0.114017048209246	0.0623889483807813	0.110266718277604	0.0436098699983525
PF10609	3	PFAM	0.0966661921850989	0.0713502705341481	0.110296212294576	0.0417540185348854
PF00194	3	PFAM	0.132400405868862	0.099411036812366	0.110407493164531	0.0584389151080705
PF03567	4	PFAM	0.119569996498259	0.0434059335273821	0.110514353676919	0.0210923132840715
PF01613	4	PFAM	0.056730671292639	0.0974462508112706	0.110541202100542	0.0624214383723
PF00675	9	PFAM	0.0654615192776442	0.183520703998064	0.110787644009965	0.0333428007364201
PF01239	2	PFAM	0.110955836051925	0.0384350997396473	0.110955836051925	0.0384350997396472
PF01490	8	PFAM	0.120308965976707	0.113596770627088	0.111419548781612	0.0239340403174235
PF00324	7	PFAM	0.0669664097568836	0.0970128021810304	0.111497466232321	0.0320546656982379
PF10498	2	PFAM	0.111751657861791	0.0446105921775844	0.111751657861791	0.0446105921775843
PF03188	7	PFAM	0.123842816781747	0.0620228537828934	0.111792125073186	0.0189647341244533
PF11875	1	PFAM	0.112017482447572	0	0.112017482447572	NA
PF00154	1	PFAM	0.112178348053427	0	0.112178348053427	NA
PF09816	1	PFAM	0.112288881136767	0	0.112288881136767	NA
PF02878	4	PFAM	0.0952564504241934	0.0866157774856383	0.11239370274649	0.0354474758861309
PF02879	4	PFAM	0.0952564504241934	0.0866157774856383	0.11239370274649	0.0354474758861309
PF00085	40	PFAM	0.085355477050439	0.112806356134967	0.112397039627817	0.0175992014973998
PF03227	3	PFAM	0.105579073252077	0.0615214098514521	0.112473211390492	0.0356862752591432
PF00808	6	PFAM	0.101773664565246	0.129535916042819	0.112540841804075	0.0379782756876156
PF01428	2	PFAM	0.112576766156214	0.0814072775746671	0.112576766156214	0.0814072775746671
PF01963	2	PFAM	0.112673724079914	0.0131733058002565	0.112673724079914	0.0131733058002564
PF00595	7	PFAM	0.101162582867423	0.104828284164214	0.112705800856955	0.0274937290655948
PF04858	1	PFAM	0.112745998277842	0	0.112745998277842	NA
PF08381	1	PFAM	0.113055223460399	0	0.113055223460399	NA
PF02383	4	PFAM	0.0873677697466916	0.0551401305198323	0.113200617211115	0.0328907245831866
PF06461	1	PFAM	0.113211517225142	0	0.113211517225142	NA
PF00724	4	PFAM	0.117953153507953	0.0506444158362431	0.113313353884239	0.0308757911553304
PF02628	1	PFAM	0.113373392963237	0	0.113373392963237	NA
PF08617	1	PFAM	0.113439056042122	0	0.113439056042122	NA
PF08700	3	PFAM	0.0813689550406613	0.118527003319751	0.113599398237984	0.0703035125188923
PF00627	13	PFAM	0.105079572213456	0.0543388975374798	0.113709586364075	0.0171780153673312
PF01926	24	PFAM	0.077742027265484	0.129810479833019	0.113731335278147	0.0209791244586871
PF00756	3	PFAM	0.0931606311462431	0.0517760988452595	0.113746473832642	0.0316153818099458
PF02889	3	PFAM	0.0653405594296041	0.134159161579056	0.113817953394326	0.0811607949891312
PF00041	3	PFAM	0.0942322931154132	0.0369382504394166	0.113910220123452	0.0234865206308167
PF01429	2	PFAM	0.11404602527346	0.0157362403831428	0.11404602527346	0.0157362403831428
PF09296	2	PFAM	0.114072360258623	0.0830083581144577	0.114072360258623	0.0830083581144577
PF05421	1	PFAM	0.114153483612524	0	0.114153483612524	NA
PF01471	2	PFAM	0.114248233514402	0.0287548018238424	0.114248233514402	0.0287548018238424
PF10345	1	PFAM	0.114417162656971	0	0.114417162656971	NA
PF01061	28	PFAM	0.0805949275442286	0.134151639091559	0.114659798757043	0.0172512580944542
PF01168	2	PFAM	0.114699838295635	0.0505372890334386	0.114699838295635	0.0505372890334386
PF03070	2	PFAM	0.114748134994165	0.000239436988138997	0.114748134994165	0.000239436988138997
PF07002	3	PFAM	0.137629497206957	0.0357895707377171	0.114807793844164	0.0236044909701138
PF00153	43	PFAM	0.073201033991803	0.0941868269510577	0.115072256649952	0.0200786308293014
PF00149	28	PFAM	0.106421090571024	0.133062179414968	0.115112819404199	0.0232294127507959
PF01590	6	PFAM	0.108400897427984	0.0678317454944362	0.115309392814565	0.0194465670787362
PF01566	4	PFAM	0.124936482619529	0.0518185099229149	0.115536682842317	0.0293057515071106
PF04938	1	PFAM	0.115569261698149	0	0.115569261698149	NA
PF11919	1	PFAM	0.115576089262226	0	0.115576089262226	NA
PF11360	1	PFAM	0.115638922293846	0	0.115638922293846	NA
PF00396	2	PFAM	0.115642355401076	0.0356106611289077	0.115642355401076	0.0356106611289077
PF10229	1	PFAM	0.115757740790506	0	0.115757740790506	NA
PF07890	1	PFAM	0.115761518815629	0	0.115761518815629	NA
PF01846	3	PFAM	0.136247695674452	0.0325314887188712	0.115768319646286	0.0213919875198115
PF06916	2	PFAM	0.115854311087466	0.115854311087466	0.115854311087466	0.115854311087466
PF10197	2	PFAM	0.116140139348974	0.0307491758115246	0.116140139348974	0.0307491758115246
PF04930	1	PFAM	0.116187376821403	0	0.116187376821403	NA
PF00202	7	PFAM	0.109491973708156	0.150184902644305	0.116249235832681	0.039967921239265
PF03839	1	PFAM	0.11631586270778	0	0.11631586270778	NA
PF05011	1	PFAM	0.11631862825847	0	0.11631862825847	NA
PF02672	2	PFAM	0.116322149104698	0.116322149104698	0.116322149104698	0.116322149104698
PF05514	1	PFAM	0.116636392812437	0	0.116636392812437	NA
PF05670	3	PFAM	0.0704785573827872	0.139727078586054	0.116644238184965	0.0839088971308365
PF01425	5	PFAM	0.127169070221479	0.03310228485523	0.116754350015203	0.0151011841441467
PF08672	1	PFAM	0.116843670801841	0	0.116843670801841	NA
PF09783	1	PFAM	0.116858241275113	0	0.116858241275113	NA
PF06351	1	PFAM	0.117119820142946	0	0.117119820142946	NA
PF05600	1	PFAM	0.117164981921216	0	0.117164981921216	NA
PF00970	3	PFAM	0.0435411478734624	0.11944709667729	0.11718257661305	0.078176944437474
PF02358	4	PFAM	0.0536821352008733	0.106293571249784	0.117953942054184	0.083236988652474
PF04063	1	PFAM	0.11795400495109	0	0.11795400495109	NA
PF04064	1	PFAM	0.11795400495109	0	0.11795400495109	NA
PF01063	5	PFAM	0.12078777179448	0.113979890472036	0.118013687085389	0.0432316392161448
PF02223	2	PFAM	0.118227659956861	0.0301806453939975	0.118227659956861	0.0301806453939974
PF02854	6	PFAM	0.110865453594654	0.0728582178173375	0.11832630271281	0.0262378178540795
PF02602	2	PFAM	0.118385678155565	0.0661758453950253	0.118385678155565	0.0661758453950253
PF09258	1	PFAM	0.11844919262718	0	0.11844919262718	NA
PF01384	12	PFAM	0.0903465923637598	0.100092472519836	0.11851736999815	0.0226830876883842
PF00083	13	PFAM	0.0715245514015004	0.12425495393676	0.118573113952274	0.0304641242523763
PF00999	11	PFAM	0.111824708098677	0.0835606044901602	0.118703880957157	0.0210371722150986
PF07842	2	PFAM	0.118815073131913	0.006859489041668	0.118815073131913	0.006859489041668
PF01379	2	PFAM	0.118848990317863	0.0958557996582284	0.118848990317863	0.0958557996582284
PF10591	1	PFAM	0.119017774591659	0	0.119017774591659	NA
PF08246	4	PFAM	0.122441738062316	0.0445608696494341	0.119042046731696	0.0163778024923503
PF00106	41	PFAM	0.0836599785055166	0.0938829387530134	0.11904609840674	0.0152395894151197
PF00108	2	PFAM	0.119128786054922	0.067237640122022	0.119128786054922	0.067237640122022
PF02803	2	PFAM	0.119128786054922	0.067237640122022	0.119128786054922	0.067237640122022
PF04802	1	PFAM	0.119135100191907	0	0.119135100191907	NA
PF00571	15	PFAM	0.0902894624067528	0.121258276764233	0.119166092136176	0.0292434189453819
PF01717	1	PFAM	0.119250236761262	0	0.119250236761262	NA
PF08267	1	PFAM	0.119250236761262	0	0.119250236761262	NA
PF12248	1	PFAM	0.11931360827807	0	0.11931360827807	NA
PF02229	1	PFAM	0.119527950251854	0	0.119527950251854	NA
PF04045	1	PFAM	0.119567239215549	0	0.119567239215549	NA
PF04145	3	PFAM	0.124961997036511	0.01462546434985	0.119642437912416	0.00885301247043048
PF02274	2	PFAM	0.119652352583726	0.079440509220503	0.119652352583726	0.0794405092205029
PF04048	1	PFAM	0.119963985064428	0	0.119963985064428	NA
PF00622	7	PFAM	0.0987664591802073	0.062614125083419	0.120009763854778	0.0195847214751174
PF00782	18	PFAM	0.106873724646181	0.0945397731834437	0.120243499978219	0.0190892859252106
PF08417	7	PFAM	0.149514033779822	0.101659657145788	0.120251990442019	0.025061530363033
PF08670	1	PFAM	0.120302208529308	0	0.120302208529308	NA
PF03765	9	PFAM	0.109882069760286	0.134748636914017	0.120463710132237	0.0277989239649891
PF00210	2	PFAM	0.120502341041732	0.012618213957152	0.120502341041732	0.012618213957152
PF00400	196	PFAM	0.0900561442256581	0.120950574164624	0.120548016055241	0.00870647376264663
PF01619	2	PFAM	0.120976383062921	0.0907454316205516	0.120976383062921	0.0907454316205516
PF02735	2	PFAM	0.121041508611828	0.0547987004840586	0.121041508611828	0.0547987004840586
PF06525	1	PFAM	0.121053460812789	0	0.121053460812789	NA
PF02775	4	PFAM	0.0799855321750731	0.179497168072112	0.121189215598118	0.075345450285189
PF00515	31	PFAM	0.0878042004152708	0.0997635111520337	0.121357509420667	0.0165704460075504
PF08772	1	PFAM	0.121541396308827	0	0.121541396308827	NA
PF03937	1	PFAM	0.121643459884846	0	0.121643459884846	NA
PF12554	1	PFAM	0.12165861298858	0	0.12165861298858	NA
PF00806	5	PFAM	0.085522770203108	0.0331568046560448	0.121917659024618	0.0502319694627053
PF02297	2	PFAM	0.121952951990975	0.121952951990975	0.121952951990975	0.121952951990975
PF01176	3	PFAM	0.117624301708678	0.12418051408566	0.12199510996	0.0717289528994541
PF07856	1	PFAM	0.122116148791258	0	0.122116148791258	NA
PF05175	2	PFAM	0.122164636526622	0.105723378359137	0.122164636526622	0.105723378359137
PF01733	3	PFAM	0.113048807289395	0.0931594452105876	0.122644875839381	0.0539992149037264
PF08790	1	PFAM	0.122998080135074	0	0.122998080135074	NA
PF03874	2	PFAM	0.123006434389976	0.123006434389976	0.123006434389976	0.123006434389976
PF03649	1	PFAM	0.123253762269765	0	0.123253762269765	NA
PF01132	2	PFAM	0.123301078068819	0.0239168041981558	0.123301078068819	0.0239168041981558
PF08207	2	PFAM	0.123301078068819	0.0239168041981558	0.123301078068819	0.0239168041981558
PF09285	2	PFAM	0.123301078068819	0.0239168041981558	0.123301078068819	0.0239168041981558
PF11977	1	PFAM	0.12342509049743	0	0.12342509049743	NA
PF02733	1	PFAM	0.123438570826942	0	0.123438570826942	NA
PF02734	1	PFAM	0.123438570826942	0	0.123438570826942	NA
PF12349	1	PFAM	0.123543082451021	0	0.123543082451021	NA
PF00573	3	PFAM	0.0208539352111402	0.157499418607192	0.12360104763315	0.104441041892702
PF00169	6	PFAM	0.105907198285619	0.104749499492636	0.123735954305669	0.0308484950328129
PF02374	4	PFAM	0.0451146148028653	0.0921822897953501	0.124220053489059	0.087364034050232
PF03618	1	PFAM	0.124270222754314	0	0.124270222754314	NA
PF00892	19	PFAM	0.0922042173819767	0.139422217145132	0.12432531703433	0.0259054752670954
PF01556	10	PFAM	0.0568682660471411	0.134968165270692	0.124398636054962	0.0394650224081354
PF01789	11	PFAM	0.112143236594057	0.135924588405055	0.124482967463116	0.0313714052644591
PF03063	4	PFAM	0.133886678914157	0.09179484010212	0.124590013568223	0.0362712003007507
PF01433	4	PFAM	0.120154859705356	0.0377156757392902	0.12464107209722	0.0297172351690035
PF10270	1	PFAM	0.124652153716221	0	0.124652153716221	NA
PF06421	2	PFAM	0.124699816531521	0.117043276413132	0.124699816531521	0.117043276413132
PF03160	1	PFAM	0.124704090006651	0	0.124704090006651	NA
PF04433	2	PFAM	0.124743189806587	0.0366990912409365	0.124743189806587	0.0366990912409365
PF05022	1	PFAM	0.124784867764048	0	0.124784867764048	NA
PF07521	3	PFAM	0.0368225110188414	0.141464326098212	0.125034963418761	0.0928228296760867
PF00925	2	PFAM	0.12515114777873	0.018921092288411	0.12515114777873	0.018921092288411
PF01327	3	PFAM	0.125569332632726	0.022654738385286	0.125663259522903	0.0130798036172984
PF05002	1	PFAM	0.125682477672179	0	0.125682477672179	NA
PF04979	1	PFAM	0.125707031170283	0	0.125707031170283	NA
PF03639	1	PFAM	0.125929906260709	0	0.125929906260709	NA
PF00403	7	PFAM	0.106203186198299	0.0307098747961952	0.126007811299229	0.0276368674475018
PF04055	20	PFAM	0.0924994463229187	0.159311655235324	0.126068543791919	0.0257798866355588
PF10366	1	PFAM	0.126295914652803	0	0.126295914652803	NA
PF02567	1	PFAM	0.126344883692325	0	0.126344883692325	NA
PF01593	16	PFAM	0.0904875037757588	0.129743002112569	0.126426838373213	0.0264829702511353
PF08238	4	PFAM	0.153075553783585	0.103332243184421	0.1266849597289	0.0460236619562466
PF01036	7	PFAM	0.105869785158664	0.0356700713179601	0.126687551404251	0.0322572710999519
PF03095	1	PFAM	0.126798854241467	0	0.126798854241467	NA
PF01230	3	PFAM	0.172147629351608	0.104219282040832	0.126862064477757	0.0642903454093594
PF04410	2	PFAM	0.126889452271934	0.126889452271934	0.126889452271934	0.126889452271934
PF04389	1	PFAM	0.127183040860468	0	0.127183040860468	NA
PF02507	1	PFAM	0.127233868980345	0	0.127233868980345	NA
PF05652	1	PFAM	0.127435897762907	0	0.127435897762907	NA
PF01783	2	PFAM	0.127451728934771	0.00510780786404448	0.127451728934771	0.00510780786404449
PF01557	2	PFAM	0.12764059273323	0.0968300496934464	0.12764059273323	0.0968300496934464
PF00753	11	PFAM	0.100224042466387	0.154465319079639	0.127831694134836	0.0315248484012948
PF02190	7	PFAM	0.108218700982267	0.144723871217596	0.127843582819724	0.0411755758646822
PF11987	3	PFAM	0.0418720194167127	0.154927796147329	0.127852171025507	0.0992422320588562
PF04280	3	PFAM	0.1509208651326	0.0367101788836943	0.128006533511879	0.0240931330389049
PF01273	1	PFAM	0.128076732808665	0	0.128076732808665	NA
PF02886	1	PFAM	0.128076732808665	0	0.128076732808665	NA
PF01040	6	PFAM	0.0662359982623839	0.0911607120567078	0.128124956605905	0.0657629226938755
PF04192	1	PFAM	0.128223830533014	0	0.128223830533014	NA
PF02668	3	PFAM	0.143688512516463	0.0677747598849689	0.128473037130744	0.0398624764905345
PF06870	1	PFAM	0.128497761330357	0	0.128497761330357	NA
PF00454	10	PFAM	0.134090807773956	0.113910799002521	0.12875068228783	0.0231030534094522
PF04931	1	PFAM	0.1287555622342	0	0.1287555622342	NA
PF04479	1	PFAM	0.128981243568357	0	0.128981243568357	NA
PF09668	1	PFAM	0.129073394613561	0	0.129073394613561	NA
PF03016	40	PFAM	0.108511059572875	0.077263034698471	0.129160394920794	0.011511971108281
PF07574	1	PFAM	0.129166590077101	0	0.129166590077101	NA
PF01928	2	PFAM	0.129189171056581	0.0610341182886056	0.129189171056581	0.0610341182886056
PF02362	1	PFAM	0.129256056129521	0	0.129256056129521	NA
PF00270	69	PFAM	0.091009098476373	0.137943908527551	0.12940218207774	0.0146279486491944
PF08038	1	PFAM	0.129486953283756	0	0.129486953283756	NA
PF00237	3	PFAM	0.0529158913387059	0.167949547344812	0.129604995342777	0.104272023186212
PF03489	2	PFAM	0.129772878805364	0.0165171550267185	0.129772878805364	0.0165171550267185
PF01195	1	PFAM	0.129951930666525	0	0.129951930666525	NA
PF10170	1	PFAM	0.130124184635276	0	0.130124184635276	NA
PF00883	2	PFAM	0.130441195553627	0.011502564129012	0.130441195553627	0.011502564129012
PF02789	2	PFAM	0.130441195553627	0.011502564129012	0.130441195553627	0.011502564129012
PF06888	2	PFAM	0.130548110922652	0.0876323444848914	0.130548110922652	0.0876323444848914
PF04189	1	PFAM	0.130659234082076	0	0.130659234082076	NA
PF02033	1	PFAM	0.130816786049936	0	0.130816786049936	NA
PF03457	1	PFAM	0.130840718500468	0	0.130840718500468	NA
PF04857	3	PFAM	0.163349702457146	0.114641030436284	0.130877254443238	0.0681503503769547
PF00355	16	PFAM	0.14657393746774	0.0863148813662953	0.130982049966211	0.0220856550330522
PF00989	11	PFAM	0.12465541150914	0.0699834894766096	0.131039717477021	0.0154230260928136
PF00664	19	PFAM	0.104038749345893	0.113801080692706	0.131180685870343	0.0241538342422173
PF10343	2	PFAM	0.131220129845287	0.00338468967050304	0.131220129845287	0.00338468967050301
PF04371	2	PFAM	0.131294389404289	0.128148810482697	0.131294389404289	0.128148810482697
PF01857	1	PFAM	0.13132900987524	0	0.13132900987524	NA
PF01858	1	PFAM	0.13132900987524	0	0.13132900987524	NA
PF11934	1	PFAM	0.13132900987524	0	0.13132900987524	NA
PF02810	5	PFAM	0.14664409871512	0.1071837687567	0.131590860854444	0.0293516481168942
PF04157	2	PFAM	0.131621291543592	0.0955176463762629	0.131621291543592	0.0955176463762629
PF00450	7	PFAM	0.108179388470437	0.0690567978786259	0.131678984764252	0.024682715760006
PF04539	1	PFAM	0.131716075196986	0	0.131716075196986	NA
PF04545	1	PFAM	0.131716075196986	0	0.131716075196986	NA
PF01180	3	PFAM	0.111930838897646	0.0886948858484522	0.131871272479349	0.0521695902617598
PF02656	5	PFAM	0.128615035300854	0.0489288781381985	0.131901692079693	0.0405000283888508
PF00773	4	PFAM	0.131788131771143	0.092791629580231	0.132028666679351	0.0373740440374639
PF05042	3	PFAM	0.121468697696037	0.0486829028432353	0.132186286023424	0.0286133713143022
PF00408	3	PFAM	0.127349163453066	0.0716603167790626	0.132332423933944	0.0414480625387195
PF00704	9	PFAM	0.129569790920863	0.0758658309877877	0.13241648843591	0.0220617841850635
PF00889	2	PFAM	0.132521415990798	0.0423742736605174	0.132521415990798	0.0423742736605173
PF00254	22	PFAM	0.1134540518786	0.111171883123391	0.132571550582275	0.0213704599037096
PF04926	1	PFAM	0.132591240771808	0	0.132591240771808	NA
PF04928	1	PFAM	0.132591240771808	0	0.132591240771808	NA
PF01497	2	PFAM	0.13272248099963	0.0349046133493841	0.13272248099963	0.0349046133493841
PF04989	1	PFAM	0.132801502712195	0	0.132801502712195	NA
PF02590	1	PFAM	0.132802737790084	0	0.132802737790084	NA
PF00962	3	PFAM	0.113997785893666	0.0809645356494672	0.132874044550859	0.0476881917201166
PF04762	1	PFAM	0.13290268537416	0	0.13290268537416	NA
PF00004	72	PFAM	0.0822750275390423	0.155655212822846	0.133313540480172	0.0156600409113619
PF01805	5	PFAM	0.0896514333523673	0.0800708136782168	0.133396754006681	0.0554374510348695
PF01426	4	PFAM	0.130448356935103	0.0420892347050424	0.133413098527933	0.0170011386099557
PF12422	1	PFAM	0.13353609898905	0	0.13353609898905	NA
PF03572	5	PFAM	0.1645820123566	0.0854222539883662	0.133541887447856	0.0322973712498555
PF01436	3	PFAM	0.149501115055114	0.0348627126632245	0.133612213827352	0.0216390974927924
PF02577	4	PFAM	0.139308660082741	0.0897565977155183	0.133723853553469	0.0330952920510967
PF02657	2	PFAM	0.133872730146435	0.0541129992226015	0.133872730146435	0.0541129992226015
PF11051	4	PFAM	0.129938298179136	0.0960936385535451	0.134007219034115	0.0386914473445077
PF01025	3	PFAM	0.107556799280674	0.07869044915699	0.134017565569042	0.0473191853372905
PF00013	14	PFAM	0.0905881177751022	0.101680505247786	0.13419841474443	0.0368240891639388
PF04042	3	PFAM	0.158804537021202	0.0380282054181082	0.134304468555561	0.0251418271905449
PF01751	3	PFAM	0.0793725377025945	0.129441011692143	0.134362395545856	0.0796301635837036
PF09728	1	PFAM	0.134550715766741	0	0.134550715766741	NA
PF00135	1	PFAM	0.134623005883722	0	0.134623005883722	NA
PF02681	2	PFAM	0.134639887698458	0.029051817088457	0.134639887698458	0.029051817088457
PF01894	3	PFAM	0.175544064672121	0.0649621586562412	0.134673057629921	0.0427118698168762
PF04607	3	PFAM	0.146404722307297	0.112615428654578	0.1348054228256	0.0652766997286778
PF03595	1	PFAM	0.134946176205327	0	0.134946176205327	NA
PF04982	3	PFAM	0.131535760094279	0.0236547126893415	0.135207808079917	0.0137799175701685
PF00471	2	PFAM	0.135279169901884	0.135279169901884	0.135279169901884	0.135279169901884
PF00164	2	PFAM	0.135397203954246	0.135397203954246	0.135397203954246	0.135397203954246
PF01472	7	PFAM	0.0382018483172313	0.188781009383445	0.135404509327422	0.064235399406512
PF01494	21	PFAM	0.137651744899395	0.0929764691595313	0.135488300171406	0.0190325737409992
PF01876	1	PFAM	0.135562112153871	0	0.135562112153871	NA
PF00899	10	PFAM	0.0962320225900304	0.104317595819331	0.135600913191527	0.0354765362026868
PF00378	6	PFAM	0.100160184902256	0.127611339019803	0.135733259219005	0.0335423216332019
PF04006	1	PFAM	0.135979655219045	0	0.135979655219045	NA
PF02480	1	PFAM	0.136301252119507	0	0.136301252119507	NA
PF00385	7	PFAM	0.112551813472308	0.0698920723964954	0.136432739955994	0.0364515853519827
PF04232	4	PFAM	0.130398781289003	0.0686532741942041	0.13672648294702	0.0250574339444178
PF03714	1	PFAM	0.136795854462984	0	0.136795854462984	NA
PF11852	1	PFAM	0.136795854462984	0	0.136795854462984	NA
PF03364	3	PFAM	0.133261050210491	0.053706049632109	0.136903526018418	0.0310606422427432
PF07993	1	PFAM	0.136940035198983	0	0.136940035198983	NA
PF00258	6	PFAM	0.165590769469427	0.148612255486883	0.137122728783777	0.0360873369681327
PF02325	4	PFAM	0.0915663417168749	0.0961819697615054	0.13718743181235	0.0625623761465026
PF06427	1	PFAM	0.137209414711239	0	0.137209414711239	NA
PF03407	30	PFAM	0.136791559504109	0.145206886596256	0.13724109797857	0.0166592678280924
PF02536	5	PFAM	0.132019533129762	0.055702383818362	0.137266913552841	0.0443777520575846
PF10309	1	PFAM	0.137345673006701	0	0.137345673006701	NA
PF02460	3	PFAM	0.124448740398307	0.0203169894902045	0.137389628093586	0.0133962680462564
PF03222	1	PFAM	0.137392435642401	0	0.137392435642401	NA
PF03314	1	PFAM	0.137494242284661	0	0.137494242284661	NA
PF03556	3	PFAM	0.111760784095868	0.139850616133926	0.137546345010286	0.0817656533368219
PF07773	1	PFAM	0.137548502675418	0	0.137548502675418	NA
PF05577	2	PFAM	0.137629607061011	0.00145038454431998	0.137629607061011	0.00145038454431999
PF03798	10	PFAM	0.124313860691361	0.0913976352444349	0.137640945772507	0.0269029250116546
PF05140	1	PFAM	0.137666102412764	0	0.137666102412764	NA
PF01795	1	PFAM	0.137912284162453	0	0.137912284162453	NA
PF03980	1	PFAM	0.137923586498862	0	0.137923586498862	NA
PF10230	1	PFAM	0.138078716806173	0	0.138078716806173	NA
PF08638	1	PFAM	0.138086330935859	0	0.138086330935859	NA
PF07647	4	PFAM	0.13301888548448	0.131506185352092	0.138143716919357	0.0459103752142246
PF04420	1	PFAM	0.13818236241033	0	0.13818236241033	NA
PF02696	2	PFAM	0.138190145571703	0.014030445361946	0.138190145571703	0.014030445361946
PF01966	2	PFAM	0.138389295375629	0.020364018386065	0.138389295375629	0.020364018386065
PF07064	1	PFAM	0.138482408919793	0	0.138482408919793	NA
PF00996	2	PFAM	0.138617267790802	0.131379224611231	0.138617267790802	0.131379224611231
PF08640	1	PFAM	0.138622148901294	0	0.138622148901294	NA
PF07646	4	PFAM	0.150143717657499	0.0605632040755698	0.138718504955944	0.0465090449701314
PF03097	2	PFAM	0.138768009112112	0.0976501291448607	0.138768009112112	0.0976501291448607
PF00425	3	PFAM	0.147422539543183	0.085484703122777	0.139190601855416	0.0495259462859647
PF00484	6	PFAM	0.114391463309639	0.122794518949562	0.139228411570329	0.0372307180211235
PF03104	4	PFAM	0.0652329407601624	0.107793798019886	0.139269546995479	0.0899512273058216
PF00650	17	PFAM	0.128358178257099	0.121637068639725	0.139287999659456	0.0240258150309721
PF02390	3	PFAM	0.11486970021135	0.0540715928785791	0.139326122759111	0.0335277229036052
PF10996	3	PFAM	0.0798159765983708	0.141464326098212	0.139366118611937	0.0869325794678426
PF02776	4	PFAM	0.117505527967514	0.235777161760773	0.139949213494338	0.0795811735171808
PF02893	2	PFAM	0.140003834021039	0.00334545511511553	0.140003834021039	0.0033454551151155
PF00294	12	PFAM	0.102601465422718	0.109276348025346	0.140092267514505	0.0247417674307572
PF05188	2	PFAM	0.140171459894224	0.0672074861456291	0.140171459894224	0.0672074861456291
PF06824	1	PFAM	0.140240551328086	0	0.140240551328086	NA
PF08372	2	PFAM	0.140341102187994	0.0203611622432135	0.140341102187994	0.0203611622432135
PF06080	1	PFAM	0.140373702922196	0	0.140373702922196	NA
PF07690	37	PFAM	0.122846119109501	0.141486033981557	0.140484005589515	0.0157036548111464
PF00266	11	PFAM	0.115567757016332	0.1508693993899	0.140714056606646	0.0329538255490121
PF06479	1	PFAM	0.140774917936866	0	0.140774917936866	NA
PF00507	1	PFAM	0.140943837228592	0	0.140943837228592	NA
PF04832	7	PFAM	0.124488873351189	0.085185443398486	0.141191123717156	0.0342680004402159
PF06041	1	PFAM	0.141360741501233	0	0.141360741501233	NA
PF09359	3	PFAM	0.128615035300854	0.123835102030781	0.141487801905749	0.0717853596611037
PF07719	15	PFAM	0.106256980259679	0.10679255229149	0.141496416732716	0.0366831515269876
PF00521	2	PFAM	0.141550843080275	0.0588731990806043	0.141550843080275	0.0588731990806043
PF03067	3	PFAM	0.159850296663372	0.0344787898016203	0.141585986272943	0.0219011089651701
PF03762	3	PFAM	0.106493576313457	0.053340815679549	0.14172334859291	0.0354781400231477
PF01575	3	PFAM	0.112295964582882	0.048220599162007	0.141889944334674	0.031528182692659
PF00656	2	PFAM	0.141892412421148	0.0330309685382225	0.141892412421148	0.0330309685382225
PF05377	1	PFAM	0.141905876521997	0	0.141905876521997	NA
PF08551	1	PFAM	0.141960511585672	0	0.141960511585672	NA
PF00982	3	PFAM	0.0638025997315647	0.182225748907494	0.142751365848851	0.112369782887392
PF11152	2	PFAM	0.14297367900876	0.014779271300623	0.14297367900876	0.014779271300623
PF03853	1	PFAM	0.143196223813456	0	0.143196223813456	NA
PF10590	1	PFAM	0.143196223813456	0	0.143196223813456	NA
PF00034	3	PFAM	0.206618343267623	0.11150361664436	0.143208525518781	0.0717603889458486
PF00534	22	PFAM	0.115468193835488	0.135408239011282	0.143272532732634	0.0362387709819646
PF08288	1	PFAM	0.143480364014646	0	0.143480364014646	NA
PF01833	5	PFAM	0.0971685834549231	0.171334733713976	0.143632312206422	0.0510634723752304
PF02921	1	PFAM	0.143633841155658	0	0.143633841155658	NA
PF05383	3	PFAM	0.182025335618624	0.0802819190147185	0.143663873959958	0.0501626947246915
PF04406	2	PFAM	0.143707364358817	0.129532823440831	0.143707364358817	0.129532823440831
PF00364	12	PFAM	0.0922717452599996	0.14647672726637	0.143802159680073	0.032027559794879
PF00886	2	PFAM	0.143812947179531	0.143812947179531	0.143812947179531	0.143812947179531
PF05996	1	PFAM	0.14386842967592	0	0.14386842967592	NA
PF02698	2	PFAM	0.14399624526711	0.016996955485385	0.14399624526711	0.016996955485385
PF00926	1	PFAM	0.144072240067141	0	0.144072240067141	NA
PF01477	6	PFAM	0.119659396280896	0.172524898525032	0.144084264048098	0.0471287864954019
PF01288	1	PFAM	0.144241082920645	0	0.144241082920645	NA
PF11282	1	PFAM	0.144246081366678	0	0.144246081366678	NA
PF02518	21	PFAM	0.0974559619758572	0.133850378875574	0.144259730646994	0.0263644313502681
PF04821	1	PFAM	0.144456790518839	0	0.144456790518839	NA
PF01026	4	PFAM	0.1419516808844	0.0882251066219076	0.144498133574918	0.0319926821580312
PF03159	4	PFAM	0.108434694488821	0.101659197411288	0.144657207949357	0.0522758672370269
PF08332	3	PFAM	0.127712097393313	0.048575009164714	0.144740369451764	0.0293087191368287
PF02263	5	PFAM	0.113122345450182	0.13250220505442	0.144795605647688	0.0447970054271394
PF11911	1	PFAM	0.145009917114757	0	0.145009917114757	NA
PF02260	6	PFAM	0.181211836063173	0.113418295377322	0.145050249963288	0.0361802173703629
PF08123	1	PFAM	0.145069061172447	0	0.145069061172447	NA
PF01243	4	PFAM	0.130473406014314	0.063878087038966	0.145230411619689	0.0379107905007546
PF04934	1	PFAM	0.145253705253253	0	0.145253705253253	NA
PF00857	6	PFAM	0.147108424059968	0.046259796663746	0.14534190622801	0.0222549888141228
PF04548	2	PFAM	0.145368765051959	0.109596923934178	0.145368765051959	0.109596923934178
PF00059	7	PFAM	0.129569790920863	0.048574090979806	0.145408712894485	0.017397674905055
PF05700	1	PFAM	0.145483232586367	0	0.145483232586367	NA
PF01558	1	PFAM	0.145519344549427	0	0.145519344549427	NA
PF01855	1	PFAM	0.145519344549427	0	0.145519344549427	NA
PF10371	1	PFAM	0.145519344549427	0	0.145519344549427	NA
PF03127	1	PFAM	0.145531996807568	0	0.145531996807568	NA
PF00307	5	PFAM	0.0655746649252528	0.170683030415175	0.1456298706652	0.0787983934196577
PF06102	1	PFAM	0.145664613847463	0	0.145664613847463	NA
PF00314	1	PFAM	0.14579196971626	0	0.14579196971626	NA
PF06584	1	PFAM	0.14592735940128	0	0.14592735940128	NA
PF01148	4	PFAM	0.122135299895727	0.169835370481991	0.146016038380368	0.0667748160312586
PF00902	1	PFAM	0.146078523257144	0	0.146078523257144	NA
PF03441	7	PFAM	0.0971522053752829	0.0798364660741937	0.146087020977743	0.04167738628463
PF00630	3	PFAM	0.0761069986317325	0.16666519505147	0.14618324927277	0.102404911860505
PF01535	11	PFAM	0.133615562451789	0.132126129372482	0.146387866697731	0.0261366428662571
PF04949	1	PFAM	0.146515530561218	0	0.146515530561218	NA
PF00733	4	PFAM	0.126824023159441	0.232035934540205	0.14655487213916	0.0755572124417357
PF07974	20	PFAM	0.129995459532602	0.121569684252796	0.146603879868609	0.0173063714544012
PF01435	4	PFAM	0.130956333740541	0.124928569988614	0.146682034365771	0.0517314047094346
PF12171	4	PFAM	0.135133659181135	0.106197708125669	0.146769228517946	0.0624795569045212
PF00903	7	PFAM	0.117781516817045	0.122024396406106	0.146794319458435	0.0542674308024001
PF06743	2	PFAM	0.146795914221093	0.0384839314617195	0.146795914221093	0.0384839314617195
PF07685	1	PFAM	0.146804927793911	0	0.146804927793911	NA
PF10168	1	PFAM	0.147028008009642	0	0.147028008009642	NA
PF04969	9	PFAM	0.125682477672179	0.125240071386786	0.147030574467518	0.0440668476180504
PF10637	1	PFAM	0.147097293180822	0	0.147097293180822	NA
PF00787	6	PFAM	0.158373704722506	0.131626244795633	0.147327211900785	0.0374618710872073
PF01547	7	PFAM	0.123496444471476	0.123879590236289	0.147363312452141	0.0365027371537333
PF01226	6	PFAM	0.0747788403874344	0.189380359464584	0.14742331645715	0.058481623756848
PF00685	10	PFAM	0.141043326422604	0.131934318799777	0.147597097785498	0.0277293834228599
PF00581	26	PFAM	0.116612558092585	0.111765414433421	0.147837996364432	0.0207946808722932
PF00667	4	PFAM	0.171695551309826	0.106255864257813	0.147849517490944	0.0448811541719111
PF04084	1	PFAM	0.148105866272816	0	0.148105866272816	NA
PF11566	1	PFAM	0.148130794311346	0	0.148130794311346	NA
PF01529	12	PFAM	0.123799869160357	0.200592250380365	0.148256126705718	0.0328558102148212
PF01725	2	PFAM	0.148355965157047	0.0950154714375394	0.148355965157047	0.0950154714375394
PF01238	1	PFAM	0.148368174418966	0	0.148368174418966	NA
PF03083	4	PFAM	0.0862584550494215	0.110644459129463	0.148499480787504	0.0748393709882198
PF02469	19	PFAM	0.138325769525192	0.0686454353722062	0.148531381257209	0.0137949776120189
PF04139	1	PFAM	0.148620901072065	0	0.148620901072065	NA
PF00144	3	PFAM	0.184734495204229	0.0556388674688008	0.148636491083576	0.0368464516578904
PF01213	1	PFAM	0.148653155843641	0	0.148653155843641	NA
PF08603	1	PFAM	0.148653155843641	0	0.148653155843641	NA
PF07774	1	PFAM	0.148828265142855	0	0.148828265142855	NA
PF01121	2	PFAM	0.149011618998721	0.0357170019048655	0.149011618998721	0.0357170019048655
PF00350	13	PFAM	0.0531750673798	0.237444429891724	0.149051842267632	0.0433460712319876
PF01595	5	PFAM	0.142023342937882	0.093355160862068	0.149246390403945	0.0222721254685023
PF05153	1	PFAM	0.149276612886168	0	0.149276612886168	NA
PF01513	3	PFAM	0.115613256886401	0.0668769077508825	0.149674206280875	0.0422004423182181
PF01940	3	PFAM	0.137822742648716	0.046685903794899	0.149682708806449	0.0275987180323863
PF00498	15	PFAM	0.14028466117643	0.169456848517887	0.15003076953574	0.0275940722900157
PF00134	18	PFAM	0.108459554562797	0.175691218145165	0.150103335119464	0.0321512999001116
PF00875	8	PFAM	0.097809694583127	0.101276561089134	0.1501631726432	0.0363231112108877
PF01569	9	PFAM	0.104177822450552	0.082397453334323	0.15027246872444	0.0282664892434542
PF11617	2	PFAM	0.150313895506221	0.029840503530071	0.150313895506221	0.029840503530071
PF10475	2	PFAM	0.150359724139283	0.119579693956301	0.150359724139283	0.119579693956301
PF06337	1	PFAM	0.150464455701207	0	0.150464455701207	NA
PF02809	3	PFAM	0.17661837765797	0.0942743451240647	0.15093792936656	0.0559233589147001
PF00390	6	PFAM	0.137085921032476	0.145291956620948	0.151114736532214	0.0488844410247516
PF03949	6	PFAM	0.137085921032476	0.145291956620948	0.151114736532214	0.0488844410247516
PF12612	1	PFAM	0.151310768659486	0	0.151310768659486	NA
PF11957	1	PFAM	0.15140802245703	0	0.15140802245703	NA
PF01163	2	PFAM	0.151419106234192	0.024183617638472	0.151419106234192	0.024183617638472
PF06813	1	PFAM	0.151444003467416	0	0.151444003467416	NA
PF00031	1	PFAM	0.151462575244844	0	0.151462575244844	NA
PF01066	6	PFAM	0.141445035449906	0.248289963701796	0.151580019611749	0.0578830001127112
PF01302	2	PFAM	0.151623102544649	0.0471026302258345	0.151623102544649	0.0471026302258345
PF01933	1	PFAM	0.151625928987817	0	0.151625928987817	NA
PF04241	1	PFAM	0.151751601189459	0	0.151751601189459	NA
PF00481	28	PFAM	0.145276743395718	0.192676083037911	0.151776838164392	0.0237872287204676
PF00225	39	PFAM	0.100823253886969	0.135520207692538	0.151812016885943	0.0212567449580132
PF01222	1	PFAM	0.151918976056481	0	0.151918976056481	NA
PF08392	5	PFAM	0.173196496178749	0.189900962794752	0.151936944032114	0.0518695123090262
PF12146	7	PFAM	0.131669414472385	0.0417241094356805	0.152058625965377	0.0232323468087565
PF10187	1	PFAM	0.152110693554035	0	0.152110693554035	NA
PF00026	3	PFAM	0.146290033832082	0.033853335797379	0.152212899746161	0.0197683130294184
PF12068	1	PFAM	0.152227636263806	0	0.152227636263806	NA
PF00590	4	PFAM	0.117448262371295	0.1701986029188	0.152395817888327	0.0671556969883064
PF01074	1	PFAM	0.152700001083924	0	0.152700001083924	NA
PF07748	1	PFAM	0.152700001083924	0	0.152700001083924	NA
PF09261	1	PFAM	0.152700001083924	0	0.152700001083924	NA
PF11935	1	PFAM	0.152933254825516	0	0.152933254825516	NA
PF12295	1	PFAM	0.152933254825516	0	0.152933254825516	NA
PF01329	2	PFAM	0.15294595109017	0.0862142552096807	0.15294595109017	0.0862142552096807
PF01758	5	PFAM	0.176123517109865	0.040128505219139	0.152947813605429	0.0213006825083133
PF12348	1	PFAM	0.15302313615096	0	0.15302313615096	NA
PF03813	1	PFAM	0.153130538320315	0	0.153130538320315	NA
PF03999	1	PFAM	0.153189950493946	0	0.153189950493946	NA
PF02364	7	PFAM	0.0969535495146562	0.165511075661301	0.153204156663752	0.0432033855351769
PF04506	1	PFAM	0.153649490283788	0	0.153649490283788	NA
PF00536	5	PFAM	0.110055815507733	0.129574984885177	0.153653160633751	0.0383909038258334
PF09735	1	PFAM	0.153681877861727	0	0.153681877861727	NA
PF03239	1	PFAM	0.153763510809953	0	0.153763510809953	NA
PF10036	1	PFAM	0.15389067485734	0	0.15389067485734	NA
PF01080	1	PFAM	0.153910515873528	0	0.153910515873528	NA
PF01878	1	PFAM	0.153917277456402	0	0.153917277456402	NA
PF07731	7	PFAM	0.137815125946488	0.0562642753087622	0.153999442612859	0.0338075186709723
PF01554	16	PFAM	0.120959788745665	0.106275724346289	0.154040825936049	0.0257915729881837
PF00472	4	PFAM	0.159588340791197	0.176357173707144	0.154181212374138	0.0659515397279676
PF00206	3	PFAM	0.0821973502462867	0.124450044445208	0.154558799513703	0.0804465621131504
PF01868	1	PFAM	0.154669085933839	0	0.154669085933839	NA
PF01266	17	PFAM	0.131305489869372	0.100368667713234	0.154801285246033	0.0248218988267832
PF00271	101	PFAM	0.129973112114435	0.175177599634704	0.154805991921994	0.0122896640393964
PF05977	2	PFAM	0.155017713435183	0.0486286465537995	0.155017713435183	0.0486286465537995
PF01597	1	PFAM	0.155051738808223	0	0.155051738808223	NA
PF00850	15	PFAM	0.141243839608342	0.088031501874497	0.155128612464144	0.0224121107485022
PF00380	2	PFAM	0.155265927939441	0.155265927939441	0.155265927939441	0.155265927939441
PF03054	1	PFAM	0.155296956234939	0	0.155296956234939	NA
PF06886	1	PFAM	0.155306233239928	0	0.155306233239928	NA
PF12214	1	PFAM	0.155306233239928	0	0.155306233239928	NA
PF08285	1	PFAM	0.155635132360108	0	0.155635132360108	NA
PF00072	18	PFAM	0.125511921566133	0.114884004224153	0.15575344049303	0.021092745135382
PF00550	3	PFAM	0.174181731403973	0.146554845680977	0.155763807588642	0.0851131359443133
PF01769	2	PFAM	0.155946602684638	0.109254420060241	0.155946602684638	0.109254420060241
PF11971	1	PFAM	0.156110559658463	0	0.156110559658463	NA
PF00735	2	PFAM	0.156112433663365	0.150117038408105	0.156112433663365	0.150117038408105
PF10063	1	PFAM	0.15630236542737	0	0.15630236542737	NA
PF09118	20	PFAM	0.121662593340054	0.0874707288886556	0.156312304828314	0.0222351023064438
PF00175	10	PFAM	0.171695551309826	0.205714391557152	0.156364808913815	0.0401384256519705
PF00759	3	PFAM	0.159850296663372	0.0653293258268676	0.156612366103989	0.0377526332800047
PF00749	3	PFAM	0.0938355829341432	0.157458554298562	0.156719963025822	0.0961925677420544
PF00458	2	PFAM	0.156906238238708	0.114500704478102	0.156906238238708	0.114500704478102
PF04442	1	PFAM	0.156937700733985	0	0.156937700733985	NA
PF00109	4	PFAM	0.154647080368715	0.248439728725129	0.157094757070708	0.0736188262769467
PF02801	4	PFAM	0.154647080368715	0.248439728725129	0.157094757070708	0.0736188262769467
PF11209	2	PFAM	0.157117907387575	0.00286935482177703	0.157117907387575	0.002869354821777
PF08626	1	PFAM	0.157224290135214	0	0.157224290135214	NA
PF09409	6	PFAM	0.0713826465927537	0.167947271908863	0.157373086402544	0.06121508441996
PF07228	7	PFAM	0.146322841223907	0.104883732318687	0.157488051610114	0.0329340744293686
PF07452	2	PFAM	0.157539044907196	0.0903667840599491	0.157539044907196	0.0903667840599491
PF00642	17	PFAM	0.140774917936866	0.127008851640761	0.157722581859182	0.0318025822195808
PF02144	1	PFAM	0.158014524971209	0	0.158014524971209	NA
PF04117	11	PFAM	0.141517047219177	0.207457560211483	0.158054131225676	0.0439328492581375
PF00288	7	PFAM	0.133950526087202	0.127777003424981	0.158479784758751	0.0429998898035596
PF06859	1	PFAM	0.158510280952995	0	0.158510280952995	NA
PF04418	1	PFAM	0.158597649331831	0	0.158597649331831	NA
PF11712	1	PFAM	0.158599935952553	0	0.158599935952553	NA
PF01565	9	PFAM	0.101359927459283	0.162516316039927	0.158674630262384	0.0481197211113611
PF04749	12	PFAM	0.15256537393667	0.0609426228155233	0.159133588267378	0.0266488442593484
PF00632	11	PFAM	0.15396535170749	0.0765874049408435	0.159149945303604	0.0151819289659086
PF02574	2	PFAM	0.159168409164627	0.112484772022096	0.159168409164627	0.112484772022096
PF00067	41	PFAM	0.138416507959307	0.0841783842647475	0.159285716963876	0.0147543386471325
PF06775	1	PFAM	0.159328608944272	0	0.159328608944272	NA
PF00415	18	PFAM	0.110963686267529	0.115577136205937	0.159484890104939	0.0414752019205263
PF00347	2	PFAM	0.159536950099617	0.159536950099617	0.159536950099617	0.159536950099617
PF07859	3	PFAM	0.190850006439998	0.0773849014547855	0.159680699883708	0.0473183094462981
PF04727	2	PFAM	0.159703909208576	0.0743096856875337	0.159703909208576	0.0743096856875337
PF07160	1	PFAM	0.159869386470027	0	0.159869386470027	NA
PF00221	1	PFAM	0.160039220114019	0	0.160039220114019	NA
PF08418	1	PFAM	0.160082639740848	0	0.160082639740848	NA
PF02130	1	PFAM	0.160254741386202	0	0.160254741386202	NA
PF08766	3	PFAM	0.119527950251854	0.077385152245002	0.160388667605525	0.0491279297853219
PF10509	2	PFAM	0.160420792350144	0.108677543661774	0.160420792350144	0.108677543661774
PF05686	48	PFAM	0.138284599683491	0.128902080421281	0.160440756294694	0.0139767335107791
PF06325	5	PFAM	0.18985422723045	0.027220587620677	0.160530876108587	0.0429850663857675
PF05147	1	PFAM	0.160782702640117	0	0.160782702640117	NA
PF09273	9	PFAM	0.169171014756984	0.108556287240069	0.16079684808708	0.0307388953424553
PF08423	6	PFAM	0.0866607211481033	0.159736723016415	0.161098892062884	0.0874254290320948
PF00349	1	PFAM	0.161143567067722	0	0.161143567067722	NA
PF03727	1	PFAM	0.161143567067722	0	0.161143567067722	NA
PF07986	4	PFAM	0.179489729054645	0.0678088494790235	0.161320403789275	0.0486384968225513
PF00318	2	PFAM	0.161328960000601	0.026703321110677	0.161328960000601	0.026703321110677
PF01937	3	PFAM	0.175766081395428	0.0659488919295453	0.161353344252946	0.0387515659498149
PF08241	38	PFAM	0.143794735421194	0.182960765457381	0.161383932253072	0.0219819023740598
PF04339	1	PFAM	0.161433325292343	0	0.161433325292343	NA
PF04484	1	PFAM	0.161588467090626	0	0.161588467090626	NA
PF03385	2	PFAM	0.161603254409095	0.0656769850878864	0.161603254409095	0.0656769850878864
PF02841	4	PFAM	0.161366389890079	0.133350684735525	0.161717449740721	0.0535478429028696
PF05182	1	PFAM	0.161753919196627	0	0.161753919196627	NA
PF01131	2	PFAM	0.161857324467487	0.129441011692143	0.161857324467487	0.129441011692143
PF02492	12	PFAM	0.125621941704696	0.186300604309188	0.16226294463147	0.0417541633984768
PF00050	2	PFAM	0.162263910052142	0.0348755851345505	0.162263910052142	0.0348755851345505
PF06148	1	PFAM	0.162268012074735	0	0.162268012074735	NA
PF12022	1	PFAM	0.162268012074735	0	0.162268012074735	NA
PF05787	1	PFAM	0.162750989474028	0	0.162750989474028	NA
PF03828	3	PFAM	0.152869004087205	0.0500863942276145	0.162775831281067	0.0293385741843441
PF08317	1	PFAM	0.16281310674177	0	0.16281310674177	NA
PF03982	8	PFAM	0.12117506913763	0.128598817008627	0.163049801476561	0.0511496972610034
PF06027	2	PFAM	0.163111802780188	0.0804851794513572	0.163111802780188	0.0804851794513572
PF12325	2	PFAM	0.163356156271529	0.0148839187058975	0.163356156271529	0.0148839187058975
PF03969	3	PFAM	0.203944031705497	0.0826391139048954	0.163435219559053	0.0518328918838324
PF00027	29	PFAM	0.173512362381116	0.154650977324584	0.163773333380054	0.0195218065300436
PF09335	6	PFAM	0.163748099562147	0.116140220881465	0.163929270668854	0.0300905749375661
PF04800	2	PFAM	0.163930742995272	0.0362323401926795	0.163930742995272	0.0362323401926795
PF05983	1	PFAM	0.163987845193714	0	0.163987845193714	NA
PF00370	3	PFAM	0.195763816069272	0.0754179247703258	0.164052149704972	0.0463396364334861
PF02782	4	PFAM	0.180181732488491	0.0610820877563344	0.164189024505657	0.0327673570356979
PF00168	28	PFAM	0.151860232960395	0.148028742911439	0.164244973804686	0.0204488236811515
PF11744	2	PFAM	0.164474639410034	0.0252060237636785	0.164474639410034	0.0252060237636785
PF10396	1	PFAM	0.164485786030079	0	0.164485786030079	NA
PF10155	1	PFAM	0.164519990062186	0	0.164519990062186	NA
PF02148	2	PFAM	0.164706676737561	0.059627104524105	0.164706676737561	0.059627104524105
PF10442	2	PFAM	0.165150572292752	0.017915177424004	0.165150572292752	0.017915177424004
PF04916	3	PFAM	0.159368668626922	0.04693449827998	0.165189847200009	0.0272535118151665
PF03847	1	PFAM	0.165217011444317	0	0.165217011444317	NA
PF01545	5	PFAM	0.16687253461482	0.113657829335733	0.16524479965326	0.0296169226392771
PF03692	1	PFAM	0.165278586109627	0	0.165278586109627	NA
PF07250	18	PFAM	0.127078057510972	0.0849597097821745	0.165487056503158	0.0236584318404103
PF00620	1	PFAM	0.165949358286264	0	0.165949358286264	NA
PF04882	1	PFAM	0.165984621130179	0	0.165984621130179	NA
PF01137	2	PFAM	0.166020420242236	0.149830580213317	0.166020420242236	0.149830580213317
PF05189	2	PFAM	0.166020420242236	0.149830580213317	0.166020420242236	0.149830580213317
PF03641	2	PFAM	0.166022435299094	0.062273802735182	0.166022435299094	0.062273802735182
PF08543	2	PFAM	0.166126909107812	0.051139337125508	0.166126909107812	0.051139337125508
PF00781	5	PFAM	0.112153271394086	0.0590857295451515	0.166161690743697	0.0601650927197184
PF01504	3	PFAM	0.120783480405635	0.152537254464695	0.166452778383762	0.0909796269923257
PF06966	3	PFAM	0.0968047227018091	0.131739334624489	0.166479656188854	0.0836584316424455
PF08541	3	PFAM	0.173196496178749	0.123945411233613	0.166578941692073	0.0716363710843581
PF03330	11	PFAM	0.114205707592088	0.171172249926683	0.166960452242615	0.036207812855155
PF01343	3	PFAM	0.0832639713942121	0.131185051869493	0.16709558939849	0.0865646636276662
PF01812	2	PFAM	0.167323947586539	0.0618791686167465	0.167323947586539	0.0618791686167465
PF08495	3	PFAM	0.151316903860848	0.0282706863657505	0.167443022109948	0.0182050402812756
PF10369	1	PFAM	0.16748960495696	0	0.16748960495696	NA
PF01896	1	PFAM	0.167517546875529	0	0.167517546875529	NA
PF09754	1	PFAM	0.167648038738642	0	0.167648038738642	NA
PF00444	1	PFAM	0.167736839444606	0	0.167736839444606	NA
PF09084	1	PFAM	0.167795699302515	0	0.167795699302515	NA
PF09752	1	PFAM	0.167884533082851	0	0.167884533082851	NA
PF03448	2	PFAM	0.168050933402201	0.0816504450340658	0.168050933402201	0.0816504450340658
PF00170	15	PFAM	0.141905876521997	0.080478230084556	0.168169225672753	0.027356275103302
PF01509	3	PFAM	0.0956480822097833	0.198528401758735	0.168282998630086	0.12023643321586
PF10374	1	PFAM	0.168284513951363	0	0.168284513951363	NA
PF00512	9	PFAM	0.13160468527131	0.103136586597332	0.168508221717466	0.0341808070871594
PF10251	1	PFAM	0.168596084667803	0	0.168596084667803	NA
PF01951	1	PFAM	0.168785822750579	0	0.168785822750579	NA
PF00232	2	PFAM	0.168810877250532	0.14052525082256	0.168810877250532	0.14052525082256
PF02984	7	PFAM	0.127396029175388	0.130023115646299	0.168915484970673	0.0529507358047044
PF01764	23	PFAM	0.163042522493185	0.084701278383937	0.168972440143713	0.0135250466413812
PF02617	2	PFAM	0.169036209443753	0.109085727179312	0.169036209443753	0.109085727179312
PF01841	2	PFAM	0.169306435811842	0.0445447246278215	0.169306435811842	0.0445447246278215
PF00884	19	PFAM	0.132359677133036	0.133346151940275	0.169345159087613	0.0276971248495299
PF04614	1	PFAM	0.169399540968924	0	0.169399540968924	NA
PF03962	1	PFAM	0.169548916005148	0	0.169548916005148	NA
PF05548	48	PFAM	0.148565982716302	0.0828514286362447	0.169644243845301	0.0127780364119157
PF03644	1	PFAM	0.169715675355851	0	0.169715675355851	NA
PF01794	4	PFAM	0.169478202195243	0.111976761467957	0.169785942248063	0.0422207744322368
PF08022	4	PFAM	0.169478202195243	0.111976761467957	0.169785942248063	0.0422207744322368
PF04182	1	PFAM	0.169954550556167	0	0.169954550556167	NA
PF07058	1	PFAM	0.170378065803456	0	0.170378065803456	NA
PF08544	5	PFAM	0.133950526087202	0.217355087323548	0.170906565979894	0.0609202706998694
PF02598	1	PFAM	0.170967234504082	0	0.170967234504082	NA
PF08294	2	PFAM	0.171196752941024	0.0717958192288187	0.171196752941024	0.0717958192288187
PF07749	2	PFAM	0.171316018905438	0.0809492152076187	0.171316018905438	0.0809492152076187
PF04784	1	PFAM	0.171378818409175	0	0.171378818409175	NA
PF07724	10	PFAM	0.0771665989452929	0.0953470311023258	0.171656824288276	0.0706892182690664
PF00520	38	PFAM	0.17613981804646	0.0979432222610763	0.171810509296037	0.0146345707471938
PF00588	12	PFAM	0.155708835793607	0.140791901194835	0.172021515317869	0.0298026733058746
PF08146	1	PFAM	0.172193111218828	0	0.172193111218828	NA
PF12397	1	PFAM	0.172193111218828	0	0.172193111218828	NA
PF07978	2	PFAM	0.172256008832392	0.0231839581861445	0.172256008832392	0.0231839581861445
PF02182	2	PFAM	0.172326698263245	0.0726967469527945	0.172326698263245	0.0726967469527944
PF01019	1	PFAM	0.172358886545917	0	0.172358886545917	NA
PF09177	2	PFAM	0.172454741973139	0.161697637024458	0.172454741973139	0.161697637024458
PF05239	2	PFAM	0.172514882870642	0.000871957760475522	0.172514882870642	0.000871957760475509
PF07855	1	PFAM	0.172570733924781	0	0.172570733924781	NA
PF11378	1	PFAM	0.17259812020439	0	0.17259812020439	NA
PF07823	2	PFAM	0.172655337631397	0.0452065100999885	0.172655337631397	0.0452065100999885
PF04836	1	PFAM	0.172829618898009	0	0.172829618898009	NA
PF05004	1	PFAM	0.172829618898009	0	0.172829618898009	NA
PF11470	1	PFAM	0.172974868890271	0	0.172974868890271	NA
PF07034	1	PFAM	0.173255947443536	0	0.173255947443536	NA
PF04148	1	PFAM	0.173349043582894	0	0.173349043582894	NA
PF01782	1	PFAM	0.173386840631118	0	0.173386840631118	NA
PF08737	1	PFAM	0.173413494786524	0	0.173413494786524	NA
PF09382	2	PFAM	0.173686465722622	0.019077193687291	0.173686465722622	0.019077193687291
PF03803	2	PFAM	0.173785906790852	0.018047352321955	0.173785906790852	0.018047352321955
PF08519	1	PFAM	0.173806278681414	0	0.173806278681414	NA
PF01408	3	PFAM	0.183408886014392	0.0175588467490755	0.174226063092548	0.0111288854902902
PF05625	1	PFAM	0.174335075453115	0	0.174335075453115	NA
PF12239	1	PFAM	0.174470087683877	0	0.174470087683877	NA
PF00560	48	PFAM	0.146113212624003	0.145353506065027	0.174540039969727	0.0172100870932785
PF01923	1	PFAM	0.174703889067828	0	0.174703889067828	NA
PF09758	1	PFAM	0.174754195499956	0	0.174754195499956	NA
PF01082	5	PFAM	0.0953769931975072	0.207589046052082	0.174845000950111	0.0589700766166569
PF03712	5	PFAM	0.0953769931975072	0.207589046052082	0.174845000950111	0.0589700766166569
PF00420	1	PFAM	0.175289604768163	0	0.175289604768163	NA
PF04146	1	PFAM	0.175294500057492	0	0.175294500057492	NA
PF03462	3	PFAM	0.228526611616659	0.145899534937903	0.175358259843605	0.0883304958999508
PF03155	2	PFAM	0.175428764456965	0.00641863318278699	0.175428764456965	0.006418633182787
PF10453	1	PFAM	0.175610972373645	0	0.175610972373645	NA
PF07801	2	PFAM	0.175697743218135	0.00660318809447649	0.175697743218135	0.00660318809447649
PF08785	1	PFAM	0.175840209095887	0	0.175840209095887	NA
PF03747	7	PFAM	0.183419834963506	0.123433272308942	0.175902922984164	0.0400597676188699
PF08482	1	PFAM	0.176099627484145	0	0.176099627484145	NA
PF08637	1	PFAM	0.176196286479713	0	0.176196286479713	NA
PF02714	10	PFAM	0.169584921048374	0.127335572539252	0.176204055155851	0.0264002430252208
PF08240	16	PFAM	0.172581763689892	0.132108063389467	0.176258014847537	0.0257182354632574
PF06127	2	PFAM	0.176268429390518	0.035934973561865	0.176268429390518	0.035934973561865
PF09458	2	PFAM	0.176637915599303	0.0246402600938715	0.176637915599303	0.0246402600938715
PF06733	4	PFAM	0.195587720398134	0.150889641508816	0.176707712493742	0.0660273101857909
PF01388	5	PFAM	0.0691285222254549	0.152538732757024	0.176726610260204	0.0843106798557714
PF06278	1	PFAM	0.176904577991385	0	0.176904577991385	NA
PF07679	1	PFAM	0.177016191202616	0	0.177016191202616	NA
PF10644	1	PFAM	0.177122702858789	0	0.177122702858789	NA
PF01344	15	PFAM	0.194623590721047	0.10299304354674	0.177224234988677	0.0208839812135639
PF03031	12	PFAM	0.155820500048198	0.210119603630978	0.17724375447196	0.0456328071449227
PF04112	1	PFAM	0.17729135926958	0	0.17729135926958	NA
PF09725	1	PFAM	0.177402017444534	0	0.177402017444534	NA
PF00226	64	PFAM	0.15706025751443	0.214242565993078	0.17743534525657	0.0153196321468847
PF00246	8	PFAM	0.170001014647074	0.0487465217042148	0.177455887410104	0.0178119651084523
PF00300	17	PFAM	0.107394776990225	0.200388885761983	0.177511339212117	0.0336010752413027
PF08438	1	PFAM	0.177550902980544	0	0.177550902980544	NA
PF00107	14	PFAM	0.161602814416257	0.168127499963787	0.177802522153299	0.0301906855410628
PF05773	6	PFAM	0.16152065801222	0.201840237292912	0.178063829125718	0.0483045687736722
PF04874	1	PFAM	0.178085894690708	0	0.178085894690708	NA
PF12329	1	PFAM	0.178240074977427	0	0.178240074977427	NA
PF00538	3	PFAM	0.123718101597901	0.123582514558743	0.178250103519607	0.0763826820028678
PF06821	1	PFAM	0.178532186694134	0	0.178532186694134	NA
PF02135	4	PFAM	0.168455204815294	0.107269885722152	0.178632713213358	0.065471801830413
PF00501	14	PFAM	0.121217652371114	0.228887230041962	0.178715980285814	0.0439705233830576
PF08799	2	PFAM	0.178830996045406	0.149751846316699	0.178830996045406	0.149751846316699
PF01031	6	PFAM	0.103740303832522	0.329094835898135	0.17912804485254	0.0807405348264981
PF08514	1	PFAM	0.179138153578924	0	0.179138153578924	NA
PF01043	3	PFAM	0.104959567553149	0.174159042765803	0.179298830237397	0.107200927638134
PF07517	3	PFAM	0.104959567553149	0.174159042765803	0.179298830237397	0.107200927638134
PF07556	1	PFAM	0.179467814779976	0	0.179467814779976	NA
PF00063	4	PFAM	0.135160904163573	0.13693574801043	0.179483960765072	0.0892328345208064
PF00293	24	PFAM	0.139872252086591	0.148233254855631	0.179675793733052	0.027917901001302
PF10367	2	PFAM	0.179696925486085	0.053401010833282	0.179696925486085	0.053401010833282
PF01142	1	PFAM	0.180198851287186	0	0.180198851287186	NA
PF01018	3	PFAM	0.143615508829244	0.131671542002143	0.180496570241103	0.0782252186347665
PF09734	1	PFAM	0.180532579438663	0	0.180532579438663	NA
PF01607	4	PFAM	0.157789913866169	0.0869701087282883	0.180596443946257	0.0613591328663085
PF01624	3	PFAM	0.207378946039853	0.0944261700987816	0.180719744578202	0.0561228900611676
PF01903	1	PFAM	0.180719954696353	0	0.180719954696353	NA
PF07885	6	PFAM	0.181769378945708	0.0642039922727738	0.181142686866996	0.0315319841553296
PF07933	2	PFAM	0.181221138394542	0.0142051563772445	0.181221138394542	0.0142051563772445
PF08711	4	PFAM	0.176804777741289	0.123967669018422	0.181395447123279	0.0710984915113278
PF10172	1	PFAM	0.181523911343985	0	0.181523911343985	NA
PF12499	71	PFAM	0.16694940466747	0.117625910514495	0.181558388127243	0.0140630373181334
PF01544	6	PFAM	0.149792828811892	0.15192009058397	0.18196751935899	0.0476046125180634
PF09295	1	PFAM	0.182001594375983	0	0.182001594375983	NA
PF08777	1	PFAM	0.182025335618624	0	0.182025335618624	NA
PF10159	1	PFAM	0.182080719688783	0	0.182080719688783	NA
PF01094	1	PFAM	0.182084519121298	0	0.182084519121298	NA
PF06650	2	PFAM	0.182293367280983	0.0598189284886465	0.182293367280983	0.0598189284886465
PF03254	2	PFAM	0.182628884329998	0.0272086856958925	0.182628884329998	0.0272086856958925
PF00789	9	PFAM	0.165541960332686	0.0829027173805914	0.182710605959264	0.042644222673154
PF07683	14	PFAM	0.161307564499812	0.173271382875169	0.182743534446522	0.0397148205324044
PF04716	1	PFAM	0.182894835071184	0	0.182894835071184	NA
PF01323	3	PFAM	0.111908828165305	0.147147975921984	0.183150347602189	0.0921213735363907
PF08571	1	PFAM	0.183456731128497	0	0.183456731128497	NA
PF07569	1	PFAM	0.183479154432051	0	0.183479154432051	NA
PF09493	1	PFAM	0.183560027391081	0	0.183560027391081	NA
PF02996	4	PFAM	0.123074578009078	0.132093898718833	0.183867780265358	0.0892083281595361
PF00754	4	PFAM	0.204305000774348	0.0268748581381208	0.184143925042569	0.0216696435666591
PF09718	1	PFAM	0.184183651585547	0	0.184183651585547	NA
PF00035	4	PFAM	0.184442518873368	0.029725223816892	0.18420353604588	0.0126162043566874
PF04134	4	PFAM	0.174897388211639	0.268597407841272	0.184244652480495	0.0856482540665606
PF07732	7	PFAM	0.155439322268466	0.133065152777771	0.184281386806832	0.0411208854483941
PF05572	7	PFAM	0.201772384749785	0.1476214202555	0.184637080716714	0.0440847869357041
PF00394	3	PFAM	0.137815125946488	0.134430991015914	0.184692055754152	0.0810756359964061
PF04652	1	PFAM	0.184742603811602	0	0.184742603811602	NA
PF10693	1	PFAM	0.184785743762198	0	0.184785743762198	NA
PF09497	1	PFAM	0.184858888808752	0	0.184858888808752	NA
PF00112	20	PFAM	0.158524645666727	0.085037743787177	0.184912316037586	0.0197406597869097
PF03055	10	PFAM	0.158416658257113	0.153031072769228	0.184973717701215	0.0339172333519248
PF00233	31	PFAM	0.18467971659818	0.116659801326517	0.185212863326026	0.0170979458841927
PF09507	1	PFAM	0.185576816352249	0	0.185576816352249	NA
PF10394	1	PFAM	0.185622463580592	0	0.185622463580592	NA
PF01357	1	PFAM	0.185671681234661	0	0.185671681234661	NA
PF08032	1	PFAM	0.185925071391087	0	0.185925071391087	NA
PF02146	3	PFAM	0.206834424180093	0.041755189295623	0.186170780536694	0.0262280731251798
PF05608	1	PFAM	0.186325544640162	0	0.186325544640162	NA
PF00089	16	PFAM	0.190490115190873	0.22049563705163	0.186331733561532	0.0311619420021441
PF00092	10	PFAM	0.131919190801468	0.24051854455942	0.186363675706817	0.0464973047372486
PF01571	3	PFAM	0.154823242062212	0.170854656814684	0.186445813541525	0.0999021254787015
PF07059	4	PFAM	0.140094027946737	0.102582720036203	0.187083649468179	0.0740593255503812
PF00657	6	PFAM	0.180930433431235	0.118154367641219	0.187112391103223	0.0324232315828449
PF05684	2	PFAM	0.187151450968797	0.034815695575772	0.187151450968797	0.034815695575772
PF05899	1	PFAM	0.18734843801274	0	0.18734843801274	NA
PF08282	5	PFAM	0.167781945862643	0.01457050771638	0.187606447297034	0.0518352201848686
PF01152	11	PFAM	0.19561003814125	0.0981804008502247	0.18767730107604	0.0253161692458242
PF00201	3	PFAM	0.114803514638421	0.131772717263078	0.188021960042757	0.0844289732565503
PF09696	1	PFAM	0.188217226545581	0	0.188217226545581	NA
PF00312	3	PFAM	0.182181774227961	0.191398243168667	0.188326086855099	0.110546524023896
PF09140	1	PFAM	0.188461492883462	0	0.188461492883462	NA
PF07883	6	PFAM	0.187063237091716	0.0843278919946308	0.188646227561086	0.0203179057950457
PF01417	4	PFAM	0.189594127880345	0.139098558815621	0.188734993017432	0.0491883184443089
PF01765	2	PFAM	0.188797254169516	0.164000981584278	0.188797254169516	0.164000981584278
PF08263	3	PFAM	0.177438264984158	0.087666290130029	0.188812322737685	0.050932652648695
PF00797	1	PFAM	0.188844588373874	0	0.188844588373874	NA
PF09991	1	PFAM	0.188992621264472	0	0.188992621264472	NA
PF01738	5	PFAM	0.168324243389572	0.0935997682561038	0.189207944261687	0.0713009553717937
PF05023	2	PFAM	0.189234493032131	0.04274755552094	0.189234493032131	0.04274755552094
PF06842	1	PFAM	0.189296945016211	0	0.189296945016211	NA
PF03456	2	PFAM	0.18936569547486	0.087667417513656	0.18936569547486	0.087667417513656
PF09713	1	PFAM	0.189384134783444	0	0.189384134783444	NA
PF03200	2	PFAM	0.189771614692104	0.069096423648085	0.189771614692104	0.069096423648085
PF00328	7	PFAM	0.213451822350394	0.121018258923677	0.190130776549392	0.0346770323393076
PF05903	6	PFAM	0.213038939439821	0.196156046965167	0.190135930932803	0.0679778680188262
PF00439	13	PFAM	0.166979257040431	0.134616382170572	0.190441293745048	0.0319086782898808
PF00176	29	PFAM	0.188609793356559	0.118577156271178	0.190583501458653	0.0197343152179597
PF09234	1	PFAM	0.19072970887884	0	0.19072970887884	NA
PF04437	1	PFAM	0.190770995635702	0	0.190770995635702	NA
PF04855	1	PFAM	0.191153839610769	0	0.191153839610769	NA
PF01412	6	PFAM	0.146893458027479	0.197888054839435	0.191634736913805	0.0640996757612488
PF04130	5	PFAM	0.104540259189283	0.20206126015652	0.191684342337644	0.0619826591773668
PF07202	2	PFAM	0.191698676108788	0.0903641617038795	0.191698676108788	0.0903641617038795
PF00443	18	PFAM	0.173034161796868	0.182470877582994	0.191727500228775	0.0339604240153054
PF03924	16	PFAM	0.16083667911767	0.117218143783182	0.191737443629534	0.0257308871980238
PF01885	1	PFAM	0.191827605443138	0	0.191827605443138	NA
PF00326	12	PFAM	0.147041103211629	0.189226694652792	0.191827712705251	0.0342489800805118
PF04542	2	PFAM	0.192476498179691	0.0607604229827055	0.192476498179691	0.0607604229827055
PF03835	1	PFAM	0.192877095143875	0	0.192877095143875	NA
PF10403	1	PFAM	0.192877095143875	0	0.192877095143875	NA
PF10405	1	PFAM	0.192877095143875	0	0.192877095143875	NA
PF00790	3	PFAM	0.145531996807568	0.129362864371095	0.192935053223468	0.0783582329145465
PF04755	15	PFAM	0.146049324434432	0.182911622401711	0.193379950633781	0.0378815248615169
PF01367	1	PFAM	0.193602806260467	0	0.193602806260467	NA
PF02739	1	PFAM	0.193602806260467	0	0.193602806260467	NA
PF00136	4	PFAM	0.173905216417243	0.248944889649129	0.19360568482402	0.0899878313755391
PF03405	3	PFAM	0.0266173213375573	0.258248655716558	0.193825781553582	0.170939921273791
PF10162	7	PFAM	0.212818406136612	0.100456476231779	0.193839219834145	0.0290723201726792
PF01467	2	PFAM	0.193875758065913	0.187712261386945	0.193875758065913	0.187712261386945
PF04695	1	PFAM	0.194048509848148	0	0.194048509848148	NA
PF00020	1	PFAM	0.194169601714888	0	0.194169601714888	NA
PF00814	2	PFAM	0.194385295018972	0.0222376656673635	0.194385295018972	0.0222376656673635
PF10184	8	PFAM	0.171985160610289	0.170000649159665	0.194425803627567	0.0423162195818037
PF05768	1	PFAM	0.194429307319161	0	0.194429307319161	NA
PF00564	3	PFAM	0.142747218617135	0.13807553001162	0.194491012684167	0.0838111312343184
PF03061	5	PFAM	0.187949307936707	0.131464189364702	0.194627357175791	0.0698341966304526
PF10513	2	PFAM	0.194789010780727	0.10694325052332	0.194789010780727	0.10694325052332
PF12159	1	PFAM	0.19485506034682	0	0.19485506034682	NA
PF02277	1	PFAM	0.19486756158612	0	0.19486756158612	NA
PF05301	1	PFAM	0.194902220987511	0	0.194902220987511	NA
PF06862	1	PFAM	0.194908804747737	0	0.194908804747737	NA
PF04113	1	PFAM	0.19499580223651	0	0.19499580223651	NA
PF04263	1	PFAM	0.195044781183506	0	0.195044781183506	NA
PF04265	1	PFAM	0.195044781183506	0	0.195044781183506	NA
PF07496	5	PFAM	0.171612096336159	0.016244375831286	0.195488988766466	0.0447411643203161
PF00375	1	PFAM	0.195525903109032	0	0.195525903109032	NA
PF07699	8	PFAM	0.171009945294094	0.169738292926905	0.195681000704123	0.036541000790198
PF08806	2	PFAM	0.195917135061975	0.113401388160533	0.195917135061975	0.113401388160533
PF05139	1	PFAM	0.195944387679105	0	0.195944387679105	NA
PF02463	9	PFAM	0.120408436538377	0.160592031507115	0.196522982922466	0.051685745416204
PF02163	4	PFAM	0.170104982243766	0.158594280134948	0.196613752824755	0.0816097959571637
PF03638	3	PFAM	0.195360007015223	0.00814816734586951	0.196971832228952	0.00477287881283415
PF00082	20	PFAM	0.159834785979777	0.12294230594635	0.197077751939849	0.0403567032170563
PF05005	1	PFAM	0.197080718373081	0	0.197080718373081	NA
PF01847	5	PFAM	0.202142858676918	0.018249490225025	0.197293061306375	0.0258850226135455
PF02517	7	PFAM	0.158725493175972	0.0604956079521385	0.197543469730256	0.0506060922158261
PF00010	8	PFAM	0.164985032620384	0.198573175078471	0.197562260700203	0.0526054004662565
PF08608	1	PFAM	0.197877097257581	0	0.197877097257581	NA
PF08016	15	PFAM	0.177342796003602	0.149175801433334	0.198037857631983	0.0302753341034228
PF04884	5	PFAM	0.222956815015829	0.071371962592709	0.198215706287932	0.029749332876423
PF01697	5	PFAM	0.160928291194808	0.115522105946793	0.198646592250493	0.0425646640439997
PF01902	2	PFAM	0.198743550789927	0.027904419851653	0.198743550789927	0.027904419851653
PF00297	4	PFAM	0.126678075917818	0.19460452034815	0.19876807415604	0.119243699372026
PF01424	3	PFAM	0.213002773731119	0.062942167324473	0.199000206518862	0.0370079736629027
PF02207	1	PFAM	0.199004646974149	0	0.199004646974149	NA
PF05346	1	PFAM	0.199191762077855	0	0.199191762077855	NA
PF00924	8	PFAM	0.198104360319375	0.105762252086723	0.199449974648413	0.0331703057202241
PF02214	3	PFAM	0.237371467321943	0.104851415484609	0.199589030572679	0.0634151762176852
PF01746	3	PFAM	0.22474059365513	0.060058419678919	0.199622685628305	0.0368790624974036
PF04140	3	PFAM	0.196507187025519	0.0139225343588955	0.199653645368743	0.00819068806743081
PF01202	2	PFAM	0.199814703556334	0.102933311177268	0.199814703556334	0.102933311177268
PF09649	1	PFAM	0.199909436508982	0	0.199909436508982	NA
PF01866	2	PFAM	0.199935220301347	0.041852673525682	0.199935220301347	0.041852673525682
PF08424	1	PFAM	0.199965248570501	0	0.199965248570501	NA
PF09724	1	PFAM	0.200057965139737	0	0.200057965139737	NA
PF03399	2	PFAM	0.200280876922295	0.012861492487898	0.200280876922295	0.012861492487898
PF03989	1	PFAM	0.200424042160879	0	0.200424042160879	NA
PF00320	14	PFAM	0.171330662394991	0.152115264135284	0.200469525685795	0.0298092112308421
PF03473	2	PFAM	0.201125432024421	0.127638160877114	0.201125432024421	0.127638160877114
PF03476	2	PFAM	0.201125432024421	0.127638160877114	0.201125432024421	0.127638160877114
PF01925	5	PFAM	0.195841243284615	0.00857885557375201	0.201462771431266	0.0319897568089618
PF01476	16	PFAM	0.207570541843459	0.137503866128064	0.201477291648953	0.0266399736544199
PF02932	3	PFAM	0.171771073605502	0.135057327529424	0.201891281863112	0.0794164171283273
PF07744	1	PFAM	0.201935150521326	0	0.201935150521326	NA
PF05914	1	PFAM	0.201982007836734	0	0.201982007836734	NA
PF04072	8	PFAM	0.180740873895963	0.123820252353414	0.202666759866201	0.0356192253549273
PF01585	12	PFAM	0.221531278579184	0.135035766233394	0.202707306484306	0.0260001152528681
PF03537	1	PFAM	0.20277022410739	0	0.20277022410739	NA
PF12138	1	PFAM	0.20277022410739	0	0.20277022410739	NA
PF03171	26	PFAM	0.141499195256782	0.20952822513696	0.202948871788049	0.0378686842615932
PF04073	4	PFAM	0.202260173287158	0.0820423154124018	0.203203464808326	0.0378602451540566
PF08840	1	PFAM	0.203313046508361	0	0.203313046508361	NA
PF10561	1	PFAM	0.203316591322245	0	0.203316591322245	NA
PF09192	1	PFAM	0.203403349996174	0	0.203403349996174	NA
PF01532	2	PFAM	0.203721141562922	0.042574442560977	0.203721141562922	0.042574442560977
PF00829	2	PFAM	0.204121246384722	0.170420265992565	0.204121246384722	0.170420265992565
PF03370	1	PFAM	0.204152464206	0	0.204152464206	NA
PF08457	2	PFAM	0.204164038711706	0.0739924316189605	0.204164038711706	0.0739924316189605
PF01974	2	PFAM	0.204265769764323	0.000486630471193489	0.204265769764323	0.000486630471193503
PF01135	5	PFAM	0.186280100219044	0.092708093323734	0.204397616129302	0.0620046247056483
PF03133	14	PFAM	0.219408366444838	0.132139147907982	0.204983128706529	0.0259868089829701
PF02338	9	PFAM	0.209946382534519	0.098237830511068	0.205453324755871	0.0323595396046946
PF03381	2	PFAM	0.205721444813515	0.125586062946798	0.205721444813515	0.125586062946798
PF10508	1	PFAM	0.205802073610346	0	0.205802073610346	NA
PF01149	2	PFAM	0.205852457478512	0.068291180335973	0.205852457478512	0.068291180335973
PF06831	2	PFAM	0.205852457478512	0.068291180335973	0.205852457478512	0.068291180335973
PF05007	1	PFAM	0.206022225984193	0	0.206022225984193	NA
PF00412	1	PFAM	0.206080414988528	0	0.206080414988528	NA
PF12315	1	PFAM	0.206080414988528	0	0.206080414988528	NA
PF00708	1	PFAM	0.206251516195501	0	0.206251516195501	NA
PF01694	15	PFAM	0.205168183612413	0.106657331077074	0.206303598194452	0.0187936688024145
PF01900	2	PFAM	0.206576817839693	0.170110529444381	0.206576817839693	0.170110529444381
PF07103	1	PFAM	0.206610350285748	0	0.206610350285748	NA
PF05729	4	PFAM	0.225644755942045	0.068174183965398	0.206724054454699	0.0411148753281476
PF09778	1	PFAM	0.20673774387444	0	0.20673774387444	NA
PF01843	2	PFAM	0.206945839363873	0.191387326211399	0.206945839363873	0.191387326211399
PF11938	1	PFAM	0.207177402922339	0	0.207177402922339	NA
PF06058	1	PFAM	0.207237780713551	0	0.207237780713551	NA
PF06047	1	PFAM	0.207509451878669	0	0.207509451878669	NA
PF02931	4	PFAM	0.19826372479482	0.0725143494794244	0.207607555393369	0.0554168200143698
PF02341	2	PFAM	0.207711824520829	0.207711824520829	0.207711824520829	0.207711824520829
PF12572	1	PFAM	0.208029409242771	0	0.208029409242771	NA
PF11397	4	PFAM	0.206634100489427	0.133525971375565	0.208084149782037	0.0406312052477029
PF02548	1	PFAM	0.208646947085235	0	0.208646947085235	NA
PF04750	1	PFAM	0.208840449511735	0	0.208840449511735	NA
PF02891	1	PFAM	0.208974772255931	0	0.208974772255931	NA
PF12263	3	PFAM	0.071779622031684	0.232030049397683	0.209006550110081	0.150511756092192
PF08487	2	PFAM	0.209220770932446	0.066825072243945	0.209220770932446	0.066825072243945
PF09405	1	PFAM	0.209272701759195	0	0.209272701759195	NA
PF05348	1	PFAM	0.209313429951108	0	0.209313429951108	NA
PF05116	4	PFAM	0.211516710611758	0.297131711219318	0.209450904845691	0.0899375652764719
PF02099	2	PFAM	0.209768062943536	0.0331496852855655	0.209768062943536	0.0331496852855655
PF03088	1	PFAM	0.20980510465826	0	0.20980510465826	NA
PF10239	1	PFAM	0.209943690536511	0	0.209943690536511	NA
PF01321	1	PFAM	0.209946382534519	0	0.209946382534519	NA
PF07004	1	PFAM	0.210040277899597	0	0.210040277899597	NA
PF11221	1	PFAM	0.210060178762237	0	0.210060178762237	NA
PF10253	1	PFAM	0.210192366980402	0	0.210192366980402	NA
PF02319	3	PFAM	0.0944148829214209	0.199985626832716	0.210358919116187	0.129198188308407
PF04757	3	PFAM	0.225877409182832	0.078095371098035	0.210631363416197	0.04572824954948
PF04502	2	PFAM	0.210688725925635	0.143301246283192	0.210688725925635	0.143301246283192
PF01909	6	PFAM	0.142730122429507	0.150700461197861	0.21091352760047	0.0564614940507667
PF09731	1	PFAM	0.210984149822709	0	0.210984149822709	NA
PF01128	1	PFAM	0.211012367228658	0	0.211012367228658	NA
PF00697	1	PFAM	0.211152132137513	0	0.211152132137513	NA
PF00187	1	PFAM	0.211266251983276	0	0.211266251983276	NA
PF01715	1	PFAM	0.211366887133907	0	0.211366887133907	NA
PF04111	1	PFAM	0.21147431008966	0	0.21147431008966	NA
PF00686	19	PFAM	0.199424127337922	0.175523957829784	0.211504004128895	0.0342572010409537
PF12457	2	PFAM	0.21152260334832	0.0995670192580745	0.21152260334832	0.0995670192580745
PF05237	1	PFAM	0.211665446363839	0	0.211665446363839	NA
PF00023	111	PFAM	0.174070836018862	0.19113220888233	0.211741789740384	0.021027543498783
PF10914	1	PFAM	0.21211848383902	0	0.21211848383902	NA
PF08524	1	PFAM	0.212245310336406	0	0.212245310336406	NA
PF02138	2	PFAM	0.212349194655899	0.062460626442835	0.212349194655899	0.062460626442835
PF00351	1	PFAM	0.212352890785158	0	0.212352890785158	NA
PF06203	8	PFAM	0.225914433386583	0.147734105095099	0.212389179430761	0.0471940531899863
PF08030	1	PFAM	0.212831812054097	0	0.212831812054097	NA
PF07700	6	PFAM	0.208337562644487	0.0609611087380767	0.213041634968723	0.024812501190445
PF07701	6	PFAM	0.208337562644487	0.0609611087380767	0.213041634968723	0.024812501190445
PF00569	5	PFAM	0.278788153380518	0.223837324375168	0.213104985246527	0.0647207212353711
PF12576	4	PFAM	0.207974408856816	0.226374436247365	0.213258693548928	0.082668861360696
PF10033	1	PFAM	0.213324057604859	0	0.213324057604859	NA
PF02375	2	PFAM	0.213505269506863	0.005679887052497	0.213505269506863	0.005679887052497
PF06911	1	PFAM	0.213534258366355	0	0.213534258366355	NA
PF00707	2	PFAM	0.213682666718681	0.166688873482689	0.213682666718681	0.166688873482689
PF10236	1	PFAM	0.213730654816119	0	0.213730654816119	NA
PF01636	8	PFAM	0.148246565575262	0.153620786749659	0.213774084047838	0.0486695717371044
PF09750	2	PFAM	0.214072796918084	0.127191240927668	0.214072796918084	0.127191240927668
PF03094	5	PFAM	0.249634299769739	0.132763702246843	0.214144040707846	0.0361761592495155
PF09348	1	PFAM	0.214328503623417	0	0.214328503623417	NA
PF01016	2	PFAM	0.214347452523922	0.143788113262559	0.214347452523922	0.143788113262559
PF00488	8	PFAM	0.215565516837343	0.091215740692349	0.214494998378394	0.0288430815609134
PF01997	1	PFAM	0.214775040851793	0	0.214775040851793	NA
PF03099	4	PFAM	0.193355773989051	0.145892257443367	0.214918688360644	0.0805852019379591
PF03351	9	PFAM	0.254633900404654	0.165905102380759	0.214960952896201	0.0340681889244856
PF03966	1	PFAM	0.215116508047498	0	0.215116508047498	NA
PF00566	14	PFAM	0.152427635490896	0.152600866243982	0.215168793735026	0.0493802107570705
PF01416	6	PFAM	0.229592881573307	0.0537787381340825	0.215764692226972	0.0226973641832306
PF02221	2	PFAM	0.215822844059314	0.157615446316365	0.215822844059314	0.157615446316365
PF02666	1	PFAM	0.215978503038318	0	0.215978503038318	NA
PF03009	10	PFAM	0.192753814225925	0.200023687305711	0.216022154285433	0.0469822086816085
PF08819	1	PFAM	0.216040243531608	0	0.216040243531608	NA
PF08609	1	PFAM	0.216120251136876	0	0.216120251136876	NA
PF04573	1	PFAM	0.216247990039339	0	0.216247990039339	NA
PF05129	3	PFAM	0.310583314509652	0.169626136320832	0.216611862383772	0.108621669851705
PF00612	28	PFAM	0.143592090880899	0.12907468238733	0.21680258395194	0.0703500817186314
PF03493	2	PFAM	0.217095779656153	0.0617973007006495	0.217095779656153	0.0617973007006495
PF08755	2	PFAM	0.217140461568221	0.171980065990203	0.217140461568221	0.171980065990203
PF01189	8	PFAM	0.163556194202905	0.219486351846942	0.21766035530592	0.0589696225021595
PF01959	1	PFAM	0.217809321929088	0	0.217809321929088	NA
PF08757	3	PFAM	0.238452068457955	0.0572635740404675	0.217965048642255	0.0346116810609019
PF09445	1	PFAM	0.218132337737482	0	0.218132337737482	NA
PF04536	3	PFAM	0.125669930267142	0.203712150430471	0.218191704725087	0.126384135732617
PF11927	1	PFAM	0.218568062437799	0	0.218568062437799	NA
PF01055	2	PFAM	0.218833596954425	0.188922266583141	0.218833596954425	0.188922266583141
PF00939	4	PFAM	0.0148308501885458	0.233702740874387	0.218871890685841	0.209101567782129
PF12234	1	PFAM	0.218898998010061	0	0.218898998010061	NA
PF08245	3	PFAM	0.166741048777187	0.180312712203956	0.219090519506684	0.107343722835557
PF02225	9	PFAM	0.130178935340327	0.0695814782303491	0.219091169517035	0.0874678349290084
PF02928	1	PFAM	0.21918515655936	0	0.21918515655936	NA
PF08429	1	PFAM	0.21918515655936	0	0.21918515655936	NA
PF00551	4	PFAM	0.164178125216293	0.246332284279122	0.219195433857287	0.109425363027395
PF10350	1	PFAM	0.219402513953018	0	0.219402513953018	NA
PF03909	3	PFAM	0.193219337985313	0.0868853221423345	0.219589831156114	0.0518671745465623
PF00339	2	PFAM	0.219704943864253	0.0283926792641335	0.219704943864253	0.0283926792641335
PF00628	19	PFAM	0.196488707309212	0.168536093260756	0.219821842893096	0.037499320788636
PF02661	1	PFAM	0.220040955899658	0	0.220040955899658	NA
PF08698	1	PFAM	0.22045220784603	0	0.22045220784603	NA
PF01188	1	PFAM	0.220559336134309	0	0.220559336134309	NA
PF11904	1	PFAM	0.220575361655573	0	0.220575361655573	NA
PF05049	4	PFAM	0.174734410794606	0.203643897534161	0.220726749378203	0.0970871287376818
PF02817	4	PFAM	0.245693117753777	0.162385861372855	0.220864852658594	0.0616760715623512
PF04777	3	PFAM	0.227616916047363	0.01559447942699	0.221096877727509	0.00957550631155846
PF02897	6	PFAM	0.206700778900903	0.220450192627835	0.221296951495427	0.0610330885605664
PF02694	1	PFAM	0.221602385337071	0	0.221602385337071	NA
PF05889	1	PFAM	0.221652443616571	0	0.221652443616571	NA
PF08572	1	PFAM	0.221671912953382	0	0.221671912953382	NA
PF05250	2	PFAM	0.222052235363633	0.146337806686203	0.222052235363633	0.146337806686203
PF00647	1	PFAM	0.222225818443467	0	0.222225818443467	NA
PF00929	9	PFAM	0.221591780137612	0.242880874328313	0.222439732907018	0.0493775580194139
PF05057	5	PFAM	0.182096068562842	0.083587666880958	0.222779196781835	0.041364241795606
PF09329	1	PFAM	0.222914759292112	0	0.222914759292112	NA
PF09332	1	PFAM	0.222914759292112	0	0.222914759292112	NA
PF00752	4	PFAM	0.291227021378066	0.0828592893981573	0.223087713603928	0.0745070774166686
PF04603	1	PFAM	0.223418372215706	0	0.223418372215706	NA
PF05192	5	PFAM	0.223752087634833	0.063111329788083	0.223568296688619	0.0444244624689593
PF02836	1	PFAM	0.223797055076767	0	0.223797055076767	NA
PF02837	1	PFAM	0.223797055076767	0	0.223797055076767	NA
PF02929	1	PFAM	0.223797055076767	0	0.223797055076767	NA
PF05731	3	PFAM	0.229552768565876	0.009995073256792	0.224235423072287	0.00635366329325792
PF07576	1	PFAM	0.224333781261666	0	0.224333781261666	NA
PF09298	1	PFAM	0.224470642426676	0	0.224470642426676	NA
PF09805	1	PFAM	0.224668597365523	0	0.224668597365523	NA
PF02636	2	PFAM	0.224679102480413	0.0309062306587725	0.224679102480413	0.0309062306587725
PF12309	1	PFAM	0.225089574517017	0	0.225089574517017	NA
PF01872	2	PFAM	0.225853217165495	0.174925088295037	0.225853217165495	0.174925088295036
PF05871	1	PFAM	0.225869838914299	0	0.225869838914299	NA
PF03033	2	PFAM	0.225904342746347	0.018208862744021	0.225904342746347	0.018208862744021
PF05197	1	PFAM	0.225941649477133	0	0.225941649477133	NA
PF08243	1	PFAM	0.226160162759565	0	0.226160162759565	NA
PF12070	1	PFAM	0.226224243845318	0	0.226224243845318	NA
PF03403	1	PFAM	0.226538527494366	0	0.226538527494366	NA
PF08271	2	PFAM	0.226763237773569	0.0921497469984695	0.226763237773569	0.0921497469984695
PF11605	1	PFAM	0.227138937919855	0	0.227138937919855	NA
PF01927	1	PFAM	0.227182820356662	0	0.227182820356662	NA
PF08854	1	PFAM	0.227210180762148	0	0.227210180762148	NA
PF06977	2	PFAM	0.227281492373679	0.0968641343191785	0.227281492373679	0.0968641343191785
PF02900	2	PFAM	0.227532533424842	0.0934460925815725	0.227532533424842	0.0934460925815725
PF09747	1	PFAM	0.227798788742474	0	0.227798788742474	NA
PF01119	2	PFAM	0.227833555704484	0.0302471704073105	0.227833555704484	0.0302471704073105
PF07648	5	PFAM	0.189152466711098	0.043915264798492	0.228005574681293	0.0647692346344934
PF09770	1	PFAM	0.228285717695989	0	0.228285717695989	NA
PF07224	2	PFAM	0.229114808188259	0.03981639246888	0.229114808188259	0.03981639246888
PF07792	1	PFAM	0.229181915943152	0	0.229181915943152	NA
PF06544	2	PFAM	0.229472679502864	0.00780076654948197	0.229472679502864	0.00780076654948199
PF01300	2	PFAM	0.229568654756929	0.136802399594758	0.229568654756929	0.136802399594758
PF00188	14	PFAM	0.206282565287517	0.138770413697057	0.229775744443225	0.039550731779819
PF07173	10	PFAM	0.227178176733057	0.0684124715279457	0.229941919221064	0.0159908834606327
PF03629	2	PFAM	0.230264593754499	0.0354499359864805	0.230264593754499	0.0354499359864805
PF07491	1	PFAM	0.230812918653786	0	0.230812918653786	NA
PF07645	5	PFAM	0.198085684865815	0.040345134040459	0.230947515501649	0.0478661995238911
PF04083	5	PFAM	0.197223497977309	0.082585555715551	0.2314344120182	0.0333150569641319
PF10248	1	PFAM	0.231471345918125	0	0.231471345918125	NA
PF03193	1	PFAM	0.232277691235882	0	0.232277691235882	NA
PF02213	4	PFAM	0.247434898328732	0.136835579212662	0.232507548000426	0.0507273289852767
PF03092	4	PFAM	0.277659696976817	0.0970245881915214	0.232640802539137	0.0666393412222077
PF05757	2	PFAM	0.23273279786403	0.00541236657243846	0.23273279786403	0.0054123665724385
PF04696	1	PFAM	0.232916347412832	0	0.232916347412832	NA
PF04209	1	PFAM	0.233143601627336	0	0.233143601627336	NA
PF06011	6	PFAM	0.230653822663171	0.0690301777500387	0.23317112830856	0.0229440430905232
PF02037	11	PFAM	0.202819324299229	0.207515834022928	0.23352148241548	0.0421591659458008
PF03467	1	PFAM	0.233550155372304	0	0.233550155372304	NA
PF07092	1	PFAM	0.233585438772899	0	0.233585438772899	NA
PF07086	1	PFAM	0.234230165700661	0	0.234230165700661	NA
PF01432	5	PFAM	0.27746521807254	0.232503840400811	0.234530914607369	0.0877384231211999
PF02535	14	PFAM	0.252867545871958	0.234202093784729	0.23518085821639	0.0363859995424478
PF00609	2	PFAM	0.235360709291561	0.165221797038433	0.235360709291561	0.165221797038433
PF02475	2	PFAM	0.235417963520159	0.0135687106258645	0.235417963520159	0.0135687106258645
PF04851	5	PFAM	0.272370413642824	0.20482228626947	0.235570023197699	0.0598156861400207
PF05995	2	PFAM	0.23577247536344	0.121905089473594	0.23577247536344	0.121905089473594
PF04357	1	PFAM	0.235787441885676	0	0.235787441885676	NA
PF00827	1	PFAM	0.236116661306606	0	0.236116661306606	NA
PF06423	1	PFAM	0.236421867399969	0	0.236421867399969	NA
PF08576	1	PFAM	0.236497070641701	0	0.236497070641701	NA
PF03416	1	PFAM	0.236563037942159	0	0.236563037942159	NA
PF04266	1	PFAM	0.236593894257582	0	0.236593894257582	NA
PF06963	1	PFAM	0.237025119096566	0	0.237025119096566	NA
PF02110	1	PFAM	0.237125733874321	0	0.237125733874321	NA
PF04571	1	PFAM	0.237164607335365	0	0.237164607335365	NA
PF08235	1	PFAM	0.237164607335365	0	0.237164607335365	NA
PF00383	6	PFAM	0.261366909404687	0.129884962105321	0.237597790372718	0.044265746929159
PF01743	2	PFAM	0.237775645678442	0.0968877391077505	0.237775645678442	0.0968877391077505
PF12166	1	PFAM	0.237958557979548	0	0.237958557979548	NA
PF06574	1	PFAM	0.238129617440093	0	0.238129617440093	NA
PF01073	5	PFAM	0.165216136541827	0.251928165535594	0.238411066367385	0.0654069283903253
PF00181	2	PFAM	0.238652423348388	0.143096254136852	0.238652423348388	0.143096254136851
PF03947	2	PFAM	0.238652423348388	0.143096254136852	0.238652423348388	0.143096254136851
PF05641	2	PFAM	0.238701683313274	0.102717918589503	0.238701683313274	0.102717918589503
PF00060	5	PFAM	0.163935833098374	0.252162145806964	0.238997254932327	0.0699565508405999
PF00497	5	PFAM	0.163935833098374	0.252162145806964	0.238997254932327	0.0699565508405999
PF00917	3	PFAM	0.15608213318751	0.230676331985694	0.239123997568478	0.139503325609433
PF12460	1	PFAM	0.239254134899474	0	0.239254134899474	NA
PF00240	25	PFAM	0.0892435903940796	0.222740426722319	0.239288538467158	0.0908768015185421
PF08991	1	PFAM	0.239644161796075	0	0.239644161796075	NA
PF08211	1	PFAM	0.239655903631855	0	0.239655903631855	NA
PF09811	2	PFAM	0.239711532994124	0.176623525794784	0.239711532994124	0.176623525794784
PF05093	1	PFAM	0.240020899489895	0	0.240020899489895	NA
PF02450	2	PFAM	0.240029577644994	0.156980192798229	0.240029577644994	0.156980192798229
PF00652	1	PFAM	0.240075074572103	0	0.240075074572103	NA
PF06881	1	PFAM	0.240433822659725	0	0.240433822659725	NA
PF08314	1	PFAM	0.241574223371638	0	0.241574223371638	NA
PF05705	1	PFAM	0.241877784714125	0	0.241877784714125	NA
PF00561	36	PFAM	0.208891417055809	0.230688335203288	0.242133328103329	0.0247040486125492
PF00445	2	PFAM	0.2422160767797	0.011692390087893	0.2422160767797	0.011692390087893
PF05282	1	PFAM	0.242644061398374	0	0.242644061398374	NA
PF02845	2	PFAM	0.242742326458878	0.0092887863105485	0.242742326458878	0.00928878631054851
PF02176	1	PFAM	0.242940660781529	0	0.242940660781529	NA
PF06969	1	PFAM	0.243211285021686	0	0.243211285021686	NA
PF03959	5	PFAM	0.215537768924592	0.118637013928477	0.243226488334589	0.0328172015318818
PF05786	1	PFAM	0.243712435998179	0	0.243712435998179	NA
PF09468	1	PFAM	0.244155123518072	0	0.244155123518072	NA
PF00097	66	PFAM	0.220128154676571	0.229661746950107	0.244164902982541	0.0230566673934506
PF04438	2	PFAM	0.244578428658384	0.0486056148258005	0.244578428658384	0.0486056148258005
PF10351	1	PFAM	0.245654398301194	0	0.245654398301194	NA
PF10294	12	PFAM	0.220999483644208	0.186822929907965	0.245977269658491	0.0519022780645751
PF03164	1	PFAM	0.246007798331873	0	0.246007798331873	NA
PF09139	1	PFAM	0.24616355881657	0	0.24616355881657	NA
PF04991	1	PFAM	0.246217024978187	0	0.246217024978187	NA
PF00249	42	PFAM	0.199631581018336	0.211956883968419	0.246304691779735	0.0286357152170692
PF07819	2	PFAM	0.246540081926552	0.017596954992554	0.246540081926552	0.017596954992554
PF00644	2	PFAM	0.246545123424737	0.176878596272086	0.246545123424737	0.176878596272086
PF00069	525	PFAM	0.208472924729313	0.246875320048609	0.246606282904064	0.00934044370518889
PF00411	1	PFAM	0.246687394681127	0	0.246687394681127	NA
PF00743	11	PFAM	0.246467734911107	0.107123799783953	0.246925916828125	0.0202129518069566
PF05721	5	PFAM	0.231120193341613	0.306921801623094	0.247170556763271	0.0826031703048433
PF00710	2	PFAM	0.247309158284288	0.0397670093064325	0.247309158284288	0.0397670093064325
PF00530	36	PFAM	0.224639498512481	0.149762361813175	0.247524384931044	0.0176248588540634
PF00476	4	PFAM	0.237621186158875	0.0415147115205165	0.247577320107128	0.0334136538030227
PF04676	4	PFAM	0.110112015194631	0.194404614015048	0.248109454478729	0.152953588071709
PF10699	1	PFAM	0.248378992113675	0	0.248378992113675	NA
PF00505	10	PFAM	0.231526505633566	0.114935768859425	0.248498388095129	0.0403045314224304
PF02141	3	PFAM	0.277033112988516	0.132622380635199	0.248558143393774	0.0778819914259467
PF00207	3	PFAM	0.168664966902893	0.159531427882225	0.248586589776185	0.100400657093081
PF00533	6	PFAM	0.255574764810068	0.202889287688096	0.248727476204647	0.0551232033445304
PF09444	1	PFAM	0.248933085393544	0	0.248933085393544	NA
PF02676	1	PFAM	0.248986674146024	0	0.248986674146024	NA
PF01261	1	PFAM	0.249947159939068	0	0.249947159939068	NA
PF08856	1	PFAM	0.250233751646678	0	0.250233751646678	NA
PF00856	48	PFAM	0.232454282833119	0.155021414614258	0.250532842744477	0.0183212417413742
PF01165	1	PFAM	0.250824549009531	0	0.250824549009531	NA
PF03235	4	PFAM	0.280863781820639	0.0581728821061223	0.25090612516687	0.0455338654086405
PF10220	1	PFAM	0.251129635284822	0	0.251129635284822	NA
PF00849	10	PFAM	0.232136287128159	0.121961075236294	0.251143556496171	0.0358719498717854
PF04488	9	PFAM	0.205537376780466	0.115023533188338	0.251338328476987	0.0427472013991895
PF08538	1	PFAM	0.25159005989991	0	0.25159005989991	NA
PF05964	3	PFAM	0.193620704250656	0.160277464871375	0.251954588652094	0.0970240473587438
PF05965	3	PFAM	0.193620704250656	0.160277464871375	0.251954588652094	0.0970240473587438
PF07912	1	PFAM	0.252265234113057	0	0.252265234113057	NA
PF07713	1	PFAM	0.252394325285439	0	0.252394325285439	NA
PF01967	1	PFAM	0.252660513059289	0	0.252660513059289	NA
PF01599	1	PFAM	0.252970789249217	0	0.252970789249217	NA
PF00431	1	PFAM	0.253482790408282	0	0.253482790408282	NA
PF03415	1	PFAM	0.253482790408282	0	0.253482790408282	NA
PF01722	5	PFAM	0.21688951442646	0.019605431694764	0.253491478460846	0.0405691029698568
PF11969	3	PFAM	0.261541947021354	0.122318345201334	0.253683477649946	0.0707297538250083
PF05184	3	PFAM	0.146290033832082	0.194413423048844	0.253876109162353	0.124469074827574
PF01011	5	PFAM	0.216736550683224	0.18661072238961	0.254258473983409	0.0939877994326547
PF08704	1	PFAM	0.254473788450429	0	0.254473788450429	NA
PF01491	1	PFAM	0.254594752003713	0	0.254594752003713	NA
PF04434	3	PFAM	0.200148584829777	0.183815318345239	0.25527308332548	0.109646559467475
PF03244	1	PFAM	0.255488149952252	0	0.255488149952252	NA
PF01918	2	PFAM	0.255626087903555	0.091112304624535	0.255626087903555	0.091112304624535
PF10601	4	PFAM	0.207797566967349	0.181051035302963	0.255711524787288	0.127252946332163
PF02705	5	PFAM	0.260877130286848	0.09060448061423	0.25594699609812	0.0220703373309029
PF11488	1	PFAM	0.256166074568249	0	0.256166074568249	NA
PF01084	1	PFAM	0.256262951335494	0	0.256262951335494	NA
PF01485	7	PFAM	0.314489332412271	0.312522542405179	0.256362884204264	0.0694091486197418
PF09807	1	PFAM	0.257061145704257	0	0.257061145704257	NA
PF07910	2	PFAM	0.257110473327195	0.021677680053323	0.257110473327195	0.021677680053323
PF07298	1	PFAM	0.257144784707099	0	0.257144784707099	NA
PF01156	4	PFAM	0.20428155515585	0.222327110238497	0.257359266858257	0.102448075965498
PF01150	4	PFAM	0.312735054637767	0.146397377902317	0.257452472575431	0.0752165537996887
PF00216	1	PFAM	0.257518299673693	0	0.257518299673693	NA
PF05030	1	PFAM	0.257612557071162	0	0.257612557071162	NA
PF07802	3	PFAM	0.230549050959501	0.0475018546186815	0.257654894559059	0.0305912365454941
PF01391	2	PFAM	0.257733078266529	0.0697007971552515	0.257733078266529	0.0697007971552515
PF04679	3	PFAM	0.28273682673964	0.0881779330306	0.257872110568023	0.0524055927558319
PF01653	1	PFAM	0.25792262385578	0	0.25792262385578	NA
PF03120	1	PFAM	0.25792262385578	0	0.25792262385578	NA
PF03932	1	PFAM	0.257990322218086	0	0.257990322218086	NA
PF02816	4	PFAM	0.180215637710226	0.13318062992595	0.258002843928183	0.11019382141171
PF03190	1	PFAM	0.258114744416081	0	0.258114744416081	NA
PF05460	1	PFAM	0.258486158823611	0	0.258486158823611	NA
PF00583	46	PFAM	0.262271768696425	0.230796598748041	0.259053994789784	0.0227394416761672
PF01663	3	PFAM	0.225829397903553	0.0972035532836314	0.259356078656364	0.0585706397230144
PF00295	1	PFAM	0.259989448411948	0	0.259989448411948	NA
PF09797	1	PFAM	0.260603784111256	0	0.260603784111256	NA
PF01822	21	PFAM	0.208652090343509	0.186278768931343	0.260656661470289	0.0268638245300912
PF04564	30	PFAM	0.205435207362021	0.213258149893531	0.261439996094785	0.0411707830030027
PF04424	1	PFAM	0.261645041480007	0	0.261645041480007	NA
PF01451	1	PFAM	0.261668742784385	0	0.261668742784385	NA
PF09759	1	PFAM	0.26168784708251	0	0.26168784708251	NA
PF08190	4	PFAM	0.22760656849405	0.139655113003384	0.261989888061514	0.102258038190038
PF02204	1	PFAM	0.262100765391377	0	0.262100765391377	NA
PF01454	1	PFAM	0.262214444562966	0	0.262214444562966	NA
PF04127	1	PFAM	0.262552135061679	0	0.262552135061679	NA
PF00198	6	PFAM	0.245693117753777	0.230356001463019	0.263031182538572	0.0928020949758811
PF08743	2	PFAM	0.263038137023381	0.0382002552944885	0.263038137023381	0.0382002552944885
PF07714	124	PFAM	0.238607430960856	0.221754650542747	0.264418209397124	0.0135393918470221
PF00855	5	PFAM	0.225788321660133	0.241979144285983	0.264808148021109	0.0664428467999464
PF06155	2	PFAM	0.264941555980596	0.168275363795498	0.264941555980596	0.168275363795498
PF00891	3	PFAM	0.257922524440482	0.0896990186134935	0.265107955640125	0.051912223211775
PF04046	2	PFAM	0.266204875064828	0.214766524349585	0.266204875064828	0.214766524349585
PF09745	1	PFAM	0.267152965099658	0	0.267152965099658	NA
PF04413	1	PFAM	0.267303408907313	0	0.267303408907313	NA
PF00975	3	PFAM	0.25861264512339	0.087003922534412	0.267363160200224	0.0504219237103478
PF00641	3	PFAM	0.366842242025885	0.163076235049128	0.267649782335714	0.106416189999984
PF09737	1	PFAM	0.267921062825237	0	0.267921062825237	NA
PF04031	1	PFAM	0.26833590931466	0	0.26833590931466	NA
PF05991	1	PFAM	0.268566149621655	0	0.268566149621655	NA
PF02527	1	PFAM	0.268609799767543	0	0.268609799767543	NA
PF01171	2	PFAM	0.268955427360965	0.132309322484223	0.268955427360965	0.132309322484224
PF03486	1	PFAM	0.269143399852344	0	0.269143399852344	NA
PF01276	1	PFAM	0.269321415593315	0	0.269321415593315	NA
PF03711	1	PFAM	0.269321415593315	0	0.269321415593315	NA
PF05970	8	PFAM	0.193671221004852	0.347303572052968	0.269347399911601	0.0767748731364363
PF07915	2	PFAM	0.269501743535565	0.0922165035877895	0.269501743535565	0.0922165035877895
PF06101	2	PFAM	0.269761251386026	0.057277925351654	0.269761251386026	0.057277925351654
PF03834	1	PFAM	0.269914824462006	0	0.269914824462006	NA
PF07928	1	PFAM	0.269939418095584	0	0.269939418095584	NA
PF05623	1	PFAM	0.269959931626296	0	0.269959931626296	NA
PF03110	24	PFAM	0.265899535074998	0.139201059871125	0.270347264514786	0.0264747165818404
PF02194	1	PFAM	0.270956168329432	0	0.270956168329432	NA
PF08628	1	PFAM	0.270956168329432	0	0.270956168329432	NA
PF05546	1	PFAM	0.271778058998108	0	0.271778058998108	NA
PF03372	28	PFAM	0.233716290875388	0.175009256958598	0.273992804143559	0.0386237382492751
PF10153	1	PFAM	0.274512870854481	0	0.274512870854481	NA
PF00940	1	PFAM	0.274899466467688	0	0.274899466467688	NA
PF02494	1	PFAM	0.275094754310135	0	0.275094754310135	NA
PF10296	1	PFAM	0.275218019787088	0	0.275218019787088	NA
PF01650	2	PFAM	0.275521999131763	0.0621798562916325	0.275521999131763	0.0621798562916325
PF01985	3	PFAM	0.195513501147524	0.125883195999355	0.27643530621414	0.0831821954836522
PF06728	1	PFAM	0.276894456817291	0	0.276894456817291	NA
PF04720	15	PFAM	0.272520735432973	0.18576796553722	0.276956915895546	0.0322506779333769
PF01265	3	PFAM	0.138534098768506	0.310973190113395	0.277189029021956	0.19246057365254
PF10510	1	PFAM	0.277535902568809	0	0.277535902568809	NA
PF08433	2	PFAM	0.277570188660919	0.092622869228009	0.277570188660919	0.092622869228009
PF06677	1	PFAM	0.278207884544815	0	0.278207884544815	NA
PF08164	1	PFAM	0.278454608499485	0	0.278454608499485	NA
PF05833	1	PFAM	0.279454157172109	0	0.279454157172109	NA
PF02040	2	PFAM	0.28013699221748	0.0465418967644805	0.28013699221748	0.0465418967644805
PF06432	1	PFAM	0.280483779919037	0	0.280483779919037	NA
PF01342	14	PFAM	0.256314039559359	0.207704368480912	0.28106832852657	0.0420610984879069
PF08781	2	PFAM	0.281365723483853	0.186950840562433	0.281365723483853	0.186950840562433
PF01465	3	PFAM	0.2134675204592	0.106661819218166	0.2813986887066	0.0703271554795184
PF00847	19	PFAM	0.241197510394913	0.289239194324536	0.281545821525889	0.0408158750615269
PF04143	3	PFAM	0.275558193101592	0.093650384117096	0.281624002821945	0.0541540702716249
PF07466	5	PFAM	0.225598299418901	0.188462476312824	0.281717264571831	0.0908091534091008
PF00468	3	PFAM	0	0.422972356419667	0.281981570946445	0.281981570946445
PF10494	1	PFAM	0.282147424088723	0	0.282147424088723	NA
PF09739	1	PFAM	0.282509647192371	0	0.282509647192371	NA
PF03941	1	PFAM	0.282669098516213	0	0.282669098516213	NA
PF07460	4	PFAM	0.224973995259631	0.357180054182983	0.283026883125781	0.15005525132383
PF04657	1	PFAM	0.28381090378844	0	0.28381090378844	NA
PF12253	1	PFAM	0.284464412158882	0	0.284464412158882	NA
PF00955	1	PFAM	0.285351786854564	0	0.285351786854564	NA
PF04305	2	PFAM	0.285447290747384	0.14356189710918	0.285447290747384	0.14356189710918
PF00570	5	PFAM	0.277100474781225	0.08748410720308	0.285953687028841	0.0574867847487522
PF09414	1	PFAM	0.285989255028734	0	0.285989255028734	NA
PF08839	1	PFAM	0.286995442464837	0	0.286995442464837	NA
PF01035	1	PFAM	0.28727269318359	0	0.28727269318359	NA
PF09830	1	PFAM	0.2877049127266	0	0.2877049127266	NA
PF02576	1	PFAM	0.288408877493937	0	0.288408877493937	NA
PF07264	1	PFAM	0.288860740731856	0	0.288860740731856	NA
PF02586	1	PFAM	0.290373305036383	0	0.290373305036383	NA
PF08783	1	PFAM	0.290409763863376	0	0.290409763863376	NA
PF04452	1	PFAM	0.290625776067547	0	0.290625776067547	NA
PF01396	1	PFAM	0.29129833615963	0	0.29129833615963	NA
PF06985	7	PFAM	0.251947484578007	0.124359614666403	0.291346938362632	0.0971990533542235
PF01633	2	PFAM	0.291857024360019	0.1544928506263	0.291857024360019	0.1544928506263
PF00477	1	PFAM	0.291858768453204	0	0.291858768453204	NA
PF02410	2	PFAM	0.292538342724256	0.155825610098654	0.292538342724256	0.155825610098655
PF08659	1	PFAM	0.293109691361954	0	0.293109691361954	NA
PF07716	2	PFAM	0.293151844024296	0.149829813604453	0.293151844024296	0.149829813604453
PF10238	1	PFAM	0.293956245342774	0	0.293956245342774	NA
PF05536	1	PFAM	0.294265220473328	0	0.294265220473328	NA
PF00211	118	PFAM	0.299143438683554	0.149938570351473	0.295202378535442	0.0107367439728399
PF04109	1	PFAM	0.29548721476196	0	0.29548721476196	NA
PF00251	6	PFAM	0.253234204696392	0.221310475124647	0.295801373831992	0.0580868687310055
PF04922	1	PFAM	0.29610639380561	0	0.29610639380561	NA
PF01661	3	PFAM	0.112177607921984	0.363134002721222	0.296693807103675	0.229056743153802
PF00313	2	PFAM	0.296901914022033	0.25735856676122	0.296901914022033	0.25735856676122
PF08574	1	PFAM	0.296990234667735	0	0.296990234667735	NA
PF11523	1	PFAM	0.297256076500032	0	0.297256076500032	NA
PF03348	2	PFAM	0.297996745228516	0.286661287147492	0.297996745228516	0.286661287147492
PF01130	1	PFAM	0.298001139150855	0	0.298001139150855	NA
PF03547	7	PFAM	0.267821733304507	0.106973662450311	0.298016727684138	0.0298813826779176
PF06978	1	PFAM	0.298037452730297	0	0.298037452730297	NA
PF08170	1	PFAM	0.298037452730297	0	0.298037452730297	NA
PF04734	1	PFAM	0.299667966522823	0	0.299667966522823	NA
PF02010	2	PFAM	0.300517257437651	0.127529143277781	0.300517257437651	0.127529143277781
PF02181	4	PFAM	0.281664872886802	0.164130258796078	0.300893670207856	0.0591346652954576
PF01470	1	PFAM	0.301193942612781	0	0.301193942612781	NA
PF00659	1	PFAM	0.301586839362412	0	0.301586839362412	NA
PF06839	3	PFAM	0.32171256698425	0.128967924838856	0.301825636556477	0.0751206654625745
PF01227	2	PFAM	0.302182029500333	0.134212728908589	0.302182029500333	0.134212728908589
PF07985	1	PFAM	0.302190286735253	0	0.302190286735253	NA
PF08797	3	PFAM	0.318920107090949	0.092891794422335	0.302980839803592	0.0542200167596332
PF01255	2	PFAM	0.303053891868075	0.04133168340804	0.303053891868075	0.04133168340804
PF01457	3	PFAM	0.197637237792131	0.245686185961409	0.303149962292775	0.151340018111454
PF11735	3	PFAM	0.350630479184985	0.109951641531267	0.303180472645284	0.0677691936302511
PF05990	1	PFAM	0.303309944027625	0	0.303309944027625	NA
PF00933	1	PFAM	0.303469852860476	0	0.303469852860476	NA
PF01915	1	PFAM	0.303469852860476	0	0.303469852860476	NA
PF01713	5	PFAM	0.299374320398482	0.053765051755102	0.303589393962901	0.0432065343635554
PF07962	1	PFAM	0.303662392353521	0	0.303662392353521	NA
PF01204	1	PFAM	0.303675861404251	0	0.303675861404251	NA
PF02042	15	PFAM	0.326844823930303	0.098635318422253	0.303740696586387	0.0318761885678178
PF07000	1	PFAM	0.304516670417941	0	0.304516670417941	NA
PF03328	1	PFAM	0.305224696258915	0	0.305224696258915	NA
PF02493	14	PFAM	0.131936061566801	0.236563240894824	0.306226750515464	0.164234542408777
PF04376	1	PFAM	0.306270819522996	0	0.306270819522996	NA
PF04377	1	PFAM	0.306270819522996	0	0.306270819522996	NA
PF00150	5	PFAM	0.365333079299471	0.285157529982019	0.306548246544719	0.110909763048277
PF01679	4	PFAM	0.165729185788762	0.314498849817542	0.306589810405659	0.201476830563875
PF00646	13	PFAM	0.328733999344636	0.15517275755481	0.307706079312893	0.0305001235050613
PF00610	1	PFAM	0.308544918233027	0	0.308544918233027	NA
PF04187	1	PFAM	0.308638042263204	0	0.308638042263204	NA
PF08620	1	PFAM	0.308864502067725	0	0.308864502067725	NA
PF08621	1	PFAM	0.308864502067725	0	0.308864502067725	NA
PF09765	1	PFAM	0.309433033104854	0	0.309433033104854	NA
PF11793	1	PFAM	0.309433033104854	0	0.309433033104854	NA
PF08590	3	PFAM	0.342578179574825	0.133003595859385	0.309919840532099	0.0785066490672371
PF04640	3	PFAM	0.381717044918334	0.132270595660686	0.310596525959575	0.0842399482414271
PF01159	1	PFAM	0.310604371407274	0	0.310604371407274	NA
PF03868	1	PFAM	0.310604371407274	0	0.310604371407274	NA
PF00728	1	PFAM	0.313514811480357	0	0.313514811480357	NA
PF02838	1	PFAM	0.313514811480357	0	0.313514811480357	NA
PF08242	6	PFAM	0.246159235812037	0.192851795568071	0.314066149147635	0.0633367716558549
PF08511	1	PFAM	0.31440849911268	0	0.31440849911268	NA
PF04824	3	PFAM	0.339698531007812	0.165210038513835	0.314419972223982	0.0962178274825472
PF10415	1	PFAM	0.315189568592619	0	0.315189568592619	NA
PF08696	1	PFAM	0.315417559472211	0	0.315417559472211	NA
PF12513	1	PFAM	0.316034336274841	0	0.316034336274841	NA
PF01068	4	PFAM	0.308177256126227	0.121529329382669	0.316088223091709	0.0690093387406047
PF04675	4	PFAM	0.308177256126227	0.121529329382669	0.316088223091709	0.0690093387406047
PF05183	1	PFAM	0.316909272991671	0	0.316909272991671	NA
PF01154	1	PFAM	0.317997071954405	0	0.317997071954405	NA
PF08540	1	PFAM	0.317997071954405	0	0.317997071954405	NA
PF01809	1	PFAM	0.318151613398944	0	0.318151613398944	NA
PF09768	1	PFAM	0.319118481439454	0	0.319118481439454	NA
PF05277	1	PFAM	0.319972977042053	0	0.319972977042053	NA
PF08585	2	PFAM	0.320412859612592	0.111312723543906	0.320412859612592	0.111312723543906
PF04194	2	PFAM	0.321325522809791	0.0746313768875305	0.321325522809791	0.0746313768875305
PF02458	3	PFAM	0.339703027612767	0.0356471830391885	0.322626000532966	0.0222818334003481
PF00535	7	PFAM	0.206447072279665	0.247395218588673	0.32273978786737	0.13577831569158
PF00645	2	PFAM	0.323309046092008	0.144359488291456	0.323309046092008	0.144359488291456
PF07510	1	PFAM	0.324028641834541	0	0.324028641834541	NA
PF01612	14	PFAM	0.288337425571318	0.167267614913262	0.324278135306555	0.0255106025132442
PF07500	4	PFAM	0.254868146168166	0.289081675674613	0.324376652664734	0.124018650937674
PF03366	2	PFAM	0.325441918925079	0.250787884614736	0.325441918925079	0.250787884614736
PF08610	1	PFAM	0.325556900417979	0	0.325556900417979	NA
PF05292	1	PFAM	0.325624341829117	0	0.325624341829117	NA
PF00867	5	PFAM	0.294817079033574	0.022259847937023	0.326053309048623	0.118036844232573
PF04825	4	PFAM	0.352177793048561	0.10132391231804	0.326979242940314	0.0691857676379811
PF10497	3	PFAM	0.31831266443933	0.078950974599628	0.327535051995855	0.0458150110568329
PF07738	1	PFAM	0.329273206173641	0	0.329273206173641	NA
PF07478	3	PFAM	0.180052293230036	0.296634750056073	0.331305739991426	0.187216789497033
PF08409	1	PFAM	0.331616725073022	0	0.331616725073022	NA
PF04106	1	PFAM	0.332164465830369	0	0.332164465830369	NA
PF05971	1	PFAM	0.332517362669235	0	0.332517362669235	NA
PF01351	2	PFAM	0.332971908716754	0.271783774578547	0.332971908716754	0.271783774578547
PF09262	1	PFAM	0.33332206939106	0	0.33332206939106	NA
PF03167	2	PFAM	0.334933780562869	0.0819708074857525	0.334933780562869	0.0819708074857525
PF07522	2	PFAM	0.338473073252482	0.00485538773966798	0.338473073252482	0.00485538773966798
PF01844	5	PFAM	0.285285645450907	0.321473781547697	0.339454036801661	0.119998503537576
PF07692	2	PFAM	0.34119635046573	0.054954422191425	0.34119635046573	0.054954422191425
PF02317	1	PFAM	0.341471270627043	0	0.341471270627043	NA
PF11707	1	PFAM	0.342916588944291	0	0.342916588944291	NA
PF07156	1	PFAM	0.343663211925936	0	0.343663211925936	NA
PF08325	2	PFAM	0.343856711318024	0.05913396325784	0.343856711318024	0.05913396325784
PF09825	1	PFAM	0.344484333624615	0	0.344484333624615	NA
PF09184	1	PFAM	0.344677185906724	0	0.344677185906724	NA
PF03819	1	PFAM	0.345394311293932	0	0.345394311293932	NA
PF03908	1	PFAM	0.34633581578332	0	0.34633581578332	NA
PF08510	1	PFAM	0.346464484521298	0	0.346464484521298	NA
PF04176	1	PFAM	0.346553227866276	0	0.346553227866276	NA
PF08311	1	PFAM	0.348539103526342	0	0.348539103526342	NA
PF09741	1	PFAM	0.348633961977691	0	0.348633961977691	NA
PF03568	1	PFAM	0.349158219791361	0	0.349158219791361	NA
PF01693	1	PFAM	0.349442779848124	0	0.349442779848124	NA
PF08007	3	PFAM	0.248986674146024	0.162159617967448	0.349734490013396	0.106314523154777
PF11799	5	PFAM	0.337343250938722	0.04603703035355	0.350092647863535	0.0172716783466957
PF02373	13	PFAM	0.21918515655936	0.243796098188213	0.351036142492667	0.0643252983158778
PF04752	1	PFAM	0.351202361245288	0	0.351202361245288	NA
PF00817	6	PFAM	0.356153874013452	0.0439330843025278	0.354237956067643	0.0146988943591524
PF08676	2	PFAM	0.355307345945299	0.097226619833504	0.355307345945299	0.097226619833504
PF06320	1	PFAM	0.355914835871288	0	0.355914835871288	NA
PF08100	1	PFAM	0.35839968985344	0	0.35839968985344	NA
PF01936	4	PFAM	0.368178032530907	0.101521986307899	0.359693622717345	0.037202521222172
PF06087	1	PFAM	0.36131853624023	0	0.36131853624023	NA
PF05637	2	PFAM	0.361830491761478	0.221660456094769	0.361830491761478	0.221660456094769
PF12251	1	PFAM	0.362765019270862	0	0.362765019270862	NA
PF05770	3	PFAM	0.310860691442814	0.122410593321652	0.36287167698654	0.0753065077318048
PF00651	56	PFAM	0.31861253319854	0.260554020412535	0.362884434529417	0.0326319690029656
PF05180	3	PFAM	0.210220807178053	0.354758006111319	0.363225541122533	0.218640556894297
PF09837	1	PFAM	0.364052767892739	0	0.364052767892739	NA
PF02585	1	PFAM	0.364796937290079	0	0.364796937290079	NA
PF06990	1	PFAM	0.364814220590585	0	0.364814220590585	NA
PF05724	2	PFAM	0.365461133965879	0.116027522404362	0.365461133965879	0.116027522404362
PF03481	1	PFAM	0.366371054351687	0	0.366371054351687	NA
PF04087	1	PFAM	0.369648533516505	0	0.369648533516505	NA
PF03942	3	PFAM	0.197066986880576	0.341635090179288	0.371136434550077	0.215591948134111
PF00636	3	PFAM	0.403023376551821	0.0758240021886081	0.372019225249653	0.0464407233520102
PF03368	3	PFAM	0.403023376551821	0.0758240021886081	0.372019225249653	0.0464407233520102
PF07444	1	PFAM	0.373233138740667	0	0.373233138740667	NA
PF11976	8	PFAM	0.480750151381293	0.475254667952863	0.373642158200936	0.0929619700710211
PF01648	2	PFAM	0.375933673643667	0.0791244515652225	0.375933673643667	0.0791244515652225
PF04114	1	PFAM	0.37621834537091	0	0.37621834537091	NA
PF02537	1	PFAM	0.377421730908756	0	0.377421730908756	NA
PF09733	2	PFAM	0.377497027329475	0.0714763412644455	0.377497027329475	0.0714763412644455
PF05148	1	PFAM	0.377745616866258	0	0.377745616866258	NA
PF10998	2	PFAM	0.379143188744054	0.142023496516807	0.379143188744054	0.142023496516807
PF07093	2	PFAM	0.37929621938042	0.081058516543271	0.37929621938042	0.081058516543271
PF03091	1	PFAM	0.379797220353871	0	0.379797220353871	NA
PF09243	1	PFAM	0.379917994564686	0	0.379917994564686	NA
PF11822	1	PFAM	0.381679510669187	0	0.381679510669187	NA
PF02911	2	PFAM	0.382162666243535	0.134619489134369	0.382162666243535	0.134619489134369
PF01231	2	PFAM	0.382494473637801	0.182046776658561	0.382494473637801	0.182046776658561
PF12340	3	PFAM	0.376531358788642	0.113800763173098	0.383361340170195	0.0657915906050657
PF12359	3	PFAM	0.376531358788642	0.113800763173098	0.383361340170195	0.0657915906050657
PF03851	1	PFAM	0.385659521105912	0	0.385659521105912	NA
PF00053	1	PFAM	0.386743153158449	0	0.386743153158449	NA
PF06979	1	PFAM	0.387665532639469	0	0.387665532639469	NA
PF08774	1	PFAM	0.387903000582249	0	0.387903000582249	NA
PF08648	3	PFAM	0.0876362096948083	0.507776774968467	0.388485471269018	0.329504659471197
PF03265	1	PFAM	0.388550424441236	0	0.388550424441236	NA
PF10263	2	PFAM	0.390240148943703	0.00418752951365647	0.390240148943703	0.0041875295136565
PF04179	1	PFAM	0.391372765610994	0	0.391372765610994	NA
PF00730	6	PFAM	0.397774336296916	0.181412772046903	0.39255600970093	0.0511681133108903
PF07969	2	PFAM	0.393420674963249	0.056549541057684	0.393420674963249	0.056549541057684
PF00145	7	PFAM	0.38304770379134	0.09255405387146	0.394266700146008	0.0475594535107376
PF09808	1	PFAM	0.398265590402183	0	0.398265590402183	NA
PF02441	1	PFAM	0.400835035291868	0	0.400835035291868	NA
PF04188	1	PFAM	0.401478366932683	0	0.401478366932683	NA
PF12330	1	PFAM	0.401604593004649	0	0.401604593004649	NA
PF12049	1	PFAM	0.402114530417029	0	0.402114530417029	NA
PF01947	1	PFAM	0.403143685929131	0	0.403143685929131	NA
PF07065	1	PFAM	0.405881649938742	0	0.405881649938742	NA
PF00088	1	PFAM	0.407755863537566	0	0.407755863537566	NA
PF09103	1	PFAM	0.408501116146671	0	0.408501116146671	NA
PF09169	1	PFAM	0.408501116146671	0	0.408501116146671	NA
PF04493	1	PFAM	0.410192967387595	0	0.410192967387595	NA
PF12009	1	PFAM	0.415625902567613	0	0.415625902567613	NA
PF01762	1	PFAM	0.419986355243015	0	0.419986355243015	NA
PF10288	1	PFAM	0.421110537405718	0	0.421110537405718	NA
PF06090	2	PFAM	0.42169707417325	0.188489772816336	0.42169707417325	0.188489772816336
PF07707	16	PFAM	0.352728821446689	0.182017021429994	0.422491273046905	0.0588144650522243
PF03121	2	PFAM	0.423931411549736	0.0468426042495041	0.423931411549736	0.046842604249504
PF02902	6	PFAM	0.46238481114736	0.377937584487102	0.424315379205261	0.0948744785100449
PF06545	1	PFAM	0.426851744373286	0	0.426851744373286	NA
PF01541	4	PFAM	0.414329738296004	0.112028799985284	0.429712519496742	0.0543404108615022
PF00014	1	PFAM	0.431040412407418	0	0.431040412407418	NA
PF03215	1	PFAM	0.432616870774786	0	0.432616870774786	NA
PF03266	1	PFAM	0.433335428547218	0	0.433335428547218	NA
PF03749	2	PFAM	0.433516326395123	0.0438673115950166	0.433516326395123	0.0438673115950165
PF06884	1	PFAM	0.435087598967364	0	0.435087598967364	NA
PF10391	1	PFAM	0.436075701010696	0	0.436075701010696	NA
PF02541	1	PFAM	0.437408145039911	0	0.437408145039911	NA
PF02209	3	PFAM	0.466674197289575	0.0560248710201905	0.439287490702727	0.0351250620216988
PF00437	1	PFAM	0.440263579478946	0	0.440263579478946	NA
PF02631	1	PFAM	0.447341782093218	0	0.447341782093218	NA
PF09350	1	PFAM	0.456101143497107	0	0.456101143497107	NA
PF01753	109	PFAM	0.434878351080216	0.255950942617964	0.458125415011999	0.0251177833665098
PF09749	1	PFAM	0.461467316000532	0	0.461467316000532	NA
PF06701	3	PFAM	0.574306392440031	0.201485354298714	0.461899969514146	0.129193331784994
PF07382	1	PFAM	0.465369067625277	0	0.465369067625277	NA
PF02137	1	PFAM	0.467955751767359	0	0.467955751767359	NA
PF10812	1	PFAM	0.471817933681126	0	0.471817933681126	NA
PF08573	1	PFAM	0.475928475796716	0	0.475928475796716	NA
PF03232	1	PFAM	0.477884955619337	0	0.477884955619337	NA
PF01112	1	PFAM	0.478375268326628	0	0.478375268326628	NA
PF00580	5	PFAM	0.296551311218432	0.137280889844529	0.47938659657012	0.170191328862321
PF01198	1	PFAM	0.4808145455679	0	0.4808145455679	NA
PF06463	1	PFAM	0.481177655010919	0	0.481177655010919	NA
PF01437	1	PFAM	0.486121072386896	0	0.486121072386896	NA
PF09439	1	PFAM	0.488027958970998	0	0.488027958970998	NA
PF05206	1	PFAM	0.49747744564593	0	0.49747744564593	NA
PF05253	1	PFAM	0.49747744564593	0	0.49747744564593	NA
PF11722	1	PFAM	0.49747744564593	0	0.49747744564593	NA
PF11510	1	PFAM	0.498441674082937	0	0.498441674082937	NA
PF09764	1	PFAM	0.500780615317025	0	0.500780615317025	NA
PF05495	3	PFAM	0.38207362371832	0.456775809726612	0.501679929956679	0.270415354421299
PF07934	1	PFAM	0.502659175925037	0	0.502659175925037	NA
PF03652	1	PFAM	0.507651236799184	0	0.507651236799184	NA
PF04080	1	PFAM	0.519305410331921	0	0.519305410331921	NA
PF00465	3	PFAM	0.651249115393786	0.452170560575977	0.538888075676334	0.267037430763544
PF05742	1	PFAM	0.544143290697203	0	0.544143290697203	NA
PF00775	1	PFAM	0.557364982309655	0	0.557364982309655	NA
PF08660	2	PFAM	0.56132195866678	0.56132195866678	0.56132195866678	0.56132195866678
PF10421	1	PFAM	0.582661964741771	0	0.582661964741771	NA
PF02558	1	PFAM	0.584342033821645	0	0.584342033821645	NA
PF08546	1	PFAM	0.584342033821645	0	0.584342033821645	NA
PF02183	1	PFAM	0.65039267331688	0	0.65039267331688	NA
PF01157	1	PFAM	0.654459405587255	0	0.654459405587255	NA
PF00011	8	PFAM	0.314237359366756	0.725751469620521	0.679081411232768	0.26796828352164
PF08373	30	PFAM	0.628655944735228	0.632024338978803	0.825514192400179	0.120429918604361
PF10199	1	PFAM	0.931594449929285	0	0.931594449929285	NA
PF10235	1	PFAM	1.09706692396344	0	1.09706692396344	NA
PF03417	2	PFAM	1.56086757792941	1.21788780410196	1.56086757792941	1.21788780410196
PF00127	0	PFAM	NA	NA	NA	NA
PF00833	0	PFAM	NA	NA	NA	NA
PF01280	0	PFAM	NA	NA	NA	NA
PF01282	0	PFAM	NA	NA	NA	NA
PF01655	0	PFAM	NA	NA	NA	NA
PF01776	0	PFAM	NA	NA	NA	NA
PF01781	0	PFAM	NA	NA	NA	NA
PF03939	0	PFAM	NA	NA	NA	NA
PF06596	0	PFAM	NA	NA	NA	NA
PF07743	0	PFAM	NA	NA	NA	NA
PF10203	0	PFAM	NA	NA	NA	NA
GO:0005618	1	GOslim	0	0	0	NA
GO:0022618	1	GOslim	0	0	0	NA
GO:0030705	1	GOslim	0	0	0	NA
GO:0007034	1	GOslim	0.0144273481203806	0	0.0144273481203806	NA
GO:0061024	16	GOslim	0.0252285851116293	0.0374846888191304	0.0233797839138284	0.0051163152865398
GO:0005773	2	GOslim	0.0258173905906403	0.0258173905906402	0.0258173905906403	0.0258173905906403
GO:0007005	5	GOslim	0.0365853658536585	0.0477401032908608	0.0278188310735546	0.0117213024788086
GO:0007067	3	GOslim	0.0661849608178472	0.0362745337223294	0.046244676087502	0.0231952079326589
GO:0016023	11	GOslim	0.0312005059425654	0.033894628968392	0.048774965624786	0.0187963791590805
GO:0008134	1	GOslim	0.0492214364408629	0	0.0492214364408629	NA
GO:0019899	5	GOslim	0.0250511129603024	0.0872988934689314	0.052397367843476	0.0240563714788389
GO:0051301	2	GOslim	0.0550477402902402	0.0175013271544187	0.0550477402902402	0.0175013271544186
GO:0006913	3	GOslim	0.0693973680456619	0.0484661840567951	0.0554432453864173	0.0288386843864225
GO:0005730	2	GOslim	0.0563404254425706	0.0347624606773532	0.0563404254425706	0.0347624606773532
GO:0005829	5	GOslim	0.0563786501796448	0.0488276834293616	0.0575819692400021	0.0220498740944326
GO:0008565	21	GOslim	0.0424974729595788	0.0442063389503584	0.0589456660985769	0.0100690133535137
GO:0065003	24	GOslim	0.0285876854624554	0.0829643413388047	0.0603713046875046	0.0161262814614556
GO:0006461	25	GOslim	0.0289934089670933	0.0819335899217164	0.060671606828344	0.0154707006579518
GO:0006605	19	GOslim	0.0229455036939694	0.0570493783672101	0.0643274065259502	0.0247976340050184
GO:0006397	16	GOslim	0.0512891258431994	0.0898411834688328	0.0682522152671239	0.0126515806983621
GO:0005794	12	GOslim	0.0326387011073984	0.0420896878651832	0.0685695654664147	0.0304115001153457
GO:0016192	58	GOslim	0.03364823909168	0.076614495132641	0.0692916258751455	0.0126056528983044
GO:0006091	29	GOslim	0.0546690266569104	0.10031570627276	0.0705621899350611	0.0148150748968077
GO:0019843	7	GOslim	0.041320232167629	0.0783817110048882	0.0738796506252343	0.043124728162846
GO:0015979	31	GOslim	0.0275116665292893	0.14052323571234	0.075506892484554	0.0178219616519753
GO:0005856	37	GOslim	0.0299357708706222	0.0752349172340268	0.0768359862623807	0.0169877573114769
GO:0005635	6	GOslim	0.0819917795445079	0.0387087547353711	0.0772965254755792	0.0112759028328741
GO:0022607	19	GOslim	0.0625909778034802	0.092716127125642	0.0779426565634835	0.0189564145899583
GO:0005654	13	GOslim	0.0629038788700635	0.135865380992721	0.0781257162387409	0.0199479033403194
GO:0009579	29	GOslim	0.0275116665292893	0.153812602444336	0.0786271126079267	0.0189396979441389
GO:0006520	129	GOslim	0.0466909254181316	0.0653269203667861	0.0803956237285378	0.00752875360596767
GO:0042254	29	GOslim	0.0751269468517552	0.127477171915345	0.0874514402608568	0.0156383723724912
GO:0005739	35	GOslim	0.0477401032908608	0.144727481950553	0.0894295528411888	0.0208450576009042
GO:0043226	137	GOslim	0.0546825996088709	0.133279422874944	0.0898542834410805	0.00815223612438026
GO:0005737	219	GOslim	0.0514766710646309	0.123939624977557	0.0908001304734283	0.00656696997562984
GO:0003924	51	GOslim	0.040099273440003	0.128015868921388	0.0918438158121044	0.0158803272041265
GO:0006412	186	GOslim	0.0409340625452417	0.134622601861218	0.0928054206782335	0.00967907522690422
GO:0043234	256	GOslim	0.0528932564072403	0.125413622756336	0.0970318794607218	0.00823810141463131
GO:0008135	29	GOslim	0.0812872876302165	0.139932593284388	0.097114643018843	0.018896006993707
GO:0006399	68	GOslim	0.0535201988655199	0.118104931325657	0.0992694012566435	0.012148479802917
GO:0003735	120	GOslim	0.0325999821684287	0.168547557247477	0.101436693612284	0.0136723316912629
GO:0005840	120	GOslim	0.0325999821684287	0.168547557247477	0.101436693612284	0.0136723316912629
GO:0042592	61	GOslim	0.0811024275084403	0.104679700466444	0.101579247466211	0.0125822742591055
GO:0051082	23	GOslim	0.0500166205250144	0.0709175897053193	0.101682948635761	0.0248169207310793
GO:0006457	84	GOslim	0.0714350820857	0.104213643193277	0.103592163096047	0.010816524840564
GO:0007049	10	GOslim	0.073838007148207	0.110537476296551	0.103613417144981	0.0363597915076459
GO:0005623	280	GOslim	0.0586090761307012	0.141615311021211	0.104050999418648	0.00781096938785814
GO:0051186	55	GOslim	0.0711565417561891	0.106413815840113	0.10485766478651	0.0136805302987826
GO:0051604	4	GOslim	0.0889613226086001	0.0515915278099364	0.107052190605516	0.0386671190013687
GO:0016887	201	GOslim	0.0764050386380137	0.128967003154924	0.108692679289874	0.00758032432256394
GO:0005975	165	GOslim	0.0800719361987333	0.11741303206632	0.112025078772603	0.00848875470644416
GO:0008289	17	GOslim	0.0967997205008917	0.135271052283824	0.113248277345358	0.0195235342722757
GO:0006810	407	GOslim	0.083425521513442	0.134064634488556	0.115167537000933	0.00531013173397748
GO:0016853	85	GOslim	0.0857885660663515	0.148268800035408	0.115857512074223	0.0110320185123371
GO:0005777	7	GOslim	0.0589811042572871	0.127220392565778	0.115963165468533	0.0436427704352253
GO:0009056	157	GOslim	0.0774110817265642	0.144929902655711	0.118359399886906	0.00990447961221972
GO:0005578	1	GOslim	0.119017774591659	0	0.119017774591659	NA
GO:0016765	17	GOslim	0.0725207363122775	0.112462892024432	0.119151350294728	0.0303849332059797
GO:0005622	470	GOslim	0.0689590993826159	0.160909246339579	0.119264639953395	0.0065358493836922
GO:0016791	35	GOslim	0.107216434642707	0.127443629297826	0.122552846310268	0.014342224677243
GO:0016491	525	GOslim	0.0930916788027467	0.125499491791788	0.124422823742008	0.0050576015636939
GO:0051276	16	GOslim	0.0915395582804372	0.0845720744525567	0.125411875274383	0.0303454171720229
GO:0005198	26	GOslim	0.0813678244180148	0.145041784242368	0.130020751303641	0.0270695545210968
GO:0005575	1005	GOslim	0.103922928761401	0.152894444326779	0.131038203569139	0.00382322935661506
GO:0055085	270	GOslim	0.105986631040018	0.152015240878166	0.132363173248829	0.00685602599377804
GO:0003723	150	GOslim	0.0978744632501334	0.173912938218481	0.134125380652069	0.0100048826105448
GO:0022857	242	GOslim	0.109865581412938	0.145878952112075	0.134314108029693	0.0067667911572203
GO:0005694	20	GOslim	0.110776981588768	0.10620238817309	0.135881256161532	0.0207839668500714
GO:0006629	137	GOslim	0.113255723778645	0.161102410843415	0.138862997111965	0.00954063519776204
GO:0016874	172	GOslim	0.0988446434249601	0.169404339422093	0.14047528707147	0.0120579181419445
GO:0000003	3	GOslim	0.106493576313457	0.053340815679549	0.14172334859291	0.0354781400231477
GO:0030154	3	GOslim	0.106493576313457	0.053340815679549	0.14172334859291	0.0354781400231477
GO:0030198	3	GOslim	0.106493576313457	0.053340815679549	0.14172334859291	0.0354781400231477
GO:0048856	3	GOslim	0.106493576313457	0.053340815679549	0.14172334859291	0.0354781400231477
GO:0000988	13	GOslim	0.145253705253253	0.065330938556898	0.143122068762829	0.0265386331384208
GO:0005783	26	GOslim	0.1044079981625	0.174476428159801	0.145388152963576	0.0220320749906135
GO:0005634	183	GOslim	0.104773363636846	0.159199036526199	0.145977143857894	0.0101068392027973
GO:0005886	13	GOslim	0.0969535495146562	0.180762475569725	0.14611389046466	0.0304322649656186
GO:0016810	17	GOslim	0.0969810145736804	0.0782566677322991	0.146794831634257	0.0334886937957955
GO:0034655	32	GOslim	0.101042142024001	0.127415841476808	0.147474709258586	0.0283077283872837
GO:0016779	78	GOslim	0.11060828874702	0.249393607940786	0.148205032397359	0.0161720578045112
GO:0004386	113	GOslim	0.120821182366786	0.180997411889256	0.150802100384661	0.0115709918102473
GO:0016757	49	GOslim	0.0994217175175914	0.152206884355396	0.152392537058971	0.0192880747880871
GO:0008233	222	GOslim	0.132729391811885	0.145132146873462	0.156834612194278	0.00864901459532133
GO:0016798	57	GOslim	0.121235522162503	0.152851518795564	0.157519060300395	0.0172487779287498
GO:0030234	41	GOslim	0.107556799280674	0.131393830837366	0.159682981454252	0.0242972912989749
GO:0009058	656	GOslim	0.118490020697856	0.196866806853384	0.159842464419502	0.0067577870555412
GO:0003677	390	GOslim	0.128626661782278	0.235229878453733	0.160816103090678	0.00814144838287204
GO:0008168	137	GOslim	0.140784149184026	0.163211109400381	0.161153289022524	0.010336434849909
GO:0008150	3032	GOslim	0.121278259534162	0.185665967849968	0.162553146599688	0.00292914558317595
GO:0004871	27	GOslim	0.13160468527131	0.113734915338594	0.163359892141368	0.0204456074336478
GO:0003674	3705	GOslim	0.126318193069006	0.182770037071671	0.16445987399814	0.00266045396582469
GO:0005815	6	GOslim	0.0976668447878916	0.159309904985584	0.16455290638756	0.0574225406599643
GO:0009536	18	GOslim	0.11931593079498	0.151747614886589	0.168415785871403	0.034567503609837
GO:0034641	619	GOslim	0.129256056129521	0.197043681032307	0.170247632346301	0.00702949831621151
GO:0042393	2	GOslim	0.172326698263245	0.0726967469527945	0.172326698263245	0.0726967469527944
GO:0044281	356	GOslim	0.123404624274663	0.225150427190718	0.176398519116763	0.0106528050413361
GO:0005576	4	GOslim	0.157789913866169	0.0869701087282883	0.180596443946257	0.0613591328663085
GO:0007010	15	GOslim	0.104540259189283	0.256993514740118	0.184537025992229	0.0428588373886975
GO:0043167	1816	GOslim	0.136297524778683	0.22151318214504	0.185779740797309	0.00443476402801935
GO:0071554	19	GOslim	0.206488993343409	0.130721482904689	0.195517070594945	0.0227848290143719
GO:0016746	109	GOslim	0.185622463580592	0.241905711275322	0.196183589253219	0.0146009627587768
GO:0006950	91	GOslim	0.175843621773444	0.228933597421048	0.206043517916901	0.0159531440621748
GO:0001071	60	GOslim	0.162194975857982	0.188001557878516	0.211708538552253	0.0188729548362158
GO:0008219	5	GOslim	0.249634299769739	0.132763702246843	0.214144040707846	0.0361761592495155
GO:0006259	129	GOslim	0.192763659409913	0.248653792060661	0.216455327596946	0.0134706507042568
GO:0008092	7	GOslim	0.148653155843641	0.38549004082753	0.222148272890624	0.079553112523512
GO:0007165	223	GOslim	0.215521418999114	0.215802264006446	0.224239880499135	0.00944206584832514
GO:0016829	184	GOslim	0.244454457582924	0.240735942722203	0.232119537401434	0.0107487552452331
GO:0007155	9	GOslim	0.201278175693174	0.056654434838078	0.23289159796721	0.0497430656718242
GO:0016301	685	GOslim	0.196177603466439	0.236319601994313	0.233418538996157	0.00779225551861418
GO:0006464	734	GOslim	0.20166710638738	0.2278927069203	0.23786959411264	0.00741973904314618
GO:0030312	5	GOslim	0.163935833098374	0.252162145806964	0.238997254932327	0.0699565508405999
GO:0000228	6	GOslim	0.22481999921719	0.141665017476417	0.261025977091644	0.0505608947965238
GO:0004518	63	GOslim	0.253908466867593	0.224436970032953	0.263792650641787	0.0205392418065161
GO:0006790	18	GOslim	0.110124340333804	0.183071225279704	0.278835641312285	0.149561696252067
GO:0019748	4	GOslim	0.287480911190256	0.741315405085822	0.875051035480768	0.635841531184688
GO:0000045	1	GO	0	0	0	NA
GO:0000159	1	GO	0	0	0	NA
GO:0000275	1	GO	0	0	0	NA
GO:0003954	1	GO	0	0	0	NA
GO:0004013	1	GO	0	0	0	NA
GO:0004055	1	GO	0	0	0	NA
GO:0004347	1	GO	0	0	0	NA
GO:0004478	1	GO	0	0	0	NA
GO:0004512	1	GO	0	0	0	NA
GO:0004807	1	GO	0	0	0	NA
GO:0004834	1	GO	0	0	0	NA
GO:0004871	1	GO	0	0	0	NA
GO:0005618	1	GO	0	0	0	NA
GO:0005786	1	GO	0	0	0	NA
GO:0005850	1	GO	0	0	0	NA
GO:0005875	3	GO	0	0	0	0
GO:0006021	1	GO	0	0	0	NA
GO:0006275	1	GO	0	0	0	NA
GO:0006605	1	GO	0	0	0	NA
GO:0006730	1	GO	0	0	0	NA
GO:0006890	1	GO	0	0	0	NA
GO:0007017	3	GO	0	0	0	0
GO:0007047	1	GO	0	0	0	NA
GO:0008466	1	GO	0	0	0	NA
GO:0008601	1	GO	0	0	0	NA
GO:0009496	1	GO	0	0	0	NA
GO:0009512	2	GO	0	0	0	0
GO:0016471	1	GO	0	0	0	NA
GO:0016538	1	GO	0	0	0	NA
GO:0016585	1	GO	0	0	0	NA
GO:0017004	2	GO	0	0	0	0
GO:0030054	1	GO	0	0	0	NA
GO:0030244	1	GO	0	0	0	NA
GO:0030337	1	GO	0	0	0	NA
GO:0030942	1	GO	0	0	0	NA
GO:0031491	1	GO	0	0	0	NA
GO:0032934	1	GO	0	0	0	NA
GO:0033179	1	GO	0	0	0	NA
GO:0042073	1	GO	0	0	0	NA
GO:0042256	1	GO	0	0	0	NA
GO:0042549	1	GO	0	0	0	NA
GO:0043044	1	GO	0	0	0	NA
GO:0043626	1	GO	0	0	0	NA
GO:0045158	1	GO	0	0	0	NA
GO:0045900	1	GO	0	0	0	NA
GO:0070402	1	GO	0	0	0	NA
GO:0003678	2	GO	0.00311570776474428	0.00311570776474429	0.00311570776474428	0.00311570776474428
GO:0005665	1	GO	0.00329208653116707	0	0.00329208653116707	NA
GO:0004017	2	GO	0.0047818815877475	0.0047818815877475	0.0047818815877475	0.0047818815877475
GO:0042823	1	GO	0.00586458312773644	0	0.00586458312773644	NA
GO:0004664	1	GO	0.00610671026973247	0	0.00610671026973247	NA
GO:0009094	1	GO	0.00610671026973247	0	0.00610671026973247	NA
GO:0004175	6	GO	0.005588209305749	0.0124942317092442	0.00652792382773712	0.00296218983068882
GO:0019773	6	GO	0.005588209305749	0.0124942317092442	0.00652792382773712	0.00296218983068882
GO:0009536	2	GO	0.0068325330178023	0.0068325330178023	0.0068325330178023	0.0068325330178023
GO:0008685	1	GO	0.00848692032253771	0	0.00848692032253771	NA
GO:0006122	2	GO	0.00863222578116315	0.00863222578116315	0.00863222578116315	0.00863222578116315
GO:0004424	1	GO	0.00951189780571626	0	0.00951189780571626	NA
GO:0004645	2	GO	0.00961385873785769	0.000628988392242206	0.00961385873785769	0.000628988392242205
GO:0008308	3	GO	0	0.014611499155435	0.00974099943695667	0.00974099943695667
GO:0044070	3	GO	0	0.014611499155435	0.00974099943695667	0.00974099943695667
GO:0005798	1	GO	0.00986379934905151	0	0.00986379934905151	NA
GO:0004615	1	GO	0.0108414237356652	0	0.0108414237356652	NA
GO:0019307	1	GO	0.0108414237356652	0	0.0108414237356652	NA
GO:0006366	2	GO	0.0108507566497613	0.00755867011859422	0.0108507566497613	0.00755867011859421
GO:0015992	6	GO	0.00590097112245703	0.0113721570044879	0.010999067792226	0.0060709726947256
GO:0006184	7	GO	0	0.0208390158913829	0.0112613917447808	0.0057147358474661
GO:0042651	3	GO	0	0.0175871711728275	0.011724780781885	0.011724780781885
GO:0016114	2	GO	0.0121529584704672	0.0036660381479295	0.0121529584704672	0.00366603814792949
GO:0042719	3	GO	0	0.0182926829268292	0.0121951219512195	0.0121951219512195
GO:0045039	3	GO	0	0.0182926829268292	0.0121951219512195	0.0121951219512195
GO:0016469	4	GO	0.00590097112245703	0.0102029582830857	0.0127524388025902	0.00892813751607239
GO:0046034	4	GO	0.00590097112245703	0.0102029582830857	0.0127524388025902	0.00892813751607239
GO:0017119	1	GO	0.0128938852095753	0	0.0128938852095753	NA
GO:0008937	2	GO	0.0129917201710027	0.0129917201710027	0.0129917201710027	0.0129917201710027
GO:0043461	1	GO	0.0131496981045037	0	0.0131496981045037	NA
GO:0008312	6	GO	0.00553455674696915	0.0113935805700708	0.01365015337787	0.00941083126687662
GO:0003856	1	GO	0.0139158408962905	0	0.0139158408962905	NA
GO:0046417	1	GO	0.0143958939536416	0	0.0143958939536416	NA
GO:0007034	1	GO	0.0144273481203806	0	0.0144273481203806	NA
GO:0030904	1	GO	0.0144273481203806	0	0.0144273481203806	NA
GO:0005674	1	GO	0.014826443397872	0	0.014826443397872	NA
GO:0009678	1	GO	0.0149846515429954	0	0.0149846515429954	NA
GO:0015995	4	GO	0.0131348889954267	0.0161686805405014	0.0151318503478244	0.00738322306187539
GO:0046429	1	GO	0.0158189966183967	0	0.0158189966183967	NA
GO:0004174	1	GO	0.0158679049341911	0	0.0158679049341911	NA
GO:0003922	1	GO	0.0162222550593809	0	0.0162222550593809	NA
GO:0006177	1	GO	0.0162222550593809	0	0.0162222550593809	NA
GO:0048500	5	GO	0.0110691134939383	0.011501736262115	0.016380184053444	0.0110302319316536
GO:0005956	1	GO	0.0166951655796593	0	0.0166951655796593	NA
GO:0019887	1	GO	0.0166951655796593	0	0.0166951655796593	NA
GO:0006094	2	GO	0.01697244728906	0.01697244728906	0.01697244728906	0.01697244728906
GO:0034227	1	GO	0.0169919414496244	0	0.0169919414496244	NA
GO:0046933	11	GO	0	0.0226880603911932	0.0170012313712865	0.0083789712037375
GO:0016820	7	GO	0.00616830781693974	0.0270159704745981	0.017586042686195	0.00775645176109874
GO:0004655	1	GO	0.0176311078942441	0	0.0176311078942441	NA
GO:0006614	8	GO	0.0112854248780267	0.026497055378152	0.0177497667989861	0.0075133030041415
GO:0004298	16	GO	0.00953143026229187	0.0263503139808032	0.0181955236881586	0.00655419155962169
GO:0005839	16	GO	0.00953143026229187	0.0263503139808032	0.0181955236881586	0.00655419155962169
GO:0051603	16	GO	0.00953143026229187	0.0263503139808032	0.0181955236881586	0.00655419155962169
GO:0046406	1	GO	0.018204405455687	0	0.018204405455687	NA
GO:0030131	8	GO	0.010097106178762	0.0274308821705859	0.018368746338947	0.00685879521238046
GO:0030126	3	GO	0.0224763627847407	0.0170384481361157	0.018851086352324	0.0100027610654206
GO:0033178	7	GO	0.00563363442797432	0.0226880603911932	0.0189514747730018	0.011710541619284
GO:0005681	5	GO	0.00686816969626429	0.0234883034256255	0.0194981164545449	0.0103774188918039
GO:0004375	1	GO	0.0196087943285687	0	0.0196087943285687	NA
GO:0005758	1	GO	0.0196527653481296	0	0.0196527653481296	NA
GO:0006825	1	GO	0.0196527653481296	0	0.0196527653481296	NA
GO:0016531	1	GO	0.0196527653481296	0	0.0196527653481296	NA
GO:0000015	1	GO	0.0199639526814174	0	0.0199639526814174	NA
GO:0004634	1	GO	0.0199639526814174	0	0.0199639526814174	NA
GO:0033180	1	GO	0.0204577624117239	0	0.0204577624117239	NA
GO:0008963	1	GO	0.0205608554085322	0	0.0205608554085322	NA
GO:0005801	3	GO	0.0113616187526654	0.0253285155946545	0.0206728833139914	0.0153466439113672
GO:0004340	1	GO	0.0208206136796794	0	0.0208206136796794	NA
GO:0051156	1	GO	0.0208206136796794	0	0.0208206136796794	NA
GO:0004827	2	GO	0.0210059532710446	0.00237655792015505	0.0210059532710446	0.00237655792015505
GO:0006433	2	GO	0.0210059532710446	0.00237655792015505	0.0210059532710446	0.00237655792015505
GO:0004746	1	GO	0.0211131235354718	0	0.0211131235354718	NA
GO:0003849	1	GO	0.021484905577488	0	0.021484905577488	NA
GO:0030041	1	GO	0.0215752681988845	0	0.0215752681988845	NA
GO:0009073	3	GO	0.021484905577488	0.00789447749052445	0.0217018474503726	0.00455916924744539
GO:0004576	2	GO	0.0217651628000705	0.0165969837436636	0.0217651628000705	0.0165969837436636
GO:0004826	2	GO	0.022104963519168	0.0064036990481891	0.022104963519168	0.0064036990481891
GO:0006432	2	GO	0.022104963519168	0.0064036990481891	0.022104963519168	0.0064036990481891
GO:0003883	1	GO	0.0223839032436595	0	0.0223839032436595	NA
GO:0006221	1	GO	0.0223839032436595	0	0.0223839032436595	NA
GO:0006626	4	GO	0.0182926829268292	0.0411311959460573	0.022838513019228	0.0136982580326522
GO:0000398	4	GO	0.0150504680399785	0.0248638400759688	0.0229110497319275	0.0117231923592851
GO:0010309	1	GO	0.0229239963530342	0	0.0229239963530342	NA
GO:0015930	2	GO	0.0231552769533347	0.0123179926454069	0.0231552769533347	0.0123179926454069
GO:0015986	8	GO	0	0.0528516155708161	0.023176992293384	0.0115258917876665
GO:0008017	1	GO	0.0232589002589201	0	0.0232589002589201	NA
GO:0016851	5	GO	0.00806537253516648	0.0270703616099975	0.0233649409794942	0.0124336724066925
GO:0006621	3	GO	0	0.0350915424559418	0.0233943616372945	0.0233943616372945
GO:0046923	3	GO	0	0.0350915424559418	0.0233943616372945	0.0233943616372945
GO:0015629	1	GO	0.0236100533130236	0	0.0236100533130236	NA
GO:0003917	1	GO	0.0243721476366496	0	0.0243721476366496	NA
GO:0005672	2	GO	0.0244558534025178	0.0244558534025177	0.0244558534025178	0.0244558534025177
GO:0004592	1	GO	0.024634619995187	0	0.024634619995187	NA
GO:0045263	2	GO	0.0247060742366406	0.0247060742366406	0.0247060742366406	0.0247060742366406
GO:0016125	1	GO	0.0248344532711526	0	0.0248344532711526	NA
GO:0047750	1	GO	0.0248344532711526	0	0.0248344532711526	NA
GO:0004489	1	GO	0.0249171256478219	0	0.0249171256478219	NA
GO:0006555	1	GO	0.0249171256478219	0	0.0249171256478219	NA
GO:0016717	2	GO	0.0251075699424856	0.00165515533507415	0.0251075699424856	0.00165515533507415
GO:0006270	2	GO	0.0263834199622475	0.0137821676572286	0.0263834199622475	0.0137821676572286
GO:0015002	1	GO	0.0264304446357688	0	0.0264304446357688	NA
GO:0046961	12	GO	0.00590097112245703	0.0545185901018155	0.0266915745388404	0.00940902696638754
GO:0008883	1	GO	0.0268563414837164	0	0.0268563414837164	NA
GO:0015991	18	GO	0.0133130351143318	0.0492860343895418	0.0268707606084797	0.0071517262158382
GO:0030117	10	GO	0.0257204934957048	0.0247689962646445	0.0272999039157311	0.00592666423397375
GO:0044262	3	GO	0.0356945418330753	0.0124022656686812	0.0274272849870688	0.0082679470554451
GO:0046912	3	GO	0.0356945418330753	0.0124022656686812	0.0274272849870688	0.0082679470554451
GO:0010027	1	GO	0.0275116665292893	0	0.0275116665292893	NA
GO:0008861	1	GO	0.0275347188423037	0	0.0275347188423037	NA
GO:0004828	2	GO	0.0283341142062059	0.0224996465516027	0.0283341142062059	0.0224996465516027
GO:0006434	2	GO	0.0283341142062059	0.0224996465516027	0.0283341142062059	0.0224996465516027
GO:0006526	2	GO	0.0284249529031954	0.0284249529031954	0.0284249529031954	0.0284249529031954
GO:0004484	1	GO	0.0284338842801351	0	0.0284338842801351	NA
GO:0034453	1	GO	0.0288957266371391	0	0.0288957266371391	NA
GO:0007021	1	GO	0.0289934089670933	0	0.0289934089670933	NA
GO:0051920	3	GO	0	0.043596747743879	0.0290644984959194	0.0290644984959194
GO:0008380	1	GO	0.0290791497287071	0	0.0290791497287071	NA
GO:0004372	3	GO	0.0261251871265684	0.0103689421323678	0.0290955654548554	0.00616799052918263
GO:0006544	3	GO	0.0261251871265684	0.0103689421323678	0.0290955654548554	0.00616799052918263
GO:0006563	3	GO	0.0261251871265684	0.0103689421323678	0.0290955654548554	0.00616799052918263
GO:0051186	2	GO	0.0294793781636429	0.000353070781282497	0.0294793781636429	0.000353070781282499
GO:0004853	3	GO	0.0232208222769181	0.032668285295692	0.0295191309561007	0.0191221371131683
GO:0004107	1	GO	0.0297047958773394	0	0.0297047958773394	NA
GO:0005971	1	GO	0.0297519419782142	0	0.0297519419782142	NA
GO:0015078	11	GO	0.030085755078079	0.0502295254155952	0.0298484520383545	0.00950144700575543
GO:0008440	1	GO	0.0298685456400688	0	0.0298685456400688	NA
GO:0003942	2	GO	0.0299093817430489	0.000104201023374998	0.0299093817430489	0.000104201023375
GO:0004832	1	GO	0.030469386618141	0	0.030469386618141	NA
GO:0006438	1	GO	0.030469386618141	0	0.030469386618141	NA
GO:0004819	1	GO	0.0307035987730994	0	0.0307035987730994	NA
GO:0006425	1	GO	0.0307035987730994	0	0.0307035987730994	NA
GO:0004820	1	GO	0.0313383780409521	0	0.0313383780409521	NA
GO:0006426	1	GO	0.0313383780409521	0	0.0313383780409521	NA
GO:0030286	16	GO	0.019158563539858	0.026153663516995	0.0314968991230674	0.00717622248618211
GO:0019288	1	GO	0.0318236212754205	0	0.0318236212754205	NA
GO:0006367	6	GO	0.0345338465421683	0.0309553654069528	0.0326182870262179	0.00966621742248403
GO:0004425	2	GO	0.032829021591677	0.016369844421394	0.032829021591677	0.0163698444213939
GO:0007067	2	GO	0.0330924804089236	0.0330924804089236	0.0330924804089236	0.0330924804089236
GO:0016117	2	GO	0.0332771178166484	0.006525060739567	0.0332771178166484	0.006525060739567
GO:0004612	1	GO	0.0339448945781199	0	0.0339448945781199	NA
GO:0006891	3	GO	0.0377465937208511	0.0199201088179793	0.0344581939253201	0.0116178155610478
GO:0004619	1	GO	0.0347081806066385	0	0.0347081806066385	NA
GO:0006007	1	GO	0.0347081806066385	0	0.0347081806066385	NA
GO:0004590	1	GO	0.0348235987930299	0	0.0348235987930299	NA
GO:0006207	1	GO	0.0348235987930299	0	0.0348235987930299	NA
GO:0033177	8	GO	0.0370445927812593	0.0567776499297142	0.0348651029935773	0.0116224780532684
GO:0006370	2	GO	0.0350099566797641	0.00657607239962895	0.0350099566797641	0.00657607239962895
GO:0003997	4	GO	0.040471688483774	0.0179588982771618	0.0357589816973915	0.0117746533136628
GO:0006635	4	GO	0.040471688483774	0.0179588982771618	0.0357589816973915	0.0117746533136628
GO:0009247	1	GO	0.0358331319857093	0	0.0358331319857093	NA
GO:0006888	8	GO	0.0227101533164817	0.0438010313174464	0.036669829553747	0.0182100140241753
GO:0004721	2	GO	0.0367394155487955	0.00862431702273894	0.0367394155487955	0.00862431702273895
GO:0005047	1	GO	0.0371517104306998	0	0.0371517104306998	NA
GO:0005785	1	GO	0.0371517104306998	0	0.0371517104306998	NA
GO:0032955	1	GO	0.0375464131358216	0	0.0375464131358216	NA
GO:0051301	1	GO	0.0375464131358216	0	0.0375464131358216	NA
GO:0004019	1	GO	0.0377360951513959	0	0.0377360951513959	NA
GO:0006857	1	GO	0.0381256039399054	0	0.0381256039399054	NA
GO:0006164	4	GO	0.0424262767328756	0.0159512269720454	0.0382402204959542	0.00790591469101056
GO:0000105	6	GO	0.0460290219966226	0.0390915805535932	0.0382759535186	0.0101798684367196
GO:0008964	1	GO	0.0390295844816834	0	0.0390295844816834	NA
GO:0015977	1	GO	0.0390295844816834	0	0.0390295844816834	NA
GO:0004455	1	GO	0.0392852512525097	0	0.0392852512525097	NA
GO:0009082	1	GO	0.0392852512525097	0	0.0392852512525097	NA
GO:0004315	1	GO	0.0393247532151216	0	0.0393247532151216	NA
GO:0009117	1	GO	0.0393351701529328	0	0.0393351701529328	NA
GO:0031461	4	GO	0.0207238469767275	0.0357018166758226	0.039572841188824	0.0262754804844115
GO:0031625	4	GO	0.0207238469767275	0.0357018166758226	0.039572841188824	0.0262754804844115
GO:0006189	2	GO	0.0396769608790779	0.0317001508721469	0.0396769608790779	0.0317001508721469
GO:0034023	2	GO	0.0396769608790779	0.0317001508721469	0.0396769608790779	0.0317001508721469
GO:0051205	3	GO	0.0384836239844222	0.008630472706666	0.0400804241851855	0.00504636460901558
GO:0007264	18	GO	0.0247430463724969	0.0381365369272721	0.0401400450925966	0.0130946757601867
GO:0006779	5	GO	0.0428182768147129	0.0421157483144659	0.0403296591793123	0.013128811485797
GO:0004516	1	GO	0.0404902145291935	0	0.0404902145291935	NA
GO:0016743	2	GO	0.0406319175675603	0.00866833706120814	0.0406319175675603	0.00866833706120815
GO:0017089	2	GO	0.0411404285766437	0.0258994802587724	0.0411404285766437	0.0258994802587724
GO:0046836	2	GO	0.0411404285766437	0.0258994802587724	0.0411404285766437	0.0258994802587724
GO:0051861	2	GO	0.0411404285766437	0.0258994802587724	0.0411404285766437	0.0258994802587724
GO:0006535	2	GO	0.0414208636963059	0.00106361781873435	0.0414208636963059	0.00106361781873435
GO:0009001	2	GO	0.0414208636963059	0.00106361781873435	0.0414208636963059	0.00106361781873435
GO:0004743	6	GO	0.0416212620684561	0.0494850372831203	0.0416292540350132	0.0169550728291106
GO:0030955	6	GO	0.0416212620684561	0.0494850372831203	0.0416292540350132	0.0169550728291106
GO:0009522	9	GO	0	0	0.0425246687702886	0.0300895711666589
GO:0005741	5	GO	0.02922299831087	0.0547686862232536	0.0426957275635759	0.0239852433078054
GO:0004814	1	GO	0.0427561468046424	0	0.0427561468046424	NA
GO:0006420	1	GO	0.0427561468046424	0	0.0427561468046424	NA
GO:0043234	10	GO	0.0208390158913829	0.0566636199398966	0.0435766318162959	0.0216150893496289
GO:0051258	10	GO	0.0208390158913829	0.0566636199398966	0.0435766318162959	0.0216150893496289
GO:0005262	1	GO	0.0437165216152523	0	0.0437165216152523	NA
GO:0070588	1	GO	0.0437165216152523	0	0.0437165216152523	NA
GO:0004399	1	GO	0.0442073808162428	0	0.0442073808162428	NA
GO:0006467	1	GO	0.0444906474070393	0	0.0444906474070393	NA
GO:0008750	1	GO	0.0446231976803127	0	0.0446231976803127	NA
GO:0008565	14	GO	0.0390513319558066	0.0225666083828732	0.0446945844661293	0.0084842323846227
GO:0018279	2	GO	0.044926219305834	0.00755831595402966	0.044926219305834	0.00755831595402965
GO:0004325	1	GO	0.0449510621623356	0	0.0449510621623356	NA
GO:0006783	1	GO	0.0449510621623356	0	0.0449510621623356	NA
GO:0030173	2	GO	0.0452403482831926	0.00749375456234144	0.0452403482831926	0.00749375456234145
GO:0045261	3	GO	0.0631700168634206	0.0364168865051852	0.045334596624597	0.0228383178310278
GO:0016226	6	GO	0.0395447704920791	0.0566812229049769	0.0457318719217636	0.0180284383364779
GO:0005874	2	GO	0.0462032881279106	0.0172098791608172	0.0462032881279106	0.0172098791608172
GO:0008705	1	GO	0.0466836371425317	0	0.0466836371425317	NA
GO:0031419	1	GO	0.0466836371425317	0	0.0466836371425317	NA
GO:0003937	1	GO	0.0471164583143552	0	0.0471164583143552	NA
GO:0004643	1	GO	0.0471164583143552	0	0.0471164583143552	NA
GO:0043022	3	GO	0	0.071403571151782	0.0476023807678547	0.0476023807678547
GO:0005742	1	GO	0.0477401032908608	0	0.0477401032908608	NA
GO:0045040	1	GO	0.0477401032908608	0	0.0477401032908608	NA
GO:0004635	1	GO	0.0478506631770023	0	0.0478506631770023	NA
GO:0004751	2	GO	0.0479671880739145	0.0100417589861476	0.0479671880739145	0.0100417589861475
GO:0009052	2	GO	0.0479671880739145	0.0100417589861476	0.0479671880739145	0.0100417589861475
GO:0006096	18	GO	0.0246970555798406	0.0688071647570448	0.0481630518787396	0.0129956250407222
GO:0031167	1	GO	0.0481975964521764	0	0.0481975964521764	NA
GO:0006606	2	GO	0.0484661840567951	0.0484661840567951	0.0484661840567951	0.048466184056795
GO:0004550	4	GO	0.0241454573185763	0.0449828654324246	0.0485888312637534	0.0330669032269432
GO:0006165	4	GO	0.0241454573185763	0.0449828654324246	0.0485888312637534	0.0330669032269432
GO:0006183	4	GO	0.0241454573185763	0.0449828654324246	0.0485888312637534	0.0330669032269432
GO:0006228	4	GO	0.0241454573185763	0.0449828654324246	0.0485888312637534	0.0330669032269432
GO:0006241	4	GO	0.0241454573185763	0.0449828654324246	0.0485888312637534	0.0330669032269432
GO:0001671	3	GO	0.0510649879720803	0.0325057668874779	0.048808847176824	0.018801086044952
GO:0004748	3	GO	0.0297519419782142	0.0585819572693235	0.0489719521722871	0.0351610689608078
GO:0008134	1	GO	0.0492214364408629	0	0.0492214364408629	NA
GO:0008612	2	GO	0.0498543197283704	0.0142183190812781	0.0498543197283704	0.0142183190812782
GO:0004357	1	GO	0.0499378660887291	0	0.0499378660887291	NA
GO:0015031	17	GO	0.0468852616063919	0.0590143502529316	0.0501020799150378	0.0113755785290069
GO:0004329	1	GO	0.050425700555168	0	0.050425700555168	NA
GO:0004618	2	GO	0.0507544488823875	0.0507544488823875	0.0507544488823875	0.0507544488823875
GO:0009317	1	GO	0.050906059092189	0	0.050906059092189	NA
GO:0004474	1	GO	0.0509441382323229	0	0.0509441382323229	NA
GO:0006097	1	GO	0.0509441382323229	0	0.0509441382323229	NA
GO:0008137	7	GO	0.045809046659715	0.0850287513461515	0.0509729123686586	0.02175707883219
GO:0003899	26	GO	0.0163673076281318	0.0658823488208692	0.0510813653009344	0.0150763171671006
GO:0004781	2	GO	0.0512677833535962	0.0219078134399209	0.0512677833535962	0.0219078134399209
GO:0000184	1	GO	0.0514766710646309	0	0.0514766710646309	NA
GO:0006750	2	GO	0.0516337250708052	0.00169585898207615	0.0516337250708052	0.00169585898207615
GO:0000221	1	GO	0.0516347811812805	0	0.0516347811812805	NA
GO:0006333	1	GO	0.0516379301961993	0	0.0516379301961993	NA
GO:0004639	1	GO	0.0518860734586848	0	0.0518860734586848	NA
GO:0000256	1	GO	0.0524292179916712	0	0.0524292179916712	NA
GO:0004848	1	GO	0.0524292179916712	0	0.0524292179916712	NA
GO:0008250	1	GO	0.0524845352598636	0	0.0524845352598636	NA
GO:0004363	1	GO	0.0533295840528814	0	0.0533295840528814	NA
GO:0008603	2	GO	0.0534166396758609	0.011704996736193	0.0534166396758609	0.011704996736193
GO:0008121	3	GO	0.0172644515623263	0.071816920577829	0.0536327642393281	0.0452756767168691
GO:0004812	31	GO	0.0412050653814935	0.0279130746246559	0.054156017347448	0.0109793313978465
GO:0016624	5	GO	0.0316504980459072	0.0904304694913639	0.0548285752415732	0.0235735906420013
GO:0004794	1	GO	0.0551652512836031	0	0.0551652512836031	NA
GO:0009097	1	GO	0.0551652512836031	0	0.0551652512836031	NA
GO:0006418	29	GO	0.0412050653814935	0.0300946423543321	0.055297825854669	0.0117106008146633
GO:0006542	3	GO	0	0.083220661693406	0.0554804411289373	0.0554804411289373
GO:0019867	3	GO	0.0462214384012025	0.0477358616488769	0.0555276773179529	0.0279503550928096
GO:0016301	11	GO	0.0681550527679759	0.0447783559104984	0.056294400673136	0.0111528519902513
GO:0005730	2	GO	0.0563404254425706	0.0347624606773532	0.0563404254425706	0.0347624606773532
GO:0004109	2	GO	0.0565454515141297	0.0137271746994168	0.0565454515141297	0.0137271746994169
GO:0019370	1	GO	0.0566187817733391	0	0.0566187817733391	NA
GO:0004579	3	GO	0.0524845352598636	0.0213520164234645	0.0566414582701337	0.0125015813937395
GO:0016458	1	GO	0.0568412772121369	0	0.0568412772121369	NA
GO:0004358	1	GO	0.0568499058063909	0	0.0568499058063909	NA
GO:0016192	35	GO	0.028964624206669	0.0419024309211391	0.0568913968054857	0.0162406090313294
GO:0006450	1	GO	0.0569215822035886	0	0.0569215822035886	NA
GO:0004813	2	GO	0.0571496933466789	0.0068827330267325	0.0571496933466789	0.0068827330267325
GO:0006419	2	GO	0.0571496933466789	0.0068827330267325	0.0571496933466789	0.0068827330267325
GO:0004435	1	GO	0.0574265440055072	0	0.0574265440055072	NA
GO:0004629	1	GO	0.0574265440055072	0	0.0574265440055072	NA
GO:0016874	9	GO	0.0600766920349325	0.0409752526638299	0.0574534758364042	0.0143160610953416
GO:0008430	5	GO	0.0453654820299915	0.0575659920249166	0.0574793319125248	0.0173749819560526
GO:0004488	3	GO	0.0574315468912071	0.0163520908222458	0.0575738897393258	0.00944115230209009
GO:0042254	10	GO	0.0176333437338222	0.0844696941850179	0.0576925354022782	0.0262526841363074
GO:0045892	2	GO	0.057792923884225	0.0549530743936171	0.057792923884225	0.054953074393617
GO:0016836	1	GO	0.0584601248863153	0	0.0584601248863153	NA
GO:0009186	2	GO	0.0585819572693235	0.0585819572693235	0.0585819572693235	0.0585819572693235
GO:0003852	1	GO	0.0585964222036915	0	0.0585964222036915	NA
GO:0009098	1	GO	0.0585964222036915	0	0.0585964222036915	NA
GO:0004427	4	GO	0.0132371787126196	0.0546528640291219	0.0586502441398681	0.0499281468418258
GO:0008113	4	GO	0.0524050393089341	0.0676183728181085	0.0594295713061335	0.0241413613993163
GO:0034450	2	GO	0.0596883600762487	0.0101623864023468	0.0596883600762487	0.0101623864023468
GO:0009987	9	GO	0.0593379924205144	0.0586005174606076	0.0597649593652559	0.0137011850272653
GO:0005740	7	GO	0.0333698349604956	0.100212640796144	0.0597827307440297	0.0272553218490002
GO:0000139	1	GO	0.0599445371481233	0	0.0599445371481233	NA
GO:0005351	1	GO	0.0599445371481233	0	0.0599445371481233	NA
GO:0008643	1	GO	0.0599445371481233	0	0.0599445371481233	NA
GO:0003989	2	GO	0.0600453517985933	0.00913929270640425	0.0600453517985933	0.00913929270640425
GO:0003995	7	GO	0.0580675071215968	0.0335658305575959	0.0601818832040171	0.0153653512341114
GO:0030127	4	GO	0.0443706437445845	0.0537384058717222	0.0604557939475847	0.0328692274509054
GO:0044267	15	GO	0.0071762813865429	0.068685595001241	0.0607761417781696	0.0285382498136028
GO:0042802	2	GO	0.060778262946392	0.060778262946392	0.060778262946392	0.060778262946392
GO:0008474	1	GO	0.0609817670545981	0	0.0609817670545981	NA
GO:0046854	7	GO	0.0644339173041336	0.015209518020016	0.0610533426210363	0.00850932257308152
GO:0015137	5	GO	0.0403959072856099	0.0245853311879551	0.0617254851923384	0.0268083639230112
GO:0015746	5	GO	0.0403959072856099	0.0245853311879551	0.0617254851923384	0.0268083639230112
GO:0016798	1	GO	0.0619702221438749	0	0.0619702221438749	NA
GO:0003885	2	GO	0.0621283773205455	0.00915855194961385	0.0621283773205455	0.00915855194961385
GO:0003879	1	GO	0.0623361345674751	0	0.0623361345674751	NA
GO:0015205	1	GO	0.0623688496143536	0	0.0623688496143536	NA
GO:0015851	1	GO	0.0623688496143536	0	0.0623688496143536	NA
GO:0016790	1	GO	0.0626395083183213	0	0.0626395083183213	NA
GO:0006808	1	GO	0.0626919332972879	0	0.0626919332972879	NA
GO:0006302	1	GO	0.063145068790011	0	0.063145068790011	NA
GO:0016638	3	GO	0.0354732695987416	0.0661794697527641	0.0631689259067085	0.0406407400297771
GO:0000049	8	GO	0.051033716031275	0.030053509178266	0.0632400265571406	0.0122866068823971
GO:0004150	1	GO	0.0635067880185749	0	0.0635067880185749	NA
GO:0006760	1	GO	0.0635067880185749	0	0.0635067880185749	NA
GO:0043169	10	GO	0.0621595909532733	0.0669274235861358	0.0641627923596801	0.0133422061226296
GO:0048038	5	GO	0.0726074883893923	0.0518739483342238	0.0647703933990174	0.019737765376903
GO:0008818	1	GO	0.0653845966217723	0	0.0653845966217723	NA
GO:0004096	1	GO	0.0654245813989932	0	0.0654245813989932	NA
GO:0030234	2	GO	0.0660271901447871	0.00333525684749926	0.0660271901447871	0.00333525684749925
GO:0000154	2	GO	0.0660424837292935	0.0660424837292935	0.0660424837292935	0.0660424837292935
GO:0000179	2	GO	0.0660424837292935	0.0660424837292935	0.0660424837292935	0.0660424837292935
GO:0000775	1	GO	0.0661849608178472	0	0.0661849608178472	NA
GO:0008531	2	GO	0.0662563486610478	0.0263703093229073	0.0662563486610478	0.0263703093229073
GO:0004018	1	GO	0.066289479702203	0	0.066289479702203	NA
GO:0006188	1	GO	0.066289479702203	0	0.066289479702203	NA
GO:0003872	3	GO	0.0563786501796448	0.0624520497988684	0.0663847524692713	0.0364021523464075
GO:0005945	3	GO	0.0563786501796448	0.0624520497988684	0.0663847524692713	0.0364021523464075
GO:0009007	1	GO	0.0666154301902222	0	0.0666154301902222	NA
GO:0032775	1	GO	0.0666154301902222	0	0.0666154301902222	NA
GO:0004637	2	GO	0.0667290495344459	0.00293140258254874	0.0667290495344459	0.00293140258254875
GO:0009113	2	GO	0.0667290495344459	0.00293140258254874	0.0667290495344459	0.00293140258254875
GO:0006006	3	GO	0.0599553089062544	0.0432000922452596	0.0671416436937937	0.025199077534425
GO:0016620	6	GO	0.0493453304406392	0.0430333395237767	0.0672494958163602	0.0289674539937324
GO:0004134	2	GO	0.0673543432675976	0.0320673742499938	0.0673543432675976	0.0320673742499937
GO:0006461	1	GO	0.0678788582084895	0	0.0678788582084895	NA
GO:0000272	3	GO	0.0674712078556008	0.0527478045778801	0.0681488810082822	0.0304558440941561
GO:0016161	3	GO	0.0674712078556008	0.0527478045778801	0.0681488810082822	0.0304558440941561
GO:0008839	2	GO	0.068304279167812	0.0256970012089241	0.068304279167812	0.0256970012089241
GO:0009435	3	GO	0.079759730923834	0.0227507964478062	0.0687472509592778	0.0142425977878198
GO:0005942	1	GO	0.068791636110779	0	0.068791636110779	NA
GO:0016303	1	GO	0.068791636110779	0	0.068791636110779	NA
GO:0048015	1	GO	0.068791636110779	0	0.068791636110779	NA
GO:0004332	4	GO	0.0426031280616892	0.0971631023241108	0.0689279220183871	0.0438742270686513
GO:0006886	47	GO	0.0392546371514493	0.0695978485079813	0.0693189196642446	0.0108475625812063
GO:0006904	6	GO	0.0608861046464286	0.0691770526030763	0.0693514900454761	0.0172245810885873
GO:0000502	1	GO	0.0693624469922864	0	0.0693624469922864	NA
GO:0042176	1	GO	0.0693624469922864	0	0.0693624469922864	NA
GO:0016973	1	GO	0.0693973680456619	0	0.0693973680456619	NA
GO:0006950	13	GO	0.0359242033684423	0.0520085859671113	0.0696724287958532	0.0197368160564836
GO:0016597	14	GO	0.0532533176959012	0.101212590626436	0.069753032018923	0.0175031968619744
GO:0016570	1	GO	0.0706862373336542	0	0.0706862373336542	NA
GO:0045893	1	GO	0.070979934624758	0	0.070979934624758	NA
GO:0004784	6	GO	0.0313426636992293	0.116024899207156	0.0711089387588745	0.0338325096021035
GO:0006801	6	GO	0.0313426636992293	0.116024899207156	0.0711089387588745	0.0338325096021035
GO:0019205	8	GO	0.0771426852119067	0.101841550752241	0.0711511975959534	0.0210885778667596
GO:0006452	2	GO	0.071403571151782	0.071403571151782	0.071403571151782	0.071403571151782
GO:0045901	2	GO	0.071403571151782	0.071403571151782	0.071403571151782	0.071403571151782
GO:0045905	2	GO	0.071403571151782	0.071403571151782	0.071403571151782	0.071403571151782
GO:0006537	4	GO	0.0328521105205557	0.0541528712111652	0.0720658300081281	0.0468525180807891
GO:0004556	3	GO	0.0953173445634557	0.0477644377547967	0.0724220360860154	0.0298584877756153
GO:0005759	2	GO	0.0724932206232428	0.0301450530176991	0.0724932206232428	0.0301450530176991
GO:0001882	1	GO	0.0725187147122884	0	0.0725187147122884	NA
GO:0005680	1	GO	0.0725490674446589	0	0.0725490674446589	NA
GO:0030071	1	GO	0.0725490674446589	0	0.0725490674446589	NA
GO:0006887	2	GO	0.0730176259502568	0.0151295442000209	0.0730176259502568	0.0151295442000209
GO:0004356	5	GO	0.0687318419665169	0.130238314175571	0.07308229590578	0.0336776549330995
GO:0006520	15	GO	0.0405083843548141	0.0260727372212326	0.0730955356075471	0.0220109841996071
GO:0003743	18	GO	0.0314541219592835	0.108540048189063	0.0734956582879796	0.0241782007058406
GO:0019843	7	GO	0.041320232167629	0.0783817110048882	0.0738796506252343	0.043124728162846
GO:0006807	12	GO	0.0704711732864849	0.0831991453616871	0.0739945971077782	0.0159296789351606
GO:0008193	1	GO	0.0742106098879539	0	0.0742106098879539	NA
GO:0004129	5	GO	0.0333698349604956	0.0371868040221476	0.0742596337675412	0.0436707612164544
GO:0016614	6	GO	0.0548484468334604	0.0676353355564135	0.074741937463042	0.0303850863829948
GO:0016872	3	GO	0.0333211528480875	0.0697052939195294	0.0751827043794629	0.0453619522025103
GO:0042398	3	GO	0.0333211528480875	0.0697052939195294	0.0751827043794629	0.0453619522025103
GO:0008831	2	GO	0.07521726247623	0.07521726247623	0.07521726247623	0.07521726247623
GO:0045226	2	GO	0.07521726247623	0.07521726247623	0.07521726247623	0.07521726247623
GO:0042578	7	GO	0.0684574942652072	0.0505056774890158	0.0752180933371157	0.0255271579697514
GO:0015979	31	GO	0.0275116665292893	0.14052323571234	0.075506892484554	0.0178219616519753
GO:0019538	9	GO	0.0453244553444964	0.0377235972680115	0.0757623373101602	0.0203813908692657
GO:0004789	2	GO	0.0760548897272895	0.0389326822550145	0.0760548897272895	0.0389326822550145
GO:0030130	3	GO	0.0312005059425654	0.0874355022715927	0.0760947958920947	0.0552466892221908
GO:0030132	3	GO	0.0312005059425654	0.0874355022715927	0.0760947958920947	0.0552466892221908
GO:0016757	3	GO	0.0625302692085232	0.0541407898101999	0.0762225063368671	0.031999130922867
GO:0009538	5	GO	0	0.127233868980345	0.0765444037865194	0.0510722152576934
GO:0030145	6	GO	0.0752053453989736	0.0344607243104325	0.0765658862711622	0.0143946113686674
GO:0046907	2	GO	0.0768720276817481	0.0333236405849739	0.0768720276817481	0.0333236405849739
GO:0005643	6	GO	0.0819917795445079	0.0387087547353711	0.0772965254755792	0.0112759028328741
GO:0016209	10	GO	0.0692284269141759	0.0958689190479614	0.0774730453758371	0.0229890991397222
GO:0045116	1	GO	0.0774920095862074	0	0.0774920095862074	NA
GO:0008652	12	GO	0.0482458160077718	0.0957762192691528	0.07759671957362	0.0184597246849406
GO:0015109	1	GO	0.0776508728877355	0	0.0776508728877355	NA
GO:0015703	1	GO	0.0776508728877355	0	0.0776508728877355	NA
GO:0006413	17	GO	0.0469937932359922	0.117624301708678	0.0778189323049196	0.0252315581670981
GO:0051085	1	GO	0.0779090977476558	0	0.0779090977476558	NA
GO:0016310	7	GO	0.0759181436044422	0.0153931395862828	0.0779920704081759	0.00554476673339002
GO:0005783	9	GO	0.0605135585003131	0.0369265144167266	0.0782103459181053	0.0238655129324233
GO:0004392	2	GO	0.0785304244615219	0.0710719123415741	0.0785304244615219	0.0710719123415741
GO:0006788	2	GO	0.0785304244615219	0.0710719123415741	0.0785304244615219	0.0710719123415741
GO:0006820	4	GO	0.014611499155435	0.0932551954467935	0.0786436962913585	0.0692461202438447
GO:0009116	13	GO	0.0348235987930299	0.0835156443535223	0.0786998890836636	0.0304654667812878
GO:0005666	1	GO	0.0789080896030668	0	0.0789080896030668	NA
GO:0006383	1	GO	0.0789080896030668	0	0.0789080896030668	NA
GO:0051287	26	GO	0.0482368639836247	0.0678104986305248	0.0790244922636413	0.0163871723958241
GO:0016791	4	GO	0.0411254682953465	0.0527427929814367	0.0795956160836286	0.0465225056118328
GO:0008987	1	GO	0.079759730923834	0	0.079759730923834	NA
GO:0043161	1	GO	0.0801250171923212	0	0.0801250171923212	NA
GO:0016627	11	GO	0.0629492798319719	0.0472537878938323	0.0803146672734605	0.0146691445351354
GO:0006397	10	GO	0.0707886120636828	0.0804103041079164	0.080413613033304	0.0144854553814612
GO:0000166	66	GO	0.0509494296451579	0.0513410170602529	0.0806305386477236	0.011149037644283
GO:0009089	3	GO	0.0940012803767361	0.031473175701113	0.080720729232246	0.019346322370063
GO:0003855	1	GO	0.0807919803401094	0	0.0807919803401094	NA
GO:0004764	1	GO	0.0807919803401094	0	0.0807919803401094	NA
GO:0016831	3	GO	0.110512437477277	0.0570161930687273	0.0810738022615295	0.0360593085743232
GO:0019752	3	GO	0.110512437477277	0.0570161930687273	0.0810738022615295	0.0360593085743232
GO:0005852	1	GO	0.0812872876302165	0	0.0812872876302165	NA
GO:0000145	3	GO	0.0682839601474596	0.031037951657096	0.0820453423207078	0.0191953655218899
GO:0007585	4	GO	0.0793666616324319	0.150678523565696	0.0822187133433699	0.0455540962500079
GO:0004198	6	GO	0.0574223152556016	0.0319077385133028	0.082843701430581	0.0306947461595511
GO:0016702	1	GO	0.0829175154779337	0	0.0829175154779337	NA
GO:0009086	2	GO	0.0829669369518968	0.0362832998093651	0.0829669369518968	0.0362832998093651
GO:0004506	1	GO	0.0843966920881849	0	0.0843966920881849	NA
GO:0032324	1	GO	0.08446290070017	0	0.08446290070017	NA
GO:0043085	1	GO	0.0849352812142783	0	0.0849352812142783	NA
GO:0019478	1	GO	0.0850770186591716	0	0.0850770186591716	NA
GO:0044238	1	GO	0.0850816121511181	0	0.0850816121511181	NA
GO:0004725	4	GO	0.0893707849406335	0.0178986610055528	0.0850842969756034	0.0146761506763667
GO:0043231	1	GO	0.0851112495785608	0	0.0851112495785608	NA
GO:0004601	7	GO	0.0746417844135146	0.0882759851529317	0.0852151724515508	0.0222347245441644
GO:0031012	1	GO	0.0854934316905591	0	0.0854934316905591	NA
GO:0004665	1	GO	0.0856279213280309	0	0.0856279213280309	NA
GO:0006571	1	GO	0.0856279213280309	0	0.0856279213280309	NA
GO:0008977	1	GO	0.0856279213280309	0	0.0856279213280309	NA
GO:0004379	1	GO	0.0856328340196877	0	0.0856328340196877	NA
GO:0005086	3	GO	0.0622613917818337	0.07226195075649	0.0857593917936972	0.0433432291157898
GO:0032012	3	GO	0.0622613917818337	0.07226195075649	0.0857593917936972	0.0433432291157898
GO:0004514	1	GO	0.0859918074248059	0	0.0859918074248059	NA
GO:0006541	1	GO	0.0863974138139234	0	0.0863974138139234	NA
GO:0033014	6	GO	0.0395330871221279	0.127514622487423	0.0864927977208025	0.0363142538431879
GO:0046168	5	GO	0.057438741224485	0.0516580921540231	0.086597792932599	0.0342642415410082
GO:0004345	2	GO	0.0869451061195387	0.0269897972132843	0.0869451061195387	0.0269897972132843
GO:0015450	7	GO	0.0798391888178245	0.0908897833457221	0.0874478293634722	0.0223345944316688
GO:0006979	11	GO	0.0746417844135146	0.0620789015662148	0.0874625860695967	0.0143669209041061
GO:0004146	1	GO	0.0881064336247549	0	0.0881064336247549	NA
GO:0004799	1	GO	0.0881064336247549	0	0.0881064336247549	NA
GO:0006231	1	GO	0.0881064336247549	0	0.0881064336247549	NA
GO:0006545	1	GO	0.0881064336247549	0	0.0881064336247549	NA
GO:0009165	1	GO	0.0881064336247549	0	0.0881064336247549	NA
GO:0048278	1	GO	0.0881471701502777	0	0.0881471701502777	NA
GO:0003857	2	GO	0.0881915116293763	0.0093065296095998	0.0881915116293763	0.0093065296095998
GO:0004594	1	GO	0.0881980837521593	0	0.0881980837521593	NA
GO:0006351	35	GO	0.0178536524574897	0.128626661782278	0.0882245936471856	0.0228558601803773
GO:0044237	26	GO	0.0636449595090316	0.118485024884048	0.0888486848257782	0.016730940467337
GO:0003755	31	GO	0.0543942361378977	0.0908074744962494	0.0888534118219712	0.0158577222580717
GO:0016485	2	GO	0.0889613226086001	0.00402604139432175	0.0889613226086001	0.00402604139432175
GO:0017150	7	GO	0.0734447969538554	0.0575166730003147	0.08908822671369	0.0172387704987004
GO:0016853	7	GO	0.0982490862431894	0.0489507228140536	0.0893507764427483	0.0181311923869658
GO:0035004	2	GO	0.0893627239466175	0.0205710878358385	0.0893627239466175	0.0205710878358385
GO:0008417	1	GO	0.0894907128528952	0	0.0894907128528952	NA
GO:0008641	3	GO	0.0836188568112939	0.0156765893912798	0.0899853515887561	0.00959434984346475
GO:0003918	5	GO	0.0793725377025945	0.0159354743020558	0.0907177082394817	0.0293303555127116
GO:0005856	6	GO	0.0857254095555562	0.0736595712797552	0.091101153570276	0.033875049545837
GO:0043039	10	GO	0.048478942869039	0.0528750033668868	0.0913770389553965	0.0336820517903652
GO:0004602	4	GO	0.085554548085463	0.032837958650532	0.091395559901177	0.0123949304401519
GO:0051087	6	GO	0.0743720216114548	0.0452761195090547	0.091413206372933	0.0296907984398049
GO:0003924	51	GO	0.040099273440003	0.128015868921388	0.0918438158121044	0.0158803272041265
GO:0005525	122	GO	0.0397492371818395	0.13887123301953	0.0920082575896044	0.010518810221255
GO:0030170	42	GO	0.0476292222941194	0.106131486230929	0.0920546578120588	0.0146910245363923
GO:0015934	6	GO	0.0659902107778636	0.127596507745544	0.0923018311305287	0.0466164805152066
GO:0008759	1	GO	0.0926888208810696	0	0.0926888208810696	NA
GO:0009245	1	GO	0.0926888208810696	0	0.0926888208810696	NA
GO:0008131	3	GO	0.0960895238590373	0.0191659454162258	0.0932121304900912	0.0111585991974425
GO:0009308	3	GO	0.0960895238590373	0.0191659454162258	0.0932121304900912	0.0111585991974425
GO:0051090	1	GO	0.0937977093031375	0	0.0937977093031375	NA
GO:0048037	8	GO	0.0515837790665386	0.054440135630355	0.0946086879161293	0.0422701758113313
GO:0005471	3	GO	0.0798728927871955	0.0703295732902885	0.0946160011383008	0.0412685041812897
GO:0016810	5	GO	0.0969810145736804	0.034394615518657	0.0952426263715539	0.0124049056719534
GO:0042558	2	GO	0.0954623600315884	0.0487787228890567	0.0954623600315884	0.0487787228890566
GO:0006338	2	GO	0.0955769198053845	0.0955769198053845	0.0955769198053845	0.0955769198053845
GO:0006796	5	GO	0.0681550527679759	0.178733583462943	0.095598933425928	0.0439220523198426
GO:0051536	44	GO	0.0699350547859051	0.11160820811954	0.0963310001683584	0.0150131329566907
GO:0016774	2	GO	0.0964776599217728	0.00657407875245414	0.0964776599217728	0.00657407875245415
GO:0004014	1	GO	0.0970797233540176	0	0.0970797233540176	NA
GO:0006597	1	GO	0.0970797233540176	0	0.0970797233540176	NA
GO:0008295	1	GO	0.0970797233540176	0	0.0970797233540176	NA
GO:0032040	4	GO	0.104704259445677	0.0205182971646309	0.0971177438511285	0.0163953163347196
GO:0004616	6	GO	0.097826877653493	0.103583620604931	0.0972207296873064	0.0271399596938425
GO:0006098	6	GO	0.097826877653493	0.103583620604931	0.0972207296873064	0.0271399596938425
GO:0005542	1	GO	0.0973710470436362	0	0.0973710470436362	NA
GO:0004620	1	GO	0.0973956134330423	0	0.0973956134330423	NA
GO:0009395	1	GO	0.0973956134330423	0	0.0973956134330423	NA
GO:0005737	120	GO	0.0528676529939839	0.119689405632201	0.0975456182944653	0.00933374421088454
GO:0004797	1	GO	0.0976942016797689	0	0.0976942016797689	NA
GO:0016671	6	GO	0.0705566470612974	0.0931425547143946	0.0980994957240714	0.0263226148665337
GO:0009349	1	GO	0.0981816923372133	0	0.0981816923372133	NA
GO:0016616	36	GO	0.0544299376610421	0.109413111551385	0.0982091587710246	0.0194167594191606
GO:0045454	58	GO	0.0747620667701628	0.1043781549238	0.098229984329954	0.0129366063434697
GO:0016833	2	GO	0.098506234715969	0.048916304827214	0.098506234715969	0.048916304827214
GO:0016887	97	GO	0.0663813813808372	0.107307373116844	0.0987734439840714	0.00993579064646232
GO:0051276	3	GO	0.101145526639158	0.0218223589666644	0.0994392272608611	0.0126279972553877
GO:0005247	6	GO	0.0705187818588696	0.0764843074812302	0.0995328644726927	0.0420426381105212
GO:0006821	6	GO	0.0705187818588696	0.0764843074812302	0.0995328644726927	0.0420426381105212
GO:0000439	1	GO	0.0997290506817939	0	0.0997290506817939	NA
GO:0009166	3	GO	0.123628015216908	0.0415709812733533	0.0997589504868531	0.026804512507817
GO:0009396	7	GO	0.0739971519856309	0.070914307222031	0.100290906838124	0.0253884674263578
GO:0004177	9	GO	0.117779518952109	0.0397195178879798	0.100376432824944	0.0124600524722627
GO:0030246	4	GO	0.0863144932243467	0.122144301071905	0.100582727399387	0.0439234892503655
GO:0004809	2	GO	0.1006874983598	0.0482101450765372	0.1006874983598	0.0482101450765372
GO:0009228	4	GO	0.0760548897272895	0.114061342167728	0.100927993015599	0.0502431939207281
GO:0003735	120	GO	0.0325999821684287	0.168547557247477	0.101436693612284	0.0136723316912629
GO:0051082	23	GO	0.0500166205250144	0.0709175897053193	0.101682948635761	0.0248169207310793
GO:0005840	114	GO	0.0325999821684287	0.170168992853221	0.101917475848165	0.014216805483404
GO:0003873	2	GO	0.102007492060713	0.00538728492951246	0.102007492060713	0.00538728492951245
GO:0006000	2	GO	0.102007492060713	0.00538728492951246	0.102007492060713	0.00538728492951245
GO:0008479	2	GO	0.102545208014241	0.0348004541259465	0.102545208014241	0.0348004541259464
GO:0008616	2	GO	0.102545208014241	0.0348004541259465	0.102545208014241	0.0348004541259464
GO:0030833	2	GO	0.102811917402809	0.0167553218127396	0.102811917402809	0.0167553218127396
GO:0051726	2	GO	0.103227978363498	0.0281010315117424	0.103227978363498	0.0281010315117424
GO:0000079	1	GO	0.103695474462084	0	0.103695474462084	NA
GO:0019901	1	GO	0.103695474462084	0	0.103695474462084	NA
GO:0006457	83	GO	0.071109598006012	0.104686931934525	0.103901597618317	0.0109431583659632
GO:0032259	7	GO	0.0451518854896902	0.122796213391007	0.104564955407571	0.0454436565336201
GO:0016876	8	GO	0.0571496933466789	0.0843003035677503	0.104821350196059	0.0411243709509372
GO:0006414	7	GO	0.0993842738706633	0.115983214794005	0.104838686651814	0.0318895456565554
GO:0047800	1	GO	0.104928726533337	0	0.104928726533337	NA
GO:0050662	23	GO	0.0751486616520436	0.126144163764512	0.10503385837485	0.0209969275555938
GO:0016884	6	GO	0.113045948945596	0.0544532496543774	0.105072185621343	0.0169853899953893
GO:0006412	119	GO	0.0381841444707293	0.17149299794854	0.105481690991922	0.0139290944787927
GO:0008837	1	GO	0.105553629361114	0	0.105553629361114	NA
GO:0006568	2	GO	0.105576066068756	0.105576066068757	0.105576066068756	0.105576066068756
GO:0004750	3	GO	0.0949681081309908	0.111807120646574	0.106194116474713	0.0647954465344018
GO:0006334	7	GO	0.0819335899217164	0.0624675178387647	0.106257540608722	0.0401692985980988
GO:0000103	1	GO	0.106381294777763	0	0.106381294777763	NA
GO:0004020	1	GO	0.106381294777763	0	0.106381294777763	NA
GO:0008237	5	GO	0.119180576784411	0.0645103608529619	0.106426013274547	0.0293539913396349
GO:0015035	13	GO	0.0862820952260873	0.101186383151464	0.106472717307261	0.0268662446617191
GO:0001104	6	GO	0.141670018094556	0.117741484279235	0.106929182408685	0.0330233938054487
GO:0016592	6	GO	0.141670018094556	0.117741484279235	0.106929182408685	0.0330233938054487
GO:0006269	2	GO	0.107392683006582	0.0601248638689475	0.107392683006582	0.0601248638689474
GO:0005777	6	GO	0.0510568909052048	0.102653737841915	0.107626256191592	0.0506878910289012
GO:0030688	1	GO	0.107980940586246	0	0.107980940586246	NA
GO:0005516	4	GO	0.116195796854795	0.0677318294692037	0.108555277088823	0.0416996572891832
GO:0016881	38	GO	0.10171394413697	0.150398413278713	0.108755516330806	0.0166833356985706
GO:0004565	5	GO	0.093942560035446	0.0661300729230688	0.108887314705473	0.0316013211560271
GO:0009341	5	GO	0.093942560035446	0.0661300729230688	0.108887314705473	0.0316013211560271
GO:0005488	15	GO	0.119414821267125	0.0774717473356066	0.109595989366885	0.0178355031811774
GO:0016651	7	GO	0.127698402802593	0.137867850437866	0.109784952113358	0.0307047189319325
GO:0017056	1	GO	0.109904804765271	0	0.109904804765271	NA
GO:0000062	4	GO	0.114017048209246	0.0623889483807813	0.110266718277604	0.0436098699983525
GO:0042602	4	GO	0.056730671292639	0.0974462508112706	0.110541202100542	0.0624214383723
GO:0008318	2	GO	0.110955836051925	0.0384350997396473	0.110955836051925	0.0384350997396472
GO:0018342	2	GO	0.110955836051925	0.0384350997396473	0.110955836051925	0.0384350997396472
GO:0006265	7	GO	0.0793725377025945	0.0919716018437957	0.111043312876055	0.0371435839082453
GO:0009523	17	GO	0.0832631184573643	0.17221290078004	0.111615543923369	0.0255318125230341
GO:0009432	1	GO	0.112178348053427	0	0.112178348053427	NA
GO:0016868	4	GO	0.0952564504241934	0.0866157774856383	0.11239370274649	0.0354474758861309
GO:0016070	7	GO	0.110264805001912	0.0647888422303055	0.112655727433086	0.0228885604513334
GO:0000287	23	GO	0.0393351701529328	0.143612547475255	0.113135558119728	0.0316333181300712
GO:0004045	3	GO	0.129951930666525	0.038437344677432	0.113155572567347	0.023727745362048
GO:0006784	1	GO	0.113373392963237	0	0.113373392963237	NA
GO:0006511	36	GO	0.0572606370702321	0.15200219296885	0.113381216091008	0.0220921690559644
GO:0005694	12	GO	0.0810250908511325	0.0822516324769556	0.113586300052717	0.0268158239665013
GO:0008299	6	GO	0.0769342767073115	0.160965002270017	0.113812998766281	0.0515830392968985
GO:0005669	2	GO	0.11406044515719	0.0511565662871268	0.11406044515719	0.0511565662871267
GO:0006813	11	GO	0.0635256273820826	0.159226049383026	0.114778546280731	0.0318319295588332
GO:0016272	8	GO	0.0732568629340274	0.0786403068081462	0.114831527768582	0.0496319654459995
GO:0006400	6	GO	0.106176220682881	0.0516980289534091	0.116213232365628	0.0207422753611359
GO:0008152	315	GO	0.0829978929483107	0.131201428194353	0.116231309175782	0.00624739279710577
GO:0008483	7	GO	0.109491973708156	0.150184902644305	0.116249235832681	0.039967921239265
GO:0009966	2	GO	0.11632692991505	0.00938010125523348	0.11632692991505	0.0093801012552335
GO:0008324	11	GO	0.0942439196789044	0.148895613127383	0.116554565641425	0.0275459505831674
GO:0015940	2	GO	0.116640783540211	0.092006163545024	0.116640783540211	0.092006163545024
GO:0003777	55	GO	0.0701903404766804	0.149106540257952	0.116811255354925	0.0168797868210119
GO:0007018	55	GO	0.0701903404766804	0.149106540257952	0.116811255354925	0.0168797868210119
GO:0009654	16	GO	0.0977031775257106	0.174647261361748	0.116872036260499	0.0265984041668643
GO:0006470	21	GO	0.105123210624404	0.0752463616033822	0.117112212139944	0.0164188569993565
GO:0016772	9	GO	0.0759181436044422	0.128768970000159	0.117800956998105	0.0327841178681094
GO:0005992	4	GO	0.0536821352008733	0.106293571249784	0.117953942054184	0.083236988652474
GO:0003824	266	GO	0.0835221891623679	0.137315875206679	0.118197941782448	0.00676785757365214
GO:0004798	2	GO	0.118227659956861	0.0301806453939975	0.118227659956861	0.0301806453939974
GO:0006233	2	GO	0.118227659956861	0.0301806453939975	0.118227659956861	0.0301806453939974
GO:0004852	2	GO	0.118385678155565	0.0661758453950253	0.118385678155565	0.0661758453950253
GO:0005315	12	GO	0.0903465923637598	0.100092472519836	0.11851736999815	0.0226830876883842
GO:0006817	12	GO	0.0903465923637598	0.100092472519836	0.11851736999815	0.0226830876883842
GO:0022857	13	GO	0.0715245514015004	0.12425495393676	0.118573113952274	0.0304641242523763
GO:0006364	15	GO	0.107980940586246	0.0807531254460108	0.118592256642087	0.0211932876607748
GO:0006810	94	GO	0.0976359799285119	0.121324863767819	0.118671189904583	0.0106443248584428
GO:0005543	7	GO	0.0967997205008917	0.0800624479334853	0.11869997907206	0.0265536533801231
GO:0015299	11	GO	0.111824708098677	0.0835606044901602	0.118703880957157	0.0210371722150986
GO:0006633	15	GO	0.0626395083183213	0.15891587424932	0.118790031563104	0.026621720022381
GO:0005578	1	GO	0.119017774591659	0	0.119017774591659	NA
GO:0008610	6	GO	0.0868388244166391	0.122287844231943	0.119033716107116	0.0408219062614654
GO:0003871	1	GO	0.119250236761262	0	0.119250236761262	NA
GO:0003713	1	GO	0.119527950251854	0	0.119527950251854	NA
GO:0005375	3	GO	0.124961997036511	0.01462546434985	0.119642437912416	0.00885301247043048
GO:0035434	3	GO	0.124961997036511	0.01462546434985	0.119642437912416	0.00885301247043048
GO:0016813	2	GO	0.119652352583726	0.079440509220503	0.119652352583726	0.0794405092205029
GO:0005529	3	GO	0.151997655505431	0.0975670706770876	0.119806621845868	0.0585847826275765
GO:0008138	18	GO	0.106873724646181	0.0945397731834437	0.120243499978219	0.0190892859252106
GO:0010277	7	GO	0.149514033779822	0.101659657145788	0.120251990442019	0.025061530363033
GO:0006879	2	GO	0.120502341041732	0.012618213957152	0.120502341041732	0.012618213957152
GO:0004657	2	GO	0.120976383062921	0.0907454316205516	0.120976383062921	0.0907454316205516
GO:0006562	2	GO	0.120976383062921	0.0907454316205516	0.120976383062921	0.0907454316205516
GO:0006303	2	GO	0.121041508611828	0.0547987004840586	0.121041508611828	0.0547987004840586
GO:0005975	80	GO	0.0951427263472232	0.121651861209309	0.121724253509391	0.0125304525652917
GO:0004190	8	GO	0.129626164976944	0.0369728699051634	0.122119652529178	0.017462876029434
GO:0016740	27	GO	0.109285745691526	0.141220917602823	0.12236734251582	0.0213177265934124
GO:0005337	3	GO	0.113048807289395	0.0931594452105876	0.122644875839381	0.0539992149037264
GO:0030151	4	GO	0.0591765479558821	0.0927716960441565	0.12266445917169	0.0690461045561856
GO:0007049	5	GO	0.00599539525525922	0.303662392353521	0.12317745193605	0.0742158539437539
GO:0043043	2	GO	0.123301078068819	0.0239168041981558	0.123301078068819	0.0239168041981558
GO:0004371	1	GO	0.123438570826942	0	0.123438570826942	NA
GO:0006352	7	GO	0.0945232137892689	0.0662245700022557	0.12388578812987	0.0255588981000407
GO:0009055	85	GO	0.113715103317629	0.117467261593894	0.124591882795724	0.0104226469016457
GO:0042626	20	GO	0.102587422332246	0.122231123508745	0.124621651576826	0.0238345939466984
GO:0005787	2	GO	0.125143058602431	0.0911049314369075	0.125143058602431	0.0911049314369075
GO:0006465	2	GO	0.125143058602431	0.0911049314369075	0.125143058602431	0.0911049314369075
GO:0003935	2	GO	0.12515114777873	0.018921092288411	0.12515114777873	0.018921092288411
GO:0003746	7	GO	0.142807142303564	0.0662910778586732	0.125239706980895	0.0268366545374636
GO:0005215	50	GO	0.0813893061852218	0.1029526240072	0.125529385718203	0.0205159427898122
GO:0051539	6	GO	0.0259790935348098	0.169066172668306	0.125689534620257	0.0789565561756885
GO:0004864	1	GO	0.125707031170283	0	0.125707031170283	NA
GO:0043666	1	GO	0.125707031170283	0	0.125707031170283	NA
GO:0033903	1	GO	0.125929906260709	0	0.125929906260709	NA
GO:0019211	1	GO	0.126798854241467	0	0.126798854241467	NA
GO:0030515	2	GO	0.126889452271934	0.126889452271934	0.126889452271934	0.126889452271934
GO:0031120	2	GO	0.126889452271934	0.126889452271934	0.126889452271934	0.126889452271934
GO:0030259	4	GO	0.121764305994018	0.184423451598422	0.127412065156233	0.057417788334381
GO:0000290	1	GO	0.127435897762907	0	0.127435897762907	NA
GO:0004176	7	GO	0.108218700982267	0.144723871217596	0.127843582819724	0.0411755758646822
GO:0005744	3	GO	0.1509208651326	0.0367101788836943	0.128006533511879	0.0240931330389049
GO:0008289	1	GO	0.128076732808665	0	0.128076732808665	NA
GO:0004659	6	GO	0.0662359982623839	0.0911607120567078	0.128124956605905	0.0657629226938755
GO:0051537	17	GO	0.143633841155658	0.0767581328432383	0.128283767590466	0.02092059883553
GO:0015937	3	GO	0.113294617093855	0.0482652685757134	0.1287404405832	0.0289163520528538
GO:0055114	437	GO	0.0945663550998243	0.127809413132285	0.129145425842836	0.0058920122186152
GO:0008026	69	GO	0.091009098476373	0.137943908527551	0.12940218207774	0.0146279486491944
GO:0008033	19	GO	0.100243398639932	0.103369727810826	0.130050033929658	0.0284450974906616
GO:0006486	10	GO	0.092348810518346	0.100224361182967	0.130631762074248	0.0380471830829973
GO:0005198	25	GO	0.0742431909477684	0.154776937195887	0.130825389165176	0.02816243570561
GO:0019898	14	GO	0.132977919519197	0.171304729747639	0.131055588415881	0.0283854953324259
GO:0022900	3	GO	0.127698402802593	0.067279233114624	0.13115536764975	0.0388821216969007
GO:0009058	71	GO	0.0929654476867954	0.139981394213381	0.131619919271658	0.0166880154641457
GO:0004185	7	GO	0.108179388470437	0.0690567978786259	0.131678984764252	0.024682715760006
GO:0004152	3	GO	0.111930838897646	0.0886948858484522	0.131871272479349	0.0521695902617598
GO:0006222	3	GO	0.111930838897646	0.0886948858484522	0.131871272479349	0.0521695902617598
GO:0009231	9	GO	0.0981816923372133	0.0931441111966829	0.132438428947036	0.039854046154029
GO:0004652	1	GO	0.132591240771808	0	0.132591240771808	NA
GO:0043631	1	GO	0.132591240771808	0	0.132591240771808	NA
GO:0009168	3	GO	0.113997785893666	0.0809645356494672	0.132874044550859	0.0476881917201166
GO:0019239	3	GO	0.113997785893666	0.0809645356494672	0.132874044550859	0.0476881917201166
GO:0010181	17	GO	0.126773883939204	0.127477400713024	0.133271472802308	0.0200065755557087
GO:0008649	3	GO	0.132084967458587	0.134304899883772	0.13356492240871	0.0775445008425929
GO:0000774	3	GO	0.107556799280674	0.07869044915699	0.134017565569042	0.0473191853372905
GO:0042803	3	GO	0.107556799280674	0.07869044915699	0.134017565569042	0.0473191853372905
GO:0015969	3	GO	0.146404722307297	0.112615428654578	0.1348054228256	0.0652766997286778
GO:0016491	276	GO	0.0976619285712512	0.140186297590569	0.134920049391194	0.00772736356291975
GO:0046872	61	GO	0.0714347350000969	0.117825478488187	0.135322606844496	0.0219998765564111
GO:0006812	18	GO	0.115947583726064	0.0855266782941733	0.135769994120239	0.0179377985404759
GO:0006357	6	GO	0.154620775223483	0.0318700933730572	0.135985028317538	0.0263062650526105
GO:0050660	50	GO	0.100801663049607	0.154273051714187	0.136162086259226	0.014709080275844
GO:0006099	3	GO	0.0562344268742325	0.138079992055468	0.136817859982845	0.089324038337422
GO:0016021	280	GO	0.110643297012858	0.148716853774209	0.136991031932098	0.0068936138156843
GO:0008146	14	GO	0.134529539405993	0.0955221628132365	0.137002028040189	0.0207642780492423
GO:0016818	9	GO	0.0650691588043318	0.151328150130515	0.137206416370322	0.0453342305589867
GO:0003980	1	GO	0.137209414711239	0	0.137209414711239	NA
GO:0008158	3	GO	0.124448740398307	0.0203169894902045	0.137389628093586	0.0133962680462564
GO:0004089	6	GO	0.114391463309639	0.122794518949562	0.139228411570329	0.0372307180211235
GO:0008176	3	GO	0.11486970021135	0.0540715928785791	0.139326122759111	0.0335277229036052
GO:0016829	5	GO	0.0914469212035874	0.122259829810038	0.139807046581245	0.049440098378329
GO:0005506	65	GO	0.126124592336388	0.111510888506859	0.140618920549495	0.0121261591812244
GO:0008654	8	GO	0.141445035449906	0.227090445782902	0.140682327588601	0.0475632737487529
GO:0030976	5	GO	0.145519344549427	0.20610761633359	0.141063239705356	0.0616533775345829
GO:0019028	3	GO	0.159850296663372	0.0344787898016203	0.141585986272943	0.0219011089651701
GO:0030704	3	GO	0.106493576313457	0.053340815679549	0.14172334859291	0.0354781400231477
GO:0003723	130	GO	0.117505546028134	0.177571086281704	0.142618407048912	0.011043265620058
GO:0005509	27	GO	0.147602937157074	0.14356596542455	0.142683475126378	0.020125911524865
GO:0005739	8	GO	0.051711081121888	0.164877050071867	0.142918981157039	0.0794443488824101
GO:0005507	22	GO	0.103514451540441	0.0884426153964915	0.143748364832109	0.021777154022126
GO:0055085	230	GO	0.118099764719342	0.144876085069696	0.143761903233913	0.0074305432711831
GO:0010024	1	GO	0.14386842967592	0	0.14386842967592	NA
GO:0016636	1	GO	0.14386842967592	0	0.14386842967592	NA
GO:0050897	1	GO	0.14386842967592	0	0.14386842967592	NA
GO:0008686	1	GO	0.144072240067141	0	0.144072240067141	NA
GO:0007154	7	GO	0.130575361335923	0.109218694452779	0.14409533734448	0.0318255827436414
GO:0003848	1	GO	0.144241082920645	0	0.144241082920645	NA
GO:0016888	4	GO	0.1419516808844	0.0882251066219076	0.144498133574918	0.0319926821580312
GO:0004527	4	GO	0.108434694488821	0.101659197411288	0.144657207949357	0.0522758672370269
GO:0004683	3	GO	0.127712097393313	0.048575009164714	0.144740369451764	0.0293087191368287
GO:0016746	21	GO	0.0716206930179749	0.196510439551207	0.144823400553091	0.0346937734822685
GO:0018024	1	GO	0.145069061172447	0	0.145069061172447	NA
GO:0020037	79	GO	0.126523467023015	0.106510742163548	0.145141260179398	0.0117722188752477
GO:0004733	4	GO	0.130473406014314	0.063878087038966	0.145230411619689	0.0379107905007546
GO:0016903	1	GO	0.145519344549427	0	0.145519344549427	NA
GO:0005622	202	GO	0.0971613141958722	0.201726527089404	0.145947758818831	0.0108726966094326
GO:0004066	4	GO	0.126824023159441	0.232035934540205	0.14655487213916	0.0755572124417357
GO:0006529	4	GO	0.126824023159441	0.232035934540205	0.14655487213916	0.0755572124417357
GO:0031418	1	GO	0.147097293180822	0	0.147097293180822	NA
GO:0035091	6	GO	0.158373704722506	0.131626244795633	0.147327211900785	0.0374618710872073
GO:0000160	19	GO	0.119419157860957	0.117812447220647	0.147555890993396	0.0215701582273006
GO:0000808	1	GO	0.148105866272816	0	0.148105866272816	NA
GO:0004476	1	GO	0.148368174418966	0	0.148368174418966	NA
GO:0046983	25	GO	0.129466101220723	0.121370055608997	0.148764689269078	0.0254111084789836
GO:0004140	2	GO	0.149011618998721	0.0357170019048655	0.149011618998721	0.0357170019048655
GO:0019310	1	GO	0.149276612886168	0	0.149276612886168	NA
GO:0050113	1	GO	0.149276612886168	0	0.149276612886168	NA
GO:0003951	3	GO	0.115613256886401	0.0668769077508825	0.149674206280875	0.0422004423182181
GO:0003913	8	GO	0.097809694583127	0.101276561089134	0.1501631726432	0.0363231112108877
GO:0003676	292	GO	0.1111988405957	0.197127787802467	0.151402151043583	0.0078831401908781
GO:0004869	1	GO	0.151462575244844	0	0.151462575244844	NA
GO:0006631	5	GO	0.0788849820197765	0.0708807199014188	0.1515720735839	0.0971818609299575
GO:0016780	6	GO	0.141445035449906	0.248289963701796	0.151580019611749	0.0578830001127112
GO:0009236	5	GO	0.174703889067828	0.033915026902442	0.152496185953197	0.0231364604985329
GO:0016020	444	GO	0.123610005287548	0.148918344733005	0.152521593980848	0.00561233794043519
GO:0003677	324	GO	0.111676521031	0.237219983734812	0.152645109521152	0.00926252361555089
GO:0004559	1	GO	0.152700001083924	0	0.152700001083924	NA
GO:0006013	1	GO	0.152700001083924	0	0.152700001083924	NA
GO:0015923	1	GO	0.152700001083924	0	0.152700001083924	NA
GO:0006729	2	GO	0.15294595109017	0.0862142552096807	0.15294595109017	0.0862142552096807
GO:0008124	2	GO	0.15294595109017	0.0862142552096807	0.15294595109017	0.0862142552096807
GO:0008508	5	GO	0.176123517109865	0.040128505219139	0.152947813605429	0.0213006825083133
GO:0000148	7	GO	0.0969535495146562	0.165511075661301	0.153204156663752	0.0432033855351769
GO:0003843	7	GO	0.0969535495146562	0.165511075661301	0.153204156663752	0.0432033855351769
GO:0006075	7	GO	0.0969535495146562	0.165511075661301	0.153204156663752	0.0432033855351769
GO:0016705	43	GO	0.136015395287924	0.0870559320302407	0.153424851887261	0.0146456272652862
GO:0016779	21	GO	0.122644721641735	0.124790134463758	0.15361443726745	0.0312699465673731
GO:0005319	1	GO	0.153649490283788	0	0.153649490283788	NA
GO:0006869	1	GO	0.153649490283788	0	0.153649490283788	NA
GO:0004386	102	GO	0.12539714724061	0.177478702247862	0.153792959364569	0.0122106752500282
GO:0004540	8	GO	0.145115599043855	0.092791629580231	0.153937437560563	0.0383678129705128
GO:0006855	16	GO	0.120959788745665	0.106275724346289	0.154040825936049	0.0257915729881837
GO:0015238	16	GO	0.120959788745665	0.106275724346289	0.154040825936049	0.0257915729881837
GO:0015297	16	GO	0.120959788745665	0.106275724346289	0.154040825936049	0.0257915729881837
GO:0003747	4	GO	0.159588340791197	0.176357173707144	0.154181212374138	0.0659515397279676
GO:0006415	4	GO	0.159588340791197	0.176357173707144	0.154181212374138	0.0659515397279676
GO:0000172	1	GO	0.154669085933839	0	0.154669085933839	NA
GO:0006379	1	GO	0.154669085933839	0	0.154669085933839	NA
GO:0030677	1	GO	0.154669085933839	0	0.154669085933839	NA
GO:0016773	18	GO	0.159695685416589	0.110124035364061	0.154729604497144	0.0226411156139996
GO:0005960	1	GO	0.155051738808223	0	0.155051738808223	NA
GO:0000156	18	GO	0.125511921566133	0.114884004224153	0.15575344049303	0.021092745135382
GO:0006629	59	GO	0.144756648899449	0.107571349651942	0.156341303325969	0.0125681325155282
GO:0004222	38	GO	0.12531444758116	0.173795307674835	0.156838123675735	0.0228468086045264
GO:0008853	1	GO	0.158014524971209	0	0.158014524971209	NA
GO:0005634	155	GO	0.112745998277842	0.175612208889055	0.158276729389491	0.0114356664335873
GO:0008168	85	GO	0.136756976062427	0.179690418433583	0.158548725049545	0.0140565661444023
GO:0008762	9	GO	0.101359927459283	0.162516316039927	0.158674630262384	0.0481197211113611
GO:0016747	21	GO	0.1551546947468	0.215383808284925	0.159132002777344	0.0289247546538909
GO:0008898	2	GO	0.159168409164627	0.112484772022096	0.159168409164627	0.112484772022096
GO:0004553	36	GO	0.121060271734165	0.147515148309629	0.159431482130027	0.0230899321063059
GO:0008173	15	GO	0.128744964912188	0.103765809207782	0.159631367983754	0.0245855547033023
GO:0006909	2	GO	0.159703909208576	0.0743096856875337	0.159703909208576	0.0743096856875337
GO:0008233	8	GO	0.10522350612734	0.176373676165238	0.159735102773243	0.0449417229409617
GO:0016841	1	GO	0.160039220114019	0	0.160039220114019	NA
GO:0006479	5	GO	0.18985422723045	0.027220587620677	0.160530876108587	0.0429850663857675
GO:0008276	5	GO	0.18985422723045	0.027220587620677	0.160530876108587	0.0429850663857675
GO:0007165	49	GO	0.148200443100783	0.153909621058897	0.160801228790624	0.0141236813054006
GO:0016787	120	GO	0.125390668892406	0.166354328768357	0.163380988300678	0.014108517364667
GO:0006260	36	GO	0.159443588381025	0.188151630600722	0.163945256276616	0.0205160983731016
GO:0010044	2	GO	0.164474639410034	0.0252060237636785	0.164474639410034	0.0252060237636785
GO:0005815	6	GO	0.0976668447878916	0.159309904985584	0.16455290638756	0.0574225406599643
GO:0005216	45	GO	0.169929004199451	0.106886902682026	0.16479138251287	0.0134250966721285
GO:0004181	9	GO	0.156198098508971	0.061038812013242	0.165476540689905	0.0197551833922634
GO:0043565	43	GO	0.152450129169533	0.141016097340089	0.165582822453995	0.0172095119130189
GO:0005779	1	GO	0.165984621130179	0	0.165984621130179	NA
GO:0004143	5	GO	0.112153271394086	0.0590857295451515	0.166161690743697	0.0601650927197184
GO:0007205	5	GO	0.112153271394086	0.0590857295451515	0.166161690743697	0.0601650927197184
GO:0016307	3	GO	0.120783480405635	0.152537254464695	0.166452778383762	0.0909796269923257
GO:0046488	3	GO	0.120783480405635	0.152537254464695	0.166452778383762	0.0909796269923257
GO:0006811	48	GO	0.169960725654243	0.109587599819349	0.16711012622226	0.0132918466862888
GO:0030272	2	GO	0.167323947586539	0.0618791686167465	0.167323947586539	0.0618791686167465
GO:0006508	176	GO	0.141058825860867	0.14297327789155	0.167860322367485	0.010096667793736
GO:0000155	9	GO	0.13160468527131	0.103136586597332	0.168508221717466	0.0341808070871594
GO:0004806	23	GO	0.163042522493185	0.084701278383937	0.168972440143713	0.0135250466413812
GO:0030163	2	GO	0.169036209443753	0.109085727179312	0.169036209443753	0.109085727179312
GO:0008484	19	GO	0.132359677133036	0.133346151940275	0.169345159087613	0.0276971248495299
GO:0033925	1	GO	0.169715675355851	0	0.169715675355851	NA
GO:0005743	3	GO	0.182894835071184	0.0362323401926795	0.170252107020576	0.0218530044102199
GO:0000226	6	GO	0.0976668447878916	0.159309904985584	0.170305813162824	0.0549388284258987
GO:0008236	19	GO	0.139079991605331	0.121774652254229	0.17078427388549	0.0235794659565111
GO:0006777	7	GO	0.133558221522165	0.120497791321643	0.17154705903129	0.0578951733463536
GO:0042393	2	GO	0.172326698263245	0.0726967469527945	0.172326698263245	0.0726967469527944
GO:0003840	1	GO	0.172358886545917	0	0.172358886545917	NA
GO:0048193	2	GO	0.172454741973139	0.161697637024458	0.172454741973139	0.161697637024458
GO:0004112	2	GO	0.172655337631397	0.0452065100999885	0.172655337631397	0.0452065100999885
GO:0006396	37	GO	0.12342810968367	0.219168328063108	0.173204922623454	0.0217317287774733
GO:0043140	2	GO	0.173686465722622	0.019077193687291	0.173686465722622	0.019077193687291
GO:0003689	1	GO	0.173806278681414	0	0.173806278681414	NA
GO:0005663	1	GO	0.173806278681414	0	0.173806278681414	NA
GO:0033588	1	GO	0.174335075453115	0	0.174335075453115	NA
GO:0005515	929	GO	0.133467692299944	0.177554663465653	0.174702930878546	0.00609181525981678
GO:0008817	1	GO	0.174703889067828	0	0.174703889067828	NA
GO:0003916	3	GO	0.200424042160879	0.129441011692143	0.174712897031951	0.0758304528663918
GO:0004497	5	GO	0.0953769931975072	0.207589046052082	0.174845000950111	0.0589700766166569
GO:0016715	5	GO	0.0953769931975072	0.207589046052082	0.174845000950111	0.0589700766166569
GO:0042773	1	GO	0.175289604768163	0	0.175289604768163	NA
GO:0016149	3	GO	0.228526611616659	0.145899534937903	0.175358259843605	0.0883304958999508
GO:0006355	122	GO	0.131660380234148	0.159585519161696	0.176258701315415	0.0129609869584776
GO:0004674	6	GO	0.131477920548144	0.139608940749778	0.176798689896658	0.0866517322562245
GO:0031072	64	GO	0.15706025751443	0.214242565993078	0.17743534525657	0.0153196321468847
GO:0004252	66	GO	0.157351896240432	0.168213999230669	0.177939978269918	0.0170119884483597
GO:0000786	3	GO	0.123718101597901	0.123582514558743	0.178250103519607	0.0763826820028678
GO:0005789	9	GO	0.181847397639752	0.183937332140105	0.178446392451864	0.0403751756711696
GO:0006546	4	GO	0.154937490435218	0.0855987009668502	0.1785972948582	0.0710761323026487
GO:0003712	4	GO	0.168455204815294	0.107269885722152	0.178632713213358	0.065471801830413
GO:0006464	38	GO	0.165374453236787	0.12856632386008	0.178893131812077	0.0162300707491405
GO:0017038	3	GO	0.104959567553149	0.174159042765803	0.179298830237397	0.107200927638134
GO:0003774	4	GO	0.135160904163573	0.13693574801043	0.179483960765072	0.0892328345208064
GO:0016459	4	GO	0.135160904163573	0.13693574801043	0.179483960765072	0.0892328345208064
GO:0003993	8	GO	0.178863055607492	0.122427535451996	0.179766483811057	0.031769340453682
GO:0004402	5	GO	0.185622463580592	0.037270166818796	0.180030663286805	0.0507335033814971
GO:0005576	4	GO	0.157789913866169	0.0869701087282883	0.180596443946257	0.0613591328663085
GO:0006030	4	GO	0.157789913866169	0.0869701087282883	0.180596443946257	0.0613591328663085
GO:0004003	7	GO	0.175840209095887	0.171625127506671	0.180618775238691	0.0446285896807252
GO:0006897	2	GO	0.181221138394542	0.0142051563772445	0.181221138394542	0.0142051563772445
GO:0004221	20	GO	0.15656542485558	0.186409547875697	0.182229207612532	0.031486375902455
GO:0006814	9	GO	0.142472567678387	0.152939372520434	0.182247403418945	0.0868758462293065
GO:0008104	2	GO	0.182293367280983	0.0598189284886465	0.182293367280983	0.0598189284886465
GO:0008107	2	GO	0.182628884329998	0.0272086856958925	0.182628884329998	0.0272086856958925
GO:0042546	2	GO	0.182628884329998	0.0272086856958925	0.182628884329998	0.0272086856958925
GO:0022904	1	GO	0.182894835071184	0	0.182894835071184	NA
GO:0003725	4	GO	0.184442518873368	0.029725223816892	0.18420353604588	0.0126162043566874
GO:0004114	31	GO	0.18467971659818	0.116659801326517	0.185212863326026	0.0170979458841927
GO:0016568	1	GO	0.185622463580592	0	0.185622463580592	NA
GO:2001070	23	GO	0.149556622744707	0.169221061989558	0.18575380736281	0.0307459564484546
GO:0006476	3	GO	0.206834424180093	0.041755189295623	0.186170780536694	0.0262280731251798
GO:0070403	3	GO	0.206834424180093	0.041755189295623	0.186170780536694	0.0262280731251798
GO:0004047	3	GO	0.154823242062212	0.170854656814684	0.186445813541525	0.0999021254787015
GO:0008061	5	GO	0.166932620879349	0.062619045130287	0.186730405553661	0.0479227649104712
GO:0015671	11	GO	0.19561003814125	0.0981804008502247	0.18767730107604	0.0253161692458242
GO:0019825	11	GO	0.19561003814125	0.0981804008502247	0.18767730107604	0.0253161692458242
GO:0005524	1061	GO	0.145930960962723	0.229256424026227	0.188401964154566	0.00572735747556231
GO:0009507	16	GO	0.133780682940723	0.157929887736056	0.188613692478104	0.0357540333656368
GO:0016407	1	GO	0.188844588373874	0	0.188844588373874	NA
GO:0016756	2	GO	0.189234493032131	0.04274755552094	0.189234493032131	0.04274755552094
GO:0046938	2	GO	0.189234493032131	0.04274755552094	0.189234493032131	0.04274755552094
GO:0004573	2	GO	0.189771614692104	0.069096423648085	0.189771614692104	0.069096423648085
GO:0009311	2	GO	0.189771614692104	0.069096423648085	0.189771614692104	0.069096423648085
GO:0030001	28	GO	0.125015719730241	0.182891255050626	0.190288910277329	0.0234326766675063
GO:0008060	6	GO	0.146893458027479	0.197888054839435	0.191634736913805	0.0640996757612488
GO:0032312	6	GO	0.146893458027479	0.197888054839435	0.191634736913805	0.0640996757612488
GO:0000922	5	GO	0.104540259189283	0.20206126015652	0.191684342337644	0.0619826591773668
GO:0016987	2	GO	0.192476498179691	0.0607604229827055	0.192476498179691	0.0607604229827055
GO:0050661	19	GO	0.170627689946998	0.213250164125565	0.19296193695009	0.0331573801365872
GO:0008409	1	GO	0.193602806260467	0	0.193602806260467	NA
GO:0045300	3	GO	0.0266173213375573	0.258248655716558	0.193825781553582	0.170939921273791
GO:0008939	1	GO	0.19486756158612	0	0.19486756158612	NA
GO:0019799	1	GO	0.194902220987511	0	0.194902220987511	NA
GO:0004788	1	GO	0.195044781183506	0	0.195044781183506	NA
GO:0009229	1	GO	0.195044781183506	0	0.195044781183506	NA
GO:0006835	1	GO	0.195525903109032	0	0.195525903109032	NA
GO:0017153	1	GO	0.195525903109032	0	0.195525903109032	NA
GO:0046677	1	GO	0.195944387679105	0	0.195944387679105	NA
GO:0006071	12	GO	0.146428104064695	0.177872008078143	0.196780250381027	0.0410026276038815
GO:0016998	17	GO	0.206488993343409	0.1391402856897	0.197033327802586	0.0254154339329191
GO:0016758	16	GO	0.175428764456965	0.147794250219901	0.198143052033735	0.0383098123225689
GO:0005249	3	GO	0.237371467321943	0.104851415484609	0.199589030572679	0.0634151762176852
GO:0008076	3	GO	0.237371467321943	0.104851415484609	0.199589030572679	0.0634151762176852
GO:0004671	3	GO	0.196507187025519	0.0139225343588955	0.199653645368743	0.00819068806743081
GO:0006481	3	GO	0.196507187025519	0.0139225343588955	0.199653645368743	0.00819068806743081
GO:0004765	2	GO	0.199814703556334	0.102933311177268	0.199814703556334	0.102933311177268
GO:0017183	2	GO	0.199935220301347	0.041852673525682	0.199935220301347	0.041852673525682
GO:0006388	3	GO	0.20377913929313	0.00646239739618948	0.200119714990595	0.00415556333027443
GO:0008171	5	GO	0.179001652626453	0.089911255588217	0.201449159260711	0.0520879408688645
GO:0016706	28	GO	0.147620546450321	0.188076150638662	0.201534039865338	0.0351762602163194
GO:0004571	2	GO	0.203721141562922	0.042574442560977	0.203721141562922	0.042574442560977
GO:0031227	3	GO	0.228943126933998	0.072843922145963	0.203843118826761	0.0438890449461086
GO:0000213	2	GO	0.204265769764323	0.000486630471193489	0.204265769764323	0.000486630471193503
GO:0006694	6	GO	0.143988628410333	0.207930413159271	0.204347032137639	0.06334352860114
GO:0004719	5	GO	0.186280100219044	0.092708093323734	0.204397616129302	0.0620046247056483
GO:0004835	14	GO	0.219408366444838	0.132139147907982	0.204983128706529	0.0259868089829701
GO:0016788	18	GO	0.187984326126852	0.168503715983777	0.20531653405017	0.0300951454370993
GO:0044183	1	GO	0.205802073610346	0	0.205802073610346	NA
GO:0003906	2	GO	0.205852457478512	0.068291180335973	0.205852457478512	0.068291180335973
GO:0016799	2	GO	0.205852457478512	0.068291180335973	0.205852457478512	0.068291180335973
GO:0006139	27	GO	0.208517810466934	0.189519786268374	0.206221118984195	0.02813920501498
GO:0005230	4	GO	0.19826372479482	0.0725143494794244	0.207607555393369	0.0554168200143698
GO:0003864	1	GO	0.208646947085235	0	0.208646947085235	NA
GO:0004197	4	GO	0.19413276189975	0.0860241742956875	0.208707205776455	0.0481071939063276
GO:0008242	2	GO	0.209768062943536	0.0331496852855655	0.209768062943536	0.0331496852855655
GO:0016844	1	GO	0.20980510465826	0	0.20980510465826	NA
GO:0005667	3	GO	0.0944148829214209	0.199985626832716	0.210358919116187	0.129198188308407
GO:0031305	1	GO	0.210984149822709	0	0.210984149822709	NA
GO:0004640	1	GO	0.211152132137513	0	0.211152132137513	NA
GO:0016817	7	GO	0.175840209095887	0.168419699557154	0.211255580921533	0.0571557439656647
GO:0003700	60	GO	0.162194975857982	0.188001557878516	0.211708538552253	0.0188729548362158
GO:0016714	1	GO	0.212352890785158	0	0.212352890785158	NA
GO:0008081	3	GO	0.158753313761694	0.121646629625333	0.212699042330496	0.0752340984800489
GO:0009451	20	GO	0.222486529774838	0.0921528891956783	0.212959106116067	0.0238991001601687
GO:0004383	6	GO	0.208337562644487	0.0609611087380767	0.213041634968723	0.024812501190445
GO:0006182	6	GO	0.208337562644487	0.0609611087380767	0.213041634968723	0.024812501190445
GO:0008219	5	GO	0.249634299769739	0.132763702246843	0.214144040707846	0.0361761592495155
GO:0005097	14	GO	0.152427635490896	0.152600866243982	0.215168793735026	0.0493802107570705
GO:0032313	14	GO	0.152427635490896	0.152600866243982	0.215168793735026	0.0493802107570705
GO:0005664	2	GO	0.215871053133573	0.0426151056900375	0.215871053133573	0.0426151056900375
GO:0004609	1	GO	0.215978503038318	0	0.215978503038318	NA
GO:0008889	10	GO	0.192753814225925	0.200023687305711	0.216022154285433	0.0469822086816085
GO:0015269	2	GO	0.217095779656153	0.0617973007006495	0.217095779656153	0.0617973007006495
GO:0030983	10	GO	0.215565516837343	0.0784455461911053	0.217162709843612	0.0232623104407624
GO:0001510	1	GO	0.218132337737482	0	0.218132337737482	NA
GO:0009452	1	GO	0.218132337737482	0	0.218132337737482	NA
GO:0016742	4	GO	0.164178125216293	0.246332284279122	0.219195433857287	0.109425363027395
GO:0046873	20	GO	0.219986742972082	0.240261786282966	0.21921685655917	0.0290569404164015
GO:0016972	3	GO	0.227616916047363	0.01559447942699	0.221096877727509	0.00957550631155846
GO:0016765	3	GO	0.261722208460035	0.142496756688271	0.221833281878574	0.0846535498655987
GO:0005853	1	GO	0.222225818443467	0	0.222225818443467	NA
GO:0030529	3	GO	0.229552768565876	0.009995073256792	0.224235423072287	0.00635366329325792
GO:0004334	1	GO	0.224470642426676	0	0.224470642426676	NA
GO:0009072	1	GO	0.224470642426676	0	0.224470642426676	NA
GO:0006259	3	GO	0.273240187799648	0.187187941761625	0.225321717719623	0.110696974321887
GO:0008703	2	GO	0.225853217165495	0.174925088295037	0.225853217165495	0.174925088295036
GO:0005261	1	GO	0.225941649477133	0	0.225941649477133	NA
GO:0015672	1	GO	0.225941649477133	0	0.225941649477133	NA
GO:0008198	2	GO	0.227532533424842	0.0934460925815725	0.227532533424842	0.0934460925815725
GO:0015996	2	GO	0.229114808188259	0.03981639246888	0.229114808188259	0.03981639246888
GO:0047746	2	GO	0.229114808188259	0.03981639246888	0.229114808188259	0.03981639246888
GO:0007155	9	GO	0.201278175693174	0.056654434838078	0.23289159796721	0.0497430656718242
GO:0004411	1	GO	0.233143601627336	0	0.233143601627336	NA
GO:0006559	1	GO	0.233143601627336	0	0.233143601627336	NA
GO:0006570	1	GO	0.233143601627336	0	0.233143601627336	NA
GO:0001522	17	GO	0.225906190432156	0.101694174106694	0.234483680565337	0.02261340551197
GO:0009982	17	GO	0.225906190432156	0.101694174106694	0.234483680565337	0.02261340551197
GO:0017172	2	GO	0.23577247536344	0.121905089473594	0.23577247536344	0.121905089473594
GO:0046439	2	GO	0.23577247536344	0.121905089473594	0.23577247536344	0.121905089473594
GO:0003887	19	GO	0.238423591007001	0.193969407117678	0.23577767846523	0.0289525472921587
GO:0005381	1	GO	0.237025119096566	0	0.237025119096566	NA
GO:0034755	1	GO	0.237025119096566	0	0.237025119096566	NA
GO:0004417	1	GO	0.237125733874321	0	0.237125733874321	NA
GO:0003919	1	GO	0.238129617440093	0	0.238129617440093	NA
GO:0003854	5	GO	0.165216136541827	0.251928165535594	0.238411066367385	0.0654069283903253
GO:0006298	11	GO	0.223752087634833	0.078666585923681	0.238560096746811	0.0300099159559558
GO:0016763	2	GO	0.2386822865179	0.152690479093094	0.2386822865179	0.152690479093094
GO:0004970	5	GO	0.163935833098374	0.252162145806964	0.238997254932327	0.0699565508405999
GO:0005234	5	GO	0.163935833098374	0.252162145806964	0.238997254932327	0.0699565508405999
GO:0030288	5	GO	0.163935833098374	0.252162145806964	0.238997254932327	0.0699565508405999
GO:0004126	1	GO	0.239655903631855	0	0.239655903631855	NA
GO:0008374	2	GO	0.240029577644994	0.156980192798229	0.240029577644994	0.156980192798229
GO:0008234	26	GO	0.166417356650417	0.15773961327905	0.240159176768588	0.0324071203125092
GO:0033897	2	GO	0.2422160767797	0.011692390087893	0.2422160767797	0.011692390087893
GO:0006281	38	GO	0.263918724158893	0.231123297567635	0.246514027944728	0.025224077639799
GO:0006505	2	GO	0.246540081926552	0.017596954992554	0.246540081926552	0.017596954992554
GO:0003950	2	GO	0.246545123424737	0.176878596272086	0.246545123424737	0.176878596272086
GO:0004499	11	GO	0.246467734911107	0.107123799783953	0.246925916828125	0.0202129518069566
GO:0005044	36	GO	0.224639498512481	0.149762361813175	0.247524384931044	0.0176248588540634
GO:0006468	605	GO	0.214255741077826	0.246629557969969	0.248403644083055	0.00847769852292579
GO:0004672	600	GO	0.215686017108162	0.246899511694143	0.248519273357704	0.0085223471604858
GO:0004866	3	GO	0.168664966902893	0.159531427882225	0.248586589776185	0.100400657093081
GO:0007031	2	GO	0.249653345260619	0.0836687241304405	0.249653345260619	0.0836687241304405
GO:0005788	1	GO	0.252265234113057	0	0.252265234113057	NA
GO:0009306	1	GO	0.252265234113057	0	0.252265234113057	NA
GO:0010038	3	GO	0.231982048553071	0.11665514142134	0.252755402139378	0.0681470742449719
GO:0016429	1	GO	0.254473788450429	0	0.254473788450429	NA
GO:0030488	1	GO	0.254473788450429	0	0.254473788450429	NA
GO:0000151	31	GO	0.20421140375249	0.210821358782249	0.25525969772007	0.04029730101718
GO:0003779	6	GO	0.259111211116377	0.373994679070597	0.255296501662575	0.0855678076033585
GO:0015079	5	GO	0.260877130286848	0.09060448061423	0.25594699609812	0.0220703373309029
GO:0071805	5	GO	0.260877130286848	0.09060448061423	0.25594699609812	0.0220703373309029
GO:0006506	6	GO	0.25665816210863	0.0659643128054636	0.25746351017797	0.035463073532866
GO:0003911	1	GO	0.25792262385578	0	0.25792262385578	NA
GO:0055070	1	GO	0.257990322218086	0	0.257990322218086	NA
GO:0008080	46	GO	0.262271768696425	0.230796598748041	0.259053994789784	0.0227394416761672
GO:0004650	1	GO	0.259989448411948	0	0.259989448411948	NA
GO:0003697	2	GO	0.260339732100049	0.148161384046622	0.260339732100049	0.148161384046622
GO:0006289	6	GO	0.23351036647918	0.206390318640182	0.262170954054028	0.0649864831582019
GO:0003896	4	GO	0.27230317708788	0.263054994483929	0.265662047278159	0.0965294533307438
GO:0008199	3	GO	0.133120554998884	0.224740427612537	0.266123221464373	0.145802996961269
GO:0042147	1	GO	0.269939418095584	0	0.269939418095584	NA
GO:0006914	2	GO	0.271819387960014	0.0603450778703545	0.271819387960014	0.0603450778703545
GO:0006744	2	GO	0.27518827398313	0.202696681636207	0.27518827398313	0.202696681636207
GO:0016567	33	GO	0.206659010971551	0.26148499603572	0.275592094973094	0.0403840367182643
GO:0004408	3	GO	0.138534098768506	0.310973190113395	0.277189029021956	0.19246057365254
GO:0004842	33	GO	0.206659010971551	0.234855722048407	0.279505849533565	0.0399482361952626
GO:0015105	2	GO	0.28013699221748	0.0465418967644805	0.28013699221748	0.0465418967644805
GO:0017176	1	GO	0.280483779919037	0	0.280483779919037	NA
GO:0000042	3	GO	0.2134675204592	0.106661819218166	0.2813986887066	0.0703271554795184
GO:0000228	4	GO	0.265426185309291	0.1940135378047	0.283603439070679	0.0746899851273198
GO:0042765	2	GO	0.28560707380371	0.0906112715671999	0.28560707380371	0.0906112715672
GO:0008270	289	GO	0.212038397384229	0.308930178332732	0.285879572246663	0.0140309062830746
GO:0003877	1	GO	0.2877049127266	0	0.2877049127266	NA
GO:0003684	13	GO	0.304955135698188	0.182087401944308	0.287747945312102	0.0331267711292624
GO:0016811	2	GO	0.290997594718189	0.209783020598836	0.290997594718189	0.209783020598836
GO:0035556	121	GO	0.297832083983488	0.156212046268902	0.291179502969257	0.0108682954368964
GO:0009190	118	GO	0.299143438683554	0.149938570351473	0.295202378535442	0.0107367439728399
GO:0016849	118	GO	0.299143438683554	0.149938570351473	0.295202378535442	0.0107367439728399
GO:0007010	5	GO	0.369569266389112	0.318021041445934	0.298025136252969	0.0907974131026258
GO:0001682	1	GO	0.298037452730297	0	0.298037452730297	NA
GO:0004526	1	GO	0.298037452730297	0	0.298037452730297	NA
GO:0048478	1	GO	0.303662392353521	0	0.303662392353521	NA
GO:0004555	1	GO	0.303675861404251	0	0.303675861404251	NA
GO:0005991	1	GO	0.303675861404251	0	0.303675861404251	NA
GO:0004519	13	GO	0.285285645450907	0.307241008296934	0.304483853712073	0.064218740069753
GO:0016830	1	GO	0.305224696258915	0	0.305224696258915	NA
GO:0004057	1	GO	0.306270819522996	0	0.306270819522996	NA
GO:0016598	1	GO	0.306270819522996	0	0.306270819522996	NA
GO:0004563	1	GO	0.313514811480357	0	0.313514811480357	NA
GO:0016891	4	GO	0.341858261980891	0.164639230318973	0.314208148421456	0.0664867730963433
GO:0003910	4	GO	0.308177256126227	0.121529329382669	0.316088223091709	0.0690093387406047
GO:0003968	1	GO	0.316909272991671	0	0.316909272991671	NA
GO:0004421	1	GO	0.317997071954405	0	0.317997071954405	NA
GO:0008408	14	GO	0.288337425571318	0.167267614913262	0.324278135306555	0.0255106025132442
GO:0050080	1	GO	0.325624341829117	0	0.325624341829117	NA
GO:0004518	5	GO	0.294817079033574	0.022259847937023	0.326053309048623	0.118036844232573
GO:0006725	4	GO	0.313101661132665	0.117635082677221	0.329413686354563	0.0869725932174228
GO:0008716	3	GO	0.180052293230036	0.296634750056073	0.331305739991426	0.187216789497033
GO:0016670	1	GO	0.343663211925936	0	0.343663211925936	NA
GO:0030328	1	GO	0.343663211925936	0	0.343663211925936	NA
GO:0006284	8	GO	0.325038774472955	0.180286235010869	0.345880121645326	0.0500285578866047
GO:0032957	3	GO	0.310860691442814	0.122410593321652	0.36287167698654	0.0753065077318048
GO:0047325	3	GO	0.310860691442814	0.122410593321652	0.36287167698654	0.0753065077318048
GO:0052725	3	GO	0.310860691442814	0.122410593321652	0.36287167698654	0.0753065077318048
GO:0052726	3	GO	0.310860691442814	0.122410593321652	0.36287167698654	0.0753065077318048
GO:0006310	6	GO	0.371059400829743	0.17472065810081	0.363417540885448	0.0544498580002862
GO:0001733	1	GO	0.364814220590585	0	0.364814220590585	NA
GO:0005794	1	GO	0.364814220590585	0	0.364814220590585	NA
GO:0008119	2	GO	0.365461133965879	0.116027522404362	0.365461133965879	0.116027522404362
GO:0004525	3	GO	0.403023376551821	0.0758240021886081	0.372019225249653	0.0464407233520102
GO:0008897	2	GO	0.375933673643667	0.0791244515652225	0.375933673643667	0.0791244515652225
GO:0009059	2	GO	0.375933673643667	0.0791244515652225	0.375933673643667	0.0791244515652225
GO:0009411	1	GO	0.385659521105912	0	0.385659521105912	NA
GO:0004531	1	GO	0.388550424441236	0	0.388550424441236	NA
GO:0006306	7	GO	0.38304770379134	0.09255405387146	0.394266700146008	0.0475594535107376
GO:0006974	2	GO	0.405656814576352	0.101994422222832	0.405656814576352	0.101994422222832
GO:0000724	1	GO	0.408501116146671	0	0.408501116146671	NA
GO:0007090	1	GO	0.408501116146671	0	0.408501116146671	NA
GO:0003964	1	GO	0.415625902567613	0	0.415625902567613	NA
GO:0008378	1	GO	0.419986355243015	0	0.419986355243015	NA
GO:0035299	2	GO	0.42169707417325	0.188489772816336	0.42169707417325	0.188489772816336
GO:0004867	1	GO	0.431040412407418	0	0.431040412407418	NA
GO:0019204	1	GO	0.433335428547218	0	0.433335428547218	NA
GO:0006282	1	GO	0.447341782093218	0	0.447341782093218	NA
GO:0030261	1	GO	0.465369067625277	0	0.465369067625277	NA
GO:0004000	1	GO	0.467955751767359	0	0.467955751767359	NA
GO:0019008	1	GO	0.481177655010919	0	0.481177655010919	NA
GO:0008534	1	GO	0.502659175925037	0	0.502659175925037	NA
GO:0008677	1	GO	0.584342033821645	0	0.584342033821645	NA
GO:0042318	2	GO	1.56086757792941	1.21788780410196	1.56086757792941	1.21788780410196
